uei,name,city,state_code,fiscal_year,agency,total_obligations,award_count
C13DF16LC3H4,UNIVERSITY OF NORTH CAROLINA AT GREENSBORO,GREENSBORO,NC,2016,National Institutes of Health,5194889.0,17
C13DF16LC3H4,UNIVERSITY OF NORTH CAROLINA AT GREENSBORO,GREENSBORO,NC,2016,National Science Foundation,494364.0,7
C13DF16LC3H4,UNIVERSITY OF NORTH CAROLINA AT GREENSBORO,GREENSBORO,NC,2017,National Institutes of Health,4490892.0,15
C13DF16LC3H4,UNIVERSITY OF NORTH CAROLINA AT GREENSBORO,GREENSBORO,NC,2017,National Science Foundation,4135958.0,8
C13DF16LC3H4,UNIVERSITY OF NORTH CAROLINA AT GREENSBORO,GREENSBORO,NC,2018,National Institutes of Health,6303926.0,12
C13DF16LC3H4,UNIVERSITY OF NORTH CAROLINA AT GREENSBORO,GREENSBORO,NC,2018,National Science Foundation,521345.0,4
C13DF16LC3H4,UNIVERSITY OF NORTH CAROLINA AT GREENSBORO,GREENSBORO,NC,2019,National Institutes of Health,8121069.0,10
C13DF16LC3H4,UNIVERSITY OF NORTH CAROLINA AT GREENSBORO,GREENSBORO,NC,2019,National Science Foundation,3060681.0,11
C13DF16LC3H4,UNIVERSITY OF NORTH CAROLINA AT GREENSBORO,GREENSBORO,NC,2020,National Institutes of Health,8406539.0,10
C13DF16LC3H4,UNIVERSITY OF NORTH CAROLINA AT GREENSBORO,GREENSBORO,NC,2020,National Science Foundation,3952985.0,12
C13DF16LC3H4,UNIVERSITY OF NORTH CAROLINA AT GREENSBORO,GREENSBORO,NC,2021,National Institutes of Health,6406572.0,6
C13DF16LC3H4,UNIVERSITY OF NORTH CAROLINA AT GREENSBORO,GREENSBORO,NC,2021,National Science Foundation,4259940.0,15
C13DF16LC3H4,UNIVERSITY OF NORTH CAROLINA AT GREENSBORO,GREENSBORO,NC,2022,National Institutes of Health,8122727.120000001,8
C13DF16LC3H4,UNIVERSITY OF NORTH CAROLINA AT GREENSBORO,GREENSBORO,NC,2022,National Science Foundation,3251692.0,10
C13DF16LC3H4,UNIVERSITY OF NORTH CAROLINA AT GREENSBORO,GREENSBORO,NC,2023,National Institutes of Health,8060427.619999999,8
C13DF16LC3H4,UNIVERSITY OF NORTH CAROLINA AT GREENSBORO,GREENSBORO,NC,2023,National Science Foundation,3324565.0,10
C13DF16LC3H4,UNIVERSITY OF NORTH CAROLINA AT GREENSBORO,GREENSBORO,NC,2024,National Institutes of Health,3039208.68,2
C13DF16LC3H4,UNIVERSITY OF NORTH CAROLINA AT GREENSBORO,GREENSBORO,NC,2024,National Science Foundation,5995733.0,14
C13DF16LC3H4,UNIVERSITY OF NORTH CAROLINA AT GREENSBORO,GREENSBORO,NC,2025,National Institutes of Health,3512592.0700000003,2
C13DF16LC3H4,UNIVERSITY OF NORTH CAROLINA AT GREENSBORO,GREENSBORO,NC,2025,National Science Foundation,979846.0,1
C13DF16LC3H4,UNIVERSITY OF NORTH CAROLINA AT GREENSBORO,GREENSBORO,NC,2026,National Institutes of Health,5069945.63,4
C13DF16LC3H4,UNIVERSITY OF NORTH CAROLINA AT GREENSBORO,GREENSBORO,NC,2026,National Science Foundation,-135477.0,0
C148TBZATPA8,EMMA PENDLETON BRADLEY HOSPITAL,RIVERSIDE,RI,2016,National Institutes of Health,1603938.0,5
C148TBZATPA8,EMMA PENDLETON BRADLEY HOSPITAL,RIVERSIDE,RI,2017,National Institutes of Health,3202826.0,5
C148TBZATPA8,EMMA PENDLETON BRADLEY HOSPITAL,RIVERSIDE,RI,2018,National Institutes of Health,4443765.0,3
C148TBZATPA8,EMMA PENDLETON BRADLEY HOSPITAL,RIVERSIDE,RI,2019,National Institutes of Health,6577870.0,3
C148TBZATPA8,EMMA PENDLETON BRADLEY HOSPITAL,RIVERSIDE,RI,2020,National Institutes of Health,1341710.0,4
C148TBZATPA8,EMMA PENDLETON BRADLEY HOSPITAL,RIVERSIDE,RI,2021,National Institutes of Health,2425357.0,5
C148TBZATPA8,EMMA PENDLETON BRADLEY HOSPITAL,RIVERSIDE,RI,2022,National Institutes of Health,6397370.0,6
C148TBZATPA8,EMMA PENDLETON BRADLEY HOSPITAL,RIVERSIDE,RI,2023,National Institutes of Health,7871684.09,4
C148TBZATPA8,EMMA PENDLETON BRADLEY HOSPITAL,RIVERSIDE,RI,2024,National Institutes of Health,7224178.0200000005,5
C148TBZATPA8,EMMA PENDLETON BRADLEY HOSPITAL,RIVERSIDE,RI,2025,National Institutes of Health,11869189.96,2
C148TBZATPA8,EMMA PENDLETON BRADLEY HOSPITAL,RIVERSIDE,RI,2026,National Institutes of Health,1691390.3199999998,2
C155UU2TXCP3,RUSH UNIVERSITY MEDICAL CENTER,CHICAGO,IL,2016,National Institutes of Health,60175079.0,101
C155UU2TXCP3,RUSH UNIVERSITY MEDICAL CENTER,CHICAGO,IL,2017,National Institutes of Health,50798581.0,55
C155UU2TXCP3,RUSH UNIVERSITY MEDICAL CENTER,CHICAGO,IL,2018,National Institutes of Health,52307983.0,26
C155UU2TXCP3,RUSH UNIVERSITY MEDICAL CENTER,CHICAGO,IL,2019,National Institutes of Health,41805254.0,20
C155UU2TXCP3,RUSH UNIVERSITY MEDICAL CENTER,CHICAGO,IL,2020,National Institutes of Health,55038287.0,28
C155UU2TXCP3,RUSH UNIVERSITY MEDICAL CENTER,CHICAGO,IL,2020,National Science Foundation,74955.0,1
C155UU2TXCP3,RUSH UNIVERSITY MEDICAL CENTER,CHICAGO,IL,2021,National Institutes of Health,72967423.0,34
C155UU2TXCP3,RUSH UNIVERSITY MEDICAL CENTER,CHICAGO,IL,2022,National Institutes of Health,74784775.74000001,40
C155UU2TXCP3,RUSH UNIVERSITY MEDICAL CENTER,CHICAGO,IL,2023,National Institutes of Health,67910878.63999999,18
C155UU2TXCP3,RUSH UNIVERSITY MEDICAL CENTER,CHICAGO,IL,2024,National Institutes of Health,61702684.769999996,22
C155UU2TXCP3,RUSH UNIVERSITY MEDICAL CENTER,CHICAGO,IL,2024,National Science Foundation,25638.0,1
C155UU2TXCP3,RUSH UNIVERSITY MEDICAL CENTER,CHICAGO,IL,2025,National Institutes of Health,58718231.169999994,12
C155UU2TXCP3,RUSH UNIVERSITY MEDICAL CENTER,CHICAGO,IL,2026,National Institutes of Health,37595973.59,9
C169K7T4QZ96,UNIVERSITY OF LOUISIANA AT LAFAYETTE,LAFAYETTE,LA,2016,National Institutes of Health,2316967.0,3
C169K7T4QZ96,UNIVERSITY OF LOUISIANA AT LAFAYETTE,LAFAYETTE,LA,2016,National Science Foundation,937148.0,11
C169K7T4QZ96,UNIVERSITY OF LOUISIANA AT LAFAYETTE,LAFAYETTE,LA,2017,National Institutes of Health,1969097.0,0
C169K7T4QZ96,UNIVERSITY OF LOUISIANA AT LAFAYETTE,LAFAYETTE,LA,2017,National Science Foundation,2473958.0,14
C169K7T4QZ96,UNIVERSITY OF LOUISIANA AT LAFAYETTE,LAFAYETTE,LA,2018,National Institutes of Health,2215532.0,1
C169K7T4QZ96,UNIVERSITY OF LOUISIANA AT LAFAYETTE,LAFAYETTE,LA,2018,National Science Foundation,4032832.0,14
C169K7T4QZ96,UNIVERSITY OF LOUISIANA AT LAFAYETTE,LAFAYETTE,LA,2019,National Institutes of Health,5139468.0,1
C169K7T4QZ96,UNIVERSITY OF LOUISIANA AT LAFAYETTE,LAFAYETTE,LA,2019,National Science Foundation,4628829.0,9
C169K7T4QZ96,UNIVERSITY OF LOUISIANA AT LAFAYETTE,LAFAYETTE,LA,2020,National Institutes of Health,10812755.0,3
C169K7T4QZ96,UNIVERSITY OF LOUISIANA AT LAFAYETTE,LAFAYETTE,LA,2020,National Science Foundation,5536935.0,11
C169K7T4QZ96,UNIVERSITY OF LOUISIANA AT LAFAYETTE,LAFAYETTE,LA,2021,National Institutes of Health,6795986.46,3
C169K7T4QZ96,UNIVERSITY OF LOUISIANA AT LAFAYETTE,LAFAYETTE,LA,2021,National Science Foundation,6360937.0,12
C169K7T4QZ96,UNIVERSITY OF LOUISIANA AT LAFAYETTE,LAFAYETTE,LA,2022,National Institutes of Health,5571062.28,1
C169K7T4QZ96,UNIVERSITY OF LOUISIANA AT LAFAYETTE,LAFAYETTE,LA,2022,National Science Foundation,4552825.0,7
C169K7T4QZ96,UNIVERSITY OF LOUISIANA AT LAFAYETTE,LAFAYETTE,LA,2023,National Institutes of Health,2846448.0,0
C169K7T4QZ96,UNIVERSITY OF LOUISIANA AT LAFAYETTE,LAFAYETTE,LA,2023,National Science Foundation,4632463.0,10
C169K7T4QZ96,UNIVERSITY OF LOUISIANA AT LAFAYETTE,LAFAYETTE,LA,2024,National Institutes of Health,716425.98,1
C169K7T4QZ96,UNIVERSITY OF LOUISIANA AT LAFAYETTE,LAFAYETTE,LA,2024,National Science Foundation,9293619.0,18
C169K7T4QZ96,UNIVERSITY OF LOUISIANA AT LAFAYETTE,LAFAYETTE,LA,2025,National Institutes of Health,255561.94,0
C169K7T4QZ96,UNIVERSITY OF LOUISIANA AT LAFAYETTE,LAFAYETTE,LA,2025,National Science Foundation,4584582.0,8
C169K7T4QZ96,UNIVERSITY OF LOUISIANA AT LAFAYETTE,LAFAYETTE,LA,2026,National Institutes of Health,50365.340000000026,0
C169K7T4QZ96,UNIVERSITY OF LOUISIANA AT LAFAYETTE,LAFAYETTE,LA,2026,National Science Foundation,-670139.0,2
C186U32QSBR9,WHITEHEAD INSTITUTE FOR BIOMEDICAL RESEARCH,CAMBRIDGE,MA,2016,National Institutes of Health,18272962.0,42
C186U32QSBR9,WHITEHEAD INSTITUTE FOR BIOMEDICAL RESEARCH,CAMBRIDGE,MA,2016,National Science Foundation,352120.0,1
C186U32QSBR9,WHITEHEAD INSTITUTE FOR BIOMEDICAL RESEARCH,CAMBRIDGE,MA,2017,National Institutes of Health,15937896.0,21
C186U32QSBR9,WHITEHEAD INSTITUTE FOR BIOMEDICAL RESEARCH,CAMBRIDGE,MA,2017,National Science Foundation,1155088.0,1
C186U32QSBR9,WHITEHEAD INSTITUTE FOR BIOMEDICAL RESEARCH,CAMBRIDGE,MA,2018,National Institutes of Health,14459549.0,11
C186U32QSBR9,WHITEHEAD INSTITUTE FOR BIOMEDICAL RESEARCH,CAMBRIDGE,MA,2018,National Science Foundation,1077182.0,1
C186U32QSBR9,WHITEHEAD INSTITUTE FOR BIOMEDICAL RESEARCH,CAMBRIDGE,MA,2019,National Institutes of Health,9224243.0,4
C186U32QSBR9,WHITEHEAD INSTITUTE FOR BIOMEDICAL RESEARCH,CAMBRIDGE,MA,2020,National Institutes of Health,9990104.0,7
C186U32QSBR9,WHITEHEAD INSTITUTE FOR BIOMEDICAL RESEARCH,CAMBRIDGE,MA,2020,National Science Foundation,1200000.0,1
C186U32QSBR9,WHITEHEAD INSTITUTE FOR BIOMEDICAL RESEARCH,CAMBRIDGE,MA,2021,National Institutes of Health,9822753.0,10
C186U32QSBR9,WHITEHEAD INSTITUTE FOR BIOMEDICAL RESEARCH,CAMBRIDGE,MA,2021,National Science Foundation,736207.0,1
C186U32QSBR9,WHITEHEAD INSTITUTE FOR BIOMEDICAL RESEARCH,CAMBRIDGE,MA,2022,National Institutes of Health,11230338.25,6
C186U32QSBR9,WHITEHEAD INSTITUTE FOR BIOMEDICAL RESEARCH,CAMBRIDGE,MA,2022,National Science Foundation,17500.0,1
C186U32QSBR9,WHITEHEAD INSTITUTE FOR BIOMEDICAL RESEARCH,CAMBRIDGE,MA,2023,National Institutes of Health,10849878.120000001,7
C186U32QSBR9,WHITEHEAD INSTITUTE FOR BIOMEDICAL RESEARCH,CAMBRIDGE,MA,2023,National Science Foundation,377300.0,0
C186U32QSBR9,WHITEHEAD INSTITUTE FOR BIOMEDICAL RESEARCH,CAMBRIDGE,MA,2024,National Institutes of Health,10810102.940000001,7
C186U32QSBR9,WHITEHEAD INSTITUTE FOR BIOMEDICAL RESEARCH,CAMBRIDGE,MA,2024,National Science Foundation,382869.0,0
C186U32QSBR9,WHITEHEAD INSTITUTE FOR BIOMEDICAL RESEARCH,CAMBRIDGE,MA,2025,National Institutes of Health,10510512.66,4
C186U32QSBR9,WHITEHEAD INSTITUTE FOR BIOMEDICAL RESEARCH,CAMBRIDGE,MA,2026,National Institutes of Health,11443623.55,3
C1ABLRAQTB48,CAL STATE LA UNIVERSITY AUXILIARY SERVICES INC,LOS ANGELES,CA,2016,National Institutes of Health,2805703.0,7
C1ABLRAQTB48,CAL STATE LA UNIVERSITY AUXILIARY SERVICES INC,LOS ANGELES,CA,2016,National Science Foundation,3139083.0,8
C1ABLRAQTB48,CAL STATE LA UNIVERSITY AUXILIARY SERVICES INC,LOS ANGELES,CA,2017,National Institutes of Health,4213051.0,4
C1ABLRAQTB48,CAL STATE LA UNIVERSITY AUXILIARY SERVICES INC,LOS ANGELES,CA,2017,National Science Foundation,2661353.0,4
C1ABLRAQTB48,CAL STATE LA UNIVERSITY AUXILIARY SERVICES INC,LOS ANGELES,CA,2018,National Institutes of Health,3450285.0,4
C1ABLRAQTB48,CAL STATE LA UNIVERSITY AUXILIARY SERVICES INC,LOS ANGELES,CA,2018,National Science Foundation,3569494.0,7
C1ABLRAQTB48,CAL STATE LA UNIVERSITY AUXILIARY SERVICES INC,LOS ANGELES,CA,2019,National Institutes of Health,2985046.0,0
C1ABLRAQTB48,CAL STATE LA UNIVERSITY AUXILIARY SERVICES INC,LOS ANGELES,CA,2019,National Science Foundation,2650627.0,6
C1ABLRAQTB48,CAL STATE LA UNIVERSITY AUXILIARY SERVICES INC,LOS ANGELES,CA,2020,National Institutes of Health,3239585.0,1
C1ABLRAQTB48,CAL STATE LA UNIVERSITY AUXILIARY SERVICES INC,LOS ANGELES,CA,2020,National Science Foundation,3025305.0,7
C1ABLRAQTB48,CAL STATE LA UNIVERSITY AUXILIARY SERVICES INC,LOS ANGELES,CA,2021,National Institutes of Health,3274309.0,2
C1ABLRAQTB48,CAL STATE LA UNIVERSITY AUXILIARY SERVICES INC,LOS ANGELES,CA,2021,National Science Foundation,4418537.0,8
C1ABLRAQTB48,CAL STATE LA UNIVERSITY AUXILIARY SERVICES INC,LOS ANGELES,CA,2022,National Institutes of Health,1784582.8800000001,3
C1ABLRAQTB48,CAL STATE LA UNIVERSITY AUXILIARY SERVICES INC,LOS ANGELES,CA,2022,National Science Foundation,6309478.0,10
C1ABLRAQTB48,CAL STATE LA UNIVERSITY AUXILIARY SERVICES INC,LOS ANGELES,CA,2023,National Institutes of Health,2352367.7,1
C1ABLRAQTB48,CAL STATE LA UNIVERSITY AUXILIARY SERVICES INC,LOS ANGELES,CA,2023,National Science Foundation,4837339.0,6
C1ABLRAQTB48,CAL STATE LA UNIVERSITY AUXILIARY SERVICES INC,LOS ANGELES,CA,2024,National Institutes of Health,2923481.55,0
C1ABLRAQTB48,CAL STATE LA UNIVERSITY AUXILIARY SERVICES INC,LOS ANGELES,CA,2024,National Science Foundation,1231174.0,4
C1ABLRAQTB48,CAL STATE LA UNIVERSITY AUXILIARY SERVICES INC,LOS ANGELES,CA,2025,National Institutes of Health,742645.6000000001,0
C1ABLRAQTB48,CAL STATE LA UNIVERSITY AUXILIARY SERVICES INC,LOS ANGELES,CA,2025,National Science Foundation,1180531.0,3
C1ABLRAQTB48,CAL STATE LA UNIVERSITY AUXILIARY SERVICES INC,LOS ANGELES,CA,2026,National Institutes of Health,3180223.2399999998,1
C1ABLRAQTB48,CAL STATE LA UNIVERSITY AUXILIARY SERVICES INC,LOS ANGELES,CA,2026,National Science Foundation,260158.0,1
C1CPANL3EWK4,"BETH ISRAEL DEACONESS MEDICAL CENTER, INC.",BOSTON,MA,2016,National Institutes of Health,131123897.0,252
C1CPANL3EWK4,"BETH ISRAEL DEACONESS MEDICAL CENTER, INC.",BOSTON,MA,2016,National Science Foundation,660000.0,1
C1CPANL3EWK4,"BETH ISRAEL DEACONESS MEDICAL CENTER, INC.",BOSTON,MA,2017,National Institutes of Health,128059971.0,106
C1CPANL3EWK4,"BETH ISRAEL DEACONESS MEDICAL CENTER, INC.",BOSTON,MA,2017,National Science Foundation,464304.0,2
C1CPANL3EWK4,"BETH ISRAEL DEACONESS MEDICAL CENTER, INC.",BOSTON,MA,2018,National Institutes of Health,126378482.0,68
C1CPANL3EWK4,"BETH ISRAEL DEACONESS MEDICAL CENTER, INC.",BOSTON,MA,2018,National Science Foundation,1837617.0,1
C1CPANL3EWK4,"BETH ISRAEL DEACONESS MEDICAL CENTER, INC.",BOSTON,MA,2019,National Institutes of Health,122269397.0,60
C1CPANL3EWK4,"BETH ISRAEL DEACONESS MEDICAL CENTER, INC.",BOSTON,MA,2019,National Science Foundation,0.0,1
C1CPANL3EWK4,"BETH ISRAEL DEACONESS MEDICAL CENTER, INC.",BOSTON,MA,2020,National Institutes of Health,135637986.0,63
C1CPANL3EWK4,"BETH ISRAEL DEACONESS MEDICAL CENTER, INC.",BOSTON,MA,2020,National Science Foundation,600000.0,1
C1CPANL3EWK4,"BETH ISRAEL DEACONESS MEDICAL CENTER, INC.",BOSTON,MA,2021,National Institutes of Health,121453596.37,52
C1CPANL3EWK4,"BETH ISRAEL DEACONESS MEDICAL CENTER, INC.",BOSTON,MA,2022,National Institutes of Health,123483519.01000002,52
C1CPANL3EWK4,"BETH ISRAEL DEACONESS MEDICAL CENTER, INC.",BOSTON,MA,2022,National Science Foundation,1518665.0,2
C1CPANL3EWK4,"BETH ISRAEL DEACONESS MEDICAL CENTER, INC.",BOSTON,MA,2023,National Institutes of Health,129043126.35999998,61
C1CPANL3EWK4,"BETH ISRAEL DEACONESS MEDICAL CENTER, INC.",BOSTON,MA,2023,National Science Foundation,897809.0,3
C1CPANL3EWK4,"BETH ISRAEL DEACONESS MEDICAL CENTER, INC.",BOSTON,MA,2024,National Institutes of Health,117639132.44999999,52
C1CPANL3EWK4,"BETH ISRAEL DEACONESS MEDICAL CENTER, INC.",BOSTON,MA,2024,National Science Foundation,-169995.0,0
C1CPANL3EWK4,"BETH ISRAEL DEACONESS MEDICAL CENTER, INC.",BOSTON,MA,2025,National Institutes of Health,141562189.85999998,46
C1CPANL3EWK4,"BETH ISRAEL DEACONESS MEDICAL CENTER, INC.",BOSTON,MA,2025,National Science Foundation,299982.0,1
C1CPANL3EWK4,"BETH ISRAEL DEACONESS MEDICAL CENTER, INC.",BOSTON,MA,2026,National Institutes of Health,109495775.5,34
C1CPANL3EWK4,"BETH ISRAEL DEACONESS MEDICAL CENTER, INC.",BOSTON,MA,2026,National Science Foundation,19740.0,0
C1DEGMMKC7W7,THE UNIVERSITY OF TEXAS AT EL PASO,EL PASO,TX,2016,National Institutes of Health,14602999.0,28
C1DEGMMKC7W7,THE UNIVERSITY OF TEXAS AT EL PASO,EL PASO,TX,2016,National Science Foundation,18321403.0,39
C1DEGMMKC7W7,THE UNIVERSITY OF TEXAS AT EL PASO,EL PASO,TX,2017,National Institutes of Health,13531376.0,13
C1DEGMMKC7W7,THE UNIVERSITY OF TEXAS AT EL PASO,EL PASO,TX,2017,National Science Foundation,5771378.0,21
C1DEGMMKC7W7,THE UNIVERSITY OF TEXAS AT EL PASO,EL PASO,TX,2018,National Institutes of Health,14212170.0,9
C1DEGMMKC7W7,THE UNIVERSITY OF TEXAS AT EL PASO,EL PASO,TX,2018,National Science Foundation,11342592.0,18
C1DEGMMKC7W7,THE UNIVERSITY OF TEXAS AT EL PASO,EL PASO,TX,2019,National Institutes of Health,15385406.0,12
C1DEGMMKC7W7,THE UNIVERSITY OF TEXAS AT EL PASO,EL PASO,TX,2019,National Science Foundation,5150915.0,12
C1DEGMMKC7W7,THE UNIVERSITY OF TEXAS AT EL PASO,EL PASO,TX,2020,National Institutes of Health,16319585.0,9
C1DEGMMKC7W7,THE UNIVERSITY OF TEXAS AT EL PASO,EL PASO,TX,2020,National Science Foundation,17450432.0,24
C1DEGMMKC7W7,THE UNIVERSITY OF TEXAS AT EL PASO,EL PASO,TX,2021,National Institutes of Health,19529717.0,8
C1DEGMMKC7W7,THE UNIVERSITY OF TEXAS AT EL PASO,EL PASO,TX,2021,National Science Foundation,16289110.0,29
C1DEGMMKC7W7,THE UNIVERSITY OF TEXAS AT EL PASO,EL PASO,TX,2022,National Institutes of Health,19056334.04,16
C1DEGMMKC7W7,THE UNIVERSITY OF TEXAS AT EL PASO,EL PASO,TX,2022,National Science Foundation,25745714.0,25
C1DEGMMKC7W7,THE UNIVERSITY OF TEXAS AT EL PASO,EL PASO,TX,2023,National Institutes of Health,19203397.04,10
C1DEGMMKC7W7,THE UNIVERSITY OF TEXAS AT EL PASO,EL PASO,TX,2023,National Science Foundation,19315949.0,28
C1DEGMMKC7W7,THE UNIVERSITY OF TEXAS AT EL PASO,EL PASO,TX,2024,National Institutes of Health,16069972.61,6
C1DEGMMKC7W7,THE UNIVERSITY OF TEXAS AT EL PASO,EL PASO,TX,2024,National Science Foundation,20371233.0,26
C1DEGMMKC7W7,THE UNIVERSITY OF TEXAS AT EL PASO,EL PASO,TX,2025,National Institutes of Health,7282773.7,0
C1DEGMMKC7W7,THE UNIVERSITY OF TEXAS AT EL PASO,EL PASO,TX,2025,National Science Foundation,504387.0,10
C1DEGMMKC7W7,THE UNIVERSITY OF TEXAS AT EL PASO,EL PASO,TX,2026,National Institutes of Health,2190348.1900000004,1
C1DEGMMKC7W7,THE UNIVERSITY OF TEXAS AT EL PASO,EL PASO,TX,2026,National Science Foundation,-496876.0,3
C1F5LNUF7W86,TRUSTEES OF TUFTS COLLEGE,BOSTON,MA,2016,National Institutes of Health,52395973.0,138
C1F5LNUF7W86,TRUSTEES OF TUFTS COLLEGE,BOSTON,MA,2017,National Institutes of Health,54502617.0,77
C1F5LNUF7W86,TRUSTEES OF TUFTS COLLEGE,BOSTON,MA,2018,National Institutes of Health,56611723.0,51
C1F5LNUF7W86,TRUSTEES OF TUFTS COLLEGE,BOSTON,MA,2019,National Institutes of Health,55930848.0,39
C1F5LNUF7W86,TRUSTEES OF TUFTS COLLEGE,BOSTON,MA,2020,National Institutes of Health,62303761.0,37
C1F5LNUF7W86,TRUSTEES OF TUFTS COLLEGE,BOSTON,MA,2021,National Institutes of Health,66448740.3,37
C1F5LNUF7W86,TRUSTEES OF TUFTS COLLEGE,BOSTON,MA,2022,National Institutes of Health,73845033.38,49
C1F5LNUF7W86,TRUSTEES OF TUFTS COLLEGE,BOSTON,MA,2023,National Institutes of Health,76079163.2,36
C1F5LNUF7W86,TRUSTEES OF TUFTS COLLEGE,BOSTON,MA,2024,National Institutes of Health,70602199.97999999,29
C1F5LNUF7W86,TRUSTEES OF TUFTS COLLEGE,BOSTON,MA,2025,National Institutes of Health,82175385.41,38
C1F5LNUF7W86,TRUSTEES OF TUFTS COLLEGE,BOSTON,MA,2026,National Institutes of Health,63419429.66,32
C37HLWKKAH69,"HELIXBIND, INC.",BOXBOROUGH,MA,2016,National Institutes of Health,1682269.0,2
C37HLWKKAH69,"HELIXBIND, INC.",BOXBOROUGH,MA,2017,National Institutes of Health,1987015.0,1
C37HLWKKAH69,"HELIXBIND, INC.",BOXBOROUGH,MA,2018,National Institutes of Health,1707771.0,1
C37HLWKKAH69,"HELIXBIND, INC.",BOXBOROUGH,MA,2019,National Institutes of Health,1000000.0,1
C37HLWKKAH69,"HELIXBIND, INC.",BOXBOROUGH,MA,2020,National Institutes of Health,2998005.0,1
C37HLWKKAH69,"HELIXBIND, INC.",BOXBOROUGH,MA,2021,National Institutes of Health,0.0,0
C37HLWKKAH69,"HELIXBIND, INC.",BOXBOROUGH,MA,2022,National Institutes of Health,7025221.0,4
C37HLWKKAH69,"HELIXBIND, INC.",BOXBOROUGH,MA,2023,National Institutes of Health,7041282.0,2
C37HLWKKAH69,"HELIXBIND, INC.",BOXBOROUGH,MA,2024,National Institutes of Health,7979298.0,2
C37HLWKKAH69,"HELIXBIND, INC.",BOXBOROUGH,MA,2025,National Institutes of Health,5074337.0,0
C37HLWKKAH69,"HELIXBIND, INC.",BOXBOROUGH,MA,2026,National Institutes of Health,5036464.0,1
C3KXNLTAAY98,THE UNIVERSITY OF TEXAS HEALTH SCIENCE CENTER AT SAN ANTONIO,SAN ANTONIO,TX,2016,National Institutes of Health,56197886.0,186
C3KXNLTAAY98,THE UNIVERSITY OF TEXAS HEALTH SCIENCE CENTER AT SAN ANTONIO,SAN ANTONIO,TX,2016,National Science Foundation,162596.0,2
C3KXNLTAAY98,THE UNIVERSITY OF TEXAS HEALTH SCIENCE CENTER AT SAN ANTONIO,SAN ANTONIO,TX,2017,National Institutes of Health,57571856.0,101
C3KXNLTAAY98,THE UNIVERSITY OF TEXAS HEALTH SCIENCE CENTER AT SAN ANTONIO,SAN ANTONIO,TX,2017,National Science Foundation,444601.0,2
C3KXNLTAAY98,THE UNIVERSITY OF TEXAS HEALTH SCIENCE CENTER AT SAN ANTONIO,SAN ANTONIO,TX,2018,National Institutes of Health,84911615.0,74
C3KXNLTAAY98,THE UNIVERSITY OF TEXAS HEALTH SCIENCE CENTER AT SAN ANTONIO,SAN ANTONIO,TX,2019,National Institutes of Health,89929205.0,53
C3KXNLTAAY98,THE UNIVERSITY OF TEXAS HEALTH SCIENCE CENTER AT SAN ANTONIO,SAN ANTONIO,TX,2019,National Science Foundation,-147151.0,1
C3KXNLTAAY98,THE UNIVERSITY OF TEXAS HEALTH SCIENCE CENTER AT SAN ANTONIO,SAN ANTONIO,TX,2020,National Institutes of Health,82738711.0,52
C3KXNLTAAY98,THE UNIVERSITY OF TEXAS HEALTH SCIENCE CENTER AT SAN ANTONIO,SAN ANTONIO,TX,2020,National Science Foundation,1603738.0,2
C3KXNLTAAY98,THE UNIVERSITY OF TEXAS HEALTH SCIENCE CENTER AT SAN ANTONIO,SAN ANTONIO,TX,2021,National Institutes of Health,94795016.74,60
C3KXNLTAAY98,THE UNIVERSITY OF TEXAS HEALTH SCIENCE CENTER AT SAN ANTONIO,SAN ANTONIO,TX,2021,National Science Foundation,0.0,0
C3KXNLTAAY98,THE UNIVERSITY OF TEXAS HEALTH SCIENCE CENTER AT SAN ANTONIO,SAN ANTONIO,TX,2022,National Institutes of Health,104336081.14000002,56
C3KXNLTAAY98,THE UNIVERSITY OF TEXAS HEALTH SCIENCE CENTER AT SAN ANTONIO,SAN ANTONIO,TX,2023,National Institutes of Health,131271532.91,82
C3KXNLTAAY98,THE UNIVERSITY OF TEXAS HEALTH SCIENCE CENTER AT SAN ANTONIO,SAN ANTONIO,TX,2024,National Institutes of Health,134908713.98,68
C3KXNLTAAY98,THE UNIVERSITY OF TEXAS HEALTH SCIENCE CENTER AT SAN ANTONIO,SAN ANTONIO,TX,2025,National Institutes of Health,134384831.69,37
C3KXNLTAAY98,THE UNIVERSITY OF TEXAS HEALTH SCIENCE CENTER AT SAN ANTONIO,SAN ANTONIO,TX,2026,National Institutes of Health,88125680.13,30
C4BXLBC11LC6,SYRACUSE UNIVERSITY,SYRACUSE,NY,2016,National Institutes of Health,5949648.0,23
C4BXLBC11LC6,SYRACUSE UNIVERSITY,SYRACUSE,NY,2016,National Science Foundation,15258445.0,70
C4BXLBC11LC6,SYRACUSE UNIVERSITY,SYRACUSE,NY,2017,National Institutes of Health,5823802.0,8
C4BXLBC11LC6,SYRACUSE UNIVERSITY,SYRACUSE,NY,2017,National Science Foundation,16069005.0,47
C4BXLBC11LC6,SYRACUSE UNIVERSITY,SYRACUSE,NY,2018,National Institutes of Health,4469835.0,8
C4BXLBC11LC6,SYRACUSE UNIVERSITY,SYRACUSE,NY,2018,National Science Foundation,12230061.0,35
C4BXLBC11LC6,SYRACUSE UNIVERSITY,SYRACUSE,NY,2019,National Institutes of Health,7396218.0,16
C4BXLBC11LC6,SYRACUSE UNIVERSITY,SYRACUSE,NY,2019,National Science Foundation,11383984.0,33
C4BXLBC11LC6,SYRACUSE UNIVERSITY,SYRACUSE,NY,2020,National Institutes of Health,9430520.0,15
C4BXLBC11LC6,SYRACUSE UNIVERSITY,SYRACUSE,NY,2020,National Science Foundation,13708101.0,42
C4BXLBC11LC6,SYRACUSE UNIVERSITY,SYRACUSE,NY,2021,National Institutes of Health,10415349.86,12
C4BXLBC11LC6,SYRACUSE UNIVERSITY,SYRACUSE,NY,2021,National Science Foundation,15628523.0,31
C4BXLBC11LC6,SYRACUSE UNIVERSITY,SYRACUSE,NY,2022,National Institutes of Health,9908403.75,7
C4BXLBC11LC6,SYRACUSE UNIVERSITY,SYRACUSE,NY,2022,National Science Foundation,15402292.0,42
C4BXLBC11LC6,SYRACUSE UNIVERSITY,SYRACUSE,NY,2023,National Institutes of Health,11427678.200000001,13
C4BXLBC11LC6,SYRACUSE UNIVERSITY,SYRACUSE,NY,2023,National Science Foundation,14099577.0,31
C4BXLBC11LC6,SYRACUSE UNIVERSITY,SYRACUSE,NY,2024,National Institutes of Health,10029465.09,7
C4BXLBC11LC6,SYRACUSE UNIVERSITY,SYRACUSE,NY,2024,National Science Foundation,16433412.0,34
C4BXLBC11LC6,SYRACUSE UNIVERSITY,SYRACUSE,NY,2025,National Institutes of Health,14712979.209999999,7
C4BXLBC11LC6,SYRACUSE UNIVERSITY,SYRACUSE,NY,2025,National Science Foundation,16230739.0,29
C4BXLBC11LC6,SYRACUSE UNIVERSITY,SYRACUSE,NY,2026,National Institutes of Health,8386322.460000001,9
C4BXLBC11LC6,SYRACUSE UNIVERSITY,SYRACUSE,NY,2026,National Science Foundation,3939789.0,10
C5LHMPRJ9J19,THE FEINSTEIN INSTITUTES FOR MEDICAL RESEARCH,MANHASSET,NY,2016,National Institutes of Health,23677042.0,51
C5LHMPRJ9J19,THE FEINSTEIN INSTITUTES FOR MEDICAL RESEARCH,MANHASSET,NY,2017,National Institutes of Health,15330718.0,26
C5LHMPRJ9J19,THE FEINSTEIN INSTITUTES FOR MEDICAL RESEARCH,MANHASSET,NY,2018,National Institutes of Health,18493265.0,16
C5LHMPRJ9J19,THE FEINSTEIN INSTITUTES FOR MEDICAL RESEARCH,MANHASSET,NY,2018,National Science Foundation,-53364.0,1
C5LHMPRJ9J19,THE FEINSTEIN INSTITUTES FOR MEDICAL RESEARCH,MANHASSET,NY,2019,National Institutes of Health,21499260.0,16
C5LHMPRJ9J19,THE FEINSTEIN INSTITUTES FOR MEDICAL RESEARCH,MANHASSET,NY,2020,National Institutes of Health,29793046.0,16
C5LHMPRJ9J19,THE FEINSTEIN INSTITUTES FOR MEDICAL RESEARCH,MANHASSET,NY,2021,National Institutes of Health,25553176.759999998,12
C5LHMPRJ9J19,THE FEINSTEIN INSTITUTES FOR MEDICAL RESEARCH,MANHASSET,NY,2022,National Institutes of Health,27518634.09,12
C5LHMPRJ9J19,THE FEINSTEIN INSTITUTES FOR MEDICAL RESEARCH,MANHASSET,NY,2023,National Institutes of Health,36895682.57000001,19
C5LHMPRJ9J19,THE FEINSTEIN INSTITUTES FOR MEDICAL RESEARCH,MANHASSET,NY,2024,National Institutes of Health,40204208.29,10
C5LHMPRJ9J19,THE FEINSTEIN INSTITUTES FOR MEDICAL RESEARCH,MANHASSET,NY,2025,National Institutes of Health,46313003.63,23
C5LHMPRJ9J19,THE FEINSTEIN INSTITUTES FOR MEDICAL RESEARCH,MANHASSET,NY,2026,National Institutes of Health,39027611.06,10
C6T9BYG5EYX5,BAYLOR UNIVERSITY,WACO,TX,2016,National Institutes of Health,960420.0,4
C6T9BYG5EYX5,BAYLOR UNIVERSITY,WACO,TX,2016,National Science Foundation,1714574.0,12
C6T9BYG5EYX5,BAYLOR UNIVERSITY,WACO,TX,2017,National Institutes of Health,1305100.0,3
C6T9BYG5EYX5,BAYLOR UNIVERSITY,WACO,TX,2017,National Science Foundation,2357896.0,12
C6T9BYG5EYX5,BAYLOR UNIVERSITY,WACO,TX,2018,National Institutes of Health,2039481.0,3
C6T9BYG5EYX5,BAYLOR UNIVERSITY,WACO,TX,2018,National Science Foundation,2723939.0,9
C6T9BYG5EYX5,BAYLOR UNIVERSITY,WACO,TX,2019,National Institutes of Health,1883871.0,5
C6T9BYG5EYX5,BAYLOR UNIVERSITY,WACO,TX,2019,National Science Foundation,5013714.0,11
C6T9BYG5EYX5,BAYLOR UNIVERSITY,WACO,TX,2020,National Institutes of Health,3568515.0,6
C6T9BYG5EYX5,BAYLOR UNIVERSITY,WACO,TX,2020,National Science Foundation,4639720.0,15
C6T9BYG5EYX5,BAYLOR UNIVERSITY,WACO,TX,2021,National Institutes of Health,6217460.4,7
C6T9BYG5EYX5,BAYLOR UNIVERSITY,WACO,TX,2021,National Science Foundation,4198246.0,13
C6T9BYG5EYX5,BAYLOR UNIVERSITY,WACO,TX,2022,National Institutes of Health,6207715.78,9
C6T9BYG5EYX5,BAYLOR UNIVERSITY,WACO,TX,2022,National Science Foundation,5343035.0,15
C6T9BYG5EYX5,BAYLOR UNIVERSITY,WACO,TX,2023,National Institutes of Health,6637187.79,9
C6T9BYG5EYX5,BAYLOR UNIVERSITY,WACO,TX,2023,National Science Foundation,4104036.0,11
C6T9BYG5EYX5,BAYLOR UNIVERSITY,WACO,TX,2024,National Institutes of Health,6639690.5600000005,10
C6T9BYG5EYX5,BAYLOR UNIVERSITY,WACO,TX,2024,National Science Foundation,7843878.0,23
C6T9BYG5EYX5,BAYLOR UNIVERSITY,WACO,TX,2025,National Institutes of Health,8593477.780000001,10
C6T9BYG5EYX5,BAYLOR UNIVERSITY,WACO,TX,2025,National Science Foundation,7276724.0,21
C6T9BYG5EYX5,BAYLOR UNIVERSITY,WACO,TX,2026,National Institutes of Health,7910979.42,9
C6T9BYG5EYX5,BAYLOR UNIVERSITY,WACO,TX,2026,National Science Foundation,2534448.0,6
C8H9CNG1VBD9,ICAHN SCHOOL OF MEDICINE AT MOUNT SINAI,NEW YORK,NY,2016,National Institutes of Health,278381849.0,517
C8H9CNG1VBD9,ICAHN SCHOOL OF MEDICINE AT MOUNT SINAI,NEW YORK,NY,2016,National Science Foundation,1541616.0,4
C8H9CNG1VBD9,ICAHN SCHOOL OF MEDICINE AT MOUNT SINAI,NEW YORK,NY,2017,National Institutes of Health,306186113.0,255
C8H9CNG1VBD9,ICAHN SCHOOL OF MEDICINE AT MOUNT SINAI,NEW YORK,NY,2017,National Science Foundation,188000.0,1
C8H9CNG1VBD9,ICAHN SCHOOL OF MEDICINE AT MOUNT SINAI,NEW YORK,NY,2018,National Institutes of Health,328888633.0,184
C8H9CNG1VBD9,ICAHN SCHOOL OF MEDICINE AT MOUNT SINAI,NEW YORK,NY,2018,National Science Foundation,449808.0,1
C8H9CNG1VBD9,ICAHN SCHOOL OF MEDICINE AT MOUNT SINAI,NEW YORK,NY,2019,National Institutes of Health,356417332.0,167
C8H9CNG1VBD9,ICAHN SCHOOL OF MEDICINE AT MOUNT SINAI,NEW YORK,NY,2019,National Science Foundation,1919470.0,4
C8H9CNG1VBD9,ICAHN SCHOOL OF MEDICINE AT MOUNT SINAI,NEW YORK,NY,2020,National Institutes of Health,374755375.0,190
C8H9CNG1VBD9,ICAHN SCHOOL OF MEDICINE AT MOUNT SINAI,NEW YORK,NY,2020,National Science Foundation,389472.0,3
C8H9CNG1VBD9,ICAHN SCHOOL OF MEDICINE AT MOUNT SINAI,NEW YORK,NY,2021,National Institutes of Health,392452941.42,177
C8H9CNG1VBD9,ICAHN SCHOOL OF MEDICINE AT MOUNT SINAI,NEW YORK,NY,2021,National Science Foundation,1171193.0,3
C8H9CNG1VBD9,ICAHN SCHOOL OF MEDICINE AT MOUNT SINAI,NEW YORK,NY,2022,National Institutes of Health,433231125.43999994,185
C8H9CNG1VBD9,ICAHN SCHOOL OF MEDICINE AT MOUNT SINAI,NEW YORK,NY,2022,National Science Foundation,1510206.0,4
C8H9CNG1VBD9,ICAHN SCHOOL OF MEDICINE AT MOUNT SINAI,NEW YORK,NY,2023,National Institutes of Health,441954302.81,192
C8H9CNG1VBD9,ICAHN SCHOOL OF MEDICINE AT MOUNT SINAI,NEW YORK,NY,2023,National Science Foundation,740272.0,4
C8H9CNG1VBD9,ICAHN SCHOOL OF MEDICINE AT MOUNT SINAI,NEW YORK,NY,2024,National Institutes of Health,451452979.71,174
C8H9CNG1VBD9,ICAHN SCHOOL OF MEDICINE AT MOUNT SINAI,NEW YORK,NY,2024,National Science Foundation,1034851.0,7
C8H9CNG1VBD9,ICAHN SCHOOL OF MEDICINE AT MOUNT SINAI,NEW YORK,NY,2025,National Institutes of Health,466459450.6,158
C8H9CNG1VBD9,ICAHN SCHOOL OF MEDICINE AT MOUNT SINAI,NEW YORK,NY,2025,National Science Foundation,683088.0,3
C8H9CNG1VBD9,ICAHN SCHOOL OF MEDICINE AT MOUNT SINAI,NEW YORK,NY,2026,National Institutes of Health,393749791.9,128
C8H9CNG1VBD9,ICAHN SCHOOL OF MEDICINE AT MOUNT SINAI,NEW YORK,NY,2026,National Science Foundation,-830188.0,1
C9MRZK4B7K39,BIOSENSICS LLC,NEWTON,MA,2016,National Institutes of Health,3149819.0,5
C9MRZK4B7K39,BIOSENSICS LLC,NEWTON,MA,2017,National Institutes of Health,3950688.0,6
C9MRZK4B7K39,BIOSENSICS LLC,NEWTON,MA,2018,National Institutes of Health,5870299.0,5
C9MRZK4B7K39,BIOSENSICS LLC,NEWTON,MA,2019,National Institutes of Health,5909564.0,1
C9MRZK4B7K39,BIOSENSICS LLC,NEWTON,MA,2020,National Institutes of Health,6852835.0,5
C9MRZK4B7K39,BIOSENSICS LLC,NEWTON,MA,2021,National Institutes of Health,3548339.0,1
C9MRZK4B7K39,BIOSENSICS LLC,NEWTON,MA,2022,National Institutes of Health,6484642.0,2
C9MRZK4B7K39,BIOSENSICS LLC,NEWTON,MA,2023,National Institutes of Health,6386329.609999999,4
C9MRZK4B7K39,BIOSENSICS LLC,NEWTON,MA,2024,National Institutes of Health,3337797.0,1
C9MRZK4B7K39,BIOSENSICS LLC,NEWTON,MA,2025,National Institutes of Health,8508007.0,2
C9MRZK4B7K39,BIOSENSICS LLC,NEWTON,MA,2026,National Institutes of Health,3171911.54,0
CFMMM5JM7HJ9,KANSAS STATE UNIVERSITY,MANHATTAN,KS,2016,National Institutes of Health,8600242.0,27
CFMMM5JM7HJ9,KANSAS STATE UNIVERSITY,MANHATTAN,KS,2016,National Science Foundation,9284398.0,42
CFMMM5JM7HJ9,KANSAS STATE UNIVERSITY,MANHATTAN,KS,2017,National Institutes of Health,10590806.0,24
CFMMM5JM7HJ9,KANSAS STATE UNIVERSITY,MANHATTAN,KS,2017,National Science Foundation,17461459.0,54
CFMMM5JM7HJ9,KANSAS STATE UNIVERSITY,MANHATTAN,KS,2018,National Institutes of Health,14309381.0,16
CFMMM5JM7HJ9,KANSAS STATE UNIVERSITY,MANHATTAN,KS,2018,National Science Foundation,16670962.0,38
CFMMM5JM7HJ9,KANSAS STATE UNIVERSITY,MANHATTAN,KS,2019,National Institutes of Health,8696916.0,8
CFMMM5JM7HJ9,KANSAS STATE UNIVERSITY,MANHATTAN,KS,2019,National Science Foundation,12900047.0,29
CFMMM5JM7HJ9,KANSAS STATE UNIVERSITY,MANHATTAN,KS,2020,National Institutes of Health,14705332.0,13
CFMMM5JM7HJ9,KANSAS STATE UNIVERSITY,MANHATTAN,KS,2020,National Science Foundation,17143342.0,38
CFMMM5JM7HJ9,KANSAS STATE UNIVERSITY,MANHATTAN,KS,2021,National Institutes of Health,16638060.600000001,10
CFMMM5JM7HJ9,KANSAS STATE UNIVERSITY,MANHATTAN,KS,2021,National Science Foundation,7639075.0,20
CFMMM5JM7HJ9,KANSAS STATE UNIVERSITY,MANHATTAN,KS,2022,National Institutes of Health,13942778.38,8
CFMMM5JM7HJ9,KANSAS STATE UNIVERSITY,MANHATTAN,KS,2022,National Science Foundation,8308093.0,13
CFMMM5JM7HJ9,KANSAS STATE UNIVERSITY,MANHATTAN,KS,2023,National Institutes of Health,9880283.93,8
CFMMM5JM7HJ9,KANSAS STATE UNIVERSITY,MANHATTAN,KS,2023,National Science Foundation,13692763.0,24
CFMMM5JM7HJ9,KANSAS STATE UNIVERSITY,MANHATTAN,KS,2024,National Institutes of Health,9810779.65,3
CFMMM5JM7HJ9,KANSAS STATE UNIVERSITY,MANHATTAN,KS,2024,National Science Foundation,15083127.0,30
CFMMM5JM7HJ9,KANSAS STATE UNIVERSITY,MANHATTAN,KS,2025,National Institutes of Health,8261218.98,3
CFMMM5JM7HJ9,KANSAS STATE UNIVERSITY,MANHATTAN,KS,2025,National Science Foundation,15962757.0,16
CFMMM5JM7HJ9,KANSAS STATE UNIVERSITY,MANHATTAN,KS,2026,National Institutes of Health,10415383.87,3
CFMMM5JM7HJ9,KANSAS STATE UNIVERSITY,MANHATTAN,KS,2026,National Science Foundation,6102820.0,15
CGCDJ24JJLZ1,UNIVERSITY OF MASS AT BOSTON,DORCHESTER,MA,2016,National Institutes of Health,5537666.0,12
CGCDJ24JJLZ1,UNIVERSITY OF MASS AT BOSTON,DORCHESTER,MA,2016,National Science Foundation,3075808.0,19
CGCDJ24JJLZ1,UNIVERSITY OF MASS AT BOSTON,DORCHESTER,MA,2017,National Institutes of Health,6072380.0,9
CGCDJ24JJLZ1,UNIVERSITY OF MASS AT BOSTON,DORCHESTER,MA,2017,National Science Foundation,6666031.0,12
CGCDJ24JJLZ1,UNIVERSITY OF MASS AT BOSTON,DORCHESTER,MA,2018,National Institutes of Health,6281263.0,9
CGCDJ24JJLZ1,UNIVERSITY OF MASS AT BOSTON,DORCHESTER,MA,2018,National Science Foundation,5059546.0,9
CGCDJ24JJLZ1,UNIVERSITY OF MASS AT BOSTON,DORCHESTER,MA,2019,National Institutes of Health,5829345.0,8
CGCDJ24JJLZ1,UNIVERSITY OF MASS AT BOSTON,DORCHESTER,MA,2019,National Science Foundation,3512438.0,9
CGCDJ24JJLZ1,UNIVERSITY OF MASS AT BOSTON,DORCHESTER,MA,2020,National Institutes of Health,6276221.0,5
CGCDJ24JJLZ1,UNIVERSITY OF MASS AT BOSTON,DORCHESTER,MA,2020,National Science Foundation,5153542.0,15
CGCDJ24JJLZ1,UNIVERSITY OF MASS AT BOSTON,DORCHESTER,MA,2021,National Institutes of Health,5095720.97,2
CGCDJ24JJLZ1,UNIVERSITY OF MASS AT BOSTON,DORCHESTER,MA,2021,National Science Foundation,3785569.0,9
CGCDJ24JJLZ1,UNIVERSITY OF MASS AT BOSTON,DORCHESTER,MA,2022,National Institutes of Health,5270388.32,4
CGCDJ24JJLZ1,UNIVERSITY OF MASS AT BOSTON,DORCHESTER,MA,2022,National Science Foundation,4296897.0,9
CGCDJ24JJLZ1,UNIVERSITY OF MASS AT BOSTON,DORCHESTER,MA,2023,National Institutes of Health,6372165.209999999,6
CGCDJ24JJLZ1,UNIVERSITY OF MASS AT BOSTON,DORCHESTER,MA,2023,National Science Foundation,9842079.0,16
CGCDJ24JJLZ1,UNIVERSITY OF MASS AT BOSTON,DORCHESTER,MA,2024,National Institutes of Health,6267889.859999999,2
CGCDJ24JJLZ1,UNIVERSITY OF MASS AT BOSTON,DORCHESTER,MA,2024,National Science Foundation,2629940.0,7
CGCDJ24JJLZ1,UNIVERSITY OF MASS AT BOSTON,DORCHESTER,MA,2025,National Institutes of Health,9151326.2,11
CGCDJ24JJLZ1,UNIVERSITY OF MASS AT BOSTON,DORCHESTER,MA,2025,National Science Foundation,3947164.0,12
CGCDJ24JJLZ1,UNIVERSITY OF MASS AT BOSTON,DORCHESTER,MA,2026,National Institutes of Health,4843615.84,4
CGCDJ24JJLZ1,UNIVERSITY OF MASS AT BOSTON,DORCHESTER,MA,2026,National Science Foundation,714917.0,2
CJAJYT2KW771,SOUTH DAKOTA SCHOOL OF MINES & TECHNOLOGY,RAPID CITY,SD,2016,National Science Foundation,3267679.0,15
CJAJYT2KW771,SOUTH DAKOTA SCHOOL OF MINES & TECHNOLOGY,RAPID CITY,SD,2017,National Science Foundation,4009342.0,10
CJAJYT2KW771,SOUTH DAKOTA SCHOOL OF MINES & TECHNOLOGY,RAPID CITY,SD,2018,National Science Foundation,3106829.0,12
CJAJYT2KW771,SOUTH DAKOTA SCHOOL OF MINES & TECHNOLOGY,RAPID CITY,SD,2019,National Science Foundation,6595784.0,6
CJAJYT2KW771,SOUTH DAKOTA SCHOOL OF MINES & TECHNOLOGY,RAPID CITY,SD,2020,National Institutes of Health,64333.0,1
CJAJYT2KW771,SOUTH DAKOTA SCHOOL OF MINES & TECHNOLOGY,RAPID CITY,SD,2020,National Science Foundation,5929724.0,10
CJAJYT2KW771,SOUTH DAKOTA SCHOOL OF MINES & TECHNOLOGY,RAPID CITY,SD,2021,National Institutes of Health,65786.0,0
CJAJYT2KW771,SOUTH DAKOTA SCHOOL OF MINES & TECHNOLOGY,RAPID CITY,SD,2021,National Science Foundation,5803294.0,7
CJAJYT2KW771,SOUTH DAKOTA SCHOOL OF MINES & TECHNOLOGY,RAPID CITY,SD,2022,National Institutes of Health,491741.28,2
CJAJYT2KW771,SOUTH DAKOTA SCHOOL OF MINES & TECHNOLOGY,RAPID CITY,SD,2022,National Science Foundation,7261039.0,12
CJAJYT2KW771,SOUTH DAKOTA SCHOOL OF MINES & TECHNOLOGY,RAPID CITY,SD,2023,National Institutes of Health,-630.69,0
CJAJYT2KW771,SOUTH DAKOTA SCHOOL OF MINES & TECHNOLOGY,RAPID CITY,SD,2023,National Science Foundation,6810833.0,11
CJAJYT2KW771,SOUTH DAKOTA SCHOOL OF MINES & TECHNOLOGY,RAPID CITY,SD,2024,National Institutes of Health,-4419.28,0
CJAJYT2KW771,SOUTH DAKOTA SCHOOL OF MINES & TECHNOLOGY,RAPID CITY,SD,2024,National Science Foundation,9103839.0,10
CJAJYT2KW771,SOUTH DAKOTA SCHOOL OF MINES & TECHNOLOGY,RAPID CITY,SD,2025,National Institutes of Health,0.0,0
CJAJYT2KW771,SOUTH DAKOTA SCHOOL OF MINES & TECHNOLOGY,RAPID CITY,SD,2025,National Science Foundation,11120493.0,12
CJAJYT2KW771,SOUTH DAKOTA SCHOOL OF MINES & TECHNOLOGY,RAPID CITY,SD,2026,National Institutes of Health,0.0,0
CJAJYT2KW771,SOUTH DAKOTA SCHOOL OF MINES & TECHNOLOGY,RAPID CITY,SD,2026,National Science Foundation,1358622.0,4
CJDNG9D14MW7,UNIVERSITY OF RHODE ISLAND,KINGSTON,RI,2016,National Institutes of Health,11570789.0,17
CJDNG9D14MW7,UNIVERSITY OF RHODE ISLAND,KINGSTON,RI,2016,National Science Foundation,15051104.0,43
CJDNG9D14MW7,UNIVERSITY OF RHODE ISLAND,KINGSTON,RI,2017,National Institutes of Health,9341435.0,10
CJDNG9D14MW7,UNIVERSITY OF RHODE ISLAND,KINGSTON,RI,2017,National Science Foundation,17498617.0,32
CJDNG9D14MW7,UNIVERSITY OF RHODE ISLAND,KINGSTON,RI,2018,National Institutes of Health,14617954.0,11
CJDNG9D14MW7,UNIVERSITY OF RHODE ISLAND,KINGSTON,RI,2018,National Science Foundation,18836726.0,33
CJDNG9D14MW7,UNIVERSITY OF RHODE ISLAND,KINGSTON,RI,2019,National Institutes of Health,15455570.0,7
CJDNG9D14MW7,UNIVERSITY OF RHODE ISLAND,KINGSTON,RI,2019,National Science Foundation,20795486.0,25
CJDNG9D14MW7,UNIVERSITY OF RHODE ISLAND,KINGSTON,RI,2020,National Institutes of Health,15948316.0,10
CJDNG9D14MW7,UNIVERSITY OF RHODE ISLAND,KINGSTON,RI,2020,National Science Foundation,15825113.0,27
CJDNG9D14MW7,UNIVERSITY OF RHODE ISLAND,KINGSTON,RI,2021,National Institutes of Health,17411338.07,9
CJDNG9D14MW7,UNIVERSITY OF RHODE ISLAND,KINGSTON,RI,2021,National Science Foundation,21541968.0,33
CJDNG9D14MW7,UNIVERSITY OF RHODE ISLAND,KINGSTON,RI,2022,National Institutes of Health,18433240.54,8
CJDNG9D14MW7,UNIVERSITY OF RHODE ISLAND,KINGSTON,RI,2022,National Science Foundation,10796250.0,17
CJDNG9D14MW7,UNIVERSITY OF RHODE ISLAND,KINGSTON,RI,2023,National Institutes of Health,17688459.91,16
CJDNG9D14MW7,UNIVERSITY OF RHODE ISLAND,KINGSTON,RI,2023,National Science Foundation,22760081.0,23
CJDNG9D14MW7,UNIVERSITY OF RHODE ISLAND,KINGSTON,RI,2024,National Institutes of Health,19608528.86,18
CJDNG9D14MW7,UNIVERSITY OF RHODE ISLAND,KINGSTON,RI,2024,National Science Foundation,22952986.0,34
CJDNG9D14MW7,UNIVERSITY OF RHODE ISLAND,KINGSTON,RI,2025,National Institutes of Health,18318034.450000003,10
CJDNG9D14MW7,UNIVERSITY OF RHODE ISLAND,KINGSTON,RI,2025,National Science Foundation,30451925.0,25
CJDNG9D14MW7,UNIVERSITY OF RHODE ISLAND,KINGSTON,RI,2026,National Institutes of Health,18492832.54,9
CJDNG9D14MW7,UNIVERSITY OF RHODE ISLAND,KINGSTON,RI,2026,National Science Foundation,10795644.0,11
CM4TTRKFCLF9,MONTCLAIR STATE UNIVERSITY,MONTCLAIR,NJ,2016,National Science Foundation,2645669.0,9
CM4TTRKFCLF9,MONTCLAIR STATE UNIVERSITY,MONTCLAIR,NJ,2017,National Institutes of Health,356609.0,2
CM4TTRKFCLF9,MONTCLAIR STATE UNIVERSITY,MONTCLAIR,NJ,2017,National Science Foundation,4626099.0,14
CM4TTRKFCLF9,MONTCLAIR STATE UNIVERSITY,MONTCLAIR,NJ,2018,National Institutes of Health,595954.0,3
CM4TTRKFCLF9,MONTCLAIR STATE UNIVERSITY,MONTCLAIR,NJ,2018,National Science Foundation,2114940.0,10
CM4TTRKFCLF9,MONTCLAIR STATE UNIVERSITY,MONTCLAIR,NJ,2019,National Institutes of Health,321219.0,0
CM4TTRKFCLF9,MONTCLAIR STATE UNIVERSITY,MONTCLAIR,NJ,2019,National Science Foundation,1570721.0,5
CM4TTRKFCLF9,MONTCLAIR STATE UNIVERSITY,MONTCLAIR,NJ,2020,National Institutes of Health,1152276.0,2
CM4TTRKFCLF9,MONTCLAIR STATE UNIVERSITY,MONTCLAIR,NJ,2020,National Science Foundation,4589831.0,11
CM4TTRKFCLF9,MONTCLAIR STATE UNIVERSITY,MONTCLAIR,NJ,2021,National Institutes of Health,1675399.0,1
CM4TTRKFCLF9,MONTCLAIR STATE UNIVERSITY,MONTCLAIR,NJ,2021,National Science Foundation,4754764.0,12
CM4TTRKFCLF9,MONTCLAIR STATE UNIVERSITY,MONTCLAIR,NJ,2022,National Institutes of Health,979853.76,0
CM4TTRKFCLF9,MONTCLAIR STATE UNIVERSITY,MONTCLAIR,NJ,2022,National Science Foundation,3779852.0,11
CM4TTRKFCLF9,MONTCLAIR STATE UNIVERSITY,MONTCLAIR,NJ,2023,National Institutes of Health,1178594.0,2
CM4TTRKFCLF9,MONTCLAIR STATE UNIVERSITY,MONTCLAIR,NJ,2023,National Science Foundation,2095292.0,10
CM4TTRKFCLF9,MONTCLAIR STATE UNIVERSITY,MONTCLAIR,NJ,2024,National Institutes of Health,1152422.0,0
CM4TTRKFCLF9,MONTCLAIR STATE UNIVERSITY,MONTCLAIR,NJ,2024,National Science Foundation,3214013.0,7
CM4TTRKFCLF9,MONTCLAIR STATE UNIVERSITY,MONTCLAIR,NJ,2025,National Institutes of Health,-1096.52,0
CM4TTRKFCLF9,MONTCLAIR STATE UNIVERSITY,MONTCLAIR,NJ,2025,National Science Foundation,3318128.0,5
CM4TTRKFCLF9,MONTCLAIR STATE UNIVERSITY,MONTCLAIR,NJ,2026,National Institutes of Health,433465.0,1
CM4TTRKFCLF9,MONTCLAIR STATE UNIVERSITY,MONTCLAIR,NJ,2026,National Science Foundation,209494.0,1
CWKJEXDG79A7,BATTELLE MEMORIAL INSTITUTE,RICHLAND,WA,2016,National Institutes of Health,11973910.0,17
CWKJEXDG79A7,BATTELLE MEMORIAL INSTITUTE,RICHLAND,WA,2017,National Institutes of Health,10811076.0,10
CWKJEXDG79A7,BATTELLE MEMORIAL INSTITUTE,RICHLAND,WA,2018,National Institutes of Health,10432163.0,5
CWKJEXDG79A7,BATTELLE MEMORIAL INSTITUTE,RICHLAND,WA,2019,National Institutes of Health,15950240.0,9
CWKJEXDG79A7,BATTELLE MEMORIAL INSTITUTE,RICHLAND,WA,2020,National Institutes of Health,19249077.0,6
CWKJEXDG79A7,BATTELLE MEMORIAL INSTITUTE,RICHLAND,WA,2021,National Institutes of Health,21394702.429999996,4
CWKJEXDG79A7,BATTELLE MEMORIAL INSTITUTE,RICHLAND,WA,2022,National Institutes of Health,16352155.33,6
CWKJEXDG79A7,BATTELLE MEMORIAL INSTITUTE,RICHLAND,WA,2023,National Institutes of Health,11794779.239999998,5
CWKJEXDG79A7,BATTELLE MEMORIAL INSTITUTE,RICHLAND,WA,2024,National Institutes of Health,8162998.28,5
CWKJEXDG79A7,BATTELLE MEMORIAL INSTITUTE,RICHLAND,WA,2025,National Institutes of Health,8922773.77,4
CWKJEXDG79A7,BATTELLE MEMORIAL INSTITUTE,RICHLAND,WA,2026,National Institutes of Health,17290833.130000003,7
D33QGS3Q3DJ3,SOUTHERN METHODIST UNIVERSITY,DALLAS,TX,2016,National Institutes of Health,1384582.0,5
D33QGS3Q3DJ3,SOUTHERN METHODIST UNIVERSITY,DALLAS,TX,2016,National Science Foundation,2149221.0,20
D33QGS3Q3DJ3,SOUTHERN METHODIST UNIVERSITY,DALLAS,TX,2017,National Institutes of Health,2682353.0,8
D33QGS3Q3DJ3,SOUTHERN METHODIST UNIVERSITY,DALLAS,TX,2017,National Science Foundation,6307676.0,26
D33QGS3Q3DJ3,SOUTHERN METHODIST UNIVERSITY,DALLAS,TX,2018,National Institutes of Health,2499955.0,6
D33QGS3Q3DJ3,SOUTHERN METHODIST UNIVERSITY,DALLAS,TX,2018,National Science Foundation,5685363.0,17
D33QGS3Q3DJ3,SOUTHERN METHODIST UNIVERSITY,DALLAS,TX,2019,National Institutes of Health,3602772.0,7
D33QGS3Q3DJ3,SOUTHERN METHODIST UNIVERSITY,DALLAS,TX,2019,National Science Foundation,5328946.0,12
D33QGS3Q3DJ3,SOUTHERN METHODIST UNIVERSITY,DALLAS,TX,2020,National Institutes of Health,2720556.0,6
D33QGS3Q3DJ3,SOUTHERN METHODIST UNIVERSITY,DALLAS,TX,2020,National Science Foundation,5448543.0,19
D33QGS3Q3DJ3,SOUTHERN METHODIST UNIVERSITY,DALLAS,TX,2021,National Institutes of Health,3063460.87,2
D33QGS3Q3DJ3,SOUTHERN METHODIST UNIVERSITY,DALLAS,TX,2021,National Science Foundation,5104412.0,15
D33QGS3Q3DJ3,SOUTHERN METHODIST UNIVERSITY,DALLAS,TX,2022,National Institutes of Health,1351890.3099999998,1
D33QGS3Q3DJ3,SOUTHERN METHODIST UNIVERSITY,DALLAS,TX,2022,National Science Foundation,6825031.0,17
D33QGS3Q3DJ3,SOUTHERN METHODIST UNIVERSITY,DALLAS,TX,2023,National Institutes of Health,4899906.1899999995,8
D33QGS3Q3DJ3,SOUTHERN METHODIST UNIVERSITY,DALLAS,TX,2023,National Science Foundation,3427709.0,9
D33QGS3Q3DJ3,SOUTHERN METHODIST UNIVERSITY,DALLAS,TX,2024,National Institutes of Health,2013794.09,0
D33QGS3Q3DJ3,SOUTHERN METHODIST UNIVERSITY,DALLAS,TX,2024,National Science Foundation,8579794.0,14
D33QGS3Q3DJ3,SOUTHERN METHODIST UNIVERSITY,DALLAS,TX,2025,National Institutes of Health,2429760.8200000003,0
D33QGS3Q3DJ3,SOUTHERN METHODIST UNIVERSITY,DALLAS,TX,2025,National Science Foundation,8863835.0,20
D33QGS3Q3DJ3,SOUTHERN METHODIST UNIVERSITY,DALLAS,TX,2026,National Institutes of Health,2177605.9299999997,3
D33QGS3Q3DJ3,SOUTHERN METHODIST UNIVERSITY,DALLAS,TX,2026,National Science Foundation,3457808.0,6
D3LHU66KBLD5,UNIVERSITY OF NORTH CAROLINA AT CHAPEL HILL,CHAPEL HILL,NC,2016,National Institutes of Health,404436399.0,857
D3LHU66KBLD5,UNIVERSITY OF NORTH CAROLINA AT CHAPEL HILL,CHAPEL HILL,NC,2016,National Science Foundation,41496316.0,111
D3LHU66KBLD5,UNIVERSITY OF NORTH CAROLINA AT CHAPEL HILL,CHAPEL HILL,NC,2017,National Institutes of Health,403985341.0,422
D3LHU66KBLD5,UNIVERSITY OF NORTH CAROLINA AT CHAPEL HILL,CHAPEL HILL,NC,2017,National Science Foundation,40931045.0,81
D3LHU66KBLD5,UNIVERSITY OF NORTH CAROLINA AT CHAPEL HILL,CHAPEL HILL,NC,2018,National Institutes of Health,425783691.0,274
D3LHU66KBLD5,UNIVERSITY OF NORTH CAROLINA AT CHAPEL HILL,CHAPEL HILL,NC,2018,National Science Foundation,41318676.0,81
D3LHU66KBLD5,UNIVERSITY OF NORTH CAROLINA AT CHAPEL HILL,CHAPEL HILL,NC,2019,National Institutes of Health,484064883.0,253
D3LHU66KBLD5,UNIVERSITY OF NORTH CAROLINA AT CHAPEL HILL,CHAPEL HILL,NC,2019,National Science Foundation,48166719.0,64
D3LHU66KBLD5,UNIVERSITY OF NORTH CAROLINA AT CHAPEL HILL,CHAPEL HILL,NC,2020,National Institutes of Health,477926062.0,247
D3LHU66KBLD5,UNIVERSITY OF NORTH CAROLINA AT CHAPEL HILL,CHAPEL HILL,NC,2020,National Science Foundation,44919597.0,77
D3LHU66KBLD5,UNIVERSITY OF NORTH CAROLINA AT CHAPEL HILL,CHAPEL HILL,NC,2021,National Institutes of Health,464722953.0400001,246
D3LHU66KBLD5,UNIVERSITY OF NORTH CAROLINA AT CHAPEL HILL,CHAPEL HILL,NC,2021,National Science Foundation,38073017.0,75
D3LHU66KBLD5,UNIVERSITY OF NORTH CAROLINA AT CHAPEL HILL,CHAPEL HILL,NC,2022,National Institutes of Health,544805607.03,228
D3LHU66KBLD5,UNIVERSITY OF NORTH CAROLINA AT CHAPEL HILL,CHAPEL HILL,NC,2022,National Science Foundation,34928185.0,52
D3LHU66KBLD5,UNIVERSITY OF NORTH CAROLINA AT CHAPEL HILL,CHAPEL HILL,NC,2023,National Institutes of Health,484200103.68000007,234
D3LHU66KBLD5,UNIVERSITY OF NORTH CAROLINA AT CHAPEL HILL,CHAPEL HILL,NC,2023,National Science Foundation,40245228.0,58
D3LHU66KBLD5,UNIVERSITY OF NORTH CAROLINA AT CHAPEL HILL,CHAPEL HILL,NC,2024,National Institutes of Health,494387175.90999985,267
D3LHU66KBLD5,UNIVERSITY OF NORTH CAROLINA AT CHAPEL HILL,CHAPEL HILL,NC,2024,National Science Foundation,27480048.0,52
D3LHU66KBLD5,UNIVERSITY OF NORTH CAROLINA AT CHAPEL HILL,CHAPEL HILL,NC,2025,National Institutes of Health,477020318.6500001,179
D3LHU66KBLD5,UNIVERSITY OF NORTH CAROLINA AT CHAPEL HILL,CHAPEL HILL,NC,2025,National Science Foundation,44071250.0,55
D3LHU66KBLD5,UNIVERSITY OF NORTH CAROLINA AT CHAPEL HILL,CHAPEL HILL,NC,2026,National Institutes of Health,436832662.8900001,159
D3LHU66KBLD5,UNIVERSITY OF NORTH CAROLINA AT CHAPEL HILL,CHAPEL HILL,NC,2026,National Science Foundation,11058990.0,25
D4H1F8KMJJ28,INSTITUTE FOR MOLECULAR MEDICINE INC,HUNTINGTON BEACH,CA,2016,National Institutes of Health,1791772.0,2
D4H1F8KMJJ28,INSTITUTE FOR MOLECULAR MEDICINE INC,HUNTINGTON BEACH,CA,2017,National Institutes of Health,2060622.0,1
D4H1F8KMJJ28,INSTITUTE FOR MOLECULAR MEDICINE INC,HUNTINGTON BEACH,CA,2018,National Institutes of Health,5182632.0,1
D4H1F8KMJJ28,INSTITUTE FOR MOLECULAR MEDICINE INC,HUNTINGTON BEACH,CA,2019,National Institutes of Health,1116260.0,1
D4H1F8KMJJ28,INSTITUTE FOR MOLECULAR MEDICINE INC,HUNTINGTON BEACH,CA,2020,National Institutes of Health,1661397.0,0
D4H1F8KMJJ28,INSTITUTE FOR MOLECULAR MEDICINE INC,HUNTINGTON BEACH,CA,2021,National Institutes of Health,3438418.0,0
D4H1F8KMJJ28,INSTITUTE FOR MOLECULAR MEDICINE INC,HUNTINGTON BEACH,CA,2022,National Institutes of Health,5216400.0,1
D4H1F8KMJJ28,INSTITUTE FOR MOLECULAR MEDICINE INC,HUNTINGTON BEACH,CA,2023,National Institutes of Health,5377617.0,0
D4H1F8KMJJ28,INSTITUTE FOR MOLECULAR MEDICINE INC,HUNTINGTON BEACH,CA,2024,National Institutes of Health,4035475.0,1
D4H1F8KMJJ28,INSTITUTE FOR MOLECULAR MEDICINE INC,HUNTINGTON BEACH,CA,2025,National Institutes of Health,9446281.0,1
D4H1F8KMJJ28,INSTITUTE FOR MOLECULAR MEDICINE INC,HUNTINGTON BEACH,CA,2026,National Institutes of Health,3874773.0,0
D5EMA8JZJ9C8,"ALZHEON, INC.",FRAMINGHAM,MA,2020,National Institutes of Health,15000000.0,1
D5EMA8JZJ9C8,"ALZHEON, INC.",FRAMINGHAM,MA,2021,National Institutes of Health,12500000.0,0
D5EMA8JZJ9C8,"ALZHEON, INC.",FRAMINGHAM,MA,2022,National Institutes of Health,14500000.0,0
D5EMA8JZJ9C8,"ALZHEON, INC.",FRAMINGHAM,MA,2023,National Institutes of Health,6925000.0,0
D5EMA8JZJ9C8,"ALZHEON, INC.",FRAMINGHAM,MA,2024,National Institutes of Health,2265244.0,0
D5EMA8JZJ9C8,"ALZHEON, INC.",FRAMINGHAM,MA,2025,National Institutes of Health,0.0,0
D5S9JZ1KDP49,"NATIONAL COLLEGIATE INVENTORS & INNOVATORS ALLIANCE, INC.",HADLEY,MA,2016,National Science Foundation,1543464.0,1
D5S9JZ1KDP49,"NATIONAL COLLEGIATE INVENTORS & INNOVATORS ALLIANCE, INC.",HADLEY,MA,2017,National Science Foundation,6396407.0,4
D5S9JZ1KDP49,"NATIONAL COLLEGIATE INVENTORS & INNOVATORS ALLIANCE, INC.",HADLEY,MA,2018,National Science Foundation,6353335.0,2
D5S9JZ1KDP49,"NATIONAL COLLEGIATE INVENTORS & INNOVATORS ALLIANCE, INC.",HADLEY,MA,2019,National Science Foundation,2429254.0,0
D5S9JZ1KDP49,"NATIONAL COLLEGIATE INVENTORS & INNOVATORS ALLIANCE, INC.",HADLEY,MA,2020,National Science Foundation,8710173.0,1
D5S9JZ1KDP49,"NATIONAL COLLEGIATE INVENTORS & INNOVATORS ALLIANCE, INC.",HADLEY,MA,2021,National Science Foundation,5437979.0,0
D5S9JZ1KDP49,"NATIONAL COLLEGIATE INVENTORS & INNOVATORS ALLIANCE, INC.",HADLEY,MA,2022,National Science Foundation,960781.0,4
D5S9JZ1KDP49,"NATIONAL COLLEGIATE INVENTORS & INNOVATORS ALLIANCE, INC.",HADLEY,MA,2023,National Science Foundation,10460738.0,2
D5S9JZ1KDP49,"NATIONAL COLLEGIATE INVENTORS & INNOVATORS ALLIANCE, INC.",HADLEY,MA,2024,National Science Foundation,3281326.0,1
D5S9JZ1KDP49,"NATIONAL COLLEGIATE INVENTORS & INNOVATORS ALLIANCE, INC.",HADLEY,MA,2025,National Science Foundation,6478569.0,1
D5S9JZ1KDP49,"NATIONAL COLLEGIATE INVENTORS & INNOVATORS ALLIANCE, INC.",HADLEY,MA,2026,National Science Foundation,8767176.0,0
DAY7Z8ZD48Q3,UNIVERSITY OF MONTANA,MISSOULA,MT,2016,National Institutes of Health,13200177.0,28
DAY7Z8ZD48Q3,UNIVERSITY OF MONTANA,MISSOULA,MT,2016,National Science Foundation,16465558.0,30
DAY7Z8ZD48Q3,UNIVERSITY OF MONTANA,MISSOULA,MT,2017,National Institutes of Health,10679518.0,18
DAY7Z8ZD48Q3,UNIVERSITY OF MONTANA,MISSOULA,MT,2017,National Science Foundation,12016723.0,25
DAY7Z8ZD48Q3,UNIVERSITY OF MONTANA,MISSOULA,MT,2018,National Institutes of Health,12816277.0,16
DAY7Z8ZD48Q3,UNIVERSITY OF MONTANA,MISSOULA,MT,2018,National Science Foundation,10749412.0,23
DAY7Z8ZD48Q3,UNIVERSITY OF MONTANA,MISSOULA,MT,2019,National Institutes of Health,11373961.0,9
DAY7Z8ZD48Q3,UNIVERSITY OF MONTANA,MISSOULA,MT,2019,National Science Foundation,17507012.0,20
DAY7Z8ZD48Q3,UNIVERSITY OF MONTANA,MISSOULA,MT,2020,National Institutes of Health,11932303.0,8
DAY7Z8ZD48Q3,UNIVERSITY OF MONTANA,MISSOULA,MT,2020,National Science Foundation,11547294.0,19
DAY7Z8ZD48Q3,UNIVERSITY OF MONTANA,MISSOULA,MT,2021,National Institutes of Health,10646217.450000001,7
DAY7Z8ZD48Q3,UNIVERSITY OF MONTANA,MISSOULA,MT,2021,National Science Foundation,9174281.0,15
DAY7Z8ZD48Q3,UNIVERSITY OF MONTANA,MISSOULA,MT,2022,National Institutes of Health,12535740.97,7
DAY7Z8ZD48Q3,UNIVERSITY OF MONTANA,MISSOULA,MT,2022,National Science Foundation,13104311.0,12
DAY7Z8ZD48Q3,UNIVERSITY OF MONTANA,MISSOULA,MT,2023,National Institutes of Health,8953334.379999999,3
DAY7Z8ZD48Q3,UNIVERSITY OF MONTANA,MISSOULA,MT,2023,National Science Foundation,8311243.0,11
DAY7Z8ZD48Q3,UNIVERSITY OF MONTANA,MISSOULA,MT,2024,National Institutes of Health,13761919.190000001,9
DAY7Z8ZD48Q3,UNIVERSITY OF MONTANA,MISSOULA,MT,2024,National Science Foundation,13866024.0,12
DAY7Z8ZD48Q3,UNIVERSITY OF MONTANA,MISSOULA,MT,2025,National Institutes of Health,13162090.7,5
DAY7Z8ZD48Q3,UNIVERSITY OF MONTANA,MISSOULA,MT,2025,National Science Foundation,10475405.0,9
DAY7Z8ZD48Q3,UNIVERSITY OF MONTANA,MISSOULA,MT,2026,National Institutes of Health,7816113.68,4
DAY7Z8ZD48Q3,UNIVERSITY OF MONTANA,MISSOULA,MT,2026,National Science Foundation,1366751.0,2
DFNLDECWM8J8,THE UNIVERSITY OF AKRON,AKRON,OH,2016,National Institutes of Health,2464332.0,6
DFNLDECWM8J8,THE UNIVERSITY OF AKRON,AKRON,OH,2016,National Science Foundation,5975085.0,42
DFNLDECWM8J8,THE UNIVERSITY OF AKRON,AKRON,OH,2017,National Institutes of Health,-384528.0,7
DFNLDECWM8J8,THE UNIVERSITY OF AKRON,AKRON,OH,2017,National Science Foundation,7110810.0,25
DFNLDECWM8J8,THE UNIVERSITY OF AKRON,AKRON,OH,2018,National Institutes of Health,772689.0,4
DFNLDECWM8J8,THE UNIVERSITY OF AKRON,AKRON,OH,2018,National Science Foundation,3260290.0,17
DFNLDECWM8J8,THE UNIVERSITY OF AKRON,AKRON,OH,2019,National Institutes of Health,1400503.0,6
DFNLDECWM8J8,THE UNIVERSITY OF AKRON,AKRON,OH,2019,National Science Foundation,6881854.0,23
DFNLDECWM8J8,THE UNIVERSITY OF AKRON,AKRON,OH,2020,National Institutes of Health,948260.0,1
DFNLDECWM8J8,THE UNIVERSITY OF AKRON,AKRON,OH,2020,National Science Foundation,2050491.0,13
DFNLDECWM8J8,THE UNIVERSITY OF AKRON,AKRON,OH,2021,National Institutes of Health,1465112.8399999999,3
DFNLDECWM8J8,THE UNIVERSITY OF AKRON,AKRON,OH,2021,National Science Foundation,2893972.0,15
DFNLDECWM8J8,THE UNIVERSITY OF AKRON,AKRON,OH,2022,National Institutes of Health,186356.0,0
DFNLDECWM8J8,THE UNIVERSITY OF AKRON,AKRON,OH,2022,National Science Foundation,6676054.0,18
DFNLDECWM8J8,THE UNIVERSITY OF AKRON,AKRON,OH,2023,National Institutes of Health,439448.0,1
DFNLDECWM8J8,THE UNIVERSITY OF AKRON,AKRON,OH,2023,National Science Foundation,5223086.0,10
DFNLDECWM8J8,THE UNIVERSITY OF AKRON,AKRON,OH,2024,National Institutes of Health,487101.04,1
DFNLDECWM8J8,THE UNIVERSITY OF AKRON,AKRON,OH,2024,National Science Foundation,3096375.0,5
DFNLDECWM8J8,THE UNIVERSITY OF AKRON,AKRON,OH,2025,National Institutes of Health,-63195.97,0
DFNLDECWM8J8,THE UNIVERSITY OF AKRON,AKRON,OH,2025,National Science Foundation,2672412.0,8
DFNLDECWM8J8,THE UNIVERSITY OF AKRON,AKRON,OH,2026,National Institutes of Health,1092819.0,2
DFNLDECWM8J8,THE UNIVERSITY OF AKRON,AKRON,OH,2026,National Science Foundation,-94511.0,3
DJCTQA1PR7Q4,MONELL CHEMICAL SENSES CENTER,PHILADELPHIA,PA,2016,National Institutes of Health,2762413.0,9
DJCTQA1PR7Q4,MONELL CHEMICAL SENSES CENTER,PHILADELPHIA,PA,2017,National Institutes of Health,2531997.0,9
DJCTQA1PR7Q4,MONELL CHEMICAL SENSES CENTER,PHILADELPHIA,PA,2018,National Institutes of Health,4313673.0,8
DJCTQA1PR7Q4,MONELL CHEMICAL SENSES CENTER,PHILADELPHIA,PA,2019,National Institutes of Health,4617045.0,3
DJCTQA1PR7Q4,MONELL CHEMICAL SENSES CENTER,PHILADELPHIA,PA,2020,National Institutes of Health,6471605.0,11
DJCTQA1PR7Q4,MONELL CHEMICAL SENSES CENTER,PHILADELPHIA,PA,2021,National Institutes of Health,8347439.0,6
DJCTQA1PR7Q4,MONELL CHEMICAL SENSES CENTER,PHILADELPHIA,PA,2022,National Institutes of Health,4500495.29,4
DJCTQA1PR7Q4,MONELL CHEMICAL SENSES CENTER,PHILADELPHIA,PA,2023,National Institutes of Health,3673690.73,2
DJCTQA1PR7Q4,MONELL CHEMICAL SENSES CENTER,PHILADELPHIA,PA,2024,National Institutes of Health,4169331.3400000003,3
DJCTQA1PR7Q4,MONELL CHEMICAL SENSES CENTER,PHILADELPHIA,PA,2025,National Institutes of Health,3449789.16,4
DJCTQA1PR7Q4,MONELL CHEMICAL SENSES CENTER,PHILADELPHIA,PA,2026,National Institutes of Health,7674319.140000001,7
DKMDCB5HNBL7,"HUGO W. MOSER RESEARCH INSTITUTE AT KENNEDY KRIEGER, INC.",BALTIMORE,MD,2016,National Institutes of Health,19431099.0,34
DKMDCB5HNBL7,"HUGO W. MOSER RESEARCH INSTITUTE AT KENNEDY KRIEGER, INC.",BALTIMORE,MD,2017,National Institutes of Health,15956022.0,19
DKMDCB5HNBL7,"HUGO W. MOSER RESEARCH INSTITUTE AT KENNEDY KRIEGER, INC.",BALTIMORE,MD,2018,National Institutes of Health,15596632.0,19
DKMDCB5HNBL7,"HUGO W. MOSER RESEARCH INSTITUTE AT KENNEDY KRIEGER, INC.",BALTIMORE,MD,2019,National Institutes of Health,19298828.0,7
DKMDCB5HNBL7,"HUGO W. MOSER RESEARCH INSTITUTE AT KENNEDY KRIEGER, INC.",BALTIMORE,MD,2020,National Institutes of Health,17726698.0,11
DKMDCB5HNBL7,"HUGO W. MOSER RESEARCH INSTITUTE AT KENNEDY KRIEGER, INC.",BALTIMORE,MD,2021,National Institutes of Health,14541409.78,5
DKMDCB5HNBL7,"HUGO W. MOSER RESEARCH INSTITUTE AT KENNEDY KRIEGER, INC.",BALTIMORE,MD,2021,National Science Foundation,440893.0,1
DKMDCB5HNBL7,"HUGO W. MOSER RESEARCH INSTITUTE AT KENNEDY KRIEGER, INC.",BALTIMORE,MD,2022,National Institutes of Health,18392872.93,10
DKMDCB5HNBL7,"HUGO W. MOSER RESEARCH INSTITUTE AT KENNEDY KRIEGER, INC.",BALTIMORE,MD,2023,National Institutes of Health,18514134.42,8
DKMDCB5HNBL7,"HUGO W. MOSER RESEARCH INSTITUTE AT KENNEDY KRIEGER, INC.",BALTIMORE,MD,2024,National Institutes of Health,15915452.629999999,10
DKMDCB5HNBL7,"HUGO W. MOSER RESEARCH INSTITUTE AT KENNEDY KRIEGER, INC.",BALTIMORE,MD,2025,National Institutes of Health,20932403.56,8
DKMDCB5HNBL7,"HUGO W. MOSER RESEARCH INSTITUTE AT KENNEDY KRIEGER, INC.",BALTIMORE,MD,2026,National Institutes of Health,16351061.26,6
DLTJBDQBGBC9,MEHARRY MEDICAL COLLEGE,NASHVILLE,TN,2016,National Institutes of Health,16462145.0,24
DLTJBDQBGBC9,MEHARRY MEDICAL COLLEGE,NASHVILLE,TN,2017,National Institutes of Health,13600420.0,11
DLTJBDQBGBC9,MEHARRY MEDICAL COLLEGE,NASHVILLE,TN,2018,National Institutes of Health,14229165.0,6
DLTJBDQBGBC9,MEHARRY MEDICAL COLLEGE,NASHVILLE,TN,2019,National Institutes of Health,9641700.0,2
DLTJBDQBGBC9,MEHARRY MEDICAL COLLEGE,NASHVILLE,TN,2020,National Institutes of Health,9712975.0,2
DLTJBDQBGBC9,MEHARRY MEDICAL COLLEGE,NASHVILLE,TN,2021,National Institutes of Health,11453563.83,6
DLTJBDQBGBC9,MEHARRY MEDICAL COLLEGE,NASHVILLE,TN,2021,National Science Foundation,867795.0,2
DLTJBDQBGBC9,MEHARRY MEDICAL COLLEGE,NASHVILLE,TN,2022,National Institutes of Health,11658401.66,6
DLTJBDQBGBC9,MEHARRY MEDICAL COLLEGE,NASHVILLE,TN,2022,National Science Foundation,680368.0,2
DLTJBDQBGBC9,MEHARRY MEDICAL COLLEGE,NASHVILLE,TN,2023,National Institutes of Health,15368038.74,9
DLTJBDQBGBC9,MEHARRY MEDICAL COLLEGE,NASHVILLE,TN,2023,National Science Foundation,3080982.0,5
DLTJBDQBGBC9,MEHARRY MEDICAL COLLEGE,NASHVILLE,TN,2024,National Institutes of Health,12892463.27,3
DLTJBDQBGBC9,MEHARRY MEDICAL COLLEGE,NASHVILLE,TN,2024,National Science Foundation,1561840.0,3
DLTJBDQBGBC9,MEHARRY MEDICAL COLLEGE,NASHVILLE,TN,2025,National Institutes of Health,19545327.23,7
DLTJBDQBGBC9,MEHARRY MEDICAL COLLEGE,NASHVILLE,TN,2025,National Science Foundation,128082.0,2
DLTJBDQBGBC9,MEHARRY MEDICAL COLLEGE,NASHVILLE,TN,2026,National Institutes of Health,6689238.21,4
DLTJBDQBGBC9,MEHARRY MEDICAL COLLEGE,NASHVILLE,TN,2026,National Science Foundation,0.0,0
DLUTVJJ15U66,BOARD OF REGENTS OF NEVADA SYSTEM OF HIGHER EDUCATION,LAS VEGAS,NV,2016,National Institutes of Health,7380308.0,10
DLUTVJJ15U66,BOARD OF REGENTS OF NEVADA SYSTEM OF HIGHER EDUCATION,LAS VEGAS,NV,2016,National Science Foundation,4452112.0,24
DLUTVJJ15U66,BOARD OF REGENTS OF NEVADA SYSTEM OF HIGHER EDUCATION,LAS VEGAS,NV,2017,National Institutes of Health,7657990.0,6
DLUTVJJ15U66,BOARD OF REGENTS OF NEVADA SYSTEM OF HIGHER EDUCATION,LAS VEGAS,NV,2017,National Science Foundation,3850060.0,10
DLUTVJJ15U66,BOARD OF REGENTS OF NEVADA SYSTEM OF HIGHER EDUCATION,LAS VEGAS,NV,2018,National Institutes of Health,8969807.0,10
DLUTVJJ15U66,BOARD OF REGENTS OF NEVADA SYSTEM OF HIGHER EDUCATION,LAS VEGAS,NV,2018,National Science Foundation,7728928.0,19
DLUTVJJ15U66,BOARD OF REGENTS OF NEVADA SYSTEM OF HIGHER EDUCATION,LAS VEGAS,NV,2019,National Institutes of Health,10397670.0,8
DLUTVJJ15U66,BOARD OF REGENTS OF NEVADA SYSTEM OF HIGHER EDUCATION,LAS VEGAS,NV,2019,National Science Foundation,8954995.0,18
DLUTVJJ15U66,BOARD OF REGENTS OF NEVADA SYSTEM OF HIGHER EDUCATION,LAS VEGAS,NV,2020,National Institutes of Health,10218065.0,5
DLUTVJJ15U66,BOARD OF REGENTS OF NEVADA SYSTEM OF HIGHER EDUCATION,LAS VEGAS,NV,2020,National Science Foundation,4756331.0,11
DLUTVJJ15U66,BOARD OF REGENTS OF NEVADA SYSTEM OF HIGHER EDUCATION,LAS VEGAS,NV,2021,National Institutes of Health,6820950.91,9
DLUTVJJ15U66,BOARD OF REGENTS OF NEVADA SYSTEM OF HIGHER EDUCATION,LAS VEGAS,NV,2021,National Science Foundation,8623229.0,19
DLUTVJJ15U66,BOARD OF REGENTS OF NEVADA SYSTEM OF HIGHER EDUCATION,LAS VEGAS,NV,2022,National Institutes of Health,10347910.0,6
DLUTVJJ15U66,BOARD OF REGENTS OF NEVADA SYSTEM OF HIGHER EDUCATION,LAS VEGAS,NV,2022,National Science Foundation,7796723.0,12
DLUTVJJ15U66,BOARD OF REGENTS OF NEVADA SYSTEM OF HIGHER EDUCATION,LAS VEGAS,NV,2023,National Institutes of Health,9136651.64,9
DLUTVJJ15U66,BOARD OF REGENTS OF NEVADA SYSTEM OF HIGHER EDUCATION,LAS VEGAS,NV,2023,National Science Foundation,10708453.0,21
DLUTVJJ15U66,BOARD OF REGENTS OF NEVADA SYSTEM OF HIGHER EDUCATION,LAS VEGAS,NV,2024,National Institutes of Health,7711344.58,7
DLUTVJJ15U66,BOARD OF REGENTS OF NEVADA SYSTEM OF HIGHER EDUCATION,LAS VEGAS,NV,2024,National Science Foundation,8320850.0,24
DLUTVJJ15U66,BOARD OF REGENTS OF NEVADA SYSTEM OF HIGHER EDUCATION,LAS VEGAS,NV,2025,National Institutes of Health,12448265.86,12
DLUTVJJ15U66,BOARD OF REGENTS OF NEVADA SYSTEM OF HIGHER EDUCATION,LAS VEGAS,NV,2025,National Science Foundation,12795275.0,13
DLUTVJJ15U66,BOARD OF REGENTS OF NEVADA SYSTEM OF HIGHER EDUCATION,LAS VEGAS,NV,2026,National Institutes of Health,6126943.26,4
DLUTVJJ15U66,BOARD OF REGENTS OF NEVADA SYSTEM OF HIGHER EDUCATION,LAS VEGAS,NV,2026,National Science Foundation,710680.0,4
DLWBSLWAJWR1,"OHIO STATE UNIVERSITY, THE",COLUMBUS,OH,2016,National Institutes of Health,158129527.0,379
DLWBSLWAJWR1,"OHIO STATE UNIVERSITY, THE",COLUMBUS,OH,2016,National Science Foundation,54217924.0,211
DLWBSLWAJWR1,"OHIO STATE UNIVERSITY, THE",COLUMBUS,OH,2017,National Institutes of Health,167668435.0,239
DLWBSLWAJWR1,"OHIO STATE UNIVERSITY, THE",COLUMBUS,OH,2017,National Science Foundation,51503630.0,141
DLWBSLWAJWR1,"OHIO STATE UNIVERSITY, THE",COLUMBUS,OH,2018,National Institutes of Health,168485053.0,156
DLWBSLWAJWR1,"OHIO STATE UNIVERSITY, THE",COLUMBUS,OH,2018,National Science Foundation,48256825.0,152
DLWBSLWAJWR1,"OHIO STATE UNIVERSITY, THE",COLUMBUS,OH,2019,National Institutes of Health,215717817.0,170
DLWBSLWAJWR1,"OHIO STATE UNIVERSITY, THE",COLUMBUS,OH,2019,National Science Foundation,64964489.0,107
DLWBSLWAJWR1,"OHIO STATE UNIVERSITY, THE",COLUMBUS,OH,2020,National Institutes of Health,241213070.0,146
DLWBSLWAJWR1,"OHIO STATE UNIVERSITY, THE",COLUMBUS,OH,2020,National Science Foundation,65858397.0,128
DLWBSLWAJWR1,"OHIO STATE UNIVERSITY, THE",COLUMBUS,OH,2021,National Institutes of Health,227851338.64000005,157
DLWBSLWAJWR1,"OHIO STATE UNIVERSITY, THE",COLUMBUS,OH,2021,National Science Foundation,63513835.0,95
DLWBSLWAJWR1,"OHIO STATE UNIVERSITY, THE",COLUMBUS,OH,2022,National Institutes of Health,236378115.45999992,162
DLWBSLWAJWR1,"OHIO STATE UNIVERSITY, THE",COLUMBUS,OH,2022,National Science Foundation,64048473.0,94
DLWBSLWAJWR1,"OHIO STATE UNIVERSITY, THE",COLUMBUS,OH,2023,National Institutes of Health,245052494.85000002,172
DLWBSLWAJWR1,"OHIO STATE UNIVERSITY, THE",COLUMBUS,OH,2023,National Science Foundation,83613513.0,103
DLWBSLWAJWR1,"OHIO STATE UNIVERSITY, THE",COLUMBUS,OH,2024,National Institutes of Health,257159774.7299999,142
DLWBSLWAJWR1,"OHIO STATE UNIVERSITY, THE",COLUMBUS,OH,2024,National Science Foundation,54586588.0,89
DLWBSLWAJWR1,"OHIO STATE UNIVERSITY, THE",COLUMBUS,OH,2025,National Institutes of Health,283150425.07000005,126
DLWBSLWAJWR1,"OHIO STATE UNIVERSITY, THE",COLUMBUS,OH,2025,National Science Foundation,60515605.0,71
DLWBSLWAJWR1,"OHIO STATE UNIVERSITY, THE",COLUMBUS,OH,2026,National Institutes of Health,228833579.65999997,129
DLWBSLWAJWR1,"OHIO STATE UNIVERSITY, THE",COLUMBUS,OH,2026,National Science Foundation,10724202.0,29
DMDEQP66JL85,ROWAN UNIVERSITY,GLASSBORO,NJ,2016,National Institutes of Health,206064.0,2
DMDEQP66JL85,ROWAN UNIVERSITY,GLASSBORO,NJ,2016,National Science Foundation,4576502.0,10
DMDEQP66JL85,ROWAN UNIVERSITY,GLASSBORO,NJ,2017,National Institutes of Health,1024666.0,6
DMDEQP66JL85,ROWAN UNIVERSITY,GLASSBORO,NJ,2017,National Science Foundation,1781201.0,8
DMDEQP66JL85,ROWAN UNIVERSITY,GLASSBORO,NJ,2018,National Institutes of Health,1074092.0,3
DMDEQP66JL85,ROWAN UNIVERSITY,GLASSBORO,NJ,2018,National Science Foundation,1985846.0,11
DMDEQP66JL85,ROWAN UNIVERSITY,GLASSBORO,NJ,2019,National Institutes of Health,2879033.0,5
DMDEQP66JL85,ROWAN UNIVERSITY,GLASSBORO,NJ,2019,National Science Foundation,2354601.0,8
DMDEQP66JL85,ROWAN UNIVERSITY,GLASSBORO,NJ,2020,National Institutes of Health,3145715.0,5
DMDEQP66JL85,ROWAN UNIVERSITY,GLASSBORO,NJ,2020,National Science Foundation,5431266.0,21
DMDEQP66JL85,ROWAN UNIVERSITY,GLASSBORO,NJ,2021,National Institutes of Health,2460247.01,2
DMDEQP66JL85,ROWAN UNIVERSITY,GLASSBORO,NJ,2021,National Science Foundation,4140804.0,13
DMDEQP66JL85,ROWAN UNIVERSITY,GLASSBORO,NJ,2022,National Institutes of Health,2966587.6799999997,4
DMDEQP66JL85,ROWAN UNIVERSITY,GLASSBORO,NJ,2022,National Science Foundation,5395398.0,17
DMDEQP66JL85,ROWAN UNIVERSITY,GLASSBORO,NJ,2023,National Institutes of Health,7651006.529999999,11
DMDEQP66JL85,ROWAN UNIVERSITY,GLASSBORO,NJ,2023,National Science Foundation,4728051.0,23
DMDEQP66JL85,ROWAN UNIVERSITY,GLASSBORO,NJ,2024,National Institutes of Health,5772360.790000001,11
DMDEQP66JL85,ROWAN UNIVERSITY,GLASSBORO,NJ,2024,National Science Foundation,5568089.0,12
DMDEQP66JL85,ROWAN UNIVERSITY,GLASSBORO,NJ,2025,National Institutes of Health,5285229.74,5
DMDEQP66JL85,ROWAN UNIVERSITY,GLASSBORO,NJ,2025,National Science Foundation,3529256.0,13
DMDEQP66JL85,ROWAN UNIVERSITY,GLASSBORO,NJ,2026,National Institutes of Health,5293043.68,5
DMDEQP66JL85,ROWAN UNIVERSITY,GLASSBORO,NJ,2026,National Science Foundation,755860.0,4
DMQNDJDHTDG4,AUBURN UNIVERSITY,AUBURN UNIVERSITY,AL,2016,National Institutes of Health,3034166.0,11
DMQNDJDHTDG4,AUBURN UNIVERSITY,AUBURN UNIVERSITY,AL,2016,National Science Foundation,10904530.0,47
DMQNDJDHTDG4,AUBURN UNIVERSITY,AUBURN UNIVERSITY,AL,2017,National Institutes of Health,5443909.0,14
DMQNDJDHTDG4,AUBURN UNIVERSITY,AUBURN UNIVERSITY,AL,2017,National Science Foundation,11351669.0,31
DMQNDJDHTDG4,AUBURN UNIVERSITY,AUBURN UNIVERSITY,AL,2018,National Institutes of Health,4714866.0,7
DMQNDJDHTDG4,AUBURN UNIVERSITY,AUBURN UNIVERSITY,AL,2018,National Science Foundation,7585753.0,28
DMQNDJDHTDG4,AUBURN UNIVERSITY,AUBURN UNIVERSITY,AL,2019,National Institutes of Health,6254493.0,9
DMQNDJDHTDG4,AUBURN UNIVERSITY,AUBURN UNIVERSITY,AL,2019,National Science Foundation,13201047.0,23
DMQNDJDHTDG4,AUBURN UNIVERSITY,AUBURN UNIVERSITY,AL,2020,National Institutes of Health,5939147.0,8
DMQNDJDHTDG4,AUBURN UNIVERSITY,AUBURN UNIVERSITY,AL,2020,National Science Foundation,13543543.0,44
DMQNDJDHTDG4,AUBURN UNIVERSITY,AUBURN UNIVERSITY,AL,2021,National Institutes of Health,4515446.72,8
DMQNDJDHTDG4,AUBURN UNIVERSITY,AUBURN UNIVERSITY,AL,2021,National Science Foundation,21836270.0,41
DMQNDJDHTDG4,AUBURN UNIVERSITY,AUBURN UNIVERSITY,AL,2022,National Institutes of Health,6839638.739999999,13
DMQNDJDHTDG4,AUBURN UNIVERSITY,AUBURN UNIVERSITY,AL,2022,National Science Foundation,15053856.0,27
DMQNDJDHTDG4,AUBURN UNIVERSITY,AUBURN UNIVERSITY,AL,2023,National Institutes of Health,11569201.4,16
DMQNDJDHTDG4,AUBURN UNIVERSITY,AUBURN UNIVERSITY,AL,2023,National Science Foundation,23668758.0,48
DMQNDJDHTDG4,AUBURN UNIVERSITY,AUBURN UNIVERSITY,AL,2024,National Institutes of Health,9728591.29,10
DMQNDJDHTDG4,AUBURN UNIVERSITY,AUBURN UNIVERSITY,AL,2024,National Science Foundation,24589358.0,45
DMQNDJDHTDG4,AUBURN UNIVERSITY,AUBURN UNIVERSITY,AL,2025,National Institutes of Health,7962196.71,5
DMQNDJDHTDG4,AUBURN UNIVERSITY,AUBURN UNIVERSITY,AL,2025,National Science Foundation,27045664.0,39
DMQNDJDHTDG4,AUBURN UNIVERSITY,AUBURN UNIVERSITY,AL,2026,National Institutes of Health,6091198.9799999995,8
DMQNDJDHTDG4,AUBURN UNIVERSITY,AUBURN UNIVERSITY,AL,2026,National Science Foundation,5029148.0,13
DNZNC466DGR7,SOUTH DAKOTA STATE UNIVERSITY,BROOKINGS,SD,2016,National Institutes of Health,1123491.0,5
DNZNC466DGR7,SOUTH DAKOTA STATE UNIVERSITY,BROOKINGS,SD,2016,National Science Foundation,1705616.0,7
DNZNC466DGR7,SOUTH DAKOTA STATE UNIVERSITY,BROOKINGS,SD,2017,National Institutes of Health,537638.0,2
DNZNC466DGR7,SOUTH DAKOTA STATE UNIVERSITY,BROOKINGS,SD,2017,National Science Foundation,4685745.0,8
DNZNC466DGR7,SOUTH DAKOTA STATE UNIVERSITY,BROOKINGS,SD,2018,National Institutes of Health,1805732.0,4
DNZNC466DGR7,SOUTH DAKOTA STATE UNIVERSITY,BROOKINGS,SD,2018,National Science Foundation,4951159.0,5
DNZNC466DGR7,SOUTH DAKOTA STATE UNIVERSITY,BROOKINGS,SD,2019,National Institutes of Health,645171.0,2
DNZNC466DGR7,SOUTH DAKOTA STATE UNIVERSITY,BROOKINGS,SD,2019,National Science Foundation,2845359.0,9
DNZNC466DGR7,SOUTH DAKOTA STATE UNIVERSITY,BROOKINGS,SD,2020,National Institutes of Health,1503137.0,4
DNZNC466DGR7,SOUTH DAKOTA STATE UNIVERSITY,BROOKINGS,SD,2020,National Science Foundation,4662011.0,9
DNZNC466DGR7,SOUTH DAKOTA STATE UNIVERSITY,BROOKINGS,SD,2021,National Institutes of Health,1138772.45,3
DNZNC466DGR7,SOUTH DAKOTA STATE UNIVERSITY,BROOKINGS,SD,2021,National Science Foundation,2307442.0,7
DNZNC466DGR7,SOUTH DAKOTA STATE UNIVERSITY,BROOKINGS,SD,2022,National Institutes of Health,3663202.0,2
DNZNC466DGR7,SOUTH DAKOTA STATE UNIVERSITY,BROOKINGS,SD,2022,National Science Foundation,1509923.0,11
DNZNC466DGR7,SOUTH DAKOTA STATE UNIVERSITY,BROOKINGS,SD,2023,National Institutes of Health,3127342.0,1
DNZNC466DGR7,SOUTH DAKOTA STATE UNIVERSITY,BROOKINGS,SD,2023,National Science Foundation,2248463.0,7
DNZNC466DGR7,SOUTH DAKOTA STATE UNIVERSITY,BROOKINGS,SD,2024,National Institutes of Health,2912830.25,2
DNZNC466DGR7,SOUTH DAKOTA STATE UNIVERSITY,BROOKINGS,SD,2024,National Science Foundation,7970425.0,17
DNZNC466DGR7,SOUTH DAKOTA STATE UNIVERSITY,BROOKINGS,SD,2025,National Institutes of Health,2969727.0,0
DNZNC466DGR7,SOUTH DAKOTA STATE UNIVERSITY,BROOKINGS,SD,2025,National Science Foundation,9275105.0,12
DNZNC466DGR7,SOUTH DAKOTA STATE UNIVERSITY,BROOKINGS,SD,2026,National Institutes of Health,3156793.0,2
DNZNC466DGR7,SOUTH DAKOTA STATE UNIVERSITY,BROOKINGS,SD,2026,National Science Foundation,38046.0,0
DPMGH9MG1X67,"DANA-FARBER CANCER INSTITUTE, INC.",BOSTON,MA,2016,National Institutes of Health,127565719.0,209
DPMGH9MG1X67,"DANA-FARBER CANCER INSTITUTE, INC.",BOSTON,MA,2016,National Science Foundation,470000.0,1
DPMGH9MG1X67,"DANA-FARBER CANCER INSTITUTE, INC.",BOSTON,MA,2017,National Institutes of Health,142640562.0,105
DPMGH9MG1X67,"DANA-FARBER CANCER INSTITUTE, INC.",BOSTON,MA,2017,National Science Foundation,160790.0,0
DPMGH9MG1X67,"DANA-FARBER CANCER INSTITUTE, INC.",BOSTON,MA,2018,National Institutes of Health,171525630.0,73
DPMGH9MG1X67,"DANA-FARBER CANCER INSTITUTE, INC.",BOSTON,MA,2018,National Science Foundation,263584.0,1
DPMGH9MG1X67,"DANA-FARBER CANCER INSTITUTE, INC.",BOSTON,MA,2019,National Institutes of Health,159929024.0,72
DPMGH9MG1X67,"DANA-FARBER CANCER INSTITUTE, INC.",BOSTON,MA,2019,National Science Foundation,137058.0,0
DPMGH9MG1X67,"DANA-FARBER CANCER INSTITUTE, INC.",BOSTON,MA,2020,National Institutes of Health,174289120.0,63
DPMGH9MG1X67,"DANA-FARBER CANCER INSTITUTE, INC.",BOSTON,MA,2020,National Science Foundation,110148.0,0
DPMGH9MG1X67,"DANA-FARBER CANCER INSTITUTE, INC.",BOSTON,MA,2021,National Institutes of Health,158553902.84,52
DPMGH9MG1X67,"DANA-FARBER CANCER INSTITUTE, INC.",BOSTON,MA,2021,National Science Foundation,366669.0,2
DPMGH9MG1X67,"DANA-FARBER CANCER INSTITUTE, INC.",BOSTON,MA,2022,National Institutes of Health,155601926.01,58
DPMGH9MG1X67,"DANA-FARBER CANCER INSTITUTE, INC.",BOSTON,MA,2022,National Science Foundation,117028.0,0
DPMGH9MG1X67,"DANA-FARBER CANCER INSTITUTE, INC.",BOSTON,MA,2023,National Institutes of Health,159560201.98,44
DPMGH9MG1X67,"DANA-FARBER CANCER INSTITUTE, INC.",BOSTON,MA,2023,National Science Foundation,571312.0,1
DPMGH9MG1X67,"DANA-FARBER CANCER INSTITUTE, INC.",BOSTON,MA,2024,National Institutes of Health,161812008.46,56
DPMGH9MG1X67,"DANA-FARBER CANCER INSTITUTE, INC.",BOSTON,MA,2024,National Science Foundation,359991.0,1
DPMGH9MG1X67,"DANA-FARBER CANCER INSTITUTE, INC.",BOSTON,MA,2025,National Institutes of Health,172145232.15000004,40
DPMGH9MG1X67,"DANA-FARBER CANCER INSTITUTE, INC.",BOSTON,MA,2025,National Science Foundation,-612259.0,0
DPMGH9MG1X67,"DANA-FARBER CANCER INSTITUTE, INC.",BOSTON,MA,2026,National Institutes of Health,126110199.86,32
DQDBM7FGJPC5,IOWA STATE UNIVERSITY OF SCIENCE AND TECHNOLOGY,AMES,IA,2016,National Institutes of Health,12396772.0,40
DQDBM7FGJPC5,IOWA STATE UNIVERSITY OF SCIENCE AND TECHNOLOGY,AMES,IA,2016,National Science Foundation,36222661.0,117
DQDBM7FGJPC5,IOWA STATE UNIVERSITY OF SCIENCE AND TECHNOLOGY,AMES,IA,2017,National Institutes of Health,14372729.0,22
DQDBM7FGJPC5,IOWA STATE UNIVERSITY OF SCIENCE AND TECHNOLOGY,AMES,IA,2017,National Science Foundation,32953493.0,95
DQDBM7FGJPC5,IOWA STATE UNIVERSITY OF SCIENCE AND TECHNOLOGY,AMES,IA,2018,National Institutes of Health,14271505.0,18
DQDBM7FGJPC5,IOWA STATE UNIVERSITY OF SCIENCE AND TECHNOLOGY,AMES,IA,2018,National Science Foundation,37391337.0,90
DQDBM7FGJPC5,IOWA STATE UNIVERSITY OF SCIENCE AND TECHNOLOGY,AMES,IA,2019,National Institutes of Health,17519661.0,21
DQDBM7FGJPC5,IOWA STATE UNIVERSITY OF SCIENCE AND TECHNOLOGY,AMES,IA,2019,National Science Foundation,25578300.0,85
DQDBM7FGJPC5,IOWA STATE UNIVERSITY OF SCIENCE AND TECHNOLOGY,AMES,IA,2020,National Institutes of Health,18268257.0,15
DQDBM7FGJPC5,IOWA STATE UNIVERSITY OF SCIENCE AND TECHNOLOGY,AMES,IA,2020,National Science Foundation,31216514.0,75
DQDBM7FGJPC5,IOWA STATE UNIVERSITY OF SCIENCE AND TECHNOLOGY,AMES,IA,2021,National Institutes of Health,19994065.03,17
DQDBM7FGJPC5,IOWA STATE UNIVERSITY OF SCIENCE AND TECHNOLOGY,AMES,IA,2021,National Science Foundation,24830600.0,49
DQDBM7FGJPC5,IOWA STATE UNIVERSITY OF SCIENCE AND TECHNOLOGY,AMES,IA,2022,National Institutes of Health,18352743.729999997,12
DQDBM7FGJPC5,IOWA STATE UNIVERSITY OF SCIENCE AND TECHNOLOGY,AMES,IA,2022,National Science Foundation,37471294.0,70
DQDBM7FGJPC5,IOWA STATE UNIVERSITY OF SCIENCE AND TECHNOLOGY,AMES,IA,2023,National Institutes of Health,18537206.869999997,13
DQDBM7FGJPC5,IOWA STATE UNIVERSITY OF SCIENCE AND TECHNOLOGY,AMES,IA,2023,National Science Foundation,44912356.0,62
DQDBM7FGJPC5,IOWA STATE UNIVERSITY OF SCIENCE AND TECHNOLOGY,AMES,IA,2024,National Institutes of Health,17931830.0,12
DQDBM7FGJPC5,IOWA STATE UNIVERSITY OF SCIENCE AND TECHNOLOGY,AMES,IA,2024,National Science Foundation,40427259.0,72
DQDBM7FGJPC5,IOWA STATE UNIVERSITY OF SCIENCE AND TECHNOLOGY,AMES,IA,2025,National Institutes of Health,16335406.27,10
DQDBM7FGJPC5,IOWA STATE UNIVERSITY OF SCIENCE AND TECHNOLOGY,AMES,IA,2025,National Science Foundation,38366440.0,65
DQDBM7FGJPC5,IOWA STATE UNIVERSITY OF SCIENCE AND TECHNOLOGY,AMES,IA,2026,National Institutes of Health,15759530.91,12
DQDBM7FGJPC5,IOWA STATE UNIVERSITY OF SCIENCE AND TECHNOLOGY,AMES,IA,2026,National Science Foundation,20245460.0,22
DRRKVZVXSND3,SEATTLE INSTITUTE FOR BIOMEDICAL AND CLINICAL RESEARCH,SEATTLE,WA,2016,National Institutes of Health,4007027.0,12
DRRKVZVXSND3,SEATTLE INSTITUTE FOR BIOMEDICAL AND CLINICAL RESEARCH,SEATTLE,WA,2017,National Institutes of Health,6515265.0,10
DRRKVZVXSND3,SEATTLE INSTITUTE FOR BIOMEDICAL AND CLINICAL RESEARCH,SEATTLE,WA,2018,National Institutes of Health,7175472.0,7
DRRKVZVXSND3,SEATTLE INSTITUTE FOR BIOMEDICAL AND CLINICAL RESEARCH,SEATTLE,WA,2019,National Institutes of Health,6865996.0,8
DRRKVZVXSND3,SEATTLE INSTITUTE FOR BIOMEDICAL AND CLINICAL RESEARCH,SEATTLE,WA,2020,National Institutes of Health,7071721.0,4
DRRKVZVXSND3,SEATTLE INSTITUTE FOR BIOMEDICAL AND CLINICAL RESEARCH,SEATTLE,WA,2021,National Institutes of Health,6097606.13,6
DRRKVZVXSND3,SEATTLE INSTITUTE FOR BIOMEDICAL AND CLINICAL RESEARCH,SEATTLE,WA,2022,National Institutes of Health,11088741.43,6
DRRKVZVXSND3,SEATTLE INSTITUTE FOR BIOMEDICAL AND CLINICAL RESEARCH,SEATTLE,WA,2023,National Institutes of Health,11910922.530000001,6
DRRKVZVXSND3,SEATTLE INSTITUTE FOR BIOMEDICAL AND CLINICAL RESEARCH,SEATTLE,WA,2024,National Institutes of Health,8615267.97,3
DRRKVZVXSND3,SEATTLE INSTITUTE FOR BIOMEDICAL AND CLINICAL RESEARCH,SEATTLE,WA,2025,National Institutes of Health,10873681.37,4
DRRKVZVXSND3,SEATTLE INSTITUTE FOR BIOMEDICAL AND CLINICAL RESEARCH,SEATTLE,WA,2026,National Institutes of Health,3801488.2,3
DRTAEZWWJHM8,BIGELOW LABORATORY FOR OCEAN SCIENCES,EAST BOOTHBAY,ME,2016,National Science Foundation,3078858.0,11
DRTAEZWWJHM8,BIGELOW LABORATORY FOR OCEAN SCIENCES,EAST BOOTHBAY,ME,2017,National Science Foundation,3913815.0,9
DRTAEZWWJHM8,BIGELOW LABORATORY FOR OCEAN SCIENCES,EAST BOOTHBAY,ME,2018,National Science Foundation,7654700.0,9
DRTAEZWWJHM8,BIGELOW LABORATORY FOR OCEAN SCIENCES,EAST BOOTHBAY,ME,2019,National Science Foundation,2118148.0,4
DRTAEZWWJHM8,BIGELOW LABORATORY FOR OCEAN SCIENCES,EAST BOOTHBAY,ME,2020,National Science Foundation,4266242.0,4
DRTAEZWWJHM8,BIGELOW LABORATORY FOR OCEAN SCIENCES,EAST BOOTHBAY,ME,2021,National Science Foundation,4836782.0,6
DRTAEZWWJHM8,BIGELOW LABORATORY FOR OCEAN SCIENCES,EAST BOOTHBAY,ME,2022,National Science Foundation,1796441.0,5
DRTAEZWWJHM8,BIGELOW LABORATORY FOR OCEAN SCIENCES,EAST BOOTHBAY,ME,2023,National Science Foundation,3294032.0,6
DRTAEZWWJHM8,BIGELOW LABORATORY FOR OCEAN SCIENCES,EAST BOOTHBAY,ME,2024,National Science Foundation,5619215.0,7
DRTAEZWWJHM8,BIGELOW LABORATORY FOR OCEAN SCIENCES,EAST BOOTHBAY,ME,2025,National Science Foundation,7694635.0,5
DRTAEZWWJHM8,BIGELOW LABORATORY FOR OCEAN SCIENCES,EAST BOOTHBAY,ME,2026,National Science Foundation,3714562.0,0
DSLXBD7UWRV6,OLD DOMINION UNIVERSITY RESEARCH FOUNDATION,NORFOLK,VA,2016,National Science Foundation,7540624.0,30
DSLXBD7UWRV6,OLD DOMINION UNIVERSITY RESEARCH FOUNDATION,NORFOLK,VA,2017,National Institutes of Health,-11892.0,3
DSLXBD7UWRV6,OLD DOMINION UNIVERSITY RESEARCH FOUNDATION,NORFOLK,VA,2017,National Science Foundation,11420010.0,31
DSLXBD7UWRV6,OLD DOMINION UNIVERSITY RESEARCH FOUNDATION,NORFOLK,VA,2018,National Institutes of Health,9937.0,2
DSLXBD7UWRV6,OLD DOMINION UNIVERSITY RESEARCH FOUNDATION,NORFOLK,VA,2018,National Science Foundation,8493475.0,22
DSLXBD7UWRV6,OLD DOMINION UNIVERSITY RESEARCH FOUNDATION,NORFOLK,VA,2019,National Institutes of Health,-1002.0,0
DSLXBD7UWRV6,OLD DOMINION UNIVERSITY RESEARCH FOUNDATION,NORFOLK,VA,2019,National Science Foundation,5365051.0,21
DSLXBD7UWRV6,OLD DOMINION UNIVERSITY RESEARCH FOUNDATION,NORFOLK,VA,2020,National Science Foundation,6640877.0,22
DSLXBD7UWRV6,OLD DOMINION UNIVERSITY RESEARCH FOUNDATION,NORFOLK,VA,2021,National Science Foundation,6059857.0,13
DSLXBD7UWRV6,OLD DOMINION UNIVERSITY RESEARCH FOUNDATION,NORFOLK,VA,2022,National Science Foundation,6515965.0,19
DSLXBD7UWRV6,OLD DOMINION UNIVERSITY RESEARCH FOUNDATION,NORFOLK,VA,2023,National Science Foundation,6047641.0,17
DSLXBD7UWRV6,OLD DOMINION UNIVERSITY RESEARCH FOUNDATION,NORFOLK,VA,2024,National Science Foundation,5407347.0,22
DSLXBD7UWRV6,OLD DOMINION UNIVERSITY RESEARCH FOUNDATION,NORFOLK,VA,2025,National Science Foundation,3685612.0,9
DSLXBD7UWRV6,OLD DOMINION UNIVERSITY RESEARCH FOUNDATION,NORFOLK,VA,2026,National Science Foundation,5005139.0,7
DVHKP4N619V9,"H. LEE MOFFITT CANCER CENTER AND RESEARCH INSTITUTE HOSPITAL, INC.",TAMPA,FL,2016,National Institutes of Health,30576020.0,73
DVHKP4N619V9,"H. LEE MOFFITT CANCER CENTER AND RESEARCH INSTITUTE HOSPITAL, INC.",TAMPA,FL,2017,National Institutes of Health,31377448.0,32
DVHKP4N619V9,"H. LEE MOFFITT CANCER CENTER AND RESEARCH INSTITUTE HOSPITAL, INC.",TAMPA,FL,2018,National Institutes of Health,30531147.0,17
DVHKP4N619V9,"H. LEE MOFFITT CANCER CENTER AND RESEARCH INSTITUTE HOSPITAL, INC.",TAMPA,FL,2019,National Institutes of Health,36226441.0,27
DVHKP4N619V9,"H. LEE MOFFITT CANCER CENTER AND RESEARCH INSTITUTE HOSPITAL, INC.",TAMPA,FL,2019,National Science Foundation,449102.0,1
DVHKP4N619V9,"H. LEE MOFFITT CANCER CENTER AND RESEARCH INSTITUTE HOSPITAL, INC.",TAMPA,FL,2020,National Institutes of Health,35789765.0,22
DVHKP4N619V9,"H. LEE MOFFITT CANCER CENTER AND RESEARCH INSTITUTE HOSPITAL, INC.",TAMPA,FL,2021,National Institutes of Health,49098881.39,36
DVHKP4N619V9,"H. LEE MOFFITT CANCER CENTER AND RESEARCH INSTITUTE HOSPITAL, INC.",TAMPA,FL,2022,National Institutes of Health,54758535.39,28
DVHKP4N619V9,"H. LEE MOFFITT CANCER CENTER AND RESEARCH INSTITUTE HOSPITAL, INC.",TAMPA,FL,2023,National Institutes of Health,57707075.94,29
DVHKP4N619V9,"H. LEE MOFFITT CANCER CENTER AND RESEARCH INSTITUTE HOSPITAL, INC.",TAMPA,FL,2023,National Science Foundation,1184009.0,4
DVHKP4N619V9,"H. LEE MOFFITT CANCER CENTER AND RESEARCH INSTITUTE HOSPITAL, INC.",TAMPA,FL,2024,National Institutes of Health,51351719.29000001,23
DVHKP4N619V9,"H. LEE MOFFITT CANCER CENTER AND RESEARCH INSTITUTE HOSPITAL, INC.",TAMPA,FL,2025,National Institutes of Health,55467179.120000005,20
DVHKP4N619V9,"H. LEE MOFFITT CANCER CENTER AND RESEARCH INSTITUTE HOSPITAL, INC.",TAMPA,FL,2026,National Institutes of Health,34703844.95,16
DVL1CMRMWRN9,CHILDREN'S HOSPITAL LOS ANGELES,LOS ANGELES,CA,2016,National Institutes of Health,20280167.0,43
DVL1CMRMWRN9,CHILDREN'S HOSPITAL LOS ANGELES,LOS ANGELES,CA,2016,National Science Foundation,50000.0,1
DVL1CMRMWRN9,CHILDREN'S HOSPITAL LOS ANGELES,LOS ANGELES,CA,2017,National Institutes of Health,22423026.0,29
DVL1CMRMWRN9,CHILDREN'S HOSPITAL LOS ANGELES,LOS ANGELES,CA,2018,National Institutes of Health,21859151.0,14
DVL1CMRMWRN9,CHILDREN'S HOSPITAL LOS ANGELES,LOS ANGELES,CA,2019,National Institutes of Health,25874404.0,12
DVL1CMRMWRN9,CHILDREN'S HOSPITAL LOS ANGELES,LOS ANGELES,CA,2020,National Institutes of Health,24309763.0,13
DVL1CMRMWRN9,CHILDREN'S HOSPITAL LOS ANGELES,LOS ANGELES,CA,2021,National Institutes of Health,32765812.53,24
DVL1CMRMWRN9,CHILDREN'S HOSPITAL LOS ANGELES,LOS ANGELES,CA,2022,National Institutes of Health,35801880.51,13
DVL1CMRMWRN9,CHILDREN'S HOSPITAL LOS ANGELES,LOS ANGELES,CA,2023,National Institutes of Health,33544244.870000005,18
DVL1CMRMWRN9,CHILDREN'S HOSPITAL LOS ANGELES,LOS ANGELES,CA,2024,National Institutes of Health,32140523.800000004,10
DVL1CMRMWRN9,CHILDREN'S HOSPITAL LOS ANGELES,LOS ANGELES,CA,2025,National Institutes of Health,44704596.269999996,10
DVL1CMRMWRN9,CHILDREN'S HOSPITAL LOS ANGELES,LOS ANGELES,CA,2025,National Science Foundation,600000.0,1
DVL1CMRMWRN9,CHILDREN'S HOSPITAL LOS ANGELES,LOS ANGELES,CA,2026,National Institutes of Health,19054304.23,5
DW1XZMGNFBL4,THE WISTAR INSTITUTE OF ANATOMY AND BIOLOGY,PHILADELPHIA,PA,2016,National Institutes of Health,35076239.0,53
DW1XZMGNFBL4,THE WISTAR INSTITUTE OF ANATOMY AND BIOLOGY,PHILADELPHIA,PA,2017,National Institutes of Health,39402160.0,22
DW1XZMGNFBL4,THE WISTAR INSTITUTE OF ANATOMY AND BIOLOGY,PHILADELPHIA,PA,2018,National Institutes of Health,30511981.0,5
DW1XZMGNFBL4,THE WISTAR INSTITUTE OF ANATOMY AND BIOLOGY,PHILADELPHIA,PA,2019,National Institutes of Health,37257126.0,11
DW1XZMGNFBL4,THE WISTAR INSTITUTE OF ANATOMY AND BIOLOGY,PHILADELPHIA,PA,2020,National Institutes of Health,34995853.0,15
DW1XZMGNFBL4,THE WISTAR INSTITUTE OF ANATOMY AND BIOLOGY,PHILADELPHIA,PA,2021,National Institutes of Health,45088115.43,18
DW1XZMGNFBL4,THE WISTAR INSTITUTE OF ANATOMY AND BIOLOGY,PHILADELPHIA,PA,2021,National Science Foundation,599969.0,1
DW1XZMGNFBL4,THE WISTAR INSTITUTE OF ANATOMY AND BIOLOGY,PHILADELPHIA,PA,2022,National Institutes of Health,46365840.150000006,14
DW1XZMGNFBL4,THE WISTAR INSTITUTE OF ANATOMY AND BIOLOGY,PHILADELPHIA,PA,2022,National Science Foundation,137018.0,1
DW1XZMGNFBL4,THE WISTAR INSTITUTE OF ANATOMY AND BIOLOGY,PHILADELPHIA,PA,2023,National Institutes of Health,39796898.0,7
DW1XZMGNFBL4,THE WISTAR INSTITUTE OF ANATOMY AND BIOLOGY,PHILADELPHIA,PA,2023,National Science Foundation,279098.0,0
DW1XZMGNFBL4,THE WISTAR INSTITUTE OF ANATOMY AND BIOLOGY,PHILADELPHIA,PA,2024,National Institutes of Health,37447351.93,10
DW1XZMGNFBL4,THE WISTAR INSTITUTE OF ANATOMY AND BIOLOGY,PHILADELPHIA,PA,2024,National Science Foundation,649971.0,1
DW1XZMGNFBL4,THE WISTAR INSTITUTE OF ANATOMY AND BIOLOGY,PHILADELPHIA,PA,2025,National Institutes of Health,38620334.86,4
DW1XZMGNFBL4,THE WISTAR INSTITUTE OF ANATOMY AND BIOLOGY,PHILADELPHIA,PA,2026,National Institutes of Health,39568975.0,18
DWH7MSXKA2A8,"VANDERBILT UNIVERSITY, THE",NASHVILLE,TN,2016,National Institutes of Health,43775709.0,680
DWH7MSXKA2A8,"VANDERBILT UNIVERSITY, THE",NASHVILLE,TN,2016,National Science Foundation,441791.0,2
DWH7MSXKA2A8,"VANDERBILT UNIVERSITY, THE",NASHVILLE,TN,2017,National Institutes of Health,37864476.0,199
DWH7MSXKA2A8,"VANDERBILT UNIVERSITY, THE",NASHVILLE,TN,2017,National Science Foundation,365506.0,0
DWH7MSXKA2A8,"VANDERBILT UNIVERSITY, THE",NASHVILLE,TN,2018,National Institutes of Health,16729448.0,21
DWH7MSXKA2A8,"VANDERBILT UNIVERSITY, THE",NASHVILLE,TN,2018,National Science Foundation,291618.0,0
DWH7MSXKA2A8,"VANDERBILT UNIVERSITY, THE",NASHVILLE,TN,2019,National Institutes of Health,10756730.0,2
DWH7MSXKA2A8,"VANDERBILT UNIVERSITY, THE",NASHVILLE,TN,2020,National Institutes of Health,2069437.0,0
DWH7MSXKA2A8,"VANDERBILT UNIVERSITY, THE",NASHVILLE,TN,2021,National Institutes of Health,-335666.0,0
DWH7MSXKA2A8,"VANDERBILT UNIVERSITY, THE",NASHVILLE,TN,2022,National Institutes of Health,0.0,0
DYZNJGLTHMR9,HOWARD UNIVERSITY,WASHINGTON,DC,2016,National Institutes of Health,11114868.0,23
DYZNJGLTHMR9,HOWARD UNIVERSITY,WASHINGTON,DC,2016,National Science Foundation,3820197.0,29
DYZNJGLTHMR9,HOWARD UNIVERSITY,WASHINGTON,DC,2017,National Institutes of Health,8088821.0,12
DYZNJGLTHMR9,HOWARD UNIVERSITY,WASHINGTON,DC,2017,National Science Foundation,2180230.0,13
DYZNJGLTHMR9,HOWARD UNIVERSITY,WASHINGTON,DC,2018,National Institutes of Health,6377719.0,8
DYZNJGLTHMR9,HOWARD UNIVERSITY,WASHINGTON,DC,2018,National Science Foundation,9659074.0,21
DYZNJGLTHMR9,HOWARD UNIVERSITY,WASHINGTON,DC,2019,National Institutes of Health,7499973.0,7
DYZNJGLTHMR9,HOWARD UNIVERSITY,WASHINGTON,DC,2019,National Science Foundation,4341226.0,14
DYZNJGLTHMR9,HOWARD UNIVERSITY,WASHINGTON,DC,2020,National Institutes of Health,12380573.0,5
DYZNJGLTHMR9,HOWARD UNIVERSITY,WASHINGTON,DC,2020,National Science Foundation,9657341.0,20
DYZNJGLTHMR9,HOWARD UNIVERSITY,WASHINGTON,DC,2021,National Institutes of Health,10767924.76,3
DYZNJGLTHMR9,HOWARD UNIVERSITY,WASHINGTON,DC,2021,National Science Foundation,8133961.0,22
DYZNJGLTHMR9,HOWARD UNIVERSITY,WASHINGTON,DC,2022,National Institutes of Health,12797804.76,10
DYZNJGLTHMR9,HOWARD UNIVERSITY,WASHINGTON,DC,2022,National Science Foundation,5548409.0,14
DYZNJGLTHMR9,HOWARD UNIVERSITY,WASHINGTON,DC,2023,National Institutes of Health,7814847.840000001,3
DYZNJGLTHMR9,HOWARD UNIVERSITY,WASHINGTON,DC,2023,National Science Foundation,12227439.0,13
DYZNJGLTHMR9,HOWARD UNIVERSITY,WASHINGTON,DC,2024,National Institutes of Health,6070723.5,7
DYZNJGLTHMR9,HOWARD UNIVERSITY,WASHINGTON,DC,2024,National Science Foundation,3543696.0,10
DYZNJGLTHMR9,HOWARD UNIVERSITY,WASHINGTON,DC,2025,National Institutes of Health,9466165.48,6
DYZNJGLTHMR9,HOWARD UNIVERSITY,WASHINGTON,DC,2025,National Science Foundation,3125809.0,6
DYZNJGLTHMR9,HOWARD UNIVERSITY,WASHINGTON,DC,2026,National Institutes of Health,6564600.12,3
DYZNJGLTHMR9,HOWARD UNIVERSITY,WASHINGTON,DC,2026,National Science Foundation,1477813.0,2
DZ4YCZ3QSPR5,CINCINNATI UNIV OF,CINCINNATI,OH,2016,National Institutes of Health,62214606.0,146
DZ4YCZ3QSPR5,CINCINNATI UNIV OF,CINCINNATI,OH,2016,National Science Foundation,12081907.0,55
DZ4YCZ3QSPR5,CINCINNATI UNIV OF,CINCINNATI,OH,2017,National Institutes of Health,59198408.0,70
DZ4YCZ3QSPR5,CINCINNATI UNIV OF,CINCINNATI,OH,2017,National Science Foundation,7875632.0,30
DZ4YCZ3QSPR5,CINCINNATI UNIV OF,CINCINNATI,OH,2018,National Institutes of Health,70599223.0,61
DZ4YCZ3QSPR5,CINCINNATI UNIV OF,CINCINNATI,OH,2018,National Science Foundation,10152701.0,30
DZ4YCZ3QSPR5,CINCINNATI UNIV OF,CINCINNATI,OH,2019,National Institutes of Health,71561510.0,42
DZ4YCZ3QSPR5,CINCINNATI UNIV OF,CINCINNATI,OH,2019,National Science Foundation,7347173.0,25
DZ4YCZ3QSPR5,CINCINNATI UNIV OF,CINCINNATI,OH,2020,National Institutes of Health,85018997.0,41
DZ4YCZ3QSPR5,CINCINNATI UNIV OF,CINCINNATI,OH,2020,National Science Foundation,11967292.0,38
DZ4YCZ3QSPR5,CINCINNATI UNIV OF,CINCINNATI,OH,2021,National Institutes of Health,86546491.74,45
DZ4YCZ3QSPR5,CINCINNATI UNIV OF,CINCINNATI,OH,2021,National Science Foundation,20226024.0,38
DZ4YCZ3QSPR5,CINCINNATI UNIV OF,CINCINNATI,OH,2022,National Institutes of Health,79484489.17999999,57
DZ4YCZ3QSPR5,CINCINNATI UNIV OF,CINCINNATI,OH,2022,National Science Foundation,11962059.0,26
DZ4YCZ3QSPR5,CINCINNATI UNIV OF,CINCINNATI,OH,2023,National Institutes of Health,83597420.55000001,56
DZ4YCZ3QSPR5,CINCINNATI UNIV OF,CINCINNATI,OH,2023,National Science Foundation,18380434.0,32
DZ4YCZ3QSPR5,CINCINNATI UNIV OF,CINCINNATI,OH,2024,National Institutes of Health,102690687.07000001,49
DZ4YCZ3QSPR5,CINCINNATI UNIV OF,CINCINNATI,OH,2024,National Science Foundation,24993388.0,40
DZ4YCZ3QSPR5,CINCINNATI UNIV OF,CINCINNATI,OH,2025,National Institutes of Health,87545019.24,38
DZ4YCZ3QSPR5,CINCINNATI UNIV OF,CINCINNATI,OH,2025,National Science Foundation,8219313.0,14
DZ4YCZ3QSPR5,CINCINNATI UNIV OF,CINCINNATI,OH,2026,National Institutes of Health,73293764.18,29
DZ4YCZ3QSPR5,CINCINNATI UNIV OF,CINCINNATI,OH,2026,National Science Foundation,1437740.0,6
E13MDBKHLDB5,LEHIGH UNIVERSITY,BETHLEHEM,PA,2016,National Institutes of Health,2945346.0,10
E13MDBKHLDB5,LEHIGH UNIVERSITY,BETHLEHEM,PA,2016,National Science Foundation,8517451.0,55
E13MDBKHLDB5,LEHIGH UNIVERSITY,BETHLEHEM,PA,2017,National Institutes of Health,3672533.0,13
E13MDBKHLDB5,LEHIGH UNIVERSITY,BETHLEHEM,PA,2017,National Science Foundation,13419222.0,41
E13MDBKHLDB5,LEHIGH UNIVERSITY,BETHLEHEM,PA,2018,National Institutes of Health,5643842.0,12
E13MDBKHLDB5,LEHIGH UNIVERSITY,BETHLEHEM,PA,2018,National Science Foundation,10917594.0,41
E13MDBKHLDB5,LEHIGH UNIVERSITY,BETHLEHEM,PA,2019,National Institutes of Health,4875942.0,7
E13MDBKHLDB5,LEHIGH UNIVERSITY,BETHLEHEM,PA,2019,National Science Foundation,11614381.0,32
E13MDBKHLDB5,LEHIGH UNIVERSITY,BETHLEHEM,PA,2020,National Institutes of Health,5405852.0,9
E13MDBKHLDB5,LEHIGH UNIVERSITY,BETHLEHEM,PA,2020,National Science Foundation,9840763.0,38
E13MDBKHLDB5,LEHIGH UNIVERSITY,BETHLEHEM,PA,2021,National Institutes of Health,8408939.59,6
E13MDBKHLDB5,LEHIGH UNIVERSITY,BETHLEHEM,PA,2021,National Science Foundation,10893549.0,23
E13MDBKHLDB5,LEHIGH UNIVERSITY,BETHLEHEM,PA,2022,National Institutes of Health,9045280.61,11
E13MDBKHLDB5,LEHIGH UNIVERSITY,BETHLEHEM,PA,2022,National Science Foundation,13483722.0,25
E13MDBKHLDB5,LEHIGH UNIVERSITY,BETHLEHEM,PA,2023,National Institutes of Health,10070717.26,10
E13MDBKHLDB5,LEHIGH UNIVERSITY,BETHLEHEM,PA,2023,National Science Foundation,16388782.0,31
E13MDBKHLDB5,LEHIGH UNIVERSITY,BETHLEHEM,PA,2024,National Institutes of Health,5412571.67,8
E13MDBKHLDB5,LEHIGH UNIVERSITY,BETHLEHEM,PA,2024,National Science Foundation,19719818.0,30
E13MDBKHLDB5,LEHIGH UNIVERSITY,BETHLEHEM,PA,2025,National Institutes of Health,4312668.4399999995,3
E13MDBKHLDB5,LEHIGH UNIVERSITY,BETHLEHEM,PA,2025,National Science Foundation,15899544.0,22
E13MDBKHLDB5,LEHIGH UNIVERSITY,BETHLEHEM,PA,2026,National Institutes of Health,3818825.0300000003,2
E13MDBKHLDB5,LEHIGH UNIVERSITY,BETHLEHEM,PA,2026,National Science Foundation,2564276.0,11
E1KJM4T54MK6,UNIVERSITY OF LOUISVILLE,LOUISVILLE,KY,2016,National Institutes of Health,54241475.0,123
E1KJM4T54MK6,UNIVERSITY OF LOUISVILLE,LOUISVILLE,KY,2016,National Science Foundation,5607342.0,29
E1KJM4T54MK6,UNIVERSITY OF LOUISVILLE,LOUISVILLE,KY,2017,National Institutes of Health,58503450.0,83
E1KJM4T54MK6,UNIVERSITY OF LOUISVILLE,LOUISVILLE,KY,2017,National Science Foundation,6921289.0,23
E1KJM4T54MK6,UNIVERSITY OF LOUISVILLE,LOUISVILLE,KY,2018,National Institutes of Health,63254853.0,56
E1KJM4T54MK6,UNIVERSITY OF LOUISVILLE,LOUISVILLE,KY,2018,National Science Foundation,6781109.0,12
E1KJM4T54MK6,UNIVERSITY OF LOUISVILLE,LOUISVILLE,KY,2019,National Institutes of Health,55779540.0,20
E1KJM4T54MK6,UNIVERSITY OF LOUISVILLE,LOUISVILLE,KY,2019,National Science Foundation,6037723.0,11
E1KJM4T54MK6,UNIVERSITY OF LOUISVILLE,LOUISVILLE,KY,2020,National Institutes of Health,70452803.0,46
E1KJM4T54MK6,UNIVERSITY OF LOUISVILLE,LOUISVILLE,KY,2020,National Science Foundation,8002017.0,17
E1KJM4T54MK6,UNIVERSITY OF LOUISVILLE,LOUISVILLE,KY,2021,National Institutes of Health,67231215.41,31
E1KJM4T54MK6,UNIVERSITY OF LOUISVILLE,LOUISVILLE,KY,2021,National Science Foundation,4476807.0,11
E1KJM4T54MK6,UNIVERSITY OF LOUISVILLE,LOUISVILLE,KY,2022,National Institutes of Health,64585364.76,29
E1KJM4T54MK6,UNIVERSITY OF LOUISVILLE,LOUISVILLE,KY,2022,National Science Foundation,8895976.0,24
E1KJM4T54MK6,UNIVERSITY OF LOUISVILLE,LOUISVILLE,KY,2023,National Institutes of Health,65306886.81999999,39
E1KJM4T54MK6,UNIVERSITY OF LOUISVILLE,LOUISVILLE,KY,2023,National Science Foundation,5197160.0,15
E1KJM4T54MK6,UNIVERSITY OF LOUISVILLE,LOUISVILLE,KY,2024,National Institutes of Health,62986665.400000006,34
E1KJM4T54MK6,UNIVERSITY OF LOUISVILLE,LOUISVILLE,KY,2024,National Science Foundation,7495833.0,18
E1KJM4T54MK6,UNIVERSITY OF LOUISVILLE,LOUISVILLE,KY,2025,National Institutes of Health,71950536.1,27
E1KJM4T54MK6,UNIVERSITY OF LOUISVILLE,LOUISVILLE,KY,2025,National Science Foundation,5920538.0,13
E1KJM4T54MK6,UNIVERSITY OF LOUISVILLE,LOUISVILLE,KY,2026,National Institutes of Health,58529599.54000001,29
E1KJM4T54MK6,UNIVERSITY OF LOUISVILLE,LOUISVILLE,KY,2026,National Science Foundation,3556559.0,4
E2NDENMDUEG8,ILLINOIS INSTITUTE OF TECHNOLOGY,CHICAGO,IL,2016,National Institutes of Health,8915144.0,13
E2NDENMDUEG8,ILLINOIS INSTITUTE OF TECHNOLOGY,CHICAGO,IL,2016,National Science Foundation,5705928.0,26
E2NDENMDUEG8,ILLINOIS INSTITUTE OF TECHNOLOGY,CHICAGO,IL,2017,National Institutes of Health,5109362.0,4
E2NDENMDUEG8,ILLINOIS INSTITUTE OF TECHNOLOGY,CHICAGO,IL,2017,National Science Foundation,6972088.0,24
E2NDENMDUEG8,ILLINOIS INSTITUTE OF TECHNOLOGY,CHICAGO,IL,2018,National Institutes of Health,7277346.0,7
E2NDENMDUEG8,ILLINOIS INSTITUTE OF TECHNOLOGY,CHICAGO,IL,2018,National Science Foundation,8512650.0,14
E2NDENMDUEG8,ILLINOIS INSTITUTE OF TECHNOLOGY,CHICAGO,IL,2019,National Institutes of Health,6377056.0,8
E2NDENMDUEG8,ILLINOIS INSTITUTE OF TECHNOLOGY,CHICAGO,IL,2019,National Science Foundation,4659703.0,23
E2NDENMDUEG8,ILLINOIS INSTITUTE OF TECHNOLOGY,CHICAGO,IL,2020,National Institutes of Health,8888353.0,3
E2NDENMDUEG8,ILLINOIS INSTITUTE OF TECHNOLOGY,CHICAGO,IL,2020,National Science Foundation,2742717.0,15
E2NDENMDUEG8,ILLINOIS INSTITUTE OF TECHNOLOGY,CHICAGO,IL,2021,National Institutes of Health,9194852.91,4
E2NDENMDUEG8,ILLINOIS INSTITUTE OF TECHNOLOGY,CHICAGO,IL,2021,National Science Foundation,7621184.0,18
E2NDENMDUEG8,ILLINOIS INSTITUTE OF TECHNOLOGY,CHICAGO,IL,2022,National Institutes of Health,5587307.0,4
E2NDENMDUEG8,ILLINOIS INSTITUTE OF TECHNOLOGY,CHICAGO,IL,2022,National Science Foundation,4821041.0,12
E2NDENMDUEG8,ILLINOIS INSTITUTE OF TECHNOLOGY,CHICAGO,IL,2023,National Institutes of Health,5013580.6,0
E2NDENMDUEG8,ILLINOIS INSTITUTE OF TECHNOLOGY,CHICAGO,IL,2023,National Science Foundation,8091248.0,24
E2NDENMDUEG8,ILLINOIS INSTITUTE OF TECHNOLOGY,CHICAGO,IL,2024,National Institutes of Health,8450688.51,3
E2NDENMDUEG8,ILLINOIS INSTITUTE OF TECHNOLOGY,CHICAGO,IL,2024,National Science Foundation,12539123.0,17
E2NDENMDUEG8,ILLINOIS INSTITUTE OF TECHNOLOGY,CHICAGO,IL,2025,National Institutes of Health,4507390.0,1
E2NDENMDUEG8,ILLINOIS INSTITUTE OF TECHNOLOGY,CHICAGO,IL,2025,National Science Foundation,2745125.0,13
E2NDENMDUEG8,ILLINOIS INSTITUTE OF TECHNOLOGY,CHICAGO,IL,2026,National Institutes of Health,5962891.16,1
E2NDENMDUEG8,ILLINOIS INSTITUTE OF TECHNOLOGY,CHICAGO,IL,2026,National Science Foundation,527477.0,2
E2NYLCDML6V1,MASSACHUSETTS INSTITUTE OF TECHNOLOGY,CAMBRIDGE,MA,2016,National Institutes of Health,107551539.0,241
E2NYLCDML6V1,MASSACHUSETTS INSTITUTE OF TECHNOLOGY,CAMBRIDGE,MA,2016,National Science Foundation,67953087.0,204
E2NYLCDML6V1,MASSACHUSETTS INSTITUTE OF TECHNOLOGY,CAMBRIDGE,MA,2017,National Institutes of Health,109650584.0,145
E2NYLCDML6V1,MASSACHUSETTS INSTITUTE OF TECHNOLOGY,CAMBRIDGE,MA,2017,National Science Foundation,97723403.0,169
E2NYLCDML6V1,MASSACHUSETTS INSTITUTE OF TECHNOLOGY,CAMBRIDGE,MA,2018,National Institutes of Health,116186181.0,77
E2NYLCDML6V1,MASSACHUSETTS INSTITUTE OF TECHNOLOGY,CAMBRIDGE,MA,2018,National Science Foundation,85986291.0,138
E2NYLCDML6V1,MASSACHUSETTS INSTITUTE OF TECHNOLOGY,CAMBRIDGE,MA,2019,National Institutes of Health,110003565.0,62
E2NYLCDML6V1,MASSACHUSETTS INSTITUTE OF TECHNOLOGY,CAMBRIDGE,MA,2019,National Science Foundation,96962293.0,134
E2NYLCDML6V1,MASSACHUSETTS INSTITUTE OF TECHNOLOGY,CAMBRIDGE,MA,2020,National Institutes of Health,109943393.0,68
E2NYLCDML6V1,MASSACHUSETTS INSTITUTE OF TECHNOLOGY,CAMBRIDGE,MA,2020,National Science Foundation,95426861.0,141
E2NYLCDML6V1,MASSACHUSETTS INSTITUTE OF TECHNOLOGY,CAMBRIDGE,MA,2021,National Institutes of Health,115491179.15,84
E2NYLCDML6V1,MASSACHUSETTS INSTITUTE OF TECHNOLOGY,CAMBRIDGE,MA,2021,National Science Foundation,97133759.0,120
E2NYLCDML6V1,MASSACHUSETTS INSTITUTE OF TECHNOLOGY,CAMBRIDGE,MA,2022,National Institutes of Health,117015593.50000001,79
E2NYLCDML6V1,MASSACHUSETTS INSTITUTE OF TECHNOLOGY,CAMBRIDGE,MA,2022,National Science Foundation,92627325.0,99
E2NYLCDML6V1,MASSACHUSETTS INSTITUTE OF TECHNOLOGY,CAMBRIDGE,MA,2023,National Institutes of Health,117621371.14,48
E2NYLCDML6V1,MASSACHUSETTS INSTITUTE OF TECHNOLOGY,CAMBRIDGE,MA,2023,National Science Foundation,81449760.0,109
E2NYLCDML6V1,MASSACHUSETTS INSTITUTE OF TECHNOLOGY,CAMBRIDGE,MA,2024,National Institutes of Health,111306869.60999998,38
E2NYLCDML6V1,MASSACHUSETTS INSTITUTE OF TECHNOLOGY,CAMBRIDGE,MA,2024,National Science Foundation,91208700.0,108
E2NYLCDML6V1,MASSACHUSETTS INSTITUTE OF TECHNOLOGY,CAMBRIDGE,MA,2025,National Institutes of Health,131988896.03999999,52
E2NYLCDML6V1,MASSACHUSETTS INSTITUTE OF TECHNOLOGY,CAMBRIDGE,MA,2025,National Science Foundation,116172949.0,85
E2NYLCDML6V1,MASSACHUSETTS INSTITUTE OF TECHNOLOGY,CAMBRIDGE,MA,2026,National Institutes of Health,88447988.15,36
E2NYLCDML6V1,MASSACHUSETTS INSTITUTE OF TECHNOLOGY,CAMBRIDGE,MA,2026,National Science Foundation,17179898.0,28
E3FDXZ6TBHW3,BROWN UNIVERSITY,PROVIDENCE,RI,2016,National Institutes of Health,73568894.0,183
E3FDXZ6TBHW3,BROWN UNIVERSITY,PROVIDENCE,RI,2016,National Science Foundation,22452440.0,107
E3FDXZ6TBHW3,BROWN UNIVERSITY,PROVIDENCE,RI,2017,National Institutes of Health,79731996.0,127
E3FDXZ6TBHW3,BROWN UNIVERSITY,PROVIDENCE,RI,2017,National Science Foundation,26992367.0,66
E3FDXZ6TBHW3,BROWN UNIVERSITY,PROVIDENCE,RI,2018,National Institutes of Health,98736481.0,94
E3FDXZ6TBHW3,BROWN UNIVERSITY,PROVIDENCE,RI,2018,National Science Foundation,20920678.0,62
E3FDXZ6TBHW3,BROWN UNIVERSITY,PROVIDENCE,RI,2019,National Institutes of Health,111947372.0,70
E3FDXZ6TBHW3,BROWN UNIVERSITY,PROVIDENCE,RI,2019,National Science Foundation,32265244.0,68
E3FDXZ6TBHW3,BROWN UNIVERSITY,PROVIDENCE,RI,2020,National Institutes of Health,127996109.0,71
E3FDXZ6TBHW3,BROWN UNIVERSITY,PROVIDENCE,RI,2020,National Science Foundation,31456404.0,52
E3FDXZ6TBHW3,BROWN UNIVERSITY,PROVIDENCE,RI,2021,National Institutes of Health,138887454.81,78
E3FDXZ6TBHW3,BROWN UNIVERSITY,PROVIDENCE,RI,2021,National Science Foundation,35818658.0,65
E3FDXZ6TBHW3,BROWN UNIVERSITY,PROVIDENCE,RI,2022,National Institutes of Health,133234913.96000001,73
E3FDXZ6TBHW3,BROWN UNIVERSITY,PROVIDENCE,RI,2022,National Science Foundation,29645427.0,55
E3FDXZ6TBHW3,BROWN UNIVERSITY,PROVIDENCE,RI,2023,National Institutes of Health,142695902.01,72
E3FDXZ6TBHW3,BROWN UNIVERSITY,PROVIDENCE,RI,2023,National Science Foundation,35178781.0,59
E3FDXZ6TBHW3,BROWN UNIVERSITY,PROVIDENCE,RI,2024,National Institutes of Health,131899100.82000001,68
E3FDXZ6TBHW3,BROWN UNIVERSITY,PROVIDENCE,RI,2024,National Science Foundation,27536095.0,63
E3FDXZ6TBHW3,BROWN UNIVERSITY,PROVIDENCE,RI,2025,National Institutes of Health,131910927.50999999,44
E3FDXZ6TBHW3,BROWN UNIVERSITY,PROVIDENCE,RI,2025,National Science Foundation,44997823.0,54
E3FDXZ6TBHW3,BROWN UNIVERSITY,PROVIDENCE,RI,2026,National Institutes of Health,84065934.04,49
E3FDXZ6TBHW3,BROWN UNIVERSITY,PROVIDENCE,RI,2026,National Science Foundation,13876021.0,24
E4SPG9ZLLE76,VETERANS MEDICAL RESEARCH FOUNDATION OF SAN DIEGO,SAN DIEGO,CA,2016,National Institutes of Health,7846755.0,15
E4SPG9ZLLE76,VETERANS MEDICAL RESEARCH FOUNDATION OF SAN DIEGO,SAN DIEGO,CA,2017,National Institutes of Health,7222147.0,10
E4SPG9ZLLE76,VETERANS MEDICAL RESEARCH FOUNDATION OF SAN DIEGO,SAN DIEGO,CA,2018,National Institutes of Health,5137417.0,8
E4SPG9ZLLE76,VETERANS MEDICAL RESEARCH FOUNDATION OF SAN DIEGO,SAN DIEGO,CA,2019,National Institutes of Health,7649288.0,6
E4SPG9ZLLE76,VETERANS MEDICAL RESEARCH FOUNDATION OF SAN DIEGO,SAN DIEGO,CA,2020,National Institutes of Health,7607522.0,1
E4SPG9ZLLE76,VETERANS MEDICAL RESEARCH FOUNDATION OF SAN DIEGO,SAN DIEGO,CA,2021,National Institutes of Health,5876681.67,4
E4SPG9ZLLE76,VETERANS MEDICAL RESEARCH FOUNDATION OF SAN DIEGO,SAN DIEGO,CA,2022,National Institutes of Health,4816625.5600000005,3
E4SPG9ZLLE76,VETERANS MEDICAL RESEARCH FOUNDATION OF SAN DIEGO,SAN DIEGO,CA,2023,National Institutes of Health,6125009.29,4
E4SPG9ZLLE76,VETERANS MEDICAL RESEARCH FOUNDATION OF SAN DIEGO,SAN DIEGO,CA,2024,National Institutes of Health,3179150.37,4
E4SPG9ZLLE76,VETERANS MEDICAL RESEARCH FOUNDATION OF SAN DIEGO,SAN DIEGO,CA,2025,National Institutes of Health,3619544.98,3
E4SPG9ZLLE76,VETERANS MEDICAL RESEARCH FOUNDATION OF SAN DIEGO,SAN DIEGO,CA,2026,National Institutes of Health,2557692.67,1
E4Z2NUYUMHF9,TEXAS TECH UNIVERSITY HEALTH SCIENCES CENTER,LUBBOCK,TX,2016,National Institutes of Health,7390702.0,25
E4Z2NUYUMHF9,TEXAS TECH UNIVERSITY HEALTH SCIENCES CENTER,LUBBOCK,TX,2016,National Science Foundation,481374.0,3
E4Z2NUYUMHF9,TEXAS TECH UNIVERSITY HEALTH SCIENCES CENTER,LUBBOCK,TX,2017,National Institutes of Health,8436009.0,30
E4Z2NUYUMHF9,TEXAS TECH UNIVERSITY HEALTH SCIENCES CENTER,LUBBOCK,TX,2017,National Science Foundation,50000.0,1
E4Z2NUYUMHF9,TEXAS TECH UNIVERSITY HEALTH SCIENCES CENTER,LUBBOCK,TX,2018,National Institutes of Health,9600572.0,17
E4Z2NUYUMHF9,TEXAS TECH UNIVERSITY HEALTH SCIENCES CENTER,LUBBOCK,TX,2018,National Science Foundation,323142.0,4
E4Z2NUYUMHF9,TEXAS TECH UNIVERSITY HEALTH SCIENCES CENTER,LUBBOCK,TX,2019,National Institutes of Health,13284909.0,17
E4Z2NUYUMHF9,TEXAS TECH UNIVERSITY HEALTH SCIENCES CENTER,LUBBOCK,TX,2019,National Science Foundation,483583.0,3
E4Z2NUYUMHF9,TEXAS TECH UNIVERSITY HEALTH SCIENCES CENTER,LUBBOCK,TX,2020,National Institutes of Health,10842516.0,9
E4Z2NUYUMHF9,TEXAS TECH UNIVERSITY HEALTH SCIENCES CENTER,LUBBOCK,TX,2020,National Science Foundation,767206.0,1
E4Z2NUYUMHF9,TEXAS TECH UNIVERSITY HEALTH SCIENCES CENTER,LUBBOCK,TX,2021,National Institutes of Health,8556335.040000001,4
E4Z2NUYUMHF9,TEXAS TECH UNIVERSITY HEALTH SCIENCES CENTER,LUBBOCK,TX,2021,National Science Foundation,50000.0,1
E4Z2NUYUMHF9,TEXAS TECH UNIVERSITY HEALTH SCIENCES CENTER,LUBBOCK,TX,2022,National Institutes of Health,13279350.79,8
E4Z2NUYUMHF9,TEXAS TECH UNIVERSITY HEALTH SCIENCES CENTER,LUBBOCK,TX,2022,National Science Foundation,525726.0,2
E4Z2NUYUMHF9,TEXAS TECH UNIVERSITY HEALTH SCIENCES CENTER,LUBBOCK,TX,2023,National Institutes of Health,10424612.17,11
E4Z2NUYUMHF9,TEXAS TECH UNIVERSITY HEALTH SCIENCES CENTER,LUBBOCK,TX,2023,National Science Foundation,155000.0,2
E4Z2NUYUMHF9,TEXAS TECH UNIVERSITY HEALTH SCIENCES CENTER,LUBBOCK,TX,2024,National Institutes of Health,11593722.990000002,8
E4Z2NUYUMHF9,TEXAS TECH UNIVERSITY HEALTH SCIENCES CENTER,LUBBOCK,TX,2024,National Science Foundation,119208.0,2
E4Z2NUYUMHF9,TEXAS TECH UNIVERSITY HEALTH SCIENCES CENTER,LUBBOCK,TX,2025,National Institutes of Health,10259963.59,5
E4Z2NUYUMHF9,TEXAS TECH UNIVERSITY HEALTH SCIENCES CENTER,LUBBOCK,TX,2026,National Institutes of Health,7280094.35,4
E4Z2NUYUMHF9,TEXAS TECH UNIVERSITY HEALTH SCIENCES CENTER,LUBBOCK,TX,2026,National Science Foundation,0.0,0
E6KZG3MNE1D5,SANFORD RESEARCH,FARGO,ND,2016,National Institutes of Health,12591713.0,13
E6KZG3MNE1D5,SANFORD RESEARCH,FARGO,ND,2016,National Science Foundation,358732.0,2
E6KZG3MNE1D5,SANFORD RESEARCH,FARGO,ND,2017,National Institutes of Health,13895766.0,5
E6KZG3MNE1D5,SANFORD RESEARCH,FARGO,ND,2018,National Institutes of Health,5106890.0,2
E6KZG3MNE1D5,SANFORD RESEARCH,FARGO,ND,2018,National Science Foundation,329000.0,1
E6KZG3MNE1D5,SANFORD RESEARCH,FARGO,ND,2019,National Institutes of Health,9359281.0,2
E6KZG3MNE1D5,SANFORD RESEARCH,FARGO,ND,2019,National Science Foundation,0.0,0
E6KZG3MNE1D5,SANFORD RESEARCH,FARGO,ND,2020,National Institutes of Health,10035118.0,2
E6KZG3MNE1D5,SANFORD RESEARCH,FARGO,ND,2021,National Institutes of Health,3829769.79,1
E6KZG3MNE1D5,SANFORD RESEARCH,FARGO,ND,2022,National Institutes of Health,8705286.0,5
E6KZG3MNE1D5,SANFORD RESEARCH,FARGO,ND,2023,National Institutes of Health,5923535.18,4
E6KZG3MNE1D5,SANFORD RESEARCH,FARGO,ND,2023,National Science Foundation,378652.0,1
E6KZG3MNE1D5,SANFORD RESEARCH,FARGO,ND,2024,National Institutes of Health,6570765.0,2
E6KZG3MNE1D5,SANFORD RESEARCH,FARGO,ND,2025,National Institutes of Health,8007061.23,4
E6KZG3MNE1D5,SANFORD RESEARCH,FARGO,ND,2026,National Institutes of Health,7682632.54,2
E8VWJXMMUQ67,"THE MEDICAL COLLEGE OF WISCONSIN, INC.",MILWAUKEE,WI,2016,National Institutes of Health,90761215.0,171
E8VWJXMMUQ67,"THE MEDICAL COLLEGE OF WISCONSIN, INC.",MILWAUKEE,WI,2017,National Institutes of Health,75022094.0,97
E8VWJXMMUQ67,"THE MEDICAL COLLEGE OF WISCONSIN, INC.",MILWAUKEE,WI,2017,National Science Foundation,198401.0,1
E8VWJXMMUQ67,"THE MEDICAL COLLEGE OF WISCONSIN, INC.",MILWAUKEE,WI,2018,National Institutes of Health,100508714.0,74
E8VWJXMMUQ67,"THE MEDICAL COLLEGE OF WISCONSIN, INC.",MILWAUKEE,WI,2018,National Science Foundation,701642.0,2
E8VWJXMMUQ67,"THE MEDICAL COLLEGE OF WISCONSIN, INC.",MILWAUKEE,WI,2019,National Institutes of Health,113395704.0,72
E8VWJXMMUQ67,"THE MEDICAL COLLEGE OF WISCONSIN, INC.",MILWAUKEE,WI,2019,National Science Foundation,262705.0,1
E8VWJXMMUQ67,"THE MEDICAL COLLEGE OF WISCONSIN, INC.",MILWAUKEE,WI,2020,National Institutes of Health,112187303.0,47
E8VWJXMMUQ67,"THE MEDICAL COLLEGE OF WISCONSIN, INC.",MILWAUKEE,WI,2020,National Science Foundation,199909.0,1
E8VWJXMMUQ67,"THE MEDICAL COLLEGE OF WISCONSIN, INC.",MILWAUKEE,WI,2021,National Institutes of Health,114050543.86000001,58
E8VWJXMMUQ67,"THE MEDICAL COLLEGE OF WISCONSIN, INC.",MILWAUKEE,WI,2021,National Science Foundation,995051.0,2
E8VWJXMMUQ67,"THE MEDICAL COLLEGE OF WISCONSIN, INC.",MILWAUKEE,WI,2022,National Institutes of Health,110762374.94000003,63
E8VWJXMMUQ67,"THE MEDICAL COLLEGE OF WISCONSIN, INC.",MILWAUKEE,WI,2022,National Science Foundation,299997.0,1
E8VWJXMMUQ67,"THE MEDICAL COLLEGE OF WISCONSIN, INC.",MILWAUKEE,WI,2023,National Institutes of Health,111951276.75000001,66
E8VWJXMMUQ67,"THE MEDICAL COLLEGE OF WISCONSIN, INC.",MILWAUKEE,WI,2024,National Institutes of Health,102212886.19,58
E8VWJXMMUQ67,"THE MEDICAL COLLEGE OF WISCONSIN, INC.",MILWAUKEE,WI,2024,National Science Foundation,50000.0,1
E8VWJXMMUQ67,"THE MEDICAL COLLEGE OF WISCONSIN, INC.",MILWAUKEE,WI,2025,National Institutes of Health,107198660.18,60
E8VWJXMMUQ67,"THE MEDICAL COLLEGE OF WISCONSIN, INC.",MILWAUKEE,WI,2025,National Science Foundation,270947.0,2
E8VWJXMMUQ67,"THE MEDICAL COLLEGE OF WISCONSIN, INC.",MILWAUKEE,WI,2026,National Institutes of Health,97575765.08999999,53
E8VWJXMMUQ67,"THE MEDICAL COLLEGE OF WISCONSIN, INC.",MILWAUKEE,WI,2026,National Science Foundation,0.0,0
EADLFP7Z72E5,GEORGE MASON UNIVERSITY,FAIRFAX,VA,2016,National Institutes of Health,6177382.0,20
EADLFP7Z72E5,GEORGE MASON UNIVERSITY,FAIRFAX,VA,2016,National Science Foundation,13024562.0,52
EADLFP7Z72E5,GEORGE MASON UNIVERSITY,FAIRFAX,VA,2017,National Institutes of Health,5173265.0,20
EADLFP7Z72E5,GEORGE MASON UNIVERSITY,FAIRFAX,VA,2017,National Science Foundation,16932292.0,51
EADLFP7Z72E5,GEORGE MASON UNIVERSITY,FAIRFAX,VA,2018,National Institutes of Health,4677367.0,9
EADLFP7Z72E5,GEORGE MASON UNIVERSITY,FAIRFAX,VA,2018,National Science Foundation,13638976.0,45
EADLFP7Z72E5,GEORGE MASON UNIVERSITY,FAIRFAX,VA,2019,National Institutes of Health,11613325.0,11
EADLFP7Z72E5,GEORGE MASON UNIVERSITY,FAIRFAX,VA,2019,National Science Foundation,13570274.0,37
EADLFP7Z72E5,GEORGE MASON UNIVERSITY,FAIRFAX,VA,2020,National Institutes of Health,8815257.0,13
EADLFP7Z72E5,GEORGE MASON UNIVERSITY,FAIRFAX,VA,2020,National Science Foundation,15300340.0,48
EADLFP7Z72E5,GEORGE MASON UNIVERSITY,FAIRFAX,VA,2021,National Institutes of Health,6280491.0,2
EADLFP7Z72E5,GEORGE MASON UNIVERSITY,FAIRFAX,VA,2021,National Science Foundation,16047422.0,49
EADLFP7Z72E5,GEORGE MASON UNIVERSITY,FAIRFAX,VA,2022,National Institutes of Health,16306139.219999999,9
EADLFP7Z72E5,GEORGE MASON UNIVERSITY,FAIRFAX,VA,2022,National Science Foundation,16105486.0,44
EADLFP7Z72E5,GEORGE MASON UNIVERSITY,FAIRFAX,VA,2023,National Institutes of Health,14663493.969999999,11
EADLFP7Z72E5,GEORGE MASON UNIVERSITY,FAIRFAX,VA,2023,National Science Foundation,26366760.0,71
EADLFP7Z72E5,GEORGE MASON UNIVERSITY,FAIRFAX,VA,2024,National Institutes of Health,11403037.91,6
EADLFP7Z72E5,GEORGE MASON UNIVERSITY,FAIRFAX,VA,2024,National Science Foundation,28204639.0,66
EADLFP7Z72E5,GEORGE MASON UNIVERSITY,FAIRFAX,VA,2025,National Institutes of Health,17804479.61,7
EADLFP7Z72E5,GEORGE MASON UNIVERSITY,FAIRFAX,VA,2025,National Science Foundation,17667760.0,39
EADLFP7Z72E5,GEORGE MASON UNIVERSITY,FAIRFAX,VA,2026,National Institutes of Health,14013598.669999998,5
EADLFP7Z72E5,GEORGE MASON UNIVERSITY,FAIRFAX,VA,2026,National Science Foundation,6544896.0,19
EAL3QNJK3CB9,"RESEARCH FOUNDATION FOR MENTAL HYGIENE, INC.",ORANGEBURG,NY,2016,National Institutes of Health,7623313.0,17
EAL3QNJK3CB9,"RESEARCH FOUNDATION FOR MENTAL HYGIENE, INC.",ORANGEBURG,NY,2017,National Institutes of Health,9678264.0,10
EAL3QNJK3CB9,"RESEARCH FOUNDATION FOR MENTAL HYGIENE, INC.",ORANGEBURG,NY,2018,National Institutes of Health,10513216.0,7
EAL3QNJK3CB9,"RESEARCH FOUNDATION FOR MENTAL HYGIENE, INC.",ORANGEBURG,NY,2019,National Institutes of Health,9532119.0,1
EAL3QNJK3CB9,"RESEARCH FOUNDATION FOR MENTAL HYGIENE, INC.",ORANGEBURG,NY,2020,National Institutes of Health,9311143.0,2
EAL3QNJK3CB9,"RESEARCH FOUNDATION FOR MENTAL HYGIENE, INC.",ORANGEBURG,NY,2021,National Institutes of Health,8401004.0,5
EAL3QNJK3CB9,"RESEARCH FOUNDATION FOR MENTAL HYGIENE, INC.",ORANGEBURG,NY,2021,National Science Foundation,3740073.0,1
EAL3QNJK3CB9,"RESEARCH FOUNDATION FOR MENTAL HYGIENE, INC.",ORANGEBURG,NY,2022,National Institutes of Health,5501279.14,3
EAL3QNJK3CB9,"RESEARCH FOUNDATION FOR MENTAL HYGIENE, INC.",ORANGEBURG,NY,2022,National Science Foundation,0.0,0
EAL3QNJK3CB9,"RESEARCH FOUNDATION FOR MENTAL HYGIENE, INC.",ORANGEBURG,NY,2023,National Institutes of Health,9704702.08,6
EAL3QNJK3CB9,"RESEARCH FOUNDATION FOR MENTAL HYGIENE, INC.",ORANGEBURG,NY,2024,National Institutes of Health,17458340.38,7
EAL3QNJK3CB9,"RESEARCH FOUNDATION FOR MENTAL HYGIENE, INC.",ORANGEBURG,NY,2025,National Institutes of Health,10606418.53,5
EAL3QNJK3CB9,"RESEARCH FOUNDATION FOR MENTAL HYGIENE, INC.",ORANGEBURG,NY,2026,National Institutes of Health,9447073.790000001,2
EAZXZLPJYJZ2,PROTEOGENOMICS RESEARCH INSTITUTE FOR SYSTEMS MEDICINE,LA JOLLA,CA,2016,National Institutes of Health,3877650.0,4
EAZXZLPJYJZ2,PROTEOGENOMICS RESEARCH INSTITUTE FOR SYSTEMS MEDICINE,LA JOLLA,CA,2017,National Institutes of Health,3901465.0,1
EAZXZLPJYJZ2,PROTEOGENOMICS RESEARCH INSTITUTE FOR SYSTEMS MEDICINE,LA JOLLA,CA,2018,National Institutes of Health,4003287.0,0
EAZXZLPJYJZ2,PROTEOGENOMICS RESEARCH INSTITUTE FOR SYSTEMS MEDICINE,LA JOLLA,CA,2019,National Institutes of Health,7924797.0,4
EAZXZLPJYJZ2,PROTEOGENOMICS RESEARCH INSTITUTE FOR SYSTEMS MEDICINE,LA JOLLA,CA,2020,National Institutes of Health,4290300.0,0
EAZXZLPJYJZ2,PROTEOGENOMICS RESEARCH INSTITUTE FOR SYSTEMS MEDICINE,LA JOLLA,CA,2021,National Institutes of Health,4256302.0,0
EAZXZLPJYJZ2,PROTEOGENOMICS RESEARCH INSTITUTE FOR SYSTEMS MEDICINE,LA JOLLA,CA,2022,National Institutes of Health,3643861.4,0
EAZXZLPJYJZ2,PROTEOGENOMICS RESEARCH INSTITUTE FOR SYSTEMS MEDICINE,LA JOLLA,CA,2023,National Institutes of Health,4539807.600000001,1
EAZXZLPJYJZ2,PROTEOGENOMICS RESEARCH INSTITUTE FOR SYSTEMS MEDICINE,LA JOLLA,CA,2024,National Institutes of Health,1711672.56,1
EAZXZLPJYJZ2,PROTEOGENOMICS RESEARCH INSTITUTE FOR SYSTEMS MEDICINE,LA JOLLA,CA,2025,National Institutes of Health,1706465.0,0
EAZXZLPJYJZ2,PROTEOGENOMICS RESEARCH INSTITUTE FOR SYSTEMS MEDICINE,LA JOLLA,CA,2026,National Institutes of Health,1670231.0,0
EB8ASJBCFER9,TRUSTEES OF DARTMOUTH COLLEGE,HANOVER,NH,2016,National Institutes of Health,89552161.0,177
EB8ASJBCFER9,TRUSTEES OF DARTMOUTH COLLEGE,HANOVER,NH,2016,National Science Foundation,23915206.0,58
EB8ASJBCFER9,TRUSTEES OF DARTMOUTH COLLEGE,HANOVER,NH,2017,National Institutes of Health,88417828.0,103
EB8ASJBCFER9,TRUSTEES OF DARTMOUTH COLLEGE,HANOVER,NH,2017,National Science Foundation,17748163.0,36
EB8ASJBCFER9,TRUSTEES OF DARTMOUTH COLLEGE,HANOVER,NH,2018,National Institutes of Health,86116497.0,58
EB8ASJBCFER9,TRUSTEES OF DARTMOUTH COLLEGE,HANOVER,NH,2018,National Science Foundation,16563365.0,34
EB8ASJBCFER9,TRUSTEES OF DARTMOUTH COLLEGE,HANOVER,NH,2019,National Institutes of Health,81541524.0,34
EB8ASJBCFER9,TRUSTEES OF DARTMOUTH COLLEGE,HANOVER,NH,2019,National Science Foundation,23880002.0,32
EB8ASJBCFER9,TRUSTEES OF DARTMOUTH COLLEGE,HANOVER,NH,2020,National Institutes of Health,89785792.0,41
EB8ASJBCFER9,TRUSTEES OF DARTMOUTH COLLEGE,HANOVER,NH,2020,National Science Foundation,21022959.0,43
EB8ASJBCFER9,TRUSTEES OF DARTMOUTH COLLEGE,HANOVER,NH,2021,National Institutes of Health,86250633.65,34
EB8ASJBCFER9,TRUSTEES OF DARTMOUTH COLLEGE,HANOVER,NH,2021,National Science Foundation,18505537.0,28
EB8ASJBCFER9,TRUSTEES OF DARTMOUTH COLLEGE,HANOVER,NH,2022,National Institutes of Health,92641172.75999999,37
EB8ASJBCFER9,TRUSTEES OF DARTMOUTH COLLEGE,HANOVER,NH,2022,National Science Foundation,19124240.0,29
EB8ASJBCFER9,TRUSTEES OF DARTMOUTH COLLEGE,HANOVER,NH,2023,National Institutes of Health,93729279.16,41
EB8ASJBCFER9,TRUSTEES OF DARTMOUTH COLLEGE,HANOVER,NH,2023,National Science Foundation,16963484.0,30
EB8ASJBCFER9,TRUSTEES OF DARTMOUTH COLLEGE,HANOVER,NH,2024,National Institutes of Health,90760701.67,26
EB8ASJBCFER9,TRUSTEES OF DARTMOUTH COLLEGE,HANOVER,NH,2024,National Science Foundation,17227117.0,30
EB8ASJBCFER9,TRUSTEES OF DARTMOUTH COLLEGE,HANOVER,NH,2025,National Institutes of Health,102955573.74999999,39
EB8ASJBCFER9,TRUSTEES OF DARTMOUTH COLLEGE,HANOVER,NH,2025,National Science Foundation,21406094.0,43
EB8ASJBCFER9,TRUSTEES OF DARTMOUTH COLLEGE,HANOVER,NH,2026,National Institutes of Health,92622322.72,25
EB8ASJBCFER9,TRUSTEES OF DARTMOUTH COLLEGE,HANOVER,NH,2026,National Science Foundation,5618458.0,8
ECQEYCHRNKJ4,LOUISIANA STATE UNIVERSITY,BATON ROUGE,LA,2016,National Institutes of Health,13105832.0,26
ECQEYCHRNKJ4,LOUISIANA STATE UNIVERSITY,BATON ROUGE,LA,2016,National Science Foundation,14017463.0,75
ECQEYCHRNKJ4,LOUISIANA STATE UNIVERSITY,BATON ROUGE,LA,2017,National Institutes of Health,10370288.0,18
ECQEYCHRNKJ4,LOUISIANA STATE UNIVERSITY,BATON ROUGE,LA,2017,National Science Foundation,14760342.0,57
ECQEYCHRNKJ4,LOUISIANA STATE UNIVERSITY,BATON ROUGE,LA,2018,National Institutes of Health,13195848.0,21
ECQEYCHRNKJ4,LOUISIANA STATE UNIVERSITY,BATON ROUGE,LA,2018,National Science Foundation,12397602.0,52
ECQEYCHRNKJ4,LOUISIANA STATE UNIVERSITY,BATON ROUGE,LA,2019,National Institutes of Health,12514068.0,11
ECQEYCHRNKJ4,LOUISIANA STATE UNIVERSITY,BATON ROUGE,LA,2019,National Science Foundation,14691769.0,48
ECQEYCHRNKJ4,LOUISIANA STATE UNIVERSITY,BATON ROUGE,LA,2020,National Institutes of Health,13639678.0,12
ECQEYCHRNKJ4,LOUISIANA STATE UNIVERSITY,BATON ROUGE,LA,2020,National Science Foundation,18702767.0,51
ECQEYCHRNKJ4,LOUISIANA STATE UNIVERSITY,BATON ROUGE,LA,2021,National Institutes of Health,16850921.71,10
ECQEYCHRNKJ4,LOUISIANA STATE UNIVERSITY,BATON ROUGE,LA,2021,National Science Foundation,21043902.0,45
ECQEYCHRNKJ4,LOUISIANA STATE UNIVERSITY,BATON ROUGE,LA,2022,National Institutes of Health,16813976.05,12
ECQEYCHRNKJ4,LOUISIANA STATE UNIVERSITY,BATON ROUGE,LA,2022,National Science Foundation,25618340.0,64
ECQEYCHRNKJ4,LOUISIANA STATE UNIVERSITY,BATON ROUGE,LA,2023,National Institutes of Health,20159689.0,15
ECQEYCHRNKJ4,LOUISIANA STATE UNIVERSITY,BATON ROUGE,LA,2023,National Science Foundation,16964705.0,39
ECQEYCHRNKJ4,LOUISIANA STATE UNIVERSITY,BATON ROUGE,LA,2024,National Institutes of Health,19696829.699999996,13
ECQEYCHRNKJ4,LOUISIANA STATE UNIVERSITY,BATON ROUGE,LA,2024,National Science Foundation,38786953.0,63
ECQEYCHRNKJ4,LOUISIANA STATE UNIVERSITY,BATON ROUGE,LA,2025,National Institutes of Health,19214974.68,8
ECQEYCHRNKJ4,LOUISIANA STATE UNIVERSITY,BATON ROUGE,LA,2025,National Science Foundation,27634796.0,50
ECQEYCHRNKJ4,LOUISIANA STATE UNIVERSITY,BATON ROUGE,LA,2026,National Institutes of Health,12934508.11,6
ECQEYCHRNKJ4,LOUISIANA STATE UNIVERSITY,BATON ROUGE,LA,2026,National Science Foundation,22532879.0,10
ECR5E2LU5BL6,GEORGE WASHINGTON UNIVERSITY (THE),WASHINGTON,DC,2016,National Institutes of Health,105920469.0,87
ECR5E2LU5BL6,GEORGE WASHINGTON UNIVERSITY (THE),WASHINGTON,DC,2016,National Science Foundation,13318173.0,76
ECR5E2LU5BL6,GEORGE WASHINGTON UNIVERSITY (THE),WASHINGTON,DC,2017,National Institutes of Health,105686689.0,65
ECR5E2LU5BL6,GEORGE WASHINGTON UNIVERSITY (THE),WASHINGTON,DC,2017,National Science Foundation,12444564.0,47
ECR5E2LU5BL6,GEORGE WASHINGTON UNIVERSITY (THE),WASHINGTON,DC,2018,National Institutes of Health,96489149.0,42
ECR5E2LU5BL6,GEORGE WASHINGTON UNIVERSITY (THE),WASHINGTON,DC,2018,National Science Foundation,19329702.0,53
ECR5E2LU5BL6,GEORGE WASHINGTON UNIVERSITY (THE),WASHINGTON,DC,2019,National Institutes of Health,107367771.0,30
ECR5E2LU5BL6,GEORGE WASHINGTON UNIVERSITY (THE),WASHINGTON,DC,2019,National Science Foundation,10206253.0,34
ECR5E2LU5BL6,GEORGE WASHINGTON UNIVERSITY (THE),WASHINGTON,DC,2020,National Institutes of Health,88154970.0,39
ECR5E2LU5BL6,GEORGE WASHINGTON UNIVERSITY (THE),WASHINGTON,DC,2020,National Science Foundation,10750424.0,55
ECR5E2LU5BL6,GEORGE WASHINGTON UNIVERSITY (THE),WASHINGTON,DC,2021,National Institutes of Health,83126258.41,33
ECR5E2LU5BL6,GEORGE WASHINGTON UNIVERSITY (THE),WASHINGTON,DC,2021,National Science Foundation,16421891.0,26
ECR5E2LU5BL6,GEORGE WASHINGTON UNIVERSITY (THE),WASHINGTON,DC,2022,National Institutes of Health,79485065.47999999,34
ECR5E2LU5BL6,GEORGE WASHINGTON UNIVERSITY (THE),WASHINGTON,DC,2022,National Science Foundation,16189264.0,32
ECR5E2LU5BL6,GEORGE WASHINGTON UNIVERSITY (THE),WASHINGTON,DC,2023,National Institutes of Health,70803729.60000001,38
ECR5E2LU5BL6,GEORGE WASHINGTON UNIVERSITY (THE),WASHINGTON,DC,2023,National Science Foundation,15379109.0,33
ECR5E2LU5BL6,GEORGE WASHINGTON UNIVERSITY (THE),WASHINGTON,DC,2024,National Institutes of Health,84892159.6,31
ECR5E2LU5BL6,GEORGE WASHINGTON UNIVERSITY (THE),WASHINGTON,DC,2024,National Science Foundation,11297525.0,32
ECR5E2LU5BL6,GEORGE WASHINGTON UNIVERSITY (THE),WASHINGTON,DC,2025,National Institutes of Health,76311465.17999999,24
ECR5E2LU5BL6,GEORGE WASHINGTON UNIVERSITY (THE),WASHINGTON,DC,2025,National Science Foundation,8136855.0,21
ECR5E2LU5BL6,GEORGE WASHINGTON UNIVERSITY (THE),WASHINGTON,DC,2026,National Institutes of Health,63031978.339999996,20
ECR5E2LU5BL6,GEORGE WASHINGTON UNIVERSITY (THE),WASHINGTON,DC,2026,National Science Foundation,6195417.0,12
ED44Y3W6P7B9,UNIVERSITY OF ARIZONA,TUCSON,AZ,2016,National Institutes of Health,84320202.0,195
ED44Y3W6P7B9,UNIVERSITY OF ARIZONA,TUCSON,AZ,2016,National Science Foundation,61775826.0,189
ED44Y3W6P7B9,UNIVERSITY OF ARIZONA,TUCSON,AZ,2017,National Institutes of Health,94466548.0,131
ED44Y3W6P7B9,UNIVERSITY OF ARIZONA,TUCSON,AZ,2017,National Science Foundation,58175477.0,117
ED44Y3W6P7B9,UNIVERSITY OF ARIZONA,TUCSON,AZ,2018,National Institutes of Health,125004086.0,112
ED44Y3W6P7B9,UNIVERSITY OF ARIZONA,TUCSON,AZ,2018,National Science Foundation,45040117.0,112
ED44Y3W6P7B9,UNIVERSITY OF ARIZONA,TUCSON,AZ,2019,National Institutes of Health,126933613.0,76
ED44Y3W6P7B9,UNIVERSITY OF ARIZONA,TUCSON,AZ,2019,National Science Foundation,50225955.0,99
ED44Y3W6P7B9,UNIVERSITY OF ARIZONA,TUCSON,AZ,2020,National Institutes of Health,147030009.0,86
ED44Y3W6P7B9,UNIVERSITY OF ARIZONA,TUCSON,AZ,2020,National Science Foundation,57013015.0,111
ED44Y3W6P7B9,UNIVERSITY OF ARIZONA,TUCSON,AZ,2021,National Institutes of Health,153289290.58,66
ED44Y3W6P7B9,UNIVERSITY OF ARIZONA,TUCSON,AZ,2021,National Science Foundation,50098904.0,91
ED44Y3W6P7B9,UNIVERSITY OF ARIZONA,TUCSON,AZ,2022,National Institutes of Health,149704532.98000002,82
ED44Y3W6P7B9,UNIVERSITY OF ARIZONA,TUCSON,AZ,2022,National Science Foundation,59256747.0,90
ED44Y3W6P7B9,UNIVERSITY OF ARIZONA,TUCSON,AZ,2023,National Institutes of Health,187525225.94,104
ED44Y3W6P7B9,UNIVERSITY OF ARIZONA,TUCSON,AZ,2023,National Science Foundation,42671353.0,83
ED44Y3W6P7B9,UNIVERSITY OF ARIZONA,TUCSON,AZ,2024,National Institutes of Health,163674838.08999997,71
ED44Y3W6P7B9,UNIVERSITY OF ARIZONA,TUCSON,AZ,2024,National Science Foundation,55011964.0,77
ED44Y3W6P7B9,UNIVERSITY OF ARIZONA,TUCSON,AZ,2025,National Institutes of Health,183073991.40999997,77
ED44Y3W6P7B9,UNIVERSITY OF ARIZONA,TUCSON,AZ,2025,National Science Foundation,43099402.0,57
ED44Y3W6P7B9,UNIVERSITY OF ARIZONA,TUCSON,AZ,2026,National Institutes of Health,137355316.8,59
ED44Y3W6P7B9,UNIVERSITY OF ARIZONA,TUCSON,AZ,2026,National Science Foundation,8752702.0,10
EGLKRQ5JBCZ7,TEXAS TECH UNIVERSITY SYSTEM,LUBBOCK,TX,2016,National Institutes of Health,2880612.0,10
EGLKRQ5JBCZ7,TEXAS TECH UNIVERSITY SYSTEM,LUBBOCK,TX,2016,National Science Foundation,6560044.0,38
EGLKRQ5JBCZ7,TEXAS TECH UNIVERSITY SYSTEM,LUBBOCK,TX,2017,National Institutes of Health,3851684.0,12
EGLKRQ5JBCZ7,TEXAS TECH UNIVERSITY SYSTEM,LUBBOCK,TX,2017,National Science Foundation,8049881.0,38
EGLKRQ5JBCZ7,TEXAS TECH UNIVERSITY SYSTEM,LUBBOCK,TX,2018,National Institutes of Health,4214205.0,6
EGLKRQ5JBCZ7,TEXAS TECH UNIVERSITY SYSTEM,LUBBOCK,TX,2018,National Science Foundation,7561062.0,38
EGLKRQ5JBCZ7,TEXAS TECH UNIVERSITY SYSTEM,LUBBOCK,TX,2019,National Institutes of Health,5077681.0,7
EGLKRQ5JBCZ7,TEXAS TECH UNIVERSITY SYSTEM,LUBBOCK,TX,2019,National Science Foundation,10631105.0,38
EGLKRQ5JBCZ7,TEXAS TECH UNIVERSITY SYSTEM,LUBBOCK,TX,2020,National Institutes of Health,5611561.0,4
EGLKRQ5JBCZ7,TEXAS TECH UNIVERSITY SYSTEM,LUBBOCK,TX,2020,National Science Foundation,10337010.0,37
EGLKRQ5JBCZ7,TEXAS TECH UNIVERSITY SYSTEM,LUBBOCK,TX,2021,National Institutes of Health,5412597.69,8
EGLKRQ5JBCZ7,TEXAS TECH UNIVERSITY SYSTEM,LUBBOCK,TX,2021,National Science Foundation,8455144.0,34
EGLKRQ5JBCZ7,TEXAS TECH UNIVERSITY SYSTEM,LUBBOCK,TX,2022,National Institutes of Health,4409707.76,6
EGLKRQ5JBCZ7,TEXAS TECH UNIVERSITY SYSTEM,LUBBOCK,TX,2022,National Science Foundation,17044578.0,37
EGLKRQ5JBCZ7,TEXAS TECH UNIVERSITY SYSTEM,LUBBOCK,TX,2023,National Institutes of Health,5807758.82,7
EGLKRQ5JBCZ7,TEXAS TECH UNIVERSITY SYSTEM,LUBBOCK,TX,2023,National Science Foundation,16468905.0,35
EGLKRQ5JBCZ7,TEXAS TECH UNIVERSITY SYSTEM,LUBBOCK,TX,2024,National Institutes of Health,5179420.88,6
EGLKRQ5JBCZ7,TEXAS TECH UNIVERSITY SYSTEM,LUBBOCK,TX,2024,National Science Foundation,16434051.0,25
EGLKRQ5JBCZ7,TEXAS TECH UNIVERSITY SYSTEM,LUBBOCK,TX,2025,National Institutes of Health,3650902.0500000003,4
EGLKRQ5JBCZ7,TEXAS TECH UNIVERSITY SYSTEM,LUBBOCK,TX,2025,National Science Foundation,29073706.0,25
EGLKRQ5JBCZ7,TEXAS TECH UNIVERSITY SYSTEM,LUBBOCK,TX,2026,National Institutes of Health,7193840.9,9
EGLKRQ5JBCZ7,TEXAS TECH UNIVERSITY SYSTEM,LUBBOCK,TX,2026,National Science Foundation,2960182.0,9
EJ3UF7TK8RT5,MONTANA STATE UNIVERSITY,BOZEMAN,MT,2016,National Institutes of Health,19221071.0,37
EJ3UF7TK8RT5,MONTANA STATE UNIVERSITY,BOZEMAN,MT,2016,National Science Foundation,15546733.0,40
EJ3UF7TK8RT5,MONTANA STATE UNIVERSITY,BOZEMAN,MT,2017,National Institutes of Health,17553630.0,15
EJ3UF7TK8RT5,MONTANA STATE UNIVERSITY,BOZEMAN,MT,2017,National Science Foundation,11380970.0,33
EJ3UF7TK8RT5,MONTANA STATE UNIVERSITY,BOZEMAN,MT,2018,National Institutes of Health,18680149.0,14
EJ3UF7TK8RT5,MONTANA STATE UNIVERSITY,BOZEMAN,MT,2018,National Science Foundation,11112368.0,29
EJ3UF7TK8RT5,MONTANA STATE UNIVERSITY,BOZEMAN,MT,2019,National Institutes of Health,17692950.0,7
EJ3UF7TK8RT5,MONTANA STATE UNIVERSITY,BOZEMAN,MT,2019,National Science Foundation,9651276.0,28
EJ3UF7TK8RT5,MONTANA STATE UNIVERSITY,BOZEMAN,MT,2020,National Institutes of Health,20779963.0,13
EJ3UF7TK8RT5,MONTANA STATE UNIVERSITY,BOZEMAN,MT,2020,National Science Foundation,17969554.0,41
EJ3UF7TK8RT5,MONTANA STATE UNIVERSITY,BOZEMAN,MT,2021,National Institutes of Health,19414661.17,9
EJ3UF7TK8RT5,MONTANA STATE UNIVERSITY,BOZEMAN,MT,2021,National Science Foundation,23897479.0,28
EJ3UF7TK8RT5,MONTANA STATE UNIVERSITY,BOZEMAN,MT,2022,National Institutes of Health,14646983.57,8
EJ3UF7TK8RT5,MONTANA STATE UNIVERSITY,BOZEMAN,MT,2022,National Science Foundation,18523489.0,22
EJ3UF7TK8RT5,MONTANA STATE UNIVERSITY,BOZEMAN,MT,2023,National Institutes of Health,14577213.0,8
EJ3UF7TK8RT5,MONTANA STATE UNIVERSITY,BOZEMAN,MT,2023,National Science Foundation,28897551.0,31
EJ3UF7TK8RT5,MONTANA STATE UNIVERSITY,BOZEMAN,MT,2024,National Institutes of Health,14861517.879999999,4
EJ3UF7TK8RT5,MONTANA STATE UNIVERSITY,BOZEMAN,MT,2024,National Science Foundation,24288029.0,36
EJ3UF7TK8RT5,MONTANA STATE UNIVERSITY,BOZEMAN,MT,2025,National Institutes of Health,18015809.18,5
EJ3UF7TK8RT5,MONTANA STATE UNIVERSITY,BOZEMAN,MT,2025,National Science Foundation,8844808.0,16
EJ3UF7TK8RT5,MONTANA STATE UNIVERSITY,BOZEMAN,MT,2026,National Institutes of Health,12494944.08,5
EJ3UF7TK8RT5,MONTANA STATE UNIVERSITY,BOZEMAN,MT,2026,National Science Foundation,8881195.0,9
EJABWGUJM228,RESEARCH FOUNDATION OF THE CITY UNIVERSITY OF NEW YORK,FLUSHING,NY,2016,National Institutes of Health,2192192.0,5
EJABWGUJM228,RESEARCH FOUNDATION OF THE CITY UNIVERSITY OF NEW YORK,FLUSHING,NY,2016,National Science Foundation,2330266.0,11
EJABWGUJM228,RESEARCH FOUNDATION OF THE CITY UNIVERSITY OF NEW YORK,FLUSHING,NY,2017,National Institutes of Health,1561134.0,9
EJABWGUJM228,RESEARCH FOUNDATION OF THE CITY UNIVERSITY OF NEW YORK,FLUSHING,NY,2017,National Science Foundation,2106149.0,9
EJABWGUJM228,RESEARCH FOUNDATION OF THE CITY UNIVERSITY OF NEW YORK,FLUSHING,NY,2018,National Institutes of Health,1968543.0,4
EJABWGUJM228,RESEARCH FOUNDATION OF THE CITY UNIVERSITY OF NEW YORK,FLUSHING,NY,2018,National Science Foundation,1627476.0,9
EJABWGUJM228,RESEARCH FOUNDATION OF THE CITY UNIVERSITY OF NEW YORK,FLUSHING,NY,2019,National Institutes of Health,3003432.0,7
EJABWGUJM228,RESEARCH FOUNDATION OF THE CITY UNIVERSITY OF NEW YORK,FLUSHING,NY,2019,National Science Foundation,3637043.0,8
EJABWGUJM228,RESEARCH FOUNDATION OF THE CITY UNIVERSITY OF NEW YORK,FLUSHING,NY,2020,National Institutes of Health,2623951.0,2
EJABWGUJM228,RESEARCH FOUNDATION OF THE CITY UNIVERSITY OF NEW YORK,FLUSHING,NY,2020,National Science Foundation,982817.0,8
EJABWGUJM228,RESEARCH FOUNDATION OF THE CITY UNIVERSITY OF NEW YORK,FLUSHING,NY,2021,National Institutes of Health,3635984.0,6
EJABWGUJM228,RESEARCH FOUNDATION OF THE CITY UNIVERSITY OF NEW YORK,FLUSHING,NY,2021,National Science Foundation,2850914.0,6
EJABWGUJM228,RESEARCH FOUNDATION OF THE CITY UNIVERSITY OF NEW YORK,FLUSHING,NY,2022,National Institutes of Health,2903193.69,4
EJABWGUJM228,RESEARCH FOUNDATION OF THE CITY UNIVERSITY OF NEW YORK,FLUSHING,NY,2022,National Science Foundation,4235790.0,9
EJABWGUJM228,RESEARCH FOUNDATION OF THE CITY UNIVERSITY OF NEW YORK,FLUSHING,NY,2023,National Institutes of Health,4036442.78,5
EJABWGUJM228,RESEARCH FOUNDATION OF THE CITY UNIVERSITY OF NEW YORK,FLUSHING,NY,2023,National Science Foundation,2972404.0,8
EJABWGUJM228,RESEARCH FOUNDATION OF THE CITY UNIVERSITY OF NEW YORK,FLUSHING,NY,2024,National Institutes of Health,4381802.51,6
EJABWGUJM228,RESEARCH FOUNDATION OF THE CITY UNIVERSITY OF NEW YORK,FLUSHING,NY,2024,National Science Foundation,3743864.0,9
EJABWGUJM228,RESEARCH FOUNDATION OF THE CITY UNIVERSITY OF NEW YORK,FLUSHING,NY,2025,National Institutes of Health,3695309.81,1
EJABWGUJM228,RESEARCH FOUNDATION OF THE CITY UNIVERSITY OF NEW YORK,FLUSHING,NY,2025,National Science Foundation,3196459.0,4
EJABWGUJM228,RESEARCH FOUNDATION OF THE CITY UNIVERSITY OF NEW YORK,FLUSHING,NY,2026,National Institutes of Health,3485258.76,1
EJABWGUJM228,RESEARCH FOUNDATION OF THE CITY UNIVERSITY OF NEW YORK,FLUSHING,NY,2026,National Science Foundation,-4361.0,1
EJCVPNN1WFS5,UNIVERSITY OF TEXAS AT DALLAS,RICHARDSON,TX,2016,National Institutes of Health,7820519.0,29
EJCVPNN1WFS5,UNIVERSITY OF TEXAS AT DALLAS,RICHARDSON,TX,2016,National Science Foundation,11877664.0,66
EJCVPNN1WFS5,UNIVERSITY OF TEXAS AT DALLAS,RICHARDSON,TX,2017,National Institutes of Health,16673139.0,24
EJCVPNN1WFS5,UNIVERSITY OF TEXAS AT DALLAS,RICHARDSON,TX,2017,National Science Foundation,16542200.0,62
EJCVPNN1WFS5,UNIVERSITY OF TEXAS AT DALLAS,RICHARDSON,TX,2018,National Institutes of Health,18878490.0,32
EJCVPNN1WFS5,UNIVERSITY OF TEXAS AT DALLAS,RICHARDSON,TX,2018,National Science Foundation,7576895.0,35
EJCVPNN1WFS5,UNIVERSITY OF TEXAS AT DALLAS,RICHARDSON,TX,2019,National Institutes of Health,25268129.0,24
EJCVPNN1WFS5,UNIVERSITY OF TEXAS AT DALLAS,RICHARDSON,TX,2019,National Science Foundation,15911875.0,50
EJCVPNN1WFS5,UNIVERSITY OF TEXAS AT DALLAS,RICHARDSON,TX,2020,National Institutes of Health,20682093.0,14
EJCVPNN1WFS5,UNIVERSITY OF TEXAS AT DALLAS,RICHARDSON,TX,2020,National Science Foundation,14175781.0,46
EJCVPNN1WFS5,UNIVERSITY OF TEXAS AT DALLAS,RICHARDSON,TX,2021,National Institutes of Health,22019831.64,12
EJCVPNN1WFS5,UNIVERSITY OF TEXAS AT DALLAS,RICHARDSON,TX,2021,National Science Foundation,12775702.0,39
EJCVPNN1WFS5,UNIVERSITY OF TEXAS AT DALLAS,RICHARDSON,TX,2022,National Institutes of Health,24044863.13,18
EJCVPNN1WFS5,UNIVERSITY OF TEXAS AT DALLAS,RICHARDSON,TX,2022,National Science Foundation,23024775.0,39
EJCVPNN1WFS5,UNIVERSITY OF TEXAS AT DALLAS,RICHARDSON,TX,2023,National Institutes of Health,23285448.36,19
EJCVPNN1WFS5,UNIVERSITY OF TEXAS AT DALLAS,RICHARDSON,TX,2023,National Science Foundation,21386599.0,53
EJCVPNN1WFS5,UNIVERSITY OF TEXAS AT DALLAS,RICHARDSON,TX,2024,National Institutes of Health,24078933.099999998,26
EJCVPNN1WFS5,UNIVERSITY OF TEXAS AT DALLAS,RICHARDSON,TX,2024,National Science Foundation,13994051.0,32
EJCVPNN1WFS5,UNIVERSITY OF TEXAS AT DALLAS,RICHARDSON,TX,2025,National Institutes of Health,36557870.44,23
EJCVPNN1WFS5,UNIVERSITY OF TEXAS AT DALLAS,RICHARDSON,TX,2025,National Science Foundation,12690896.0,37
EJCVPNN1WFS5,UNIVERSITY OF TEXAS AT DALLAS,RICHARDSON,TX,2026,National Institutes of Health,33277446.36,17
EJCVPNN1WFS5,UNIVERSITY OF TEXAS AT DALLAS,RICHARDSON,TX,2026,National Science Foundation,3877225.0,17
EJMHW8SL81L7,"RUTGERS, THE STATE UNIVERSITY",NEW BRUNSWICK,NJ,2016,National Institutes of Health,2882733.0,4
EJMHW8SL81L7,"RUTGERS, THE STATE UNIVERSITY",NEW BRUNSWICK,NJ,2017,National Institutes of Health,4729638.0,3
EJMHW8SL81L7,"RUTGERS, THE STATE UNIVERSITY",NEW BRUNSWICK,NJ,2018,National Institutes of Health,8074624.0,6
EJMHW8SL81L7,"RUTGERS, THE STATE UNIVERSITY",NEW BRUNSWICK,NJ,2019,National Institutes of Health,12100532.0,6
EJMHW8SL81L7,"RUTGERS, THE STATE UNIVERSITY",NEW BRUNSWICK,NJ,2020,National Institutes of Health,20854554.0,7
EJMHW8SL81L7,"RUTGERS, THE STATE UNIVERSITY",NEW BRUNSWICK,NJ,2021,National Institutes of Health,19881783.14,8
EJMHW8SL81L7,"RUTGERS, THE STATE UNIVERSITY",NEW BRUNSWICK,NJ,2022,National Institutes of Health,9450932.25,3
EJMHW8SL81L7,"RUTGERS, THE STATE UNIVERSITY",NEW BRUNSWICK,NJ,2023,National Institutes of Health,-7113746.409999998,0
EJMHW8SL81L7,"RUTGERS, THE STATE UNIVERSITY",NEW BRUNSWICK,NJ,2024,National Institutes of Health,-3059985.0100000007,0
EJMHW8SL81L7,"RUTGERS, THE STATE UNIVERSITY",NEW BRUNSWICK,NJ,2025,National Institutes of Health,-34829.63,0
EJMHW8SL81L7,"RUTGERS, THE STATE UNIVERSITY",NEW BRUNSWICK,NJ,2026,National Institutes of Health,-105941.46,0
EK93EZLLBSC4,RESEARCH FOUNDATION OF THE CITY UNIVERSITY OF NEW YORK,NEW YORK,NY,2016,National Institutes of Health,13876404.0,26
EK93EZLLBSC4,RESEARCH FOUNDATION OF THE CITY UNIVERSITY OF NEW YORK,NEW YORK,NY,2016,National Science Foundation,2586141.0,13
EK93EZLLBSC4,RESEARCH FOUNDATION OF THE CITY UNIVERSITY OF NEW YORK,NEW YORK,NY,2017,National Institutes of Health,12842890.0,26
EK93EZLLBSC4,RESEARCH FOUNDATION OF THE CITY UNIVERSITY OF NEW YORK,NEW YORK,NY,2017,National Science Foundation,408306.0,6
EK93EZLLBSC4,RESEARCH FOUNDATION OF THE CITY UNIVERSITY OF NEW YORK,NEW YORK,NY,2018,National Institutes of Health,15918072.0,12
EK93EZLLBSC4,RESEARCH FOUNDATION OF THE CITY UNIVERSITY OF NEW YORK,NEW YORK,NY,2018,National Science Foundation,2611097.0,11
EK93EZLLBSC4,RESEARCH FOUNDATION OF THE CITY UNIVERSITY OF NEW YORK,NEW YORK,NY,2019,National Institutes of Health,17598277.0,9
EK93EZLLBSC4,RESEARCH FOUNDATION OF THE CITY UNIVERSITY OF NEW YORK,NEW YORK,NY,2019,National Science Foundation,3774806.0,8
EK93EZLLBSC4,RESEARCH FOUNDATION OF THE CITY UNIVERSITY OF NEW YORK,NEW YORK,NY,2020,National Institutes of Health,17105689.0,13
EK93EZLLBSC4,RESEARCH FOUNDATION OF THE CITY UNIVERSITY OF NEW YORK,NEW YORK,NY,2020,National Science Foundation,1271877.0,6
EK93EZLLBSC4,RESEARCH FOUNDATION OF THE CITY UNIVERSITY OF NEW YORK,NEW YORK,NY,2021,National Institutes of Health,12911073.06,6
EK93EZLLBSC4,RESEARCH FOUNDATION OF THE CITY UNIVERSITY OF NEW YORK,NEW YORK,NY,2021,National Science Foundation,2626226.0,8
EK93EZLLBSC4,RESEARCH FOUNDATION OF THE CITY UNIVERSITY OF NEW YORK,NEW YORK,NY,2022,National Institutes of Health,8316605.010000001,5
EK93EZLLBSC4,RESEARCH FOUNDATION OF THE CITY UNIVERSITY OF NEW YORK,NEW YORK,NY,2022,National Science Foundation,1596155.0,8
EK93EZLLBSC4,RESEARCH FOUNDATION OF THE CITY UNIVERSITY OF NEW YORK,NEW YORK,NY,2023,National Institutes of Health,13286026.67,12
EK93EZLLBSC4,RESEARCH FOUNDATION OF THE CITY UNIVERSITY OF NEW YORK,NEW YORK,NY,2023,National Science Foundation,5328678.0,5
EK93EZLLBSC4,RESEARCH FOUNDATION OF THE CITY UNIVERSITY OF NEW YORK,NEW YORK,NY,2024,National Institutes of Health,9390464.91,3
EK93EZLLBSC4,RESEARCH FOUNDATION OF THE CITY UNIVERSITY OF NEW YORK,NEW YORK,NY,2024,National Science Foundation,2320136.0,5
EK93EZLLBSC4,RESEARCH FOUNDATION OF THE CITY UNIVERSITY OF NEW YORK,NEW YORK,NY,2025,National Institutes of Health,10537386.1,4
EK93EZLLBSC4,RESEARCH FOUNDATION OF THE CITY UNIVERSITY OF NEW YORK,NEW YORK,NY,2025,National Science Foundation,397418.0,4
EK93EZLLBSC4,RESEARCH FOUNDATION OF THE CITY UNIVERSITY OF NEW YORK,NEW YORK,NY,2026,National Institutes of Health,4454318.33,3
EK93EZLLBSC4,RESEARCH FOUNDATION OF THE CITY UNIVERSITY OF NEW YORK,NEW YORK,NY,2026,National Science Foundation,339728.0,3
EKHKFP33NN53,CALIFORNIA STATE UNIVERSITY SAN MARCOS CORP,SAN MARCOS,CA,2016,National Institutes of Health,2301351.0,8
EKHKFP33NN53,CALIFORNIA STATE UNIVERSITY SAN MARCOS CORP,SAN MARCOS,CA,2016,National Science Foundation,5077141.0,5
EKHKFP33NN53,CALIFORNIA STATE UNIVERSITY SAN MARCOS CORP,SAN MARCOS,CA,2017,National Institutes of Health,2172859.0,7
EKHKFP33NN53,CALIFORNIA STATE UNIVERSITY SAN MARCOS CORP,SAN MARCOS,CA,2017,National Science Foundation,2795716.0,5
EKHKFP33NN53,CALIFORNIA STATE UNIVERSITY SAN MARCOS CORP,SAN MARCOS,CA,2018,National Institutes of Health,1698167.0,2
EKHKFP33NN53,CALIFORNIA STATE UNIVERSITY SAN MARCOS CORP,SAN MARCOS,CA,2018,National Science Foundation,1696305.0,2
EKHKFP33NN53,CALIFORNIA STATE UNIVERSITY SAN MARCOS CORP,SAN MARCOS,CA,2019,National Institutes of Health,1358470.0,0
EKHKFP33NN53,CALIFORNIA STATE UNIVERSITY SAN MARCOS CORP,SAN MARCOS,CA,2019,National Science Foundation,2694191.0,3
EKHKFP33NN53,CALIFORNIA STATE UNIVERSITY SAN MARCOS CORP,SAN MARCOS,CA,2020,National Institutes of Health,917300.0,2
EKHKFP33NN53,CALIFORNIA STATE UNIVERSITY SAN MARCOS CORP,SAN MARCOS,CA,2020,National Science Foundation,999875.0,2
EKHKFP33NN53,CALIFORNIA STATE UNIVERSITY SAN MARCOS CORP,SAN MARCOS,CA,2021,National Institutes of Health,2828765.06,4
EKHKFP33NN53,CALIFORNIA STATE UNIVERSITY SAN MARCOS CORP,SAN MARCOS,CA,2021,National Science Foundation,1303613.0,3
EKHKFP33NN53,CALIFORNIA STATE UNIVERSITY SAN MARCOS CORP,SAN MARCOS,CA,2022,National Institutes of Health,2411410.87,5
EKHKFP33NN53,CALIFORNIA STATE UNIVERSITY SAN MARCOS CORP,SAN MARCOS,CA,2022,National Science Foundation,1222901.0,3
EKHKFP33NN53,CALIFORNIA STATE UNIVERSITY SAN MARCOS CORP,SAN MARCOS,CA,2023,National Institutes of Health,2224764.87,1
EKHKFP33NN53,CALIFORNIA STATE UNIVERSITY SAN MARCOS CORP,SAN MARCOS,CA,2023,National Science Foundation,1251858.0,4
EKHKFP33NN53,CALIFORNIA STATE UNIVERSITY SAN MARCOS CORP,SAN MARCOS,CA,2024,National Institutes of Health,2858574.55,2
EKHKFP33NN53,CALIFORNIA STATE UNIVERSITY SAN MARCOS CORP,SAN MARCOS,CA,2024,National Science Foundation,2958608.0,7
EKHKFP33NN53,CALIFORNIA STATE UNIVERSITY SAN MARCOS CORP,SAN MARCOS,CA,2025,National Institutes of Health,2424065.3,1
EKHKFP33NN53,CALIFORNIA STATE UNIVERSITY SAN MARCOS CORP,SAN MARCOS,CA,2025,National Science Foundation,3129396.0,3
EKHKFP33NN53,CALIFORNIA STATE UNIVERSITY SAN MARCOS CORP,SAN MARCOS,CA,2026,National Institutes of Health,1867569.22,0
ELA9KB9GJCN8,OLD DOMINION UNIVERSITY,NORFOLK,VA,2016,National Institutes of Health,5055809.0,18
ELA9KB9GJCN8,OLD DOMINION UNIVERSITY,NORFOLK,VA,2017,National Institutes of Health,5393713.0,6
ELA9KB9GJCN8,OLD DOMINION UNIVERSITY,NORFOLK,VA,2018,National Institutes of Health,5256296.0,4
ELA9KB9GJCN8,OLD DOMINION UNIVERSITY,NORFOLK,VA,2019,National Institutes of Health,5373438.0,3
ELA9KB9GJCN8,OLD DOMINION UNIVERSITY,NORFOLK,VA,2020,National Institutes of Health,2340900.0,5
ELA9KB9GJCN8,OLD DOMINION UNIVERSITY,NORFOLK,VA,2021,National Institutes of Health,1004147.6499999999,1
ELA9KB9GJCN8,OLD DOMINION UNIVERSITY,NORFOLK,VA,2022,National Institutes of Health,2863981.3,6
ELA9KB9GJCN8,OLD DOMINION UNIVERSITY,NORFOLK,VA,2023,National Institutes of Health,2220869.66,4
ELA9KB9GJCN8,OLD DOMINION UNIVERSITY,NORFOLK,VA,2024,National Institutes of Health,10053248.31,21
ELA9KB9GJCN8,OLD DOMINION UNIVERSITY,NORFOLK,VA,2025,National Institutes of Health,9307936.36,10
ELA9KB9GJCN8,OLD DOMINION UNIVERSITY,NORFOLK,VA,2026,National Institutes of Health,11087950.149999999,8
ELVQARY4EJZ4,SUTTER BAY HOSPITALS,SAN FRANCISCO,CA,2016,National Institutes of Health,7551641.0,13
ELVQARY4EJZ4,SUTTER BAY HOSPITALS,SAN FRANCISCO,CA,2017,National Institutes of Health,5767969.0,3
ELVQARY4EJZ4,SUTTER BAY HOSPITALS,SAN FRANCISCO,CA,2018,National Institutes of Health,28577536.0,6
ELVQARY4EJZ4,SUTTER BAY HOSPITALS,SAN FRANCISCO,CA,2019,National Institutes of Health,18279291.0,1
ELVQARY4EJZ4,SUTTER BAY HOSPITALS,SAN FRANCISCO,CA,2020,National Institutes of Health,26783483.0,2
ELVQARY4EJZ4,SUTTER BAY HOSPITALS,SAN FRANCISCO,CA,2021,National Institutes of Health,19520369.36,1
ELVQARY4EJZ4,SUTTER BAY HOSPITALS,SAN FRANCISCO,CA,2022,National Institutes of Health,23508901.02,0
ELVQARY4EJZ4,SUTTER BAY HOSPITALS,SAN FRANCISCO,CA,2023,National Institutes of Health,12751663.95,2
ELVQARY4EJZ4,SUTTER BAY HOSPITALS,SAN FRANCISCO,CA,2024,National Institutes of Health,22552985.49,0
ELVQARY4EJZ4,SUTTER BAY HOSPITALS,SAN FRANCISCO,CA,2025,National Institutes of Health,25246675.0,2
ELVQARY4EJZ4,SUTTER BAY HOSPITALS,SAN FRANCISCO,CA,2026,National Institutes of Health,38600.600000000006,0
EMW9FC8J3HN4,GEORGIA TECH RESEARCH CORP,ATLANTA,GA,2016,National Institutes of Health,30902789.0,91
EMW9FC8J3HN4,GEORGIA TECH RESEARCH CORP,ATLANTA,GA,2016,National Science Foundation,70084484.0,279
EMW9FC8J3HN4,GEORGIA TECH RESEARCH CORP,ATLANTA,GA,2017,National Institutes of Health,37797094.0,67
EMW9FC8J3HN4,GEORGIA TECH RESEARCH CORP,ATLANTA,GA,2017,National Science Foundation,69869940.0,205
EMW9FC8J3HN4,GEORGIA TECH RESEARCH CORP,ATLANTA,GA,2018,National Institutes of Health,35527070.0,38
EMW9FC8J3HN4,GEORGIA TECH RESEARCH CORP,ATLANTA,GA,2018,National Science Foundation,76314425.0,178
EMW9FC8J3HN4,GEORGIA TECH RESEARCH CORP,ATLANTA,GA,2019,National Institutes of Health,33982030.0,30
EMW9FC8J3HN4,GEORGIA TECH RESEARCH CORP,ATLANTA,GA,2019,National Science Foundation,89728020.0,166
EMW9FC8J3HN4,GEORGIA TECH RESEARCH CORP,ATLANTA,GA,2020,National Institutes of Health,45087576.0,43
EMW9FC8J3HN4,GEORGIA TECH RESEARCH CORP,ATLANTA,GA,2020,National Science Foundation,68406177.0,168
EMW9FC8J3HN4,GEORGIA TECH RESEARCH CORP,ATLANTA,GA,2021,National Institutes of Health,43177755.870000005,32
EMW9FC8J3HN4,GEORGIA TECH RESEARCH CORP,ATLANTA,GA,2021,National Science Foundation,80039879.0,116
EMW9FC8J3HN4,GEORGIA TECH RESEARCH CORP,ATLANTA,GA,2022,National Institutes of Health,49218485.96,32
EMW9FC8J3HN4,GEORGIA TECH RESEARCH CORP,ATLANTA,GA,2022,National Science Foundation,82257219.0,120
EMW9FC8J3HN4,GEORGIA TECH RESEARCH CORP,ATLANTA,GA,2023,National Institutes of Health,43340339.019999996,34
EMW9FC8J3HN4,GEORGIA TECH RESEARCH CORP,ATLANTA,GA,2023,National Science Foundation,102662446.0,150
EMW9FC8J3HN4,GEORGIA TECH RESEARCH CORP,ATLANTA,GA,2024,National Institutes of Health,45706794.04,36
EMW9FC8J3HN4,GEORGIA TECH RESEARCH CORP,ATLANTA,GA,2024,National Science Foundation,85799480.0,124
EMW9FC8J3HN4,GEORGIA TECH RESEARCH CORP,ATLANTA,GA,2025,National Institutes of Health,55488397.050000004,29
EMW9FC8J3HN4,GEORGIA TECH RESEARCH CORP,ATLANTA,GA,2025,National Science Foundation,118355221.0,113
EMW9FC8J3HN4,GEORGIA TECH RESEARCH CORP,ATLANTA,GA,2026,National Institutes of Health,43625334.120000005,22
EMW9FC8J3HN4,GEORGIA TECH RESEARCH CORP,ATLANTA,GA,2026,National Science Foundation,13289728.0,30
EN9DMTETW3N1,CHAPMAN UNIVERSITY,ORANGE,CA,2016,National Institutes of Health,271792.0,2
EN9DMTETW3N1,CHAPMAN UNIVERSITY,ORANGE,CA,2016,National Science Foundation,634582.0,7
EN9DMTETW3N1,CHAPMAN UNIVERSITY,ORANGE,CA,2017,National Institutes of Health,5355460.0,6
EN9DMTETW3N1,CHAPMAN UNIVERSITY,ORANGE,CA,2017,National Science Foundation,1124503.0,3
EN9DMTETW3N1,CHAPMAN UNIVERSITY,ORANGE,CA,2018,National Institutes of Health,4224574.0,2
EN9DMTETW3N1,CHAPMAN UNIVERSITY,ORANGE,CA,2018,National Science Foundation,1544653.0,5
EN9DMTETW3N1,CHAPMAN UNIVERSITY,ORANGE,CA,2019,National Institutes of Health,1834068.0,3
EN9DMTETW3N1,CHAPMAN UNIVERSITY,ORANGE,CA,2019,National Science Foundation,1476320.0,4
EN9DMTETW3N1,CHAPMAN UNIVERSITY,ORANGE,CA,2020,National Institutes of Health,2982814.0,1
EN9DMTETW3N1,CHAPMAN UNIVERSITY,ORANGE,CA,2020,National Science Foundation,674214.0,3
EN9DMTETW3N1,CHAPMAN UNIVERSITY,ORANGE,CA,2021,National Institutes of Health,3151307.41,3
EN9DMTETW3N1,CHAPMAN UNIVERSITY,ORANGE,CA,2021,National Science Foundation,1240156.0,6
EN9DMTETW3N1,CHAPMAN UNIVERSITY,ORANGE,CA,2022,National Institutes of Health,5270912.03,1
EN9DMTETW3N1,CHAPMAN UNIVERSITY,ORANGE,CA,2022,National Science Foundation,1961810.0,9
EN9DMTETW3N1,CHAPMAN UNIVERSITY,ORANGE,CA,2023,National Institutes of Health,7027897.0,8
EN9DMTETW3N1,CHAPMAN UNIVERSITY,ORANGE,CA,2023,National Science Foundation,1126598.0,6
EN9DMTETW3N1,CHAPMAN UNIVERSITY,ORANGE,CA,2024,National Institutes of Health,5819219.65,2
EN9DMTETW3N1,CHAPMAN UNIVERSITY,ORANGE,CA,2024,National Science Foundation,1088738.0,3
EN9DMTETW3N1,CHAPMAN UNIVERSITY,ORANGE,CA,2025,National Institutes of Health,7151209.699999999,5
EN9DMTETW3N1,CHAPMAN UNIVERSITY,ORANGE,CA,2025,National Science Foundation,2980014.0,9
EN9DMTETW3N1,CHAPMAN UNIVERSITY,ORANGE,CA,2026,National Institutes of Health,5513155.0,2
EN9DMTETW3N1,CHAPMAN UNIVERSITY,ORANGE,CA,2026,National Science Foundation,358352.0,3
ENBLDJUN4N73,THE REGENTS OF THE UNIVERSITY OF CALIFORNIA,BERKELEY,CA,2016,National Institutes of Health,21017716.0,36
ENBLDJUN4N73,THE REGENTS OF THE UNIVERSITY OF CALIFORNIA,BERKELEY,CA,2017,National Institutes of Health,25631583.0,25
ENBLDJUN4N73,THE REGENTS OF THE UNIVERSITY OF CALIFORNIA,BERKELEY,CA,2018,National Institutes of Health,27871855.0,8
ENBLDJUN4N73,THE REGENTS OF THE UNIVERSITY OF CALIFORNIA,BERKELEY,CA,2019,National Institutes of Health,24553915.0,4
ENBLDJUN4N73,THE REGENTS OF THE UNIVERSITY OF CALIFORNIA,BERKELEY,CA,2020,National Institutes of Health,21421925.0,7
ENBLDJUN4N73,THE REGENTS OF THE UNIVERSITY OF CALIFORNIA,BERKELEY,CA,2021,National Institutes of Health,21199441.55,5
ENBLDJUN4N73,THE REGENTS OF THE UNIVERSITY OF CALIFORNIA,BERKELEY,CA,2022,National Institutes of Health,20306885.25,4
ENBLDJUN4N73,THE REGENTS OF THE UNIVERSITY OF CALIFORNIA,BERKELEY,CA,2023,National Institutes of Health,22923119.18,4
ENBLDJUN4N73,THE REGENTS OF THE UNIVERSITY OF CALIFORNIA,BERKELEY,CA,2024,National Institutes of Health,21649127.799999997,5
ENBLDJUN4N73,THE REGENTS OF THE UNIVERSITY OF CALIFORNIA,BERKELEY,CA,2025,National Institutes of Health,21620204.549999997,5
ENBLDJUN4N73,THE REGENTS OF THE UNIVERSITY OF CALIFORNIA,BERKELEY,CA,2026,National Institutes of Health,14417864.78,7
EQH8NQ4AXFT7,TEXAS A & M RESEARCH FOUNDATION,COLLEGE STATION,TX,2016,National Institutes of Health,814434.0,3
EQH8NQ4AXFT7,TEXAS A & M RESEARCH FOUNDATION,COLLEGE STATION,TX,2016,National Science Foundation,60789218.0,2
EQH8NQ4AXFT7,TEXAS A & M RESEARCH FOUNDATION,COLLEGE STATION,TX,2017,National Institutes of Health,-31840.0,10
EQH8NQ4AXFT7,TEXAS A & M RESEARCH FOUNDATION,COLLEGE STATION,TX,2017,National Science Foundation,64576781.0,2
EQH8NQ4AXFT7,TEXAS A & M RESEARCH FOUNDATION,COLLEGE STATION,TX,2018,National Institutes of Health,-94679.0,3
EQH8NQ4AXFT7,TEXAS A & M RESEARCH FOUNDATION,COLLEGE STATION,TX,2018,National Science Foundation,65550000.0,0
EQH8NQ4AXFT7,TEXAS A & M RESEARCH FOUNDATION,COLLEGE STATION,TX,2019,National Science Foundation,71924931.0,0
EQH8NQ4AXFT7,TEXAS A & M RESEARCH FOUNDATION,COLLEGE STATION,TX,2020,National Science Foundation,58000000.0,0
EQH8NQ4AXFT7,TEXAS A & M RESEARCH FOUNDATION,COLLEGE STATION,TX,2021,National Science Foundation,58671569.0,0
EQH8NQ4AXFT7,TEXAS A & M RESEARCH FOUNDATION,COLLEGE STATION,TX,2022,National Science Foundation,72744208.0,0
EQH8NQ4AXFT7,TEXAS A & M RESEARCH FOUNDATION,COLLEGE STATION,TX,2023,National Science Foundation,67489223.0,0
EQH8NQ4AXFT7,TEXAS A & M RESEARCH FOUNDATION,COLLEGE STATION,TX,2024,National Science Foundation,46539054.0,0
EQH8NQ4AXFT7,TEXAS A & M RESEARCH FOUNDATION,COLLEGE STATION,TX,2025,National Science Foundation,41845484.0,2
EQH8NQ4AXFT7,TEXAS A & M RESEARCH FOUNDATION,COLLEGE STATION,TX,2026,National Science Foundation,-4221463.0,0
ETGMYV7CKAJ7,THE NEMOURS FOUNDATION,WILMINGTON,DE,2016,National Institutes of Health,6898795.0,9
ETGMYV7CKAJ7,THE NEMOURS FOUNDATION,WILMINGTON,DE,2017,National Institutes of Health,4145397.0,4
ETGMYV7CKAJ7,THE NEMOURS FOUNDATION,WILMINGTON,DE,2018,National Institutes of Health,4381042.0,2
ETGMYV7CKAJ7,THE NEMOURS FOUNDATION,WILMINGTON,DE,2019,National Institutes of Health,1998561.0,1
ETGMYV7CKAJ7,THE NEMOURS FOUNDATION,WILMINGTON,DE,2019,National Science Foundation,104052.0,1
ETGMYV7CKAJ7,THE NEMOURS FOUNDATION,WILMINGTON,DE,2020,National Institutes of Health,1759150.0,3
ETGMYV7CKAJ7,THE NEMOURS FOUNDATION,WILMINGTON,DE,2021,National Institutes of Health,5043008.41,3
ETGMYV7CKAJ7,THE NEMOURS FOUNDATION,WILMINGTON,DE,2022,National Institutes of Health,9121932.530000001,7
ETGMYV7CKAJ7,THE NEMOURS FOUNDATION,WILMINGTON,DE,2022,National Science Foundation,0.0,0
ETGMYV7CKAJ7,THE NEMOURS FOUNDATION,WILMINGTON,DE,2023,National Institutes of Health,9797597.690000001,3
ETGMYV7CKAJ7,THE NEMOURS FOUNDATION,WILMINGTON,DE,2024,National Institutes of Health,10127162.0,2
ETGMYV7CKAJ7,THE NEMOURS FOUNDATION,WILMINGTON,DE,2025,National Institutes of Health,10819253.0,4
ETGMYV7CKAJ7,THE NEMOURS FOUNDATION,WILMINGTON,DE,2026,National Institutes of Health,7145096.43,5
EUYXHRL5MLL3,RESEARCH FOUNDATION OF THE CITY UNIVERSITY OF NEW YORK,NEW YORK,NY,2016,National Institutes of Health,324050.0,1
EUYXHRL5MLL3,RESEARCH FOUNDATION OF THE CITY UNIVERSITY OF NEW YORK,NEW YORK,NY,2016,National Science Foundation,3058908.0,6
EUYXHRL5MLL3,RESEARCH FOUNDATION OF THE CITY UNIVERSITY OF NEW YORK,NEW YORK,NY,2017,National Institutes of Health,1394484.0,4
EUYXHRL5MLL3,RESEARCH FOUNDATION OF THE CITY UNIVERSITY OF NEW YORK,NEW YORK,NY,2017,National Science Foundation,655264.0,3
EUYXHRL5MLL3,RESEARCH FOUNDATION OF THE CITY UNIVERSITY OF NEW YORK,NEW YORK,NY,2018,National Institutes of Health,2680231.0,1
EUYXHRL5MLL3,RESEARCH FOUNDATION OF THE CITY UNIVERSITY OF NEW YORK,NEW YORK,NY,2018,National Science Foundation,1136867.0,3
EUYXHRL5MLL3,RESEARCH FOUNDATION OF THE CITY UNIVERSITY OF NEW YORK,NEW YORK,NY,2019,National Institutes of Health,3470265.0,4
EUYXHRL5MLL3,RESEARCH FOUNDATION OF THE CITY UNIVERSITY OF NEW YORK,NEW YORK,NY,2019,National Science Foundation,2791006.0,4
EUYXHRL5MLL3,RESEARCH FOUNDATION OF THE CITY UNIVERSITY OF NEW YORK,NEW YORK,NY,2020,National Institutes of Health,3747877.0,1
EUYXHRL5MLL3,RESEARCH FOUNDATION OF THE CITY UNIVERSITY OF NEW YORK,NEW YORK,NY,2020,National Science Foundation,3014382.0,9
EUYXHRL5MLL3,RESEARCH FOUNDATION OF THE CITY UNIVERSITY OF NEW YORK,NEW YORK,NY,2021,National Institutes of Health,3519584.0,4
EUYXHRL5MLL3,RESEARCH FOUNDATION OF THE CITY UNIVERSITY OF NEW YORK,NEW YORK,NY,2021,National Science Foundation,855715.0,2
EUYXHRL5MLL3,RESEARCH FOUNDATION OF THE CITY UNIVERSITY OF NEW YORK,NEW YORK,NY,2022,National Institutes of Health,4983445.44,1
EUYXHRL5MLL3,RESEARCH FOUNDATION OF THE CITY UNIVERSITY OF NEW YORK,NEW YORK,NY,2022,National Science Foundation,1421922.0,4
EUYXHRL5MLL3,RESEARCH FOUNDATION OF THE CITY UNIVERSITY OF NEW YORK,NEW YORK,NY,2023,National Institutes of Health,4186933.0,2
EUYXHRL5MLL3,RESEARCH FOUNDATION OF THE CITY UNIVERSITY OF NEW YORK,NEW YORK,NY,2023,National Science Foundation,1549025.0,4
EUYXHRL5MLL3,RESEARCH FOUNDATION OF THE CITY UNIVERSITY OF NEW YORK,NEW YORK,NY,2024,National Institutes of Health,4444476.82,3
EUYXHRL5MLL3,RESEARCH FOUNDATION OF THE CITY UNIVERSITY OF NEW YORK,NEW YORK,NY,2024,National Science Foundation,1932925.0,5
EUYXHRL5MLL3,RESEARCH FOUNDATION OF THE CITY UNIVERSITY OF NEW YORK,NEW YORK,NY,2025,National Institutes of Health,3165302.0,2
EUYXHRL5MLL3,RESEARCH FOUNDATION OF THE CITY UNIVERSITY OF NEW YORK,NEW YORK,NY,2025,National Science Foundation,853827.0,2
EUYXHRL5MLL3,RESEARCH FOUNDATION OF THE CITY UNIVERSITY OF NEW YORK,NEW YORK,NY,2026,National Institutes of Health,2979372.0,1
EUYXHRL5MLL3,RESEARCH FOUNDATION OF THE CITY UNIVERSITY OF NEW YORK,NEW YORK,NY,2026,National Science Foundation,888537.0,1
EVTSTTLCEWS5,UNIVERSITY OF OKLAHOMA,NORMAN,OK,2016,National Institutes of Health,7964545.0,18
EVTSTTLCEWS5,UNIVERSITY OF OKLAHOMA,NORMAN,OK,2016,National Science Foundation,12072936.0,61
EVTSTTLCEWS5,UNIVERSITY OF OKLAHOMA,NORMAN,OK,2017,National Institutes of Health,8285142.0,9
EVTSTTLCEWS5,UNIVERSITY OF OKLAHOMA,NORMAN,OK,2017,National Science Foundation,12156924.0,49
EVTSTTLCEWS5,UNIVERSITY OF OKLAHOMA,NORMAN,OK,2018,National Institutes of Health,10445456.0,5
EVTSTTLCEWS5,UNIVERSITY OF OKLAHOMA,NORMAN,OK,2018,National Science Foundation,12134615.0,37
EVTSTTLCEWS5,UNIVERSITY OF OKLAHOMA,NORMAN,OK,2019,National Institutes of Health,12159205.0,10
EVTSTTLCEWS5,UNIVERSITY OF OKLAHOMA,NORMAN,OK,2019,National Science Foundation,14650117.0,39
EVTSTTLCEWS5,UNIVERSITY OF OKLAHOMA,NORMAN,OK,2020,National Institutes of Health,9260887.0,5
EVTSTTLCEWS5,UNIVERSITY OF OKLAHOMA,NORMAN,OK,2020,National Science Foundation,18832040.0,38
EVTSTTLCEWS5,UNIVERSITY OF OKLAHOMA,NORMAN,OK,2021,National Institutes of Health,8085977.569999999,5
EVTSTTLCEWS5,UNIVERSITY OF OKLAHOMA,NORMAN,OK,2021,National Science Foundation,20916954.0,39
EVTSTTLCEWS5,UNIVERSITY OF OKLAHOMA,NORMAN,OK,2022,National Institutes of Health,12812275.219999999,17
EVTSTTLCEWS5,UNIVERSITY OF OKLAHOMA,NORMAN,OK,2022,National Science Foundation,18108316.0,39
EVTSTTLCEWS5,UNIVERSITY OF OKLAHOMA,NORMAN,OK,2023,National Institutes of Health,15016414.029999997,11
EVTSTTLCEWS5,UNIVERSITY OF OKLAHOMA,NORMAN,OK,2023,National Science Foundation,32807140.0,51
EVTSTTLCEWS5,UNIVERSITY OF OKLAHOMA,NORMAN,OK,2024,National Institutes of Health,8126658.45,5
EVTSTTLCEWS5,UNIVERSITY OF OKLAHOMA,NORMAN,OK,2024,National Science Foundation,23254522.0,49
EVTSTTLCEWS5,UNIVERSITY OF OKLAHOMA,NORMAN,OK,2025,National Institutes of Health,10510307.779999997,4
EVTSTTLCEWS5,UNIVERSITY OF OKLAHOMA,NORMAN,OK,2025,National Science Foundation,48335546.0,40
EVTSTTLCEWS5,UNIVERSITY OF OKLAHOMA,NORMAN,OK,2026,National Institutes of Health,12003117.74,5
EVTSTTLCEWS5,UNIVERSITY OF OKLAHOMA,NORMAN,OK,2026,National Science Foundation,9231410.0,16
EVWJPCY6AD97,COLLEGE OF WILLIAM AND MARY,WILLIAMSBURG,VA,2016,National Institutes of Health,1332599.0,4
EVWJPCY6AD97,COLLEGE OF WILLIAM AND MARY,WILLIAMSBURG,VA,2016,National Science Foundation,4127583.0,26
EVWJPCY6AD97,COLLEGE OF WILLIAM AND MARY,WILLIAMSBURG,VA,2017,National Institutes of Health,635235.0,3
EVWJPCY6AD97,COLLEGE OF WILLIAM AND MARY,WILLIAMSBURG,VA,2017,National Science Foundation,4312969.0,12
EVWJPCY6AD97,COLLEGE OF WILLIAM AND MARY,WILLIAMSBURG,VA,2018,National Institutes of Health,1110839.0,3
EVWJPCY6AD97,COLLEGE OF WILLIAM AND MARY,WILLIAMSBURG,VA,2018,National Science Foundation,8915450.0,28
EVWJPCY6AD97,COLLEGE OF WILLIAM AND MARY,WILLIAMSBURG,VA,2019,National Institutes of Health,1667203.0,5
EVWJPCY6AD97,COLLEGE OF WILLIAM AND MARY,WILLIAMSBURG,VA,2019,National Science Foundation,4169780.0,10
EVWJPCY6AD97,COLLEGE OF WILLIAM AND MARY,WILLIAMSBURG,VA,2020,National Institutes of Health,1934808.0,4
EVWJPCY6AD97,COLLEGE OF WILLIAM AND MARY,WILLIAMSBURG,VA,2020,National Science Foundation,3391135.0,11
EVWJPCY6AD97,COLLEGE OF WILLIAM AND MARY,WILLIAMSBURG,VA,2021,National Institutes of Health,698741.0,1
EVWJPCY6AD97,COLLEGE OF WILLIAM AND MARY,WILLIAMSBURG,VA,2021,National Science Foundation,6432735.0,18
EVWJPCY6AD97,COLLEGE OF WILLIAM AND MARY,WILLIAMSBURG,VA,2022,National Institutes of Health,1218992.0,1
EVWJPCY6AD97,COLLEGE OF WILLIAM AND MARY,WILLIAMSBURG,VA,2022,National Science Foundation,4557096.0,10
EVWJPCY6AD97,COLLEGE OF WILLIAM AND MARY,WILLIAMSBURG,VA,2023,National Institutes of Health,2474020.1799999997,5
EVWJPCY6AD97,COLLEGE OF WILLIAM AND MARY,WILLIAMSBURG,VA,2023,National Science Foundation,5830857.0,14
EVWJPCY6AD97,COLLEGE OF WILLIAM AND MARY,WILLIAMSBURG,VA,2024,National Institutes of Health,-10103.37,0
EVWJPCY6AD97,COLLEGE OF WILLIAM AND MARY,WILLIAMSBURG,VA,2024,National Science Foundation,6466849.0,24
EVWJPCY6AD97,COLLEGE OF WILLIAM AND MARY,WILLIAMSBURG,VA,2025,National Institutes of Health,356198.88,0
EVWJPCY6AD97,COLLEGE OF WILLIAM AND MARY,WILLIAMSBURG,VA,2025,National Science Foundation,5256269.0,12
EVWJPCY6AD97,COLLEGE OF WILLIAM AND MARY,WILLIAMSBURG,VA,2026,National Institutes of Health,1178609.62,3
EVWJPCY6AD97,COLLEGE OF WILLIAM AND MARY,WILLIAMSBURG,VA,2026,National Science Foundation,2953387.0,5
EXZVPWZBLUE8,NORTHWESTERN UNIVERSITY,EVANSTON,IL,2016,National Institutes of Health,40398353.0,128
EXZVPWZBLUE8,NORTHWESTERN UNIVERSITY,EVANSTON,IL,2016,National Science Foundation,45089335.0,143
EXZVPWZBLUE8,NORTHWESTERN UNIVERSITY,EVANSTON,IL,2017,National Institutes of Health,41852758.0,67
EXZVPWZBLUE8,NORTHWESTERN UNIVERSITY,EVANSTON,IL,2017,National Science Foundation,39782608.0,113
EXZVPWZBLUE8,NORTHWESTERN UNIVERSITY,EVANSTON,IL,2018,National Institutes of Health,45804126.0,51
EXZVPWZBLUE8,NORTHWESTERN UNIVERSITY,EVANSTON,IL,2018,National Science Foundation,53926916.0,118
EXZVPWZBLUE8,NORTHWESTERN UNIVERSITY,EVANSTON,IL,2019,National Institutes of Health,52140273.0,44
EXZVPWZBLUE8,NORTHWESTERN UNIVERSITY,EVANSTON,IL,2019,National Science Foundation,66512275.0,99
EXZVPWZBLUE8,NORTHWESTERN UNIVERSITY,EVANSTON,IL,2020,National Institutes of Health,65680877.0,53
EXZVPWZBLUE8,NORTHWESTERN UNIVERSITY,EVANSTON,IL,2020,National Science Foundation,51185521.0,103
EXZVPWZBLUE8,NORTHWESTERN UNIVERSITY,EVANSTON,IL,2021,National Institutes of Health,49774231.05999999,34
EXZVPWZBLUE8,NORTHWESTERN UNIVERSITY,EVANSTON,IL,2021,National Science Foundation,55351221.0,92
EXZVPWZBLUE8,NORTHWESTERN UNIVERSITY,EVANSTON,IL,2022,National Institutes of Health,53051572.91,35
EXZVPWZBLUE8,NORTHWESTERN UNIVERSITY,EVANSTON,IL,2022,National Science Foundation,55939091.0,80
EXZVPWZBLUE8,NORTHWESTERN UNIVERSITY,EVANSTON,IL,2023,National Institutes of Health,48914102.58,23
EXZVPWZBLUE8,NORTHWESTERN UNIVERSITY,EVANSTON,IL,2023,National Science Foundation,61356249.0,88
EXZVPWZBLUE8,NORTHWESTERN UNIVERSITY,EVANSTON,IL,2024,National Institutes of Health,47640226.37,36
EXZVPWZBLUE8,NORTHWESTERN UNIVERSITY,EVANSTON,IL,2024,National Science Foundation,64980360.0,72
EXZVPWZBLUE8,NORTHWESTERN UNIVERSITY,EVANSTON,IL,2025,National Institutes of Health,35468724.870000005,6
EXZVPWZBLUE8,NORTHWESTERN UNIVERSITY,EVANSTON,IL,2025,National Science Foundation,61365327.0,32
EXZVPWZBLUE8,NORTHWESTERN UNIVERSITY,EVANSTON,IL,2026,National Institutes of Health,3354022.9000000004,0
EXZVPWZBLUE8,NORTHWESTERN UNIVERSITY,EVANSTON,IL,2026,National Science Foundation,2625573.0,1
EYMJXLN2MFB4,RESEARCH INSTITUTE AT NATIONWIDE CHILDREN'S HOSPITAL,COLUMBUS,OH,2016,National Institutes of Health,30922358.0,81
EYMJXLN2MFB4,RESEARCH INSTITUTE AT NATIONWIDE CHILDREN'S HOSPITAL,COLUMBUS,OH,2017,National Institutes of Health,36301023.0,45
EYMJXLN2MFB4,RESEARCH INSTITUTE AT NATIONWIDE CHILDREN'S HOSPITAL,COLUMBUS,OH,2018,National Institutes of Health,48113445.0,35
EYMJXLN2MFB4,RESEARCH INSTITUTE AT NATIONWIDE CHILDREN'S HOSPITAL,COLUMBUS,OH,2018,National Science Foundation,120000.0,1
EYMJXLN2MFB4,RESEARCH INSTITUTE AT NATIONWIDE CHILDREN'S HOSPITAL,COLUMBUS,OH,2019,National Institutes of Health,52815304.0,31
EYMJXLN2MFB4,RESEARCH INSTITUTE AT NATIONWIDE CHILDREN'S HOSPITAL,COLUMBUS,OH,2020,National Institutes of Health,43020028.0,22
EYMJXLN2MFB4,RESEARCH INSTITUTE AT NATIONWIDE CHILDREN'S HOSPITAL,COLUMBUS,OH,2021,National Institutes of Health,50888391.93,32
EYMJXLN2MFB4,RESEARCH INSTITUTE AT NATIONWIDE CHILDREN'S HOSPITAL,COLUMBUS,OH,2021,National Science Foundation,358345.0,1
EYMJXLN2MFB4,RESEARCH INSTITUTE AT NATIONWIDE CHILDREN'S HOSPITAL,COLUMBUS,OH,2022,National Institutes of Health,58650863.77,25
EYMJXLN2MFB4,RESEARCH INSTITUTE AT NATIONWIDE CHILDREN'S HOSPITAL,COLUMBUS,OH,2023,National Institutes of Health,66491749.67,39
EYMJXLN2MFB4,RESEARCH INSTITUTE AT NATIONWIDE CHILDREN'S HOSPITAL,COLUMBUS,OH,2023,National Science Foundation,99900.0,1
EYMJXLN2MFB4,RESEARCH INSTITUTE AT NATIONWIDE CHILDREN'S HOSPITAL,COLUMBUS,OH,2024,National Institutes of Health,64348873.64999999,23
EYMJXLN2MFB4,RESEARCH INSTITUTE AT NATIONWIDE CHILDREN'S HOSPITAL,COLUMBUS,OH,2025,National Institutes of Health,66405995.38,26
EYMJXLN2MFB4,RESEARCH INSTITUTE AT NATIONWIDE CHILDREN'S HOSPITAL,COLUMBUS,OH,2026,National Institutes of Health,60776609.32000001,27
EYNYSU6L8ZX6,VILLANOVA UNIVERSITY IN THE STATE OF PENNSYLVANIA,VILLANOVA,PA,2016,National Institutes of Health,390066.0,1
EYNYSU6L8ZX6,VILLANOVA UNIVERSITY IN THE STATE OF PENNSYLVANIA,VILLANOVA,PA,2016,National Science Foundation,915825.0,6
EYNYSU6L8ZX6,VILLANOVA UNIVERSITY IN THE STATE OF PENNSYLVANIA,VILLANOVA,PA,2017,National Institutes of Health,-65774.0,3
EYNYSU6L8ZX6,VILLANOVA UNIVERSITY IN THE STATE OF PENNSYLVANIA,VILLANOVA,PA,2017,National Science Foundation,3446570.0,16
EYNYSU6L8ZX6,VILLANOVA UNIVERSITY IN THE STATE OF PENNSYLVANIA,VILLANOVA,PA,2018,National Science Foundation,3124998.0,9
EYNYSU6L8ZX6,VILLANOVA UNIVERSITY IN THE STATE OF PENNSYLVANIA,VILLANOVA,PA,2019,National Science Foundation,2752500.0,9
EYNYSU6L8ZX6,VILLANOVA UNIVERSITY IN THE STATE OF PENNSYLVANIA,VILLANOVA,PA,2020,National Institutes of Health,709336.0,1
EYNYSU6L8ZX6,VILLANOVA UNIVERSITY IN THE STATE OF PENNSYLVANIA,VILLANOVA,PA,2020,National Science Foundation,4811697.0,16
EYNYSU6L8ZX6,VILLANOVA UNIVERSITY IN THE STATE OF PENNSYLVANIA,VILLANOVA,PA,2021,National Institutes of Health,865545.67,1
EYNYSU6L8ZX6,VILLANOVA UNIVERSITY IN THE STATE OF PENNSYLVANIA,VILLANOVA,PA,2021,National Science Foundation,3418071.0,6
EYNYSU6L8ZX6,VILLANOVA UNIVERSITY IN THE STATE OF PENNSYLVANIA,VILLANOVA,PA,2022,National Institutes of Health,1826116.08,4
EYNYSU6L8ZX6,VILLANOVA UNIVERSITY IN THE STATE OF PENNSYLVANIA,VILLANOVA,PA,2022,National Science Foundation,4896352.0,14
EYNYSU6L8ZX6,VILLANOVA UNIVERSITY IN THE STATE OF PENNSYLVANIA,VILLANOVA,PA,2023,National Institutes of Health,1559937.95,0
EYNYSU6L8ZX6,VILLANOVA UNIVERSITY IN THE STATE OF PENNSYLVANIA,VILLANOVA,PA,2023,National Science Foundation,5287136.0,15
EYNYSU6L8ZX6,VILLANOVA UNIVERSITY IN THE STATE OF PENNSYLVANIA,VILLANOVA,PA,2024,National Institutes of Health,2342372.0,3
EYNYSU6L8ZX6,VILLANOVA UNIVERSITY IN THE STATE OF PENNSYLVANIA,VILLANOVA,PA,2024,National Science Foundation,3099610.0,6
EYNYSU6L8ZX6,VILLANOVA UNIVERSITY IN THE STATE OF PENNSYLVANIA,VILLANOVA,PA,2025,National Institutes of Health,1092577.38,2
EYNYSU6L8ZX6,VILLANOVA UNIVERSITY IN THE STATE OF PENNSYLVANIA,VILLANOVA,PA,2025,National Science Foundation,5202402.0,14
EYNYSU6L8ZX6,VILLANOVA UNIVERSITY IN THE STATE OF PENNSYLVANIA,VILLANOVA,PA,2026,National Institutes of Health,1707600.66,2
EYNYSU6L8ZX6,VILLANOVA UNIVERSITY IN THE STATE OF PENNSYLVANIA,VILLANOVA,PA,2026,National Science Foundation,1163382.0,3
EZ4WPGRE1RD5,NORTH DAKOTA STATE UNIVERSITY,FARGO,ND,2016,National Institutes of Health,8440460.0,15
EZ4WPGRE1RD5,NORTH DAKOTA STATE UNIVERSITY,FARGO,ND,2016,National Science Foundation,12437040.0,25
EZ4WPGRE1RD5,NORTH DAKOTA STATE UNIVERSITY,FARGO,ND,2017,National Institutes of Health,5363747.0,9
EZ4WPGRE1RD5,NORTH DAKOTA STATE UNIVERSITY,FARGO,ND,2017,National Science Foundation,3712001.0,15
EZ4WPGRE1RD5,NORTH DAKOTA STATE UNIVERSITY,FARGO,ND,2018,National Institutes of Health,6461135.0,5
EZ4WPGRE1RD5,NORTH DAKOTA STATE UNIVERSITY,FARGO,ND,2018,National Science Foundation,10464814.0,17
EZ4WPGRE1RD5,NORTH DAKOTA STATE UNIVERSITY,FARGO,ND,2019,National Institutes of Health,6162410.0,7
EZ4WPGRE1RD5,NORTH DAKOTA STATE UNIVERSITY,FARGO,ND,2019,National Science Foundation,1246359.0,8
EZ4WPGRE1RD5,NORTH DAKOTA STATE UNIVERSITY,FARGO,ND,2020,National Institutes of Health,6819966.0,4
EZ4WPGRE1RD5,NORTH DAKOTA STATE UNIVERSITY,FARGO,ND,2020,National Science Foundation,11460912.0,23
EZ4WPGRE1RD5,NORTH DAKOTA STATE UNIVERSITY,FARGO,ND,2021,National Institutes of Health,4647967.11,5
EZ4WPGRE1RD5,NORTH DAKOTA STATE UNIVERSITY,FARGO,ND,2021,National Science Foundation,18058299.0,19
EZ4WPGRE1RD5,NORTH DAKOTA STATE UNIVERSITY,FARGO,ND,2022,National Institutes of Health,4965322.579999999,6
EZ4WPGRE1RD5,NORTH DAKOTA STATE UNIVERSITY,FARGO,ND,2022,National Science Foundation,10203071.0,11
EZ4WPGRE1RD5,NORTH DAKOTA STATE UNIVERSITY,FARGO,ND,2023,National Institutes of Health,4358505.8,3
EZ4WPGRE1RD5,NORTH DAKOTA STATE UNIVERSITY,FARGO,ND,2023,National Science Foundation,15875290.0,19
EZ4WPGRE1RD5,NORTH DAKOTA STATE UNIVERSITY,FARGO,ND,2024,National Institutes of Health,6537880.739999999,6
EZ4WPGRE1RD5,NORTH DAKOTA STATE UNIVERSITY,FARGO,ND,2024,National Science Foundation,26806824.0,10
EZ4WPGRE1RD5,NORTH DAKOTA STATE UNIVERSITY,FARGO,ND,2025,National Institutes of Health,7075308.87,4
EZ4WPGRE1RD5,NORTH DAKOTA STATE UNIVERSITY,FARGO,ND,2025,National Science Foundation,14777040.0,9
EZ4WPGRE1RD5,NORTH DAKOTA STATE UNIVERSITY,FARGO,ND,2026,National Institutes of Health,2851337.73,0
EZ4WPGRE1RD5,NORTH DAKOTA STATE UNIVERSITY,FARGO,ND,2026,National Science Foundation,16733624.0,5
F125YU6SWK59,BATTELLE MEMORIAL INSTITUTE,COLUMBUS,OH,2016,National Institutes of Health,1502600.0,3
F125YU6SWK59,BATTELLE MEMORIAL INSTITUTE,COLUMBUS,OH,2016,National Science Foundation,121213848.0,5
F125YU6SWK59,BATTELLE MEMORIAL INSTITUTE,COLUMBUS,OH,2017,National Institutes of Health,1788044.0,6
F125YU6SWK59,BATTELLE MEMORIAL INSTITUTE,COLUMBUS,OH,2017,National Science Foundation,81860520.0,0
F125YU6SWK59,BATTELLE MEMORIAL INSTITUTE,COLUMBUS,OH,2018,National Institutes of Health,1157224.0,1
F125YU6SWK59,BATTELLE MEMORIAL INSTITUTE,COLUMBUS,OH,2018,National Science Foundation,79812164.0,5
F125YU6SWK59,BATTELLE MEMORIAL INSTITUTE,COLUMBUS,OH,2019,National Institutes of Health,121724.0,1
F125YU6SWK59,BATTELLE MEMORIAL INSTITUTE,COLUMBUS,OH,2019,National Science Foundation,74069201.0,2
F125YU6SWK59,BATTELLE MEMORIAL INSTITUTE,COLUMBUS,OH,2020,National Institutes of Health,12094.0,0
F125YU6SWK59,BATTELLE MEMORIAL INSTITUTE,COLUMBUS,OH,2020,National Science Foundation,64178905.0,3
F125YU6SWK59,BATTELLE MEMORIAL INSTITUTE,COLUMBUS,OH,2021,National Institutes of Health,864336.0,2
F125YU6SWK59,BATTELLE MEMORIAL INSTITUTE,COLUMBUS,OH,2021,National Science Foundation,65211264.0,2
F125YU6SWK59,BATTELLE MEMORIAL INSTITUTE,COLUMBUS,OH,2022,National Institutes of Health,454029.0,0
F125YU6SWK59,BATTELLE MEMORIAL INSTITUTE,COLUMBUS,OH,2022,National Science Foundation,69325226.0,3
F125YU6SWK59,BATTELLE MEMORIAL INSTITUTE,COLUMBUS,OH,2023,National Institutes of Health,349971.46,0
F125YU6SWK59,BATTELLE MEMORIAL INSTITUTE,COLUMBUS,OH,2023,National Science Foundation,73411101.0,4
F125YU6SWK59,BATTELLE MEMORIAL INSTITUTE,COLUMBUS,OH,2024,National Institutes of Health,0.0,0
F125YU6SWK59,BATTELLE MEMORIAL INSTITUTE,COLUMBUS,OH,2024,National Science Foundation,77763233.0,2
F125YU6SWK59,BATTELLE MEMORIAL INSTITUTE,COLUMBUS,OH,2025,National Institutes of Health,-9906.17,0
F125YU6SWK59,BATTELLE MEMORIAL INSTITUTE,COLUMBUS,OH,2025,National Science Foundation,97695518.0,2
F125YU6SWK59,BATTELLE MEMORIAL INSTITUTE,COLUMBUS,OH,2026,National Science Foundation,81654741.0,1
F27KDXZMF9Y8,UNIVERSITY OF ROCHESTER,ROCHESTER,NY,2016,National Institutes of Health,141796641.0,368
F27KDXZMF9Y8,UNIVERSITY OF ROCHESTER,ROCHESTER,NY,2016,National Science Foundation,17913474.0,73
F27KDXZMF9Y8,UNIVERSITY OF ROCHESTER,ROCHESTER,NY,2017,National Institutes of Health,144070855.0,182
F27KDXZMF9Y8,UNIVERSITY OF ROCHESTER,ROCHESTER,NY,2017,National Science Foundation,17104653.0,41
F27KDXZMF9Y8,UNIVERSITY OF ROCHESTER,ROCHESTER,NY,2018,National Institutes of Health,157755626.0,122
F27KDXZMF9Y8,UNIVERSITY OF ROCHESTER,ROCHESTER,NY,2018,National Science Foundation,20450895.0,42
F27KDXZMF9Y8,UNIVERSITY OF ROCHESTER,ROCHESTER,NY,2019,National Institutes of Health,160732493.0,85
F27KDXZMF9Y8,UNIVERSITY OF ROCHESTER,ROCHESTER,NY,2019,National Science Foundation,16475836.0,37
F27KDXZMF9Y8,UNIVERSITY OF ROCHESTER,ROCHESTER,NY,2020,National Institutes of Health,168394147.0,95
F27KDXZMF9Y8,UNIVERSITY OF ROCHESTER,ROCHESTER,NY,2020,National Science Foundation,18972471.0,40
F27KDXZMF9Y8,UNIVERSITY OF ROCHESTER,ROCHESTER,NY,2021,National Institutes of Health,166326095.51,88
F27KDXZMF9Y8,UNIVERSITY OF ROCHESTER,ROCHESTER,NY,2021,National Science Foundation,20216991.0,32
F27KDXZMF9Y8,UNIVERSITY OF ROCHESTER,ROCHESTER,NY,2022,National Institutes of Health,173542992.26999998,101
F27KDXZMF9Y8,UNIVERSITY OF ROCHESTER,ROCHESTER,NY,2022,National Science Foundation,26891310.0,42
F27KDXZMF9Y8,UNIVERSITY OF ROCHESTER,ROCHESTER,NY,2023,National Institutes of Health,181350490.09000003,93
F27KDXZMF9Y8,UNIVERSITY OF ROCHESTER,ROCHESTER,NY,2023,National Science Foundation,44433985.0,38
F27KDXZMF9Y8,UNIVERSITY OF ROCHESTER,ROCHESTER,NY,2024,National Institutes of Health,185793935.09999996,99
F27KDXZMF9Y8,UNIVERSITY OF ROCHESTER,ROCHESTER,NY,2024,National Science Foundation,16387313.0,30
F27KDXZMF9Y8,UNIVERSITY OF ROCHESTER,ROCHESTER,NY,2025,National Institutes of Health,172114998.25000003,68
F27KDXZMF9Y8,UNIVERSITY OF ROCHESTER,ROCHESTER,NY,2025,National Science Foundation,19992292.0,28
F27KDXZMF9Y8,UNIVERSITY OF ROCHESTER,ROCHESTER,NY,2026,National Institutes of Health,154679104.45999998,64
F27KDXZMF9Y8,UNIVERSITY OF ROCHESTER,ROCHESTER,NY,2026,National Science Foundation,17169361.0,13
F2VSMAKDH8Z7,UNIVERSITY OF MEMPHIS,MEMPHIS,TN,2016,National Institutes of Health,6877237.0,11
F2VSMAKDH8Z7,UNIVERSITY OF MEMPHIS,MEMPHIS,TN,2016,National Science Foundation,5929047.0,17
F2VSMAKDH8Z7,UNIVERSITY OF MEMPHIS,MEMPHIS,TN,2017,National Institutes of Health,7507674.0,12
F2VSMAKDH8Z7,UNIVERSITY OF MEMPHIS,MEMPHIS,TN,2017,National Science Foundation,2144825.0,14
F2VSMAKDH8Z7,UNIVERSITY OF MEMPHIS,MEMPHIS,TN,2018,National Institutes of Health,5764113.0,8
F2VSMAKDH8Z7,UNIVERSITY OF MEMPHIS,MEMPHIS,TN,2018,National Science Foundation,4635072.0,10
F2VSMAKDH8Z7,UNIVERSITY OF MEMPHIS,MEMPHIS,TN,2019,National Institutes of Health,4088724.0,6
F2VSMAKDH8Z7,UNIVERSITY OF MEMPHIS,MEMPHIS,TN,2019,National Science Foundation,3355067.0,11
F2VSMAKDH8Z7,UNIVERSITY OF MEMPHIS,MEMPHIS,TN,2020,National Institutes of Health,5835923.0,5
F2VSMAKDH8Z7,UNIVERSITY OF MEMPHIS,MEMPHIS,TN,2020,National Science Foundation,9012461.0,13
F2VSMAKDH8Z7,UNIVERSITY OF MEMPHIS,MEMPHIS,TN,2021,National Institutes of Health,2914473.1500000004,5
F2VSMAKDH8Z7,UNIVERSITY OF MEMPHIS,MEMPHIS,TN,2021,National Science Foundation,3764000.0,10
F2VSMAKDH8Z7,UNIVERSITY OF MEMPHIS,MEMPHIS,TN,2022,National Institutes of Health,2524402.8,3
F2VSMAKDH8Z7,UNIVERSITY OF MEMPHIS,MEMPHIS,TN,2022,National Science Foundation,6835849.0,17
F2VSMAKDH8Z7,UNIVERSITY OF MEMPHIS,MEMPHIS,TN,2023,National Institutes of Health,5306929.48,12
F2VSMAKDH8Z7,UNIVERSITY OF MEMPHIS,MEMPHIS,TN,2023,National Science Foundation,3554576.0,11
F2VSMAKDH8Z7,UNIVERSITY OF MEMPHIS,MEMPHIS,TN,2024,National Institutes of Health,3234100.8500000006,3
F2VSMAKDH8Z7,UNIVERSITY OF MEMPHIS,MEMPHIS,TN,2024,National Science Foundation,4690273.0,15
F2VSMAKDH8Z7,UNIVERSITY OF MEMPHIS,MEMPHIS,TN,2025,National Institutes of Health,3290099.38,1
F2VSMAKDH8Z7,UNIVERSITY OF MEMPHIS,MEMPHIS,TN,2025,National Science Foundation,7139196.0,8
F2VSMAKDH8Z7,UNIVERSITY OF MEMPHIS,MEMPHIS,TN,2026,National Institutes of Health,3686124.2,4
F2VSMAKDH8Z7,UNIVERSITY OF MEMPHIS,MEMPHIS,TN,2026,National Science Foundation,1041487.0,2
F3GJXVP1L166,LOUISIANA BOARD OF REGENTS,BATON ROUGE,LA,2016,National Science Foundation,4650000.0,2
F3GJXVP1L166,LOUISIANA BOARD OF REGENTS,BATON ROUGE,LA,2017,National Science Foundation,4048840.0,0
F3GJXVP1L166,LOUISIANA BOARD OF REGENTS,BATON ROUGE,LA,2018,National Science Foundation,4705182.0,0
F3GJXVP1L166,LOUISIANA BOARD OF REGENTS,BATON ROUGE,LA,2019,National Science Foundation,4650000.0,0
F3GJXVP1L166,LOUISIANA BOARD OF REGENTS,BATON ROUGE,LA,2020,National Science Foundation,4334558.0,1
F3GJXVP1L166,LOUISIANA BOARD OF REGENTS,BATON ROUGE,LA,2021,National Science Foundation,11328786.0,1
F3GJXVP1L166,LOUISIANA BOARD OF REGENTS,BATON ROUGE,LA,2022,National Science Foundation,0.0,0
F3GJXVP1L166,LOUISIANA BOARD OF REGENTS,BATON ROUGE,LA,2023,National Science Foundation,7536656.0,0
F3GJXVP1L166,LOUISIANA BOARD OF REGENTS,BATON ROUGE,LA,2025,National Science Foundation,4791972.0,4
F3GJXVP1L166,LOUISIANA BOARD OF REGENTS,BATON ROUGE,LA,2026,National Science Foundation,891372.0,3
F4BMNBQK9BM1,ALLIANCE NCTN FOUNDATION,CHICAGO,IL,2020,National Institutes of Health,7672964.0,1
F4BMNBQK9BM1,ALLIANCE NCTN FOUNDATION,CHICAGO,IL,2021,National Institutes of Health,11803908.120000001,0
F4BMNBQK9BM1,ALLIANCE NCTN FOUNDATION,CHICAGO,IL,2022,National Institutes of Health,10669702.0,0
F4BMNBQK9BM1,ALLIANCE NCTN FOUNDATION,CHICAGO,IL,2023,National Institutes of Health,11521819.0,0
F4BMNBQK9BM1,ALLIANCE NCTN FOUNDATION,CHICAGO,IL,2024,National Institutes of Health,10659752.0,0
F4BMNBQK9BM1,ALLIANCE NCTN FOUNDATION,CHICAGO,IL,2025,National Institutes of Health,7877673.0,0
F4BMNBQK9BM1,ALLIANCE NCTN FOUNDATION,CHICAGO,IL,2026,National Institutes of Health,6719624.0,1
F4N1QNPB95M4,THE TRUSTEES OF COLUMBIA UNIVERSITY IN THE CITY OF NEW YORK,NEW YORK,NY,2016,National Institutes of Health,33204059.0,82
F4N1QNPB95M4,THE TRUSTEES OF COLUMBIA UNIVERSITY IN THE CITY OF NEW YORK,NEW YORK,NY,2016,National Science Foundation,89316234.0,213
F4N1QNPB95M4,THE TRUSTEES OF COLUMBIA UNIVERSITY IN THE CITY OF NEW YORK,NEW YORK,NY,2017,National Institutes of Health,41095648.0,70
F4N1QNPB95M4,THE TRUSTEES OF COLUMBIA UNIVERSITY IN THE CITY OF NEW YORK,NEW YORK,NY,2017,National Science Foundation,81908798.0,204
F4N1QNPB95M4,THE TRUSTEES OF COLUMBIA UNIVERSITY IN THE CITY OF NEW YORK,NEW YORK,NY,2018,National Institutes of Health,39895761.0,36
F4N1QNPB95M4,THE TRUSTEES OF COLUMBIA UNIVERSITY IN THE CITY OF NEW YORK,NEW YORK,NY,2018,National Science Foundation,90697083.0,155
F4N1QNPB95M4,THE TRUSTEES OF COLUMBIA UNIVERSITY IN THE CITY OF NEW YORK,NEW YORK,NY,2019,National Institutes of Health,61090045.0,29
F4N1QNPB95M4,THE TRUSTEES OF COLUMBIA UNIVERSITY IN THE CITY OF NEW YORK,NEW YORK,NY,2019,National Science Foundation,88996491.0,137
F4N1QNPB95M4,THE TRUSTEES OF COLUMBIA UNIVERSITY IN THE CITY OF NEW YORK,NEW YORK,NY,2020,National Institutes of Health,61430465.0,28
F4N1QNPB95M4,THE TRUSTEES OF COLUMBIA UNIVERSITY IN THE CITY OF NEW YORK,NEW YORK,NY,2020,National Science Foundation,108998502.0,149
F4N1QNPB95M4,THE TRUSTEES OF COLUMBIA UNIVERSITY IN THE CITY OF NEW YORK,NEW YORK,NY,2021,National Institutes of Health,66025543.56999999,28
F4N1QNPB95M4,THE TRUSTEES OF COLUMBIA UNIVERSITY IN THE CITY OF NEW YORK,NEW YORK,NY,2021,National Science Foundation,104743649.0,127
F4N1QNPB95M4,THE TRUSTEES OF COLUMBIA UNIVERSITY IN THE CITY OF NEW YORK,NEW YORK,NY,2022,National Institutes of Health,60334474.970000006,36
F4N1QNPB95M4,THE TRUSTEES OF COLUMBIA UNIVERSITY IN THE CITY OF NEW YORK,NEW YORK,NY,2022,National Science Foundation,102100381.0,121
F4N1QNPB95M4,THE TRUSTEES OF COLUMBIA UNIVERSITY IN THE CITY OF NEW YORK,NEW YORK,NY,2023,National Institutes of Health,47434422.73,29
F4N1QNPB95M4,THE TRUSTEES OF COLUMBIA UNIVERSITY IN THE CITY OF NEW YORK,NEW YORK,NY,2023,National Science Foundation,106783687.0,90
F4N1QNPB95M4,THE TRUSTEES OF COLUMBIA UNIVERSITY IN THE CITY OF NEW YORK,NEW YORK,NY,2024,National Institutes of Health,50368012.11000001,34
F4N1QNPB95M4,THE TRUSTEES OF COLUMBIA UNIVERSITY IN THE CITY OF NEW YORK,NEW YORK,NY,2024,National Science Foundation,102891712.0,94
F4N1QNPB95M4,THE TRUSTEES OF COLUMBIA UNIVERSITY IN THE CITY OF NEW YORK,NEW YORK,NY,2025,National Institutes of Health,42741696.129999995,26
F4N1QNPB95M4,THE TRUSTEES OF COLUMBIA UNIVERSITY IN THE CITY OF NEW YORK,NEW YORK,NY,2025,National Science Foundation,136190704.0,83
F4N1QNPB95M4,THE TRUSTEES OF COLUMBIA UNIVERSITY IN THE CITY OF NEW YORK,NEW YORK,NY,2026,National Institutes of Health,38022595.230000004,17
F4N1QNPB95M4,THE TRUSTEES OF COLUMBIA UNIVERSITY IN THE CITY OF NEW YORK,NEW YORK,NY,2026,National Science Foundation,33957853.0,26
F4SLJ5WF59F6,SAN FRANCISCO STATE UNIVERSITY,SAN FRANCISCO,CA,2016,National Institutes of Health,7687543.0,16
F4SLJ5WF59F6,SAN FRANCISCO STATE UNIVERSITY,SAN FRANCISCO,CA,2016,National Science Foundation,6393095.0,17
F4SLJ5WF59F6,SAN FRANCISCO STATE UNIVERSITY,SAN FRANCISCO,CA,2017,National Institutes of Health,7596088.0,9
F4SLJ5WF59F6,SAN FRANCISCO STATE UNIVERSITY,SAN FRANCISCO,CA,2017,National Science Foundation,3469043.0,11
F4SLJ5WF59F6,SAN FRANCISCO STATE UNIVERSITY,SAN FRANCISCO,CA,2018,National Institutes of Health,8501370.0,6
F4SLJ5WF59F6,SAN FRANCISCO STATE UNIVERSITY,SAN FRANCISCO,CA,2018,National Science Foundation,9254861.0,14
F4SLJ5WF59F6,SAN FRANCISCO STATE UNIVERSITY,SAN FRANCISCO,CA,2019,National Institutes of Health,9305655.0,2
F4SLJ5WF59F6,SAN FRANCISCO STATE UNIVERSITY,SAN FRANCISCO,CA,2019,National Science Foundation,3885245.0,8
F4SLJ5WF59F6,SAN FRANCISCO STATE UNIVERSITY,SAN FRANCISCO,CA,2020,National Institutes of Health,8501188.0,1
F4SLJ5WF59F6,SAN FRANCISCO STATE UNIVERSITY,SAN FRANCISCO,CA,2020,National Science Foundation,5952558.0,13
F4SLJ5WF59F6,SAN FRANCISCO STATE UNIVERSITY,SAN FRANCISCO,CA,2021,National Institutes of Health,6588807.23,2
F4SLJ5WF59F6,SAN FRANCISCO STATE UNIVERSITY,SAN FRANCISCO,CA,2021,National Science Foundation,3406633.0,9
F4SLJ5WF59F6,SAN FRANCISCO STATE UNIVERSITY,SAN FRANCISCO,CA,2022,National Institutes of Health,6550624.01,4
F4SLJ5WF59F6,SAN FRANCISCO STATE UNIVERSITY,SAN FRANCISCO,CA,2022,National Science Foundation,6568431.0,15
F4SLJ5WF59F6,SAN FRANCISCO STATE UNIVERSITY,SAN FRANCISCO,CA,2023,National Institutes of Health,6723937.95,3
F4SLJ5WF59F6,SAN FRANCISCO STATE UNIVERSITY,SAN FRANCISCO,CA,2023,National Science Foundation,3502676.0,11
F4SLJ5WF59F6,SAN FRANCISCO STATE UNIVERSITY,SAN FRANCISCO,CA,2024,National Institutes of Health,4951865.539999999,3
F4SLJ5WF59F6,SAN FRANCISCO STATE UNIVERSITY,SAN FRANCISCO,CA,2024,National Science Foundation,3314087.0,11
F4SLJ5WF59F6,SAN FRANCISCO STATE UNIVERSITY,SAN FRANCISCO,CA,2025,National Institutes of Health,7397380.470000001,4
F4SLJ5WF59F6,SAN FRANCISCO STATE UNIVERSITY,SAN FRANCISCO,CA,2025,National Science Foundation,1350803.0,6
F4SLJ5WF59F6,SAN FRANCISCO STATE UNIVERSITY,SAN FRANCISCO,CA,2026,National Institutes of Health,2186272.23,0
F4SLJ5WF59F6,SAN FRANCISCO STATE UNIVERSITY,SAN FRANCISCO,CA,2026,National Science Foundation,-941464.0,1
F696R1G6DN85,NATIONAL DISEASE RESEARCH INTERCHANGE,PHILADELPHIA,PA,2016,National Institutes of Health,1703160.0,1
F696R1G6DN85,NATIONAL DISEASE RESEARCH INTERCHANGE,PHILADELPHIA,PA,2017,National Institutes of Health,1626169.0,0
F696R1G6DN85,NATIONAL DISEASE RESEARCH INTERCHANGE,PHILADELPHIA,PA,2018,National Institutes of Health,2125508.0,0
F696R1G6DN85,NATIONAL DISEASE RESEARCH INTERCHANGE,PHILADELPHIA,PA,2019,National Institutes of Health,1667993.0,0
F696R1G6DN85,NATIONAL DISEASE RESEARCH INTERCHANGE,PHILADELPHIA,PA,2020,National Institutes of Health,2208841.0,0
F696R1G6DN85,NATIONAL DISEASE RESEARCH INTERCHANGE,PHILADELPHIA,PA,2021,National Institutes of Health,5233747.01,1
F696R1G6DN85,NATIONAL DISEASE RESEARCH INTERCHANGE,PHILADELPHIA,PA,2022,National Institutes of Health,5917606.0,0
F696R1G6DN85,NATIONAL DISEASE RESEARCH INTERCHANGE,PHILADELPHIA,PA,2023,National Institutes of Health,4238086.0,1
F696R1G6DN85,NATIONAL DISEASE RESEARCH INTERCHANGE,PHILADELPHIA,PA,2024,National Institutes of Health,6933444.0,2
F696R1G6DN85,NATIONAL DISEASE RESEARCH INTERCHANGE,PHILADELPHIA,PA,2025,National Institutes of Health,6253010.0,0
F696R1G6DN85,NATIONAL DISEASE RESEARCH INTERCHANGE,PHILADELPHIA,PA,2026,National Institutes of Health,6766885.0,1
F6G9C4HMNHW4,AMERICAN SOCIETY FOR ENGINEERING EDUCATION,WASHINGTON,DC,2016,National Science Foundation,760894.0,7
F6G9C4HMNHW4,AMERICAN SOCIETY FOR ENGINEERING EDUCATION,WASHINGTON,DC,2017,National Science Foundation,5859438.0,10
F6G9C4HMNHW4,AMERICAN SOCIETY FOR ENGINEERING EDUCATION,WASHINGTON,DC,2018,National Science Foundation,5838594.0,4
F6G9C4HMNHW4,AMERICAN SOCIETY FOR ENGINEERING EDUCATION,WASHINGTON,DC,2019,National Science Foundation,2779502.0,1
F6G9C4HMNHW4,AMERICAN SOCIETY FOR ENGINEERING EDUCATION,WASHINGTON,DC,2020,National Science Foundation,3736265.0,3
F6G9C4HMNHW4,AMERICAN SOCIETY FOR ENGINEERING EDUCATION,WASHINGTON,DC,2021,National Science Foundation,15175681.0,4
F6G9C4HMNHW4,AMERICAN SOCIETY FOR ENGINEERING EDUCATION,WASHINGTON,DC,2022,National Science Foundation,10591800.0,8
F6G9C4HMNHW4,AMERICAN SOCIETY FOR ENGINEERING EDUCATION,WASHINGTON,DC,2023,National Science Foundation,6647819.0,6
F6G9C4HMNHW4,AMERICAN SOCIETY FOR ENGINEERING EDUCATION,WASHINGTON,DC,2024,National Science Foundation,5563927.0,1
F6G9C4HMNHW4,AMERICAN SOCIETY FOR ENGINEERING EDUCATION,WASHINGTON,DC,2025,National Science Foundation,-101431.0,0
F6G9C4HMNHW4,AMERICAN SOCIETY FOR ENGINEERING EDUCATION,WASHINGTON,DC,2026,National Science Foundation,0.0,0
F6XLTRUQJEN4,UNIVERSITY OF NEW MEXICO,ALBUQUERQUE,NM,2016,National Institutes of Health,8958427.0,35
F6XLTRUQJEN4,UNIVERSITY OF NEW MEXICO,ALBUQUERQUE,NM,2016,National Science Foundation,30313396.0,92
F6XLTRUQJEN4,UNIVERSITY OF NEW MEXICO,ALBUQUERQUE,NM,2017,National Institutes of Health,10027395.0,21
F6XLTRUQJEN4,UNIVERSITY OF NEW MEXICO,ALBUQUERQUE,NM,2017,National Science Foundation,30766287.0,61
F6XLTRUQJEN4,UNIVERSITY OF NEW MEXICO,ALBUQUERQUE,NM,2018,National Institutes of Health,8388369.0,11
F6XLTRUQJEN4,UNIVERSITY OF NEW MEXICO,ALBUQUERQUE,NM,2018,National Science Foundation,23487913.0,45
F6XLTRUQJEN4,UNIVERSITY OF NEW MEXICO,ALBUQUERQUE,NM,2019,National Institutes of Health,7262627.0,8
F6XLTRUQJEN4,UNIVERSITY OF NEW MEXICO,ALBUQUERQUE,NM,2019,National Science Foundation,25865329.0,43
F6XLTRUQJEN4,UNIVERSITY OF NEW MEXICO,ALBUQUERQUE,NM,2020,National Institutes of Health,9980484.0,9
F6XLTRUQJEN4,UNIVERSITY OF NEW MEXICO,ALBUQUERQUE,NM,2020,National Science Foundation,28120724.0,41
F6XLTRUQJEN4,UNIVERSITY OF NEW MEXICO,ALBUQUERQUE,NM,2021,National Institutes of Health,12747685.17,7
F6XLTRUQJEN4,UNIVERSITY OF NEW MEXICO,ALBUQUERQUE,NM,2021,National Science Foundation,30005587.0,45
F6XLTRUQJEN4,UNIVERSITY OF NEW MEXICO,ALBUQUERQUE,NM,2022,National Institutes of Health,9763291.19,10
F6XLTRUQJEN4,UNIVERSITY OF NEW MEXICO,ALBUQUERQUE,NM,2022,National Science Foundation,31500045.0,45
F6XLTRUQJEN4,UNIVERSITY OF NEW MEXICO,ALBUQUERQUE,NM,2023,National Institutes of Health,19042399.11,8
F6XLTRUQJEN4,UNIVERSITY OF NEW MEXICO,ALBUQUERQUE,NM,2023,National Science Foundation,28943474.0,38
F6XLTRUQJEN4,UNIVERSITY OF NEW MEXICO,ALBUQUERQUE,NM,2024,National Institutes of Health,20553311.15,6
F6XLTRUQJEN4,UNIVERSITY OF NEW MEXICO,ALBUQUERQUE,NM,2024,National Science Foundation,29540308.0,43
F6XLTRUQJEN4,UNIVERSITY OF NEW MEXICO,ALBUQUERQUE,NM,2025,National Institutes of Health,16920890.869999997,12
F6XLTRUQJEN4,UNIVERSITY OF NEW MEXICO,ALBUQUERQUE,NM,2025,National Science Foundation,26948219.0,35
F6XLTRUQJEN4,UNIVERSITY OF NEW MEXICO,ALBUQUERQUE,NM,2026,National Institutes of Health,15623090.42,6
F6XLTRUQJEN4,UNIVERSITY OF NEW MEXICO,ALBUQUERQUE,NM,2026,National Science Foundation,15179353.0,24
F8THLJQSAF93,UNIVERSITY OF MIAMI,MIAMI,FL,2016,National Institutes of Health,112054026.0,237
F8THLJQSAF93,UNIVERSITY OF MIAMI,MIAMI,FL,2017,National Institutes of Health,121846118.0,133
F8THLJQSAF93,UNIVERSITY OF MIAMI,MIAMI,FL,2018,National Institutes of Health,133913750.0,90
F8THLJQSAF93,UNIVERSITY OF MIAMI,MIAMI,FL,2018,National Science Foundation,299999.0,1
F8THLJQSAF93,UNIVERSITY OF MIAMI,MIAMI,FL,2019,National Institutes of Health,133257652.0,69
F8THLJQSAF93,UNIVERSITY OF MIAMI,MIAMI,FL,2019,National Science Foundation,608544.0,2
F8THLJQSAF93,UNIVERSITY OF MIAMI,MIAMI,FL,2020,National Institutes of Health,139549653.0,49
F8THLJQSAF93,UNIVERSITY OF MIAMI,MIAMI,FL,2020,National Science Foundation,8000.0,0
F8THLJQSAF93,UNIVERSITY OF MIAMI,MIAMI,FL,2021,National Institutes of Health,135901284.95999998,68
F8THLJQSAF93,UNIVERSITY OF MIAMI,MIAMI,FL,2022,National Institutes of Health,164871759.41,68
F8THLJQSAF93,UNIVERSITY OF MIAMI,MIAMI,FL,2022,National Science Foundation,258250.0,2
F8THLJQSAF93,UNIVERSITY OF MIAMI,MIAMI,FL,2023,National Institutes of Health,169361656.94,84
F8THLJQSAF93,UNIVERSITY OF MIAMI,MIAMI,FL,2024,National Institutes of Health,153822278.7,70
F8THLJQSAF93,UNIVERSITY OF MIAMI,MIAMI,FL,2024,National Science Foundation,-238250.0,0
F8THLJQSAF93,UNIVERSITY OF MIAMI,MIAMI,FL,2025,National Institutes of Health,170790014.75,45
F8THLJQSAF93,UNIVERSITY OF MIAMI,MIAMI,FL,2026,National Institutes of Health,141593311.46999997,52
FA4VKPTJRLY8,LOUISIANA STATE UNIVERSITY,SHREVEPORT,LA,2016,National Institutes of Health,4774018.0,12
FA4VKPTJRLY8,LOUISIANA STATE UNIVERSITY,SHREVEPORT,LA,2016,National Science Foundation,191510.0,1
FA4VKPTJRLY8,LOUISIANA STATE UNIVERSITY,SHREVEPORT,LA,2017,National Institutes of Health,6435038.0,26
FA4VKPTJRLY8,LOUISIANA STATE UNIVERSITY,SHREVEPORT,LA,2017,National Science Foundation,170000.0,0
FA4VKPTJRLY8,LOUISIANA STATE UNIVERSITY,SHREVEPORT,LA,2018,National Institutes of Health,11875136.0,9
FA4VKPTJRLY8,LOUISIANA STATE UNIVERSITY,SHREVEPORT,LA,2019,National Institutes of Health,12522412.0,10
FA4VKPTJRLY8,LOUISIANA STATE UNIVERSITY,SHREVEPORT,LA,2020,National Institutes of Health,10217280.0,8
FA4VKPTJRLY8,LOUISIANA STATE UNIVERSITY,SHREVEPORT,LA,2021,National Institutes of Health,13858723.03,8
FA4VKPTJRLY8,LOUISIANA STATE UNIVERSITY,SHREVEPORT,LA,2022,National Institutes of Health,16016065.05,13
FA4VKPTJRLY8,LOUISIANA STATE UNIVERSITY,SHREVEPORT,LA,2023,National Institutes of Health,17432982.31,10
FA4VKPTJRLY8,LOUISIANA STATE UNIVERSITY,SHREVEPORT,LA,2024,National Institutes of Health,12464831.18,7
FA4VKPTJRLY8,LOUISIANA STATE UNIVERSITY,SHREVEPORT,LA,2024,National Science Foundation,50000.0,1
FA4VKPTJRLY8,LOUISIANA STATE UNIVERSITY,SHREVEPORT,LA,2025,National Institutes of Health,16490823.75,11
FA4VKPTJRLY8,LOUISIANA STATE UNIVERSITY,SHREVEPORT,LA,2025,National Science Foundation,7499968.0,1
FA4VKPTJRLY8,LOUISIANA STATE UNIVERSITY,SHREVEPORT,LA,2026,National Institutes of Health,20118698.729999997,19
FBYMGMHW4X95,TRUSTEES OF BOSTON UNIVERSITY,BOSTON,MA,2016,National Institutes of Health,131662926.0,251
FBYMGMHW4X95,TRUSTEES OF BOSTON UNIVERSITY,BOSTON,MA,2017,National Institutes of Health,121654948.0,129
FBYMGMHW4X95,TRUSTEES OF BOSTON UNIVERSITY,BOSTON,MA,2018,National Institutes of Health,127951606.0,124
FBYMGMHW4X95,TRUSTEES OF BOSTON UNIVERSITY,BOSTON,MA,2019,National Institutes of Health,161458480.0,90
FBYMGMHW4X95,TRUSTEES OF BOSTON UNIVERSITY,BOSTON,MA,2020,National Institutes of Health,163202970.0,84
FBYMGMHW4X95,TRUSTEES OF BOSTON UNIVERSITY,BOSTON,MA,2021,National Institutes of Health,166955152.01,78
FBYMGMHW4X95,TRUSTEES OF BOSTON UNIVERSITY,BOSTON,MA,2022,National Institutes of Health,170590545.97,81
FBYMGMHW4X95,TRUSTEES OF BOSTON UNIVERSITY,BOSTON,MA,2023,National Institutes of Health,172160544.38000003,76
FBYMGMHW4X95,TRUSTEES OF BOSTON UNIVERSITY,BOSTON,MA,2024,National Institutes of Health,184151832.75,78
FBYMGMHW4X95,TRUSTEES OF BOSTON UNIVERSITY,BOSTON,MA,2025,National Institutes of Health,176984761.12000003,79
FBYMGMHW4X95,TRUSTEES OF BOSTON UNIVERSITY,BOSTON,MA,2026,National Institutes of Health,129849902.11,70
FDLEQSJ8FF63,UNIVERSITY OF ALASKA FAIRBANKS,FAIRBANKS,AK,2016,National Institutes of Health,12335495.0,11
FDLEQSJ8FF63,UNIVERSITY OF ALASKA FAIRBANKS,FAIRBANKS,AK,2016,National Science Foundation,23389225.0,81
FDLEQSJ8FF63,UNIVERSITY OF ALASKA FAIRBANKS,FAIRBANKS,AK,2017,National Institutes of Health,13160986.0,7
FDLEQSJ8FF63,UNIVERSITY OF ALASKA FAIRBANKS,FAIRBANKS,AK,2017,National Science Foundation,39194377.0,52
FDLEQSJ8FF63,UNIVERSITY OF ALASKA FAIRBANKS,FAIRBANKS,AK,2018,National Institutes of Health,11390229.0,2
FDLEQSJ8FF63,UNIVERSITY OF ALASKA FAIRBANKS,FAIRBANKS,AK,2018,National Science Foundation,36155423.0,49
FDLEQSJ8FF63,UNIVERSITY OF ALASKA FAIRBANKS,FAIRBANKS,AK,2019,National Institutes of Health,12198388.0,2
FDLEQSJ8FF63,UNIVERSITY OF ALASKA FAIRBANKS,FAIRBANKS,AK,2019,National Science Foundation,52931457.0,43
FDLEQSJ8FF63,UNIVERSITY OF ALASKA FAIRBANKS,FAIRBANKS,AK,2020,National Institutes of Health,12224045.0,0
FDLEQSJ8FF63,UNIVERSITY OF ALASKA FAIRBANKS,FAIRBANKS,AK,2020,National Science Foundation,51005020.0,49
FDLEQSJ8FF63,UNIVERSITY OF ALASKA FAIRBANKS,FAIRBANKS,AK,2021,National Institutes of Health,12018259.870000001,0
FDLEQSJ8FF63,UNIVERSITY OF ALASKA FAIRBANKS,FAIRBANKS,AK,2021,National Science Foundation,43872754.0,45
FDLEQSJ8FF63,UNIVERSITY OF ALASKA FAIRBANKS,FAIRBANKS,AK,2022,National Institutes of Health,10505981.83,1
FDLEQSJ8FF63,UNIVERSITY OF ALASKA FAIRBANKS,FAIRBANKS,AK,2022,National Science Foundation,39491898.0,37
FDLEQSJ8FF63,UNIVERSITY OF ALASKA FAIRBANKS,FAIRBANKS,AK,2023,National Institutes of Health,10058417.58,4
FDLEQSJ8FF63,UNIVERSITY OF ALASKA FAIRBANKS,FAIRBANKS,AK,2023,National Science Foundation,50695865.0,32
FDLEQSJ8FF63,UNIVERSITY OF ALASKA FAIRBANKS,FAIRBANKS,AK,2024,National Institutes of Health,6428934.9,4
FDLEQSJ8FF63,UNIVERSITY OF ALASKA FAIRBANKS,FAIRBANKS,AK,2024,National Science Foundation,39967450.0,32
FDLEQSJ8FF63,UNIVERSITY OF ALASKA FAIRBANKS,FAIRBANKS,AK,2025,National Institutes of Health,6513331.45,1
FDLEQSJ8FF63,UNIVERSITY OF ALASKA FAIRBANKS,FAIRBANKS,AK,2025,National Science Foundation,50080168.0,16
FDLEQSJ8FF63,UNIVERSITY OF ALASKA FAIRBANKS,FAIRBANKS,AK,2026,National Institutes of Health,4525729.99,1
FDLEQSJ8FF63,UNIVERSITY OF ALASKA FAIRBANKS,FAIRBANKS,AK,2026,National Science Foundation,36885833.0,9
FDR5YF2K32X5,UNIVERSITY OF WYOMING,LARAMIE,WY,2016,National Institutes of Health,8395350.0,13
FDR5YF2K32X5,UNIVERSITY OF WYOMING,LARAMIE,WY,2016,National Science Foundation,14726568.0,36
FDR5YF2K32X5,UNIVERSITY OF WYOMING,LARAMIE,WY,2017,National Institutes of Health,10796991.0,9
FDR5YF2K32X5,UNIVERSITY OF WYOMING,LARAMIE,WY,2017,National Science Foundation,11380707.0,23
FDR5YF2K32X5,UNIVERSITY OF WYOMING,LARAMIE,WY,2018,National Institutes of Health,13188904.0,10
FDR5YF2K32X5,UNIVERSITY OF WYOMING,LARAMIE,WY,2018,National Science Foundation,16061773.0,24
FDR5YF2K32X5,UNIVERSITY OF WYOMING,LARAMIE,WY,2019,National Institutes of Health,11856142.0,1
FDR5YF2K32X5,UNIVERSITY OF WYOMING,LARAMIE,WY,2019,National Science Foundation,27442739.0,30
FDR5YF2K32X5,UNIVERSITY OF WYOMING,LARAMIE,WY,2020,National Institutes of Health,10478316.0,5
FDR5YF2K32X5,UNIVERSITY OF WYOMING,LARAMIE,WY,2020,National Science Foundation,25017433.0,25
FDR5YF2K32X5,UNIVERSITY OF WYOMING,LARAMIE,WY,2021,National Institutes of Health,12753379.18,8
FDR5YF2K32X5,UNIVERSITY OF WYOMING,LARAMIE,WY,2021,National Science Foundation,16662623.0,25
FDR5YF2K32X5,UNIVERSITY OF WYOMING,LARAMIE,WY,2022,National Institutes of Health,14330979.42,4
FDR5YF2K32X5,UNIVERSITY OF WYOMING,LARAMIE,WY,2022,National Science Foundation,18578281.0,15
FDR5YF2K32X5,UNIVERSITY OF WYOMING,LARAMIE,WY,2023,National Institutes of Health,11435437.85,3
FDR5YF2K32X5,UNIVERSITY OF WYOMING,LARAMIE,WY,2023,National Science Foundation,19801903.0,18
FDR5YF2K32X5,UNIVERSITY OF WYOMING,LARAMIE,WY,2024,National Institutes of Health,9503975.200000001,8
FDR5YF2K32X5,UNIVERSITY OF WYOMING,LARAMIE,WY,2024,National Science Foundation,18684203.0,28
FDR5YF2K32X5,UNIVERSITY OF WYOMING,LARAMIE,WY,2025,National Institutes of Health,10296397.7,3
FDR5YF2K32X5,UNIVERSITY OF WYOMING,LARAMIE,WY,2025,National Science Foundation,20382778.0,26
FDR5YF2K32X5,UNIVERSITY OF WYOMING,LARAMIE,WY,2026,National Institutes of Health,10948819.62,6
FDR5YF2K32X5,UNIVERSITY OF WYOMING,LARAMIE,WY,2026,National Science Foundation,1366743.0,4
FF1XVJMDYVR1,THE INSTITUTE FOR CANCER RESEARCH,PHILADELPHIA,PA,2016,National Institutes of Health,22671904.0,53
FF1XVJMDYVR1,THE INSTITUTE FOR CANCER RESEARCH,PHILADELPHIA,PA,2016,National Science Foundation,200000.0,1
FF1XVJMDYVR1,THE INSTITUTE FOR CANCER RESEARCH,PHILADELPHIA,PA,2017,National Institutes of Health,23847815.0,34
FF1XVJMDYVR1,THE INSTITUTE FOR CANCER RESEARCH,PHILADELPHIA,PA,2017,National Science Foundation,-96208.0,0
FF1XVJMDYVR1,THE INSTITUTE FOR CANCER RESEARCH,PHILADELPHIA,PA,2018,National Institutes of Health,27797955.0,19
FF1XVJMDYVR1,THE INSTITUTE FOR CANCER RESEARCH,PHILADELPHIA,PA,2018,National Science Foundation,298559.0,1
FF1XVJMDYVR1,THE INSTITUTE FOR CANCER RESEARCH,PHILADELPHIA,PA,2019,National Institutes of Health,26677957.0,12
FF1XVJMDYVR1,THE INSTITUTE FOR CANCER RESEARCH,PHILADELPHIA,PA,2019,National Science Foundation,105084.0,1
FF1XVJMDYVR1,THE INSTITUTE FOR CANCER RESEARCH,PHILADELPHIA,PA,2020,National Institutes of Health,28823966.0,11
FF1XVJMDYVR1,THE INSTITUTE FOR CANCER RESEARCH,PHILADELPHIA,PA,2021,National Institutes of Health,18349961.36,10
FF1XVJMDYVR1,THE INSTITUTE FOR CANCER RESEARCH,PHILADELPHIA,PA,2022,National Institutes of Health,19524030.0,13
FF1XVJMDYVR1,THE INSTITUTE FOR CANCER RESEARCH,PHILADELPHIA,PA,2023,National Institutes of Health,22500881.65,18
FF1XVJMDYVR1,THE INSTITUTE FOR CANCER RESEARCH,PHILADELPHIA,PA,2024,National Institutes of Health,22161096.19,14
FF1XVJMDYVR1,THE INSTITUTE FOR CANCER RESEARCH,PHILADELPHIA,PA,2025,National Institutes of Health,30772944.0,11
FF1XVJMDYVR1,THE INSTITUTE FOR CANCER RESEARCH,PHILADELPHIA,PA,2026,National Institutes of Health,22140853.0,2
FFM7VPAG8P92,"UNIVERSITY OF CALIFORNIA, MERCED",MERCED,CA,2016,National Institutes of Health,2354892.0,13
FFM7VPAG8P92,"UNIVERSITY OF CALIFORNIA, MERCED",MERCED,CA,2016,National Science Foundation,12822683.0,39
FFM7VPAG8P92,"UNIVERSITY OF CALIFORNIA, MERCED",MERCED,CA,2017,National Institutes of Health,3398863.0,8
FFM7VPAG8P92,"UNIVERSITY OF CALIFORNIA, MERCED",MERCED,CA,2017,National Science Foundation,7051683.0,25
FFM7VPAG8P92,"UNIVERSITY OF CALIFORNIA, MERCED",MERCED,CA,2018,National Institutes of Health,5707704.0,13
FFM7VPAG8P92,"UNIVERSITY OF CALIFORNIA, MERCED",MERCED,CA,2018,National Science Foundation,6892171.0,21
FFM7VPAG8P92,"UNIVERSITY OF CALIFORNIA, MERCED",MERCED,CA,2019,National Institutes of Health,7546046.0,10
FFM7VPAG8P92,"UNIVERSITY OF CALIFORNIA, MERCED",MERCED,CA,2019,National Science Foundation,9544511.0,19
FFM7VPAG8P92,"UNIVERSITY OF CALIFORNIA, MERCED",MERCED,CA,2020,National Institutes of Health,5744343.0,4
FFM7VPAG8P92,"UNIVERSITY OF CALIFORNIA, MERCED",MERCED,CA,2020,National Science Foundation,7678677.0,19
FFM7VPAG8P92,"UNIVERSITY OF CALIFORNIA, MERCED",MERCED,CA,2021,National Institutes of Health,4398824.82,9
FFM7VPAG8P92,"UNIVERSITY OF CALIFORNIA, MERCED",MERCED,CA,2021,National Science Foundation,12300753.0,27
FFM7VPAG8P92,"UNIVERSITY OF CALIFORNIA, MERCED",MERCED,CA,2022,National Institutes of Health,6305966.38,12
FFM7VPAG8P92,"UNIVERSITY OF CALIFORNIA, MERCED",MERCED,CA,2022,National Science Foundation,13842330.0,29
FFM7VPAG8P92,"UNIVERSITY OF CALIFORNIA, MERCED",MERCED,CA,2023,National Institutes of Health,6057016.74,6
FFM7VPAG8P92,"UNIVERSITY OF CALIFORNIA, MERCED",MERCED,CA,2023,National Science Foundation,17598999.0,32
FFM7VPAG8P92,"UNIVERSITY OF CALIFORNIA, MERCED",MERCED,CA,2024,National Institutes of Health,6505243.79,6
FFM7VPAG8P92,"UNIVERSITY OF CALIFORNIA, MERCED",MERCED,CA,2024,National Science Foundation,13668652.0,27
FFM7VPAG8P92,"UNIVERSITY OF CALIFORNIA, MERCED",MERCED,CA,2025,National Institutes of Health,7351179.62,7
FFM7VPAG8P92,"UNIVERSITY OF CALIFORNIA, MERCED",MERCED,CA,2025,National Science Foundation,16697132.0,26
FFM7VPAG8P92,"UNIVERSITY OF CALIFORNIA, MERCED",MERCED,CA,2026,National Institutes of Health,6133811.36,5
FFM7VPAG8P92,"UNIVERSITY OF CALIFORNIA, MERCED",MERCED,CA,2026,National Science Foundation,-445373.0,5
FFWJTXCKDLK5,NEW ENGLAND RESEARCH INSTITUTES INC,INDIANAPOLIS,IN,2016,National Institutes of Health,17019654.0,5
FFWJTXCKDLK5,NEW ENGLAND RESEARCH INSTITUTES INC,INDIANAPOLIS,IN,2017,National Institutes of Health,3981632.0,7
FFWJTXCKDLK5,NEW ENGLAND RESEARCH INSTITUTES INC,INDIANAPOLIS,IN,2018,National Institutes of Health,9072683.0,2
FFWJTXCKDLK5,NEW ENGLAND RESEARCH INSTITUTES INC,INDIANAPOLIS,IN,2019,National Institutes of Health,11842060.0,0
FFWJTXCKDLK5,NEW ENGLAND RESEARCH INSTITUTES INC,INDIANAPOLIS,IN,2020,National Institutes of Health,4327649.0,0
FFWJTXCKDLK5,NEW ENGLAND RESEARCH INSTITUTES INC,INDIANAPOLIS,IN,2021,National Institutes of Health,4700054.0,0
FFWJTXCKDLK5,NEW ENGLAND RESEARCH INSTITUTES INC,INDIANAPOLIS,IN,2022,National Institutes of Health,6510113.0,0
FFWJTXCKDLK5,NEW ENGLAND RESEARCH INSTITUTES INC,INDIANAPOLIS,IN,2023,National Institutes of Health,1915026.4400000002,0
FFWJTXCKDLK5,NEW ENGLAND RESEARCH INSTITUTES INC,INDIANAPOLIS,IN,2024,National Institutes of Health,2819179.0,1
FFWJTXCKDLK5,NEW ENGLAND RESEARCH INSTITUTES INC,INDIANAPOLIS,IN,2025,National Institutes of Health,3282149.0,1
FFWJTXCKDLK5,NEW ENGLAND RESEARCH INSTITUTES INC,INDIANAPOLIS,IN,2026,National Institutes of Health,5196628.0,0
FL6GV84CKN57,YALE UNIV,NEW HAVEN,CT,2016,National Institutes of Health,407595203.0,901
FL6GV84CKN57,YALE UNIV,NEW HAVEN,CT,2016,National Science Foundation,39820304.0,135
FL6GV84CKN57,YALE UNIV,NEW HAVEN,CT,2017,National Institutes of Health,426176605.0,487
FL6GV84CKN57,YALE UNIV,NEW HAVEN,CT,2017,National Science Foundation,28080947.0,94
FL6GV84CKN57,YALE UNIV,NEW HAVEN,CT,2018,National Institutes of Health,451974853.0,290
FL6GV84CKN57,YALE UNIV,NEW HAVEN,CT,2018,National Science Foundation,31828605.0,82
FL6GV84CKN57,YALE UNIV,NEW HAVEN,CT,2019,National Institutes of Health,482080821.0,276
FL6GV84CKN57,YALE UNIV,NEW HAVEN,CT,2019,National Science Foundation,40107978.0,71
FL6GV84CKN57,YALE UNIV,NEW HAVEN,CT,2020,National Institutes of Health,549462799.0,286
FL6GV84CKN57,YALE UNIV,NEW HAVEN,CT,2020,National Science Foundation,34484978.0,92
FL6GV84CKN57,YALE UNIV,NEW HAVEN,CT,2021,National Institutes of Health,544417829.3399999,265
FL6GV84CKN57,YALE UNIV,NEW HAVEN,CT,2021,National Science Foundation,34768893.0,77
FL6GV84CKN57,YALE UNIV,NEW HAVEN,CT,2022,National Institutes of Health,595014062.6500001,274
FL6GV84CKN57,YALE UNIV,NEW HAVEN,CT,2022,National Science Foundation,30250257.0,52
FL6GV84CKN57,YALE UNIV,NEW HAVEN,CT,2023,National Institutes of Health,624803214.5099999,299
FL6GV84CKN57,YALE UNIV,NEW HAVEN,CT,2023,National Science Foundation,36340014.0,53
FL6GV84CKN57,YALE UNIV,NEW HAVEN,CT,2024,National Institutes of Health,643858185.0799999,313
FL6GV84CKN57,YALE UNIV,NEW HAVEN,CT,2024,National Science Foundation,35529077.0,64
FL6GV84CKN57,YALE UNIV,NEW HAVEN,CT,2025,National Institutes of Health,667509084.1899998,233
FL6GV84CKN57,YALE UNIV,NEW HAVEN,CT,2025,National Science Foundation,39715973.0,54
FL6GV84CKN57,YALE UNIV,NEW HAVEN,CT,2026,National Institutes of Health,521106878.25999993,216
FL6GV84CKN57,YALE UNIV,NEW HAVEN,CT,2026,National Science Foundation,9524689.0,14
FL8UNYTG72D1,"J. CRAIG VENTER INSTITUTE, INC.",LA JOLLA,CA,2016,National Institutes of Health,9197281.0,8
FL8UNYTG72D1,"J. CRAIG VENTER INSTITUTE, INC.",LA JOLLA,CA,2016,National Science Foundation,658607.0,4
FL8UNYTG72D1,"J. CRAIG VENTER INSTITUTE, INC.",LA JOLLA,CA,2017,National Institutes of Health,8233547.0,6
FL8UNYTG72D1,"J. CRAIG VENTER INSTITUTE, INC.",LA JOLLA,CA,2017,National Science Foundation,0.0,3
FL8UNYTG72D1,"J. CRAIG VENTER INSTITUTE, INC.",LA JOLLA,CA,2018,National Institutes of Health,8164698.0,6
FL8UNYTG72D1,"J. CRAIG VENTER INSTITUTE, INC.",LA JOLLA,CA,2018,National Science Foundation,2005031.0,3
FL8UNYTG72D1,"J. CRAIG VENTER INSTITUTE, INC.",LA JOLLA,CA,2019,National Institutes of Health,4007054.0,3
FL8UNYTG72D1,"J. CRAIG VENTER INSTITUTE, INC.",LA JOLLA,CA,2019,National Science Foundation,794265.0,1
FL8UNYTG72D1,"J. CRAIG VENTER INSTITUTE, INC.",LA JOLLA,CA,2020,National Institutes of Health,3786468.0,4
FL8UNYTG72D1,"J. CRAIG VENTER INSTITUTE, INC.",LA JOLLA,CA,2020,National Science Foundation,611918.0,0
FL8UNYTG72D1,"J. CRAIG VENTER INSTITUTE, INC.",LA JOLLA,CA,2021,National Institutes of Health,4087153.8,2
FL8UNYTG72D1,"J. CRAIG VENTER INSTITUTE, INC.",LA JOLLA,CA,2021,National Science Foundation,1057682.0,2
FL8UNYTG72D1,"J. CRAIG VENTER INSTITUTE, INC.",LA JOLLA,CA,2022,National Institutes of Health,2353375.2700000005,1
FL8UNYTG72D1,"J. CRAIG VENTER INSTITUTE, INC.",LA JOLLA,CA,2022,National Science Foundation,2083787.0,1
FL8UNYTG72D1,"J. CRAIG VENTER INSTITUTE, INC.",LA JOLLA,CA,2023,National Institutes of Health,3165836.0,3
FL8UNYTG72D1,"J. CRAIG VENTER INSTITUTE, INC.",LA JOLLA,CA,2024,National Institutes of Health,1303666.8099999998,2
FL8UNYTG72D1,"J. CRAIG VENTER INSTITUTE, INC.",LA JOLLA,CA,2024,National Science Foundation,5371392.0,3
FL8UNYTG72D1,"J. CRAIG VENTER INSTITUTE, INC.",LA JOLLA,CA,2025,National Institutes of Health,7669034.709999999,3
FL8UNYTG72D1,"J. CRAIG VENTER INSTITUTE, INC.",LA JOLLA,CA,2025,National Science Foundation,1062630.0,1
FL8UNYTG72D1,"J. CRAIG VENTER INSTITUTE, INC.",LA JOLLA,CA,2026,National Institutes of Health,7498622.31,1
FL8UNYTG72D1,"J. CRAIG VENTER INSTITUTE, INC.",LA JOLLA,CA,2026,National Science Foundation,325866.0,2
FLJ7DQKLL226,THE GENERAL HOSPITAL CORPORATION,BOSTON,MA,2016,National Institutes of Health,365133924.0,787
FLJ7DQKLL226,THE GENERAL HOSPITAL CORPORATION,BOSTON,MA,2016,National Science Foundation,3176904.0,11
FLJ7DQKLL226,THE GENERAL HOSPITAL CORPORATION,BOSTON,MA,2017,National Institutes of Health,391566841.0,433
FLJ7DQKLL226,THE GENERAL HOSPITAL CORPORATION,BOSTON,MA,2017,National Science Foundation,454670.0,5
FLJ7DQKLL226,THE GENERAL HOSPITAL CORPORATION,BOSTON,MA,2018,National Institutes of Health,459971580.0,295
FLJ7DQKLL226,THE GENERAL HOSPITAL CORPORATION,BOSTON,MA,2018,National Science Foundation,363863.0,1
FLJ7DQKLL226,THE GENERAL HOSPITAL CORPORATION,BOSTON,MA,2019,National Institutes of Health,486618494.0,263
FLJ7DQKLL226,THE GENERAL HOSPITAL CORPORATION,BOSTON,MA,2019,National Science Foundation,9698.0,2
FLJ7DQKLL226,THE GENERAL HOSPITAL CORPORATION,BOSTON,MA,2020,National Institutes of Health,537910610.0,250
FLJ7DQKLL226,THE GENERAL HOSPITAL CORPORATION,BOSTON,MA,2020,National Science Foundation,503858.0,2
FLJ7DQKLL226,THE GENERAL HOSPITAL CORPORATION,BOSTON,MA,2021,National Institutes of Health,527473020.51,258
FLJ7DQKLL226,THE GENERAL HOSPITAL CORPORATION,BOSTON,MA,2021,National Science Foundation,1795000.0,2
FLJ7DQKLL226,THE GENERAL HOSPITAL CORPORATION,BOSTON,MA,2022,National Institutes of Health,529159361.69,281
FLJ7DQKLL226,THE GENERAL HOSPITAL CORPORATION,BOSTON,MA,2022,National Science Foundation,204710.0,0
FLJ7DQKLL226,THE GENERAL HOSPITAL CORPORATION,BOSTON,MA,2023,National Institutes of Health,594335985.53,290
FLJ7DQKLL226,THE GENERAL HOSPITAL CORPORATION,BOSTON,MA,2023,National Science Foundation,-974998.0,1
FLJ7DQKLL226,THE GENERAL HOSPITAL CORPORATION,BOSTON,MA,2024,National Institutes of Health,581616745.9399999,265
FLJ7DQKLL226,THE GENERAL HOSPITAL CORPORATION,BOSTON,MA,2024,National Science Foundation,899982.0,1
FLJ7DQKLL226,THE GENERAL HOSPITAL CORPORATION,BOSTON,MA,2025,National Institutes of Health,604858318.15,215
FLJ7DQKLL226,THE GENERAL HOSPITAL CORPORATION,BOSTON,MA,2025,National Science Foundation,2109583.0,3
FLJ7DQKLL226,THE GENERAL HOSPITAL CORPORATION,BOSTON,MA,2026,National Institutes of Health,443597950.28999996,180
FLJ7DQKLL226,THE GENERAL HOSPITAL CORPORATION,BOSTON,MA,2026,National Science Foundation,598662.0,1
FN2YCS2YAUW3,UNIVERSITY OF TENNESSEE,KNOXVILLE,TN,2016,National Institutes of Health,9527077.0,33
FN2YCS2YAUW3,UNIVERSITY OF TENNESSEE,KNOXVILLE,TN,2016,National Science Foundation,30093692.0,84
FN2YCS2YAUW3,UNIVERSITY OF TENNESSEE,KNOXVILLE,TN,2017,National Institutes of Health,9181631.0,17
FN2YCS2YAUW3,UNIVERSITY OF TENNESSEE,KNOXVILLE,TN,2017,National Science Foundation,20920208.0,59
FN2YCS2YAUW3,UNIVERSITY OF TENNESSEE,KNOXVILLE,TN,2018,National Institutes of Health,5431488.0,13
FN2YCS2YAUW3,UNIVERSITY OF TENNESSEE,KNOXVILLE,TN,2018,National Science Foundation,23548501.0,61
FN2YCS2YAUW3,UNIVERSITY OF TENNESSEE,KNOXVILLE,TN,2019,National Institutes of Health,6376905.0,14
FN2YCS2YAUW3,UNIVERSITY OF TENNESSEE,KNOXVILLE,TN,2019,National Science Foundation,24473489.0,61
FN2YCS2YAUW3,UNIVERSITY OF TENNESSEE,KNOXVILLE,TN,2020,National Institutes of Health,9300591.0,15
FN2YCS2YAUW3,UNIVERSITY OF TENNESSEE,KNOXVILLE,TN,2020,National Science Foundation,22140667.0,51
FN2YCS2YAUW3,UNIVERSITY OF TENNESSEE,KNOXVILLE,TN,2021,National Institutes of Health,10100687.2,7
FN2YCS2YAUW3,UNIVERSITY OF TENNESSEE,KNOXVILLE,TN,2021,National Science Foundation,20494948.0,58
FN2YCS2YAUW3,UNIVERSITY OF TENNESSEE,KNOXVILLE,TN,2022,National Institutes of Health,10644780.850000001,12
FN2YCS2YAUW3,UNIVERSITY OF TENNESSEE,KNOXVILLE,TN,2022,National Science Foundation,31493662.0,59
FN2YCS2YAUW3,UNIVERSITY OF TENNESSEE,KNOXVILLE,TN,2023,National Institutes of Health,10818702.790000001,9
FN2YCS2YAUW3,UNIVERSITY OF TENNESSEE,KNOXVILLE,TN,2023,National Science Foundation,23751808.0,40
FN2YCS2YAUW3,UNIVERSITY OF TENNESSEE,KNOXVILLE,TN,2024,National Institutes of Health,10980571.709999999,9
FN2YCS2YAUW3,UNIVERSITY OF TENNESSEE,KNOXVILLE,TN,2024,National Science Foundation,31828410.0,55
FN2YCS2YAUW3,UNIVERSITY OF TENNESSEE,KNOXVILLE,TN,2025,National Institutes of Health,11139636.97,8
FN2YCS2YAUW3,UNIVERSITY OF TENNESSEE,KNOXVILLE,TN,2025,National Science Foundation,27711626.0,44
FN2YCS2YAUW3,UNIVERSITY OF TENNESSEE,KNOXVILLE,TN,2026,National Institutes of Health,7038809.24,9
FN2YCS2YAUW3,UNIVERSITY OF TENNESSEE,KNOXVILLE,TN,2026,National Science Foundation,8087697.0,15
FPCUDWBE7DX2,THE UNIVERSITY OF TEXAS HEALTH SCIENCE CENTER AT TYLER,TYLER,TX,2016,National Institutes of Health,3026343.0,11
FPCUDWBE7DX2,THE UNIVERSITY OF TEXAS HEALTH SCIENCE CENTER AT TYLER,TYLER,TX,2017,National Institutes of Health,3645495.0,6
FPCUDWBE7DX2,THE UNIVERSITY OF TEXAS HEALTH SCIENCE CENTER AT TYLER,TYLER,TX,2018,National Institutes of Health,3463252.0,4
FPCUDWBE7DX2,THE UNIVERSITY OF TEXAS HEALTH SCIENCE CENTER AT TYLER,TYLER,TX,2019,National Institutes of Health,3830701.0,3
FPCUDWBE7DX2,THE UNIVERSITY OF TEXAS HEALTH SCIENCE CENTER AT TYLER,TYLER,TX,2020,National Institutes of Health,6797794.0,6
FPCUDWBE7DX2,THE UNIVERSITY OF TEXAS HEALTH SCIENCE CENTER AT TYLER,TYLER,TX,2021,National Institutes of Health,6229076.25,2
FPCUDWBE7DX2,THE UNIVERSITY OF TEXAS HEALTH SCIENCE CENTER AT TYLER,TYLER,TX,2022,National Institutes of Health,6246013.0,5
FPCUDWBE7DX2,THE UNIVERSITY OF TEXAS HEALTH SCIENCE CENTER AT TYLER,TYLER,TX,2023,National Institutes of Health,3514271.3200000003,3
FPCUDWBE7DX2,THE UNIVERSITY OF TEXAS HEALTH SCIENCE CENTER AT TYLER,TYLER,TX,2024,National Institutes of Health,5512708.88,7
FPCUDWBE7DX2,THE UNIVERSITY OF TEXAS HEALTH SCIENCE CENTER AT TYLER,TYLER,TX,2024,National Science Foundation,200000.0,1
FPCUDWBE7DX2,THE UNIVERSITY OF TEXAS HEALTH SCIENCE CENTER AT TYLER,TYLER,TX,2025,National Institutes of Health,4399432.109999999,2
FPCUDWBE7DX2,THE UNIVERSITY OF TEXAS HEALTH SCIENCE CENTER AT TYLER,TYLER,TX,2026,National Institutes of Health,3859871.73,2
FPCUDWBE7DX2,THE UNIVERSITY OF TEXAS HEALTH SCIENCE CENTER AT TYLER,TYLER,TX,2026,National Science Foundation,287516.0,1
FPU6XGFXMBE9,UNIVERSITY OF NOTRE DAME DU LAC,NOTRE DAME,IN,2016,National Institutes of Health,14228663.0,41
FPU6XGFXMBE9,UNIVERSITY OF NOTRE DAME DU LAC,NOTRE DAME,IN,2016,National Science Foundation,26458729.0,106
FPU6XGFXMBE9,UNIVERSITY OF NOTRE DAME DU LAC,NOTRE DAME,IN,2017,National Institutes of Health,20565776.0,36
FPU6XGFXMBE9,UNIVERSITY OF NOTRE DAME DU LAC,NOTRE DAME,IN,2017,National Science Foundation,25564433.0,92
FPU6XGFXMBE9,UNIVERSITY OF NOTRE DAME DU LAC,NOTRE DAME,IN,2018,National Institutes of Health,21505404.0,22
FPU6XGFXMBE9,UNIVERSITY OF NOTRE DAME DU LAC,NOTRE DAME,IN,2018,National Science Foundation,24792952.0,64
FPU6XGFXMBE9,UNIVERSITY OF NOTRE DAME DU LAC,NOTRE DAME,IN,2019,National Institutes of Health,26637679.0,17
FPU6XGFXMBE9,UNIVERSITY OF NOTRE DAME DU LAC,NOTRE DAME,IN,2019,National Science Foundation,34348010.0,72
FPU6XGFXMBE9,UNIVERSITY OF NOTRE DAME DU LAC,NOTRE DAME,IN,2020,National Institutes of Health,27859604.0,14
FPU6XGFXMBE9,UNIVERSITY OF NOTRE DAME DU LAC,NOTRE DAME,IN,2020,National Science Foundation,29282790.0,76
FPU6XGFXMBE9,UNIVERSITY OF NOTRE DAME DU LAC,NOTRE DAME,IN,2021,National Institutes of Health,2617514.0,2
FPU6XGFXMBE9,UNIVERSITY OF NOTRE DAME DU LAC,NOTRE DAME,IN,2021,National Science Foundation,39911576.0,65
FPU6XGFXMBE9,UNIVERSITY OF NOTRE DAME DU LAC,NOTRE DAME,IN,2022,National Institutes of Health,24329254.130000003,33
FPU6XGFXMBE9,UNIVERSITY OF NOTRE DAME DU LAC,NOTRE DAME,IN,2022,National Science Foundation,42164438.0,66
FPU6XGFXMBE9,UNIVERSITY OF NOTRE DAME DU LAC,NOTRE DAME,IN,2023,National Institutes of Health,24533241.310000002,26
FPU6XGFXMBE9,UNIVERSITY OF NOTRE DAME DU LAC,NOTRE DAME,IN,2023,National Science Foundation,43828538.0,60
FPU6XGFXMBE9,UNIVERSITY OF NOTRE DAME DU LAC,NOTRE DAME,IN,2024,National Institutes of Health,26653841.28,19
FPU6XGFXMBE9,UNIVERSITY OF NOTRE DAME DU LAC,NOTRE DAME,IN,2024,National Science Foundation,38294297.0,64
FPU6XGFXMBE9,UNIVERSITY OF NOTRE DAME DU LAC,NOTRE DAME,IN,2025,National Institutes of Health,29781841.160000004,21
FPU6XGFXMBE9,UNIVERSITY OF NOTRE DAME DU LAC,NOTRE DAME,IN,2025,National Science Foundation,30551165.0,33
FPU6XGFXMBE9,UNIVERSITY OF NOTRE DAME DU LAC,NOTRE DAME,IN,2026,National Institutes of Health,25537087.32,17
FPU6XGFXMBE9,UNIVERSITY OF NOTRE DAME DU LAC,NOTRE DAME,IN,2026,National Science Foundation,10587753.0,21
FTMTDMBR29C7,THE JOHNS HOPKINS UNIVERSITY,BALTIMORE,MD,2016,National Institutes of Health,632311465.0,1256
FTMTDMBR29C7,THE JOHNS HOPKINS UNIVERSITY,BALTIMORE,MD,2016,National Science Foundation,40745048.0,134
FTMTDMBR29C7,THE JOHNS HOPKINS UNIVERSITY,BALTIMORE,MD,2017,National Institutes of Health,635883197.0,659
FTMTDMBR29C7,THE JOHNS HOPKINS UNIVERSITY,BALTIMORE,MD,2017,National Science Foundation,33632897.0,84
FTMTDMBR29C7,THE JOHNS HOPKINS UNIVERSITY,BALTIMORE,MD,2018,National Institutes of Health,653485915.0,447
FTMTDMBR29C7,THE JOHNS HOPKINS UNIVERSITY,BALTIMORE,MD,2018,National Science Foundation,41548497.0,84
FTMTDMBR29C7,THE JOHNS HOPKINS UNIVERSITY,BALTIMORE,MD,2019,National Institutes of Health,735428713.0,323
FTMTDMBR29C7,THE JOHNS HOPKINS UNIVERSITY,BALTIMORE,MD,2019,National Science Foundation,39234779.0,87
FTMTDMBR29C7,THE JOHNS HOPKINS UNIVERSITY,BALTIMORE,MD,2020,National Institutes of Health,788142739.0,379
FTMTDMBR29C7,THE JOHNS HOPKINS UNIVERSITY,BALTIMORE,MD,2020,National Science Foundation,40753299.0,84
FTMTDMBR29C7,THE JOHNS HOPKINS UNIVERSITY,BALTIMORE,MD,2021,National Institutes of Health,778282218.7900002,385
FTMTDMBR29C7,THE JOHNS HOPKINS UNIVERSITY,BALTIMORE,MD,2021,National Science Foundation,45375749.0,75
FTMTDMBR29C7,THE JOHNS HOPKINS UNIVERSITY,BALTIMORE,MD,2022,National Institutes of Health,810610634.58,349
FTMTDMBR29C7,THE JOHNS HOPKINS UNIVERSITY,BALTIMORE,MD,2022,National Science Foundation,39172236.0,55
FTMTDMBR29C7,THE JOHNS HOPKINS UNIVERSITY,BALTIMORE,MD,2023,National Institutes of Health,807914270.3000001,354
FTMTDMBR29C7,THE JOHNS HOPKINS UNIVERSITY,BALTIMORE,MD,2023,National Science Foundation,49567464.0,75
FTMTDMBR29C7,THE JOHNS HOPKINS UNIVERSITY,BALTIMORE,MD,2024,National Institutes of Health,829459120.1199999,369
FTMTDMBR29C7,THE JOHNS HOPKINS UNIVERSITY,BALTIMORE,MD,2024,National Science Foundation,43864958.0,76
FTMTDMBR29C7,THE JOHNS HOPKINS UNIVERSITY,BALTIMORE,MD,2025,National Institutes of Health,822719636.2300001,276
FTMTDMBR29C7,THE JOHNS HOPKINS UNIVERSITY,BALTIMORE,MD,2025,National Science Foundation,49958057.0,69
FTMTDMBR29C7,THE JOHNS HOPKINS UNIVERSITY,BALTIMORE,MD,2026,National Institutes of Health,646662793.8800001,207
FTMTDMBR29C7,THE JOHNS HOPKINS UNIVERSITY,BALTIMORE,MD,2026,National Science Foundation,13348282.0,34
FWY1FX3THXC5,RESEARCH FOUNDATION OF THE CITY UNIVERSITY OF NEW YORK,NEW YORK,NY,2016,National Institutes of Health,799085.0,2
FWY1FX3THXC5,RESEARCH FOUNDATION OF THE CITY UNIVERSITY OF NEW YORK,NEW YORK,NY,2017,National Institutes of Health,3612759.0,6
FWY1FX3THXC5,RESEARCH FOUNDATION OF THE CITY UNIVERSITY OF NEW YORK,NEW YORK,NY,2018,National Institutes of Health,2923023.0,2
FWY1FX3THXC5,RESEARCH FOUNDATION OF THE CITY UNIVERSITY OF NEW YORK,NEW YORK,NY,2018,National Science Foundation,123174.0,1
FWY1FX3THXC5,RESEARCH FOUNDATION OF THE CITY UNIVERSITY OF NEW YORK,NEW YORK,NY,2019,National Institutes of Health,6335723.0,7
FWY1FX3THXC5,RESEARCH FOUNDATION OF THE CITY UNIVERSITY OF NEW YORK,NEW YORK,NY,2019,National Science Foundation,129349.0,0
FWY1FX3THXC5,RESEARCH FOUNDATION OF THE CITY UNIVERSITY OF NEW YORK,NEW YORK,NY,2020,National Institutes of Health,10336827.0,7
FWY1FX3THXC5,RESEARCH FOUNDATION OF THE CITY UNIVERSITY OF NEW YORK,NEW YORK,NY,2020,National Science Foundation,133243.0,0
FWY1FX3THXC5,RESEARCH FOUNDATION OF THE CITY UNIVERSITY OF NEW YORK,NEW YORK,NY,2021,National Institutes of Health,8449046.26,6
FWY1FX3THXC5,RESEARCH FOUNDATION OF THE CITY UNIVERSITY OF NEW YORK,NEW YORK,NY,2021,National Science Foundation,350000.0,2
FWY1FX3THXC5,RESEARCH FOUNDATION OF THE CITY UNIVERSITY OF NEW YORK,NEW YORK,NY,2022,National Institutes of Health,12173326.84,5
FWY1FX3THXC5,RESEARCH FOUNDATION OF THE CITY UNIVERSITY OF NEW YORK,NEW YORK,NY,2023,National Institutes of Health,10678913.629999999,4
FWY1FX3THXC5,RESEARCH FOUNDATION OF THE CITY UNIVERSITY OF NEW YORK,NEW YORK,NY,2023,National Science Foundation,0.0,0
FWY1FX3THXC5,RESEARCH FOUNDATION OF THE CITY UNIVERSITY OF NEW YORK,NEW YORK,NY,2024,National Institutes of Health,10904468.219999999,5
FWY1FX3THXC5,RESEARCH FOUNDATION OF THE CITY UNIVERSITY OF NEW YORK,NEW YORK,NY,2025,National Institutes of Health,11647451.54,1
FWY1FX3THXC5,RESEARCH FOUNDATION OF THE CITY UNIVERSITY OF NEW YORK,NEW YORK,NY,2026,National Institutes of Health,8846063.04,3
FXKMA43NTV21,BAYLOR COLLEGE OF MEDICINE,HOUSTON,TX,2016,National Institutes of Health,216073893.0,447
FXKMA43NTV21,BAYLOR COLLEGE OF MEDICINE,HOUSTON,TX,2016,National Science Foundation,1036574.0,4
FXKMA43NTV21,BAYLOR COLLEGE OF MEDICINE,HOUSTON,TX,2017,National Institutes of Health,219657257.0,252
FXKMA43NTV21,BAYLOR COLLEGE OF MEDICINE,HOUSTON,TX,2017,National Science Foundation,1722607.0,6
FXKMA43NTV21,BAYLOR COLLEGE OF MEDICINE,HOUSTON,TX,2018,National Institutes of Health,244350405.0,155
FXKMA43NTV21,BAYLOR COLLEGE OF MEDICINE,HOUSTON,TX,2018,National Science Foundation,380364.0,3
FXKMA43NTV21,BAYLOR COLLEGE OF MEDICINE,HOUSTON,TX,2019,National Institutes of Health,246295960.0,120
FXKMA43NTV21,BAYLOR COLLEGE OF MEDICINE,HOUSTON,TX,2019,National Science Foundation,567560.0,1
FXKMA43NTV21,BAYLOR COLLEGE OF MEDICINE,HOUSTON,TX,2020,National Institutes of Health,270207300.0,126
FXKMA43NTV21,BAYLOR COLLEGE OF MEDICINE,HOUSTON,TX,2020,National Science Foundation,6720355.0,4
FXKMA43NTV21,BAYLOR COLLEGE OF MEDICINE,HOUSTON,TX,2021,National Institutes of Health,291121175.84,162
FXKMA43NTV21,BAYLOR COLLEGE OF MEDICINE,HOUSTON,TX,2021,National Science Foundation,1667394.0,4
FXKMA43NTV21,BAYLOR COLLEGE OF MEDICINE,HOUSTON,TX,2022,National Institutes of Health,316224163.9499999,166
FXKMA43NTV21,BAYLOR COLLEGE OF MEDICINE,HOUSTON,TX,2022,National Science Foundation,4086945.0,6
FXKMA43NTV21,BAYLOR COLLEGE OF MEDICINE,HOUSTON,TX,2023,National Institutes of Health,298675935.90999997,150
FXKMA43NTV21,BAYLOR COLLEGE OF MEDICINE,HOUSTON,TX,2023,National Science Foundation,5526703.0,3
FXKMA43NTV21,BAYLOR COLLEGE OF MEDICINE,HOUSTON,TX,2024,National Institutes of Health,309390124.17,154
FXKMA43NTV21,BAYLOR COLLEGE OF MEDICINE,HOUSTON,TX,2024,National Science Foundation,3816216.0,1
FXKMA43NTV21,BAYLOR COLLEGE OF MEDICINE,HOUSTON,TX,2025,National Institutes of Health,286487899.61,106
FXKMA43NTV21,BAYLOR COLLEGE OF MEDICINE,HOUSTON,TX,2025,National Science Foundation,502022.0,2
FXKMA43NTV21,BAYLOR COLLEGE OF MEDICINE,HOUSTON,TX,2026,National Institutes of Health,210132805.09,93
FXKMA43NTV21,BAYLOR COLLEGE OF MEDICINE,HOUSTON,TX,2026,National Science Foundation,184151.0,1
FY85DRNMJAM4,CONCORD CONSORTIUM INC,CONCORD,MA,2016,National Science Foundation,14657267.0,12
FY85DRNMJAM4,CONCORD CONSORTIUM INC,CONCORD,MA,2017,National Science Foundation,7203036.0,7
FY85DRNMJAM4,CONCORD CONSORTIUM INC,CONCORD,MA,2018,National Science Foundation,7649493.0,4
FY85DRNMJAM4,CONCORD CONSORTIUM INC,CONCORD,MA,2019,National Science Foundation,5221850.0,1
FY85DRNMJAM4,CONCORD CONSORTIUM INC,CONCORD,MA,2020,National Science Foundation,4910374.0,4
FY85DRNMJAM4,CONCORD CONSORTIUM INC,CONCORD,MA,2021,National Science Foundation,2060577.0,2
FY85DRNMJAM4,CONCORD CONSORTIUM INC,CONCORD,MA,2022,National Science Foundation,6435210.0,4
FY85DRNMJAM4,CONCORD CONSORTIUM INC,CONCORD,MA,2023,National Science Foundation,2818830.0,3
FY85DRNMJAM4,CONCORD CONSORTIUM INC,CONCORD,MA,2024,National Science Foundation,3474805.0,4
FY85DRNMJAM4,CONCORD CONSORTIUM INC,CONCORD,MA,2025,National Science Foundation,8139565.0,5
FY85DRNMJAM4,CONCORD CONSORTIUM INC,CONCORD,MA,2026,National Science Foundation,0.0,0
FZRNFQTKADH1,UNIVERSITY OF NEBRASKA,OMAHA,NE,2016,National Institutes of Health,2803557.0,3
FZRNFQTKADH1,UNIVERSITY OF NEBRASKA,OMAHA,NE,2016,National Science Foundation,760249.0,5
FZRNFQTKADH1,UNIVERSITY OF NEBRASKA,OMAHA,NE,2017,National Institutes of Health,3099827.0,3
FZRNFQTKADH1,UNIVERSITY OF NEBRASKA,OMAHA,NE,2017,National Science Foundation,2785304.0,10
FZRNFQTKADH1,UNIVERSITY OF NEBRASKA,OMAHA,NE,2018,National Institutes of Health,3159131.0,2
FZRNFQTKADH1,UNIVERSITY OF NEBRASKA,OMAHA,NE,2018,National Science Foundation,3376063.0,5
FZRNFQTKADH1,UNIVERSITY OF NEBRASKA,OMAHA,NE,2019,National Institutes of Health,3975590.0,3
FZRNFQTKADH1,UNIVERSITY OF NEBRASKA,OMAHA,NE,2019,National Science Foundation,2756486.0,5
FZRNFQTKADH1,UNIVERSITY OF NEBRASKA,OMAHA,NE,2020,National Institutes of Health,3909415.0,1
FZRNFQTKADH1,UNIVERSITY OF NEBRASKA,OMAHA,NE,2020,National Science Foundation,2645960.0,5
FZRNFQTKADH1,UNIVERSITY OF NEBRASKA,OMAHA,NE,2021,National Institutes of Health,4043668.74,2
FZRNFQTKADH1,UNIVERSITY OF NEBRASKA,OMAHA,NE,2021,National Science Foundation,2722154.0,8
FZRNFQTKADH1,UNIVERSITY OF NEBRASKA,OMAHA,NE,2022,National Institutes of Health,4108839.55,2
FZRNFQTKADH1,UNIVERSITY OF NEBRASKA,OMAHA,NE,2022,National Science Foundation,1328287.0,7
FZRNFQTKADH1,UNIVERSITY OF NEBRASKA,OMAHA,NE,2023,National Institutes of Health,3903212.52,1
FZRNFQTKADH1,UNIVERSITY OF NEBRASKA,OMAHA,NE,2023,National Science Foundation,1220186.0,4
FZRNFQTKADH1,UNIVERSITY OF NEBRASKA,OMAHA,NE,2024,National Institutes of Health,4732526.0,5
FZRNFQTKADH1,UNIVERSITY OF NEBRASKA,OMAHA,NE,2024,National Science Foundation,1995078.0,9
FZRNFQTKADH1,UNIVERSITY OF NEBRASKA,OMAHA,NE,2025,National Institutes of Health,5791444.26,4
FZRNFQTKADH1,UNIVERSITY OF NEBRASKA,OMAHA,NE,2025,National Science Foundation,6206114.0,10
FZRNFQTKADH1,UNIVERSITY OF NEBRASKA,OMAHA,NE,2026,National Institutes of Health,3919451.79,1
FZRNFQTKADH1,UNIVERSITY OF NEBRASKA,OMAHA,NE,2026,National Science Foundation,5886075.0,1
G15AG3BLLMH4,BOARD OF REGENTS OF THE UNIVERSITY OF NEBRASKA,OMAHA,NE,2016,National Institutes of Health,72026387.0,151
G15AG3BLLMH4,BOARD OF REGENTS OF THE UNIVERSITY OF NEBRASKA,OMAHA,NE,2016,National Science Foundation,158634.0,1
G15AG3BLLMH4,BOARD OF REGENTS OF THE UNIVERSITY OF NEBRASKA,OMAHA,NE,2017,National Institutes of Health,72695029.0,84
G15AG3BLLMH4,BOARD OF REGENTS OF THE UNIVERSITY OF NEBRASKA,OMAHA,NE,2017,National Science Foundation,250634.0,1
G15AG3BLLMH4,BOARD OF REGENTS OF THE UNIVERSITY OF NEBRASKA,OMAHA,NE,2018,National Institutes of Health,83649838.0,60
G15AG3BLLMH4,BOARD OF REGENTS OF THE UNIVERSITY OF NEBRASKA,OMAHA,NE,2018,National Science Foundation,688158.0,2
G15AG3BLLMH4,BOARD OF REGENTS OF THE UNIVERSITY OF NEBRASKA,OMAHA,NE,2019,National Institutes of Health,83784368.0,54
G15AG3BLLMH4,BOARD OF REGENTS OF THE UNIVERSITY OF NEBRASKA,OMAHA,NE,2019,National Science Foundation,1153877.0,1
G15AG3BLLMH4,BOARD OF REGENTS OF THE UNIVERSITY OF NEBRASKA,OMAHA,NE,2020,National Institutes of Health,88956733.0,34
G15AG3BLLMH4,BOARD OF REGENTS OF THE UNIVERSITY OF NEBRASKA,OMAHA,NE,2020,National Science Foundation,1571610.0,5
G15AG3BLLMH4,BOARD OF REGENTS OF THE UNIVERSITY OF NEBRASKA,OMAHA,NE,2021,National Institutes of Health,80917323.02,62
G15AG3BLLMH4,BOARD OF REGENTS OF THE UNIVERSITY OF NEBRASKA,OMAHA,NE,2021,National Science Foundation,761987.0,1
G15AG3BLLMH4,BOARD OF REGENTS OF THE UNIVERSITY OF NEBRASKA,OMAHA,NE,2022,National Institutes of Health,98745121.23,50
G15AG3BLLMH4,BOARD OF REGENTS OF THE UNIVERSITY OF NEBRASKA,OMAHA,NE,2022,National Science Foundation,115038.0,0
G15AG3BLLMH4,BOARD OF REGENTS OF THE UNIVERSITY OF NEBRASKA,OMAHA,NE,2023,National Institutes of Health,95073649.84,51
G15AG3BLLMH4,BOARD OF REGENTS OF THE UNIVERSITY OF NEBRASKA,OMAHA,NE,2023,National Science Foundation,163575.0,0
G15AG3BLLMH4,BOARD OF REGENTS OF THE UNIVERSITY OF NEBRASKA,OMAHA,NE,2024,National Institutes of Health,83517667.53,55
G15AG3BLLMH4,BOARD OF REGENTS OF THE UNIVERSITY OF NEBRASKA,OMAHA,NE,2024,National Science Foundation,594742.0,1
G15AG3BLLMH4,BOARD OF REGENTS OF THE UNIVERSITY OF NEBRASKA,OMAHA,NE,2025,National Institutes of Health,92523510.23999998,31
G15AG3BLLMH4,BOARD OF REGENTS OF THE UNIVERSITY OF NEBRASKA,OMAHA,NE,2025,National Science Foundation,1701083.0,3
G15AG3BLLMH4,BOARD OF REGENTS OF THE UNIVERSITY OF NEBRASKA,OMAHA,NE,2026,National Institutes of Health,69954827.84,42
G192A9HR62S5,"THE WINIFRED MASTERSON BURKE MEDICAL RESEARCH INSTITUTE, INC",WHITE PLAINS,NY,2016,National Institutes of Health,7957812.0,16
G192A9HR62S5,"THE WINIFRED MASTERSON BURKE MEDICAL RESEARCH INSTITUTE, INC",WHITE PLAINS,NY,2017,National Institutes of Health,9028410.0,3
G192A9HR62S5,"THE WINIFRED MASTERSON BURKE MEDICAL RESEARCH INSTITUTE, INC",WHITE PLAINS,NY,2018,National Institutes of Health,6280512.0,4
G192A9HR62S5,"THE WINIFRED MASTERSON BURKE MEDICAL RESEARCH INSTITUTE, INC",WHITE PLAINS,NY,2019,National Institutes of Health,7459964.0,4
G192A9HR62S5,"THE WINIFRED MASTERSON BURKE MEDICAL RESEARCH INSTITUTE, INC",WHITE PLAINS,NY,2020,National Institutes of Health,8999412.0,2
G192A9HR62S5,"THE WINIFRED MASTERSON BURKE MEDICAL RESEARCH INSTITUTE, INC",WHITE PLAINS,NY,2021,National Institutes of Health,5910068.6,1
G192A9HR62S5,"THE WINIFRED MASTERSON BURKE MEDICAL RESEARCH INSTITUTE, INC",WHITE PLAINS,NY,2022,National Institutes of Health,14788817.95,1
G192A9HR62S5,"THE WINIFRED MASTERSON BURKE MEDICAL RESEARCH INSTITUTE, INC",WHITE PLAINS,NY,2023,National Institutes of Health,15656552.479999999,2
G192A9HR62S5,"THE WINIFRED MASTERSON BURKE MEDICAL RESEARCH INSTITUTE, INC",WHITE PLAINS,NY,2024,National Institutes of Health,5387966.0,4
G192A9HR62S5,"THE WINIFRED MASTERSON BURKE MEDICAL RESEARCH INSTITUTE, INC",WHITE PLAINS,NY,2025,National Institutes of Health,17718265.0,8
G192A9HR62S5,"THE WINIFRED MASTERSON BURKE MEDICAL RESEARCH INSTITUTE, INC",WHITE PLAINS,NY,2026,National Institutes of Health,3270799.0,0
G1THVER8BNL4,THE UNIVERSITY OF MISSISSIPPI,OXFORD,MS,2016,National Institutes of Health,3709565.0,7
G1THVER8BNL4,THE UNIVERSITY OF MISSISSIPPI,OXFORD,MS,2016,National Science Foundation,3651505.0,15
G1THVER8BNL4,THE UNIVERSITY OF MISSISSIPPI,OXFORD,MS,2017,National Institutes of Health,983365.0,4
G1THVER8BNL4,THE UNIVERSITY OF MISSISSIPPI,OXFORD,MS,2017,National Science Foundation,4321976.0,11
G1THVER8BNL4,THE UNIVERSITY OF MISSISSIPPI,OXFORD,MS,2018,National Institutes of Health,5159352.0,8
G1THVER8BNL4,THE UNIVERSITY OF MISSISSIPPI,OXFORD,MS,2018,National Science Foundation,2992850.0,15
G1THVER8BNL4,THE UNIVERSITY OF MISSISSIPPI,OXFORD,MS,2019,National Institutes of Health,3066384.0,7
G1THVER8BNL4,THE UNIVERSITY OF MISSISSIPPI,OXFORD,MS,2019,National Science Foundation,2813079.0,8
G1THVER8BNL4,THE UNIVERSITY OF MISSISSIPPI,OXFORD,MS,2020,National Institutes of Health,7242491.0,9
G1THVER8BNL4,THE UNIVERSITY OF MISSISSIPPI,OXFORD,MS,2020,National Science Foundation,2778867.0,11
G1THVER8BNL4,THE UNIVERSITY OF MISSISSIPPI,OXFORD,MS,2021,National Institutes of Health,5700958.52,2
G1THVER8BNL4,THE UNIVERSITY OF MISSISSIPPI,OXFORD,MS,2021,National Science Foundation,1614951.0,7
G1THVER8BNL4,THE UNIVERSITY OF MISSISSIPPI,OXFORD,MS,2022,National Institutes of Health,6850231.09,5
G1THVER8BNL4,THE UNIVERSITY OF MISSISSIPPI,OXFORD,MS,2022,National Science Foundation,4905526.0,16
G1THVER8BNL4,THE UNIVERSITY OF MISSISSIPPI,OXFORD,MS,2023,National Institutes of Health,6252157.33,2
G1THVER8BNL4,THE UNIVERSITY OF MISSISSIPPI,OXFORD,MS,2023,National Science Foundation,5298689.0,14
G1THVER8BNL4,THE UNIVERSITY OF MISSISSIPPI,OXFORD,MS,2024,National Institutes of Health,7095045.5600000005,8
G1THVER8BNL4,THE UNIVERSITY OF MISSISSIPPI,OXFORD,MS,2024,National Science Foundation,7245758.0,17
G1THVER8BNL4,THE UNIVERSITY OF MISSISSIPPI,OXFORD,MS,2025,National Institutes of Health,7944331.620000001,4
G1THVER8BNL4,THE UNIVERSITY OF MISSISSIPPI,OXFORD,MS,2025,National Science Foundation,12291798.0,17
G1THVER8BNL4,THE UNIVERSITY OF MISSISSIPPI,OXFORD,MS,2026,National Institutes of Health,6441080.33,1
G1THVER8BNL4,THE UNIVERSITY OF MISSISSIPPI,OXFORD,MS,2026,National Science Foundation,3584006.0,4
G389MFAYJNG9,UNIVERSITY OF NEW MEXICO,ALBUQUERQUE,NM,2016,National Institutes of Health,53414017.0,93
G389MFAYJNG9,UNIVERSITY OF NEW MEXICO,ALBUQUERQUE,NM,2017,National Institutes of Health,55607129.0,54
G389MFAYJNG9,UNIVERSITY OF NEW MEXICO,ALBUQUERQUE,NM,2017,National Science Foundation,50000.0,1
G389MFAYJNG9,UNIVERSITY OF NEW MEXICO,ALBUQUERQUE,NM,2018,National Institutes of Health,52925692.0,36
G389MFAYJNG9,UNIVERSITY OF NEW MEXICO,ALBUQUERQUE,NM,2019,National Institutes of Health,56345176.0,24
G389MFAYJNG9,UNIVERSITY OF NEW MEXICO,ALBUQUERQUE,NM,2019,National Science Foundation,50000.0,1
G389MFAYJNG9,UNIVERSITY OF NEW MEXICO,ALBUQUERQUE,NM,2020,National Institutes of Health,69900193.0,31
G389MFAYJNG9,UNIVERSITY OF NEW MEXICO,ALBUQUERQUE,NM,2020,National Science Foundation,-44125.0,0
G389MFAYJNG9,UNIVERSITY OF NEW MEXICO,ALBUQUERQUE,NM,2021,National Institutes of Health,70896723.18,22
G389MFAYJNG9,UNIVERSITY OF NEW MEXICO,ALBUQUERQUE,NM,2021,National Science Foundation,651450.0,1
G389MFAYJNG9,UNIVERSITY OF NEW MEXICO,ALBUQUERQUE,NM,2022,National Institutes of Health,67154253.22999999,25
G389MFAYJNG9,UNIVERSITY OF NEW MEXICO,ALBUQUERQUE,NM,2023,National Institutes of Health,67890190.06,28
G389MFAYJNG9,UNIVERSITY OF NEW MEXICO,ALBUQUERQUE,NM,2024,National Institutes of Health,68848230.32000001,26
G389MFAYJNG9,UNIVERSITY OF NEW MEXICO,ALBUQUERQUE,NM,2024,National Science Foundation,50000.0,1
G389MFAYJNG9,UNIVERSITY OF NEW MEXICO,ALBUQUERQUE,NM,2025,National Institutes of Health,79475828.98,22
G389MFAYJNG9,UNIVERSITY OF NEW MEXICO,ALBUQUERQUE,NM,2026,National Institutes of Health,50225776.68,17
G47WN1XZNWX9,UNIVERSITY OF NORTH TEXAS,DENTON,TX,2016,National Institutes of Health,478228.0,2
G47WN1XZNWX9,UNIVERSITY OF NORTH TEXAS,DENTON,TX,2016,National Science Foundation,5478355.0,39
G47WN1XZNWX9,UNIVERSITY OF NORTH TEXAS,DENTON,TX,2017,National Institutes of Health,2370467.0,6
G47WN1XZNWX9,UNIVERSITY OF NORTH TEXAS,DENTON,TX,2017,National Science Foundation,7063449.0,33
G47WN1XZNWX9,UNIVERSITY OF NORTH TEXAS,DENTON,TX,2018,National Institutes of Health,2366646.0,4
G47WN1XZNWX9,UNIVERSITY OF NORTH TEXAS,DENTON,TX,2018,National Science Foundation,3734433.0,20
G47WN1XZNWX9,UNIVERSITY OF NORTH TEXAS,DENTON,TX,2019,National Institutes of Health,1431974.0,1
G47WN1XZNWX9,UNIVERSITY OF NORTH TEXAS,DENTON,TX,2019,National Science Foundation,6046687.0,25
G47WN1XZNWX9,UNIVERSITY OF NORTH TEXAS,DENTON,TX,2020,National Institutes of Health,1101886.0,4
G47WN1XZNWX9,UNIVERSITY OF NORTH TEXAS,DENTON,TX,2020,National Science Foundation,5760287.0,24
G47WN1XZNWX9,UNIVERSITY OF NORTH TEXAS,DENTON,TX,2021,National Institutes of Health,2417790.9899999998,6
G47WN1XZNWX9,UNIVERSITY OF NORTH TEXAS,DENTON,TX,2021,National Science Foundation,8749901.0,22
G47WN1XZNWX9,UNIVERSITY OF NORTH TEXAS,DENTON,TX,2022,National Institutes of Health,3330589.19,8
G47WN1XZNWX9,UNIVERSITY OF NORTH TEXAS,DENTON,TX,2022,National Science Foundation,8012825.0,21
G47WN1XZNWX9,UNIVERSITY OF NORTH TEXAS,DENTON,TX,2023,National Institutes of Health,4871508.8100000005,6
G47WN1XZNWX9,UNIVERSITY OF NORTH TEXAS,DENTON,TX,2023,National Science Foundation,5547545.0,32
G47WN1XZNWX9,UNIVERSITY OF NORTH TEXAS,DENTON,TX,2024,National Institutes of Health,2319641.57,3
G47WN1XZNWX9,UNIVERSITY OF NORTH TEXAS,DENTON,TX,2024,National Science Foundation,13013780.0,31
G47WN1XZNWX9,UNIVERSITY OF NORTH TEXAS,DENTON,TX,2025,National Institutes of Health,3095816.9,2
G47WN1XZNWX9,UNIVERSITY OF NORTH TEXAS,DENTON,TX,2025,National Science Foundation,8674507.0,21
G47WN1XZNWX9,UNIVERSITY OF NORTH TEXAS,DENTON,TX,2026,National Institutes of Health,3735437.99,9
G47WN1XZNWX9,UNIVERSITY OF NORTH TEXAS,DENTON,TX,2026,National Science Foundation,4437231.0,9
G56PUALJ3KT5,CORNELL UNIVERSITY,ITHACA,NY,2016,National Institutes of Health,61685162.0,173
G56PUALJ3KT5,CORNELL UNIVERSITY,ITHACA,NY,2016,National Science Foundation,102077968.0,216
G56PUALJ3KT5,CORNELL UNIVERSITY,ITHACA,NY,2017,National Institutes of Health,74495224.0,110
G56PUALJ3KT5,CORNELL UNIVERSITY,ITHACA,NY,2017,National Science Foundation,130996713.0,180
G56PUALJ3KT5,CORNELL UNIVERSITY,ITHACA,NY,2018,National Institutes of Health,82375632.0,69
G56PUALJ3KT5,CORNELL UNIVERSITY,ITHACA,NY,2018,National Science Foundation,119826745.0,144
G56PUALJ3KT5,CORNELL UNIVERSITY,ITHACA,NY,2019,National Institutes of Health,89701375.0,58
G56PUALJ3KT5,CORNELL UNIVERSITY,ITHACA,NY,2019,National Science Foundation,88596134.0,128
G56PUALJ3KT5,CORNELL UNIVERSITY,ITHACA,NY,2020,National Institutes of Health,90120620.0,52
G56PUALJ3KT5,CORNELL UNIVERSITY,ITHACA,NY,2020,National Science Foundation,114135724.0,156
G56PUALJ3KT5,CORNELL UNIVERSITY,ITHACA,NY,2021,National Institutes of Health,92761315.49000001,56
G56PUALJ3KT5,CORNELL UNIVERSITY,ITHACA,NY,2021,National Science Foundation,120259590.0,109
G56PUALJ3KT5,CORNELL UNIVERSITY,ITHACA,NY,2022,National Institutes of Health,98351743.01,65
G56PUALJ3KT5,CORNELL UNIVERSITY,ITHACA,NY,2022,National Science Foundation,130199837.0,119
G56PUALJ3KT5,CORNELL UNIVERSITY,ITHACA,NY,2023,National Institutes of Health,107899359.72999999,58
G56PUALJ3KT5,CORNELL UNIVERSITY,ITHACA,NY,2023,National Science Foundation,117949636.0,119
G56PUALJ3KT5,CORNELL UNIVERSITY,ITHACA,NY,2024,National Institutes of Health,102849829.06,39
G56PUALJ3KT5,CORNELL UNIVERSITY,ITHACA,NY,2024,National Science Foundation,132794093.0,107
G56PUALJ3KT5,CORNELL UNIVERSITY,ITHACA,NY,2025,National Institutes of Health,91659334.97999999,39
G56PUALJ3KT5,CORNELL UNIVERSITY,ITHACA,NY,2025,National Science Foundation,124441864.0,107
G56PUALJ3KT5,CORNELL UNIVERSITY,ITHACA,NY,2026,National Institutes of Health,85974604.39,45
G56PUALJ3KT5,CORNELL UNIVERSITY,ITHACA,NY,2026,National Science Foundation,33178550.0,41
G6VVMPNK4Y48,ALBANY MEDICAL COLLEGE,ALBANY,NY,2016,National Institutes of Health,11704909.0,30
G6VVMPNK4Y48,ALBANY MEDICAL COLLEGE,ALBANY,NY,2017,National Institutes of Health,8139896.0,13
G6VVMPNK4Y48,ALBANY MEDICAL COLLEGE,ALBANY,NY,2018,National Institutes of Health,9103397.0,9
G6VVMPNK4Y48,ALBANY MEDICAL COLLEGE,ALBANY,NY,2019,National Institutes of Health,12807355.0,10
G6VVMPNK4Y48,ALBANY MEDICAL COLLEGE,ALBANY,NY,2020,National Institutes of Health,12938345.0,15
G6VVMPNK4Y48,ALBANY MEDICAL COLLEGE,ALBANY,NY,2021,National Institutes of Health,10544596.98,9
G6VVMPNK4Y48,ALBANY MEDICAL COLLEGE,ALBANY,NY,2022,National Institutes of Health,10021724.7,9
G6VVMPNK4Y48,ALBANY MEDICAL COLLEGE,ALBANY,NY,2023,National Institutes of Health,12097338.75,6
G6VVMPNK4Y48,ALBANY MEDICAL COLLEGE,ALBANY,NY,2024,National Institutes of Health,12724832.58,8
G6VVMPNK4Y48,ALBANY MEDICAL COLLEGE,ALBANY,NY,2025,National Institutes of Health,9579482.68,6
G6VVMPNK4Y48,ALBANY MEDICAL COLLEGE,ALBANY,NY,2026,National Institutes of Health,14670908.07,11
G7MQPLSUX1L4,THE CHILDREN'S HOSPITAL OF PHILADELPHIA,PHILADELPHIA,PA,2016,National Institutes of Health,110396488.0,199
G7MQPLSUX1L4,THE CHILDREN'S HOSPITAL OF PHILADELPHIA,PHILADELPHIA,PA,2016,National Science Foundation,-776473.0,3
G7MQPLSUX1L4,THE CHILDREN'S HOSPITAL OF PHILADELPHIA,PHILADELPHIA,PA,2017,National Institutes of Health,117868552.0,117
G7MQPLSUX1L4,THE CHILDREN'S HOSPITAL OF PHILADELPHIA,PHILADELPHIA,PA,2017,National Science Foundation,696505.0,2
G7MQPLSUX1L4,THE CHILDREN'S HOSPITAL OF PHILADELPHIA,PHILADELPHIA,PA,2018,National Institutes of Health,142892914.0,77
G7MQPLSUX1L4,THE CHILDREN'S HOSPITAL OF PHILADELPHIA,PHILADELPHIA,PA,2018,National Science Foundation,425605.0,1
G7MQPLSUX1L4,THE CHILDREN'S HOSPITAL OF PHILADELPHIA,PHILADELPHIA,PA,2019,National Institutes of Health,163623212.0,76
G7MQPLSUX1L4,THE CHILDREN'S HOSPITAL OF PHILADELPHIA,PHILADELPHIA,PA,2019,National Science Foundation,180202.0,2
G7MQPLSUX1L4,THE CHILDREN'S HOSPITAL OF PHILADELPHIA,PHILADELPHIA,PA,2020,National Institutes of Health,175778630.0,86
G7MQPLSUX1L4,THE CHILDREN'S HOSPITAL OF PHILADELPHIA,PHILADELPHIA,PA,2020,National Science Foundation,199950.0,1
G7MQPLSUX1L4,THE CHILDREN'S HOSPITAL OF PHILADELPHIA,PHILADELPHIA,PA,2021,National Institutes of Health,107978077.62,72
G7MQPLSUX1L4,THE CHILDREN'S HOSPITAL OF PHILADELPHIA,PHILADELPHIA,PA,2021,National Science Foundation,0.0,0
G7MQPLSUX1L4,THE CHILDREN'S HOSPITAL OF PHILADELPHIA,PHILADELPHIA,PA,2022,National Institutes of Health,141586611.11,70
G7MQPLSUX1L4,THE CHILDREN'S HOSPITAL OF PHILADELPHIA,PHILADELPHIA,PA,2022,National Science Foundation,442542.0,2
G7MQPLSUX1L4,THE CHILDREN'S HOSPITAL OF PHILADELPHIA,PHILADELPHIA,PA,2023,National Institutes of Health,160511736.41000003,74
G7MQPLSUX1L4,THE CHILDREN'S HOSPITAL OF PHILADELPHIA,PHILADELPHIA,PA,2023,National Science Foundation,0.0,0
G7MQPLSUX1L4,THE CHILDREN'S HOSPITAL OF PHILADELPHIA,PHILADELPHIA,PA,2024,National Institutes of Health,162226045.79000002,49
G7MQPLSUX1L4,THE CHILDREN'S HOSPITAL OF PHILADELPHIA,PHILADELPHIA,PA,2025,National Institutes of Health,180639272.51,84
G7MQPLSUX1L4,THE CHILDREN'S HOSPITAL OF PHILADELPHIA,PHILADELPHIA,PA,2025,National Science Foundation,402623.0,1
G7MQPLSUX1L4,THE CHILDREN'S HOSPITAL OF PHILADELPHIA,PHILADELPHIA,PA,2026,National Institutes of Health,141193654.66,54
G88KLJR3KYT5,UNIVERSITY OF SOUTHERN CALIFORNIA,LOS ANGELES,CA,2016,National Institutes of Health,206790177.0,381
G88KLJR3KYT5,UNIVERSITY OF SOUTHERN CALIFORNIA,LOS ANGELES,CA,2016,National Science Foundation,42517361.0,147
G88KLJR3KYT5,UNIVERSITY OF SOUTHERN CALIFORNIA,LOS ANGELES,CA,2017,National Institutes of Health,253251774.0,263
G88KLJR3KYT5,UNIVERSITY OF SOUTHERN CALIFORNIA,LOS ANGELES,CA,2017,National Science Foundation,42881465.0,114
G88KLJR3KYT5,UNIVERSITY OF SOUTHERN CALIFORNIA,LOS ANGELES,CA,2018,National Institutes of Health,271464155.0,149
G88KLJR3KYT5,UNIVERSITY OF SOUTHERN CALIFORNIA,LOS ANGELES,CA,2018,National Science Foundation,50208827.0,111
G88KLJR3KYT5,UNIVERSITY OF SOUTHERN CALIFORNIA,LOS ANGELES,CA,2019,National Institutes of Health,278490318.0,127
G88KLJR3KYT5,UNIVERSITY OF SOUTHERN CALIFORNIA,LOS ANGELES,CA,2019,National Science Foundation,51084535.0,106
G88KLJR3KYT5,UNIVERSITY OF SOUTHERN CALIFORNIA,LOS ANGELES,CA,2020,National Institutes of Health,320140554.0,135
G88KLJR3KYT5,UNIVERSITY OF SOUTHERN CALIFORNIA,LOS ANGELES,CA,2020,National Science Foundation,40935191.0,84
G88KLJR3KYT5,UNIVERSITY OF SOUTHERN CALIFORNIA,LOS ANGELES,CA,2021,National Institutes of Health,304052858.35,109
G88KLJR3KYT5,UNIVERSITY OF SOUTHERN CALIFORNIA,LOS ANGELES,CA,2021,National Science Foundation,63287100.0,102
G88KLJR3KYT5,UNIVERSITY OF SOUTHERN CALIFORNIA,LOS ANGELES,CA,2022,National Institutes of Health,314538633.89000005,123
G88KLJR3KYT5,UNIVERSITY OF SOUTHERN CALIFORNIA,LOS ANGELES,CA,2022,National Science Foundation,50004315.0,93
G88KLJR3KYT5,UNIVERSITY OF SOUTHERN CALIFORNIA,LOS ANGELES,CA,2023,National Institutes of Health,348973252.3900001,143
G88KLJR3KYT5,UNIVERSITY OF SOUTHERN CALIFORNIA,LOS ANGELES,CA,2023,National Science Foundation,62527115.0,78
G88KLJR3KYT5,UNIVERSITY OF SOUTHERN CALIFORNIA,LOS ANGELES,CA,2024,National Institutes of Health,350006240.8499999,140
G88KLJR3KYT5,UNIVERSITY OF SOUTHERN CALIFORNIA,LOS ANGELES,CA,2024,National Science Foundation,37772712.0,68
G88KLJR3KYT5,UNIVERSITY OF SOUTHERN CALIFORNIA,LOS ANGELES,CA,2025,National Institutes of Health,355802997.76,104
G88KLJR3KYT5,UNIVERSITY OF SOUTHERN CALIFORNIA,LOS ANGELES,CA,2025,National Science Foundation,51686691.0,58
G88KLJR3KYT5,UNIVERSITY OF SOUTHERN CALIFORNIA,LOS ANGELES,CA,2026,National Institutes of Health,227155830.79000002,70
G88KLJR3KYT5,UNIVERSITY OF SOUTHERN CALIFORNIA,LOS ANGELES,CA,2026,National Science Foundation,13119813.0,26
G9QBQDH39DF4,"UNIVERSITY OF CALIFORNIA, SANTA BARBARA",SANTA BARBARA,CA,2016,National Institutes of Health,16567637.0,52
G9QBQDH39DF4,"UNIVERSITY OF CALIFORNIA, SANTA BARBARA",SANTA BARBARA,CA,2016,National Science Foundation,47888583.0,134
G9QBQDH39DF4,"UNIVERSITY OF CALIFORNIA, SANTA BARBARA",SANTA BARBARA,CA,2017,National Institutes of Health,15548293.0,27
G9QBQDH39DF4,"UNIVERSITY OF CALIFORNIA, SANTA BARBARA",SANTA BARBARA,CA,2017,National Science Foundation,51917834.0,98
G9QBQDH39DF4,"UNIVERSITY OF CALIFORNIA, SANTA BARBARA",SANTA BARBARA,CA,2018,National Institutes of Health,17647867.0,11
G9QBQDH39DF4,"UNIVERSITY OF CALIFORNIA, SANTA BARBARA",SANTA BARBARA,CA,2018,National Science Foundation,50453824.0,101
G9QBQDH39DF4,"UNIVERSITY OF CALIFORNIA, SANTA BARBARA",SANTA BARBARA,CA,2019,National Institutes of Health,17835186.0,14
G9QBQDH39DF4,"UNIVERSITY OF CALIFORNIA, SANTA BARBARA",SANTA BARBARA,CA,2019,National Science Foundation,57480160.0,84
G9QBQDH39DF4,"UNIVERSITY OF CALIFORNIA, SANTA BARBARA",SANTA BARBARA,CA,2020,National Institutes of Health,23391718.0,16
G9QBQDH39DF4,"UNIVERSITY OF CALIFORNIA, SANTA BARBARA",SANTA BARBARA,CA,2020,National Science Foundation,67391449.0,89
G9QBQDH39DF4,"UNIVERSITY OF CALIFORNIA, SANTA BARBARA",SANTA BARBARA,CA,2021,National Institutes of Health,22601808.68,21
G9QBQDH39DF4,"UNIVERSITY OF CALIFORNIA, SANTA BARBARA",SANTA BARBARA,CA,2021,National Science Foundation,60234949.0,76
G9QBQDH39DF4,"UNIVERSITY OF CALIFORNIA, SANTA BARBARA",SANTA BARBARA,CA,2022,National Institutes of Health,21267800.84,19
G9QBQDH39DF4,"UNIVERSITY OF CALIFORNIA, SANTA BARBARA",SANTA BARBARA,CA,2022,National Science Foundation,71500314.0,73
G9QBQDH39DF4,"UNIVERSITY OF CALIFORNIA, SANTA BARBARA",SANTA BARBARA,CA,2023,National Institutes of Health,24553994.53,15
G9QBQDH39DF4,"UNIVERSITY OF CALIFORNIA, SANTA BARBARA",SANTA BARBARA,CA,2023,National Science Foundation,63555735.0,58
G9QBQDH39DF4,"UNIVERSITY OF CALIFORNIA, SANTA BARBARA",SANTA BARBARA,CA,2024,National Institutes of Health,21829325.96,10
G9QBQDH39DF4,"UNIVERSITY OF CALIFORNIA, SANTA BARBARA",SANTA BARBARA,CA,2024,National Science Foundation,66382248.0,66
G9QBQDH39DF4,"UNIVERSITY OF CALIFORNIA, SANTA BARBARA",SANTA BARBARA,CA,2025,National Institutes of Health,27166220.549999997,13
G9QBQDH39DF4,"UNIVERSITY OF CALIFORNIA, SANTA BARBARA",SANTA BARBARA,CA,2025,National Science Foundation,70324663.0,47
G9QBQDH39DF4,"UNIVERSITY OF CALIFORNIA, SANTA BARBARA",SANTA BARBARA,CA,2026,National Institutes of Health,15216071.88,8
G9QBQDH39DF4,"UNIVERSITY OF CALIFORNIA, SANTA BARBARA",SANTA BARBARA,CA,2026,National Science Foundation,12600049.0,18
GBNGC495XA67,UNIVERSITY SYSTEM OF NEW HAMPSHIRE,DURHAM,NH,2016,National Institutes of Health,1035928.0,7
GBNGC495XA67,UNIVERSITY SYSTEM OF NEW HAMPSHIRE,DURHAM,NH,2016,National Science Foundation,15839426.0,63
GBNGC495XA67,UNIVERSITY SYSTEM OF NEW HAMPSHIRE,DURHAM,NH,2017,National Institutes of Health,4954188.0,10
GBNGC495XA67,UNIVERSITY SYSTEM OF NEW HAMPSHIRE,DURHAM,NH,2017,National Science Foundation,19445942.0,47
GBNGC495XA67,UNIVERSITY SYSTEM OF NEW HAMPSHIRE,DURHAM,NH,2018,National Institutes of Health,4347243.0,4
GBNGC495XA67,UNIVERSITY SYSTEM OF NEW HAMPSHIRE,DURHAM,NH,2018,National Science Foundation,19730273.0,43
GBNGC495XA67,UNIVERSITY SYSTEM OF NEW HAMPSHIRE,DURHAM,NH,2019,National Institutes of Health,3592179.0,0
GBNGC495XA67,UNIVERSITY SYSTEM OF NEW HAMPSHIRE,DURHAM,NH,2019,National Science Foundation,12785197.0,26
GBNGC495XA67,UNIVERSITY SYSTEM OF NEW HAMPSHIRE,DURHAM,NH,2020,National Institutes of Health,3106721.0,4
GBNGC495XA67,UNIVERSITY SYSTEM OF NEW HAMPSHIRE,DURHAM,NH,2020,National Science Foundation,20707157.0,28
GBNGC495XA67,UNIVERSITY SYSTEM OF NEW HAMPSHIRE,DURHAM,NH,2021,National Institutes of Health,5519008.73,5
GBNGC495XA67,UNIVERSITY SYSTEM OF NEW HAMPSHIRE,DURHAM,NH,2021,National Science Foundation,11963126.0,26
GBNGC495XA67,UNIVERSITY SYSTEM OF NEW HAMPSHIRE,DURHAM,NH,2022,National Institutes of Health,3794249.23,2
GBNGC495XA67,UNIVERSITY SYSTEM OF NEW HAMPSHIRE,DURHAM,NH,2022,National Science Foundation,16641507.0,26
GBNGC495XA67,UNIVERSITY SYSTEM OF NEW HAMPSHIRE,DURHAM,NH,2023,National Institutes of Health,5888857.97,3
GBNGC495XA67,UNIVERSITY SYSTEM OF NEW HAMPSHIRE,DURHAM,NH,2023,National Science Foundation,15503147.0,18
GBNGC495XA67,UNIVERSITY SYSTEM OF NEW HAMPSHIRE,DURHAM,NH,2024,National Institutes of Health,7761332.79,6
GBNGC495XA67,UNIVERSITY SYSTEM OF NEW HAMPSHIRE,DURHAM,NH,2024,National Science Foundation,11010904.0,17
GBNGC495XA67,UNIVERSITY SYSTEM OF NEW HAMPSHIRE,DURHAM,NH,2025,National Institutes of Health,7400449.8100000005,1
GBNGC495XA67,UNIVERSITY SYSTEM OF NEW HAMPSHIRE,DURHAM,NH,2025,National Science Foundation,16940487.0,22
GBNGC495XA67,UNIVERSITY SYSTEM OF NEW HAMPSHIRE,DURHAM,NH,2026,National Institutes of Health,1929880.0,1
GBNGC495XA67,UNIVERSITY SYSTEM OF NEW HAMPSHIRE,DURHAM,NH,2026,National Science Foundation,5650983.0,7
GFKFBWG2TV98,WOODS HOLE OCEANOGRAPHIC INSTITUTION,WOODS HOLE,MA,2016,National Institutes of Health,942157.0,2
GFKFBWG2TV98,WOODS HOLE OCEANOGRAPHIC INSTITUTION,WOODS HOLE,MA,2016,National Science Foundation,62116872.0,114
GFKFBWG2TV98,WOODS HOLE OCEANOGRAPHIC INSTITUTION,WOODS HOLE,MA,2017,National Institutes of Health,361688.0,1
GFKFBWG2TV98,WOODS HOLE OCEANOGRAPHIC INSTITUTION,WOODS HOLE,MA,2017,National Science Foundation,68446165.0,76
GFKFBWG2TV98,WOODS HOLE OCEANOGRAPHIC INSTITUTION,WOODS HOLE,MA,2018,National Institutes of Health,1089642.0,6
GFKFBWG2TV98,WOODS HOLE OCEANOGRAPHIC INSTITUTION,WOODS HOLE,MA,2018,National Science Foundation,85496390.0,74
GFKFBWG2TV98,WOODS HOLE OCEANOGRAPHIC INSTITUTION,WOODS HOLE,MA,2019,National Institutes of Health,1328267.0,0
GFKFBWG2TV98,WOODS HOLE OCEANOGRAPHIC INSTITUTION,WOODS HOLE,MA,2019,National Science Foundation,115398212.0,64
GFKFBWG2TV98,WOODS HOLE OCEANOGRAPHIC INSTITUTION,WOODS HOLE,MA,2020,National Institutes of Health,1047554.0,2
GFKFBWG2TV98,WOODS HOLE OCEANOGRAPHIC INSTITUTION,WOODS HOLE,MA,2020,National Science Foundation,117306057.0,54
GFKFBWG2TV98,WOODS HOLE OCEANOGRAPHIC INSTITUTION,WOODS HOLE,MA,2021,National Institutes of Health,1135376.33,0
GFKFBWG2TV98,WOODS HOLE OCEANOGRAPHIC INSTITUTION,WOODS HOLE,MA,2021,National Science Foundation,140682746.0,79
GFKFBWG2TV98,WOODS HOLE OCEANOGRAPHIC INSTITUTION,WOODS HOLE,MA,2022,National Institutes of Health,2914496.0,1
GFKFBWG2TV98,WOODS HOLE OCEANOGRAPHIC INSTITUTION,WOODS HOLE,MA,2022,National Science Foundation,127221800.0,55
GFKFBWG2TV98,WOODS HOLE OCEANOGRAPHIC INSTITUTION,WOODS HOLE,MA,2023,National Institutes of Health,1673309.6400000001,3
GFKFBWG2TV98,WOODS HOLE OCEANOGRAPHIC INSTITUTION,WOODS HOLE,MA,2023,National Science Foundation,135810190.0,60
GFKFBWG2TV98,WOODS HOLE OCEANOGRAPHIC INSTITUTION,WOODS HOLE,MA,2024,National Institutes of Health,1285813.0,0
GFKFBWG2TV98,WOODS HOLE OCEANOGRAPHIC INSTITUTION,WOODS HOLE,MA,2024,National Science Foundation,143623199.0,46
GFKFBWG2TV98,WOODS HOLE OCEANOGRAPHIC INSTITUTION,WOODS HOLE,MA,2025,National Institutes of Health,1737227.0,0
GFKFBWG2TV98,WOODS HOLE OCEANOGRAPHIC INSTITUTION,WOODS HOLE,MA,2025,National Science Foundation,129037660.0,36
GFKFBWG2TV98,WOODS HOLE OCEANOGRAPHIC INSTITUTION,WOODS HOLE,MA,2026,National Institutes of Health,1786320.5,0
GFKFBWG2TV98,WOODS HOLE OCEANOGRAPHIC INSTITUTION,WOODS HOLE,MA,2026,National Science Foundation,62244618.0,14
GKMSN3DA6P91,MICHIGAN TECHNOLOGICAL UNIVERSITY,HOUGHTON,MI,2016,National Institutes of Health,2823609.0,7
GKMSN3DA6P91,MICHIGAN TECHNOLOGICAL UNIVERSITY,HOUGHTON,MI,2016,National Science Foundation,5958332.0,45
GKMSN3DA6P91,MICHIGAN TECHNOLOGICAL UNIVERSITY,HOUGHTON,MI,2017,National Institutes of Health,1317253.0,4
GKMSN3DA6P91,MICHIGAN TECHNOLOGICAL UNIVERSITY,HOUGHTON,MI,2017,National Science Foundation,8764064.0,25
GKMSN3DA6P91,MICHIGAN TECHNOLOGICAL UNIVERSITY,HOUGHTON,MI,2018,National Institutes of Health,1953433.0,4
GKMSN3DA6P91,MICHIGAN TECHNOLOGICAL UNIVERSITY,HOUGHTON,MI,2018,National Science Foundation,10017314.0,29
GKMSN3DA6P91,MICHIGAN TECHNOLOGICAL UNIVERSITY,HOUGHTON,MI,2019,National Institutes of Health,3673416.0,13
GKMSN3DA6P91,MICHIGAN TECHNOLOGICAL UNIVERSITY,HOUGHTON,MI,2019,National Science Foundation,7252686.0,27
GKMSN3DA6P91,MICHIGAN TECHNOLOGICAL UNIVERSITY,HOUGHTON,MI,2020,National Institutes of Health,4389667.0,12
GKMSN3DA6P91,MICHIGAN TECHNOLOGICAL UNIVERSITY,HOUGHTON,MI,2020,National Science Foundation,4305115.0,19
GKMSN3DA6P91,MICHIGAN TECHNOLOGICAL UNIVERSITY,HOUGHTON,MI,2021,National Institutes of Health,321545.29999999993,2
GKMSN3DA6P91,MICHIGAN TECHNOLOGICAL UNIVERSITY,HOUGHTON,MI,2021,National Science Foundation,11639273.0,22
GKMSN3DA6P91,MICHIGAN TECHNOLOGICAL UNIVERSITY,HOUGHTON,MI,2022,National Institutes of Health,1591572.0,3
GKMSN3DA6P91,MICHIGAN TECHNOLOGICAL UNIVERSITY,HOUGHTON,MI,2022,National Science Foundation,9591997.0,23
GKMSN3DA6P91,MICHIGAN TECHNOLOGICAL UNIVERSITY,HOUGHTON,MI,2023,National Institutes of Health,6977771.74,12
GKMSN3DA6P91,MICHIGAN TECHNOLOGICAL UNIVERSITY,HOUGHTON,MI,2023,National Science Foundation,15256832.0,27
GKMSN3DA6P91,MICHIGAN TECHNOLOGICAL UNIVERSITY,HOUGHTON,MI,2024,National Institutes of Health,3795842.7200000007,3
GKMSN3DA6P91,MICHIGAN TECHNOLOGICAL UNIVERSITY,HOUGHTON,MI,2024,National Science Foundation,4342013.0,16
GKMSN3DA6P91,MICHIGAN TECHNOLOGICAL UNIVERSITY,HOUGHTON,MI,2025,National Institutes of Health,2737005.5300000003,6
GKMSN3DA6P91,MICHIGAN TECHNOLOGICAL UNIVERSITY,HOUGHTON,MI,2025,National Science Foundation,8679655.0,21
GKMSN3DA6P91,MICHIGAN TECHNOLOGICAL UNIVERSITY,HOUGHTON,MI,2026,National Institutes of Health,1116407.0,1
GKMSN3DA6P91,MICHIGAN TECHNOLOGICAL UNIVERSITY,HOUGHTON,MI,2026,National Science Foundation,3892266.0,8
GKPBCFV1QMM3,MAYO CLINIC JACKSONVILLE (A NONPROFIT CORPORATION),JACKSONVILLE,FL,2016,National Institutes of Health,22693377.0,43
GKPBCFV1QMM3,MAYO CLINIC JACKSONVILLE (A NONPROFIT CORPORATION),JACKSONVILLE,FL,2017,National Institutes of Health,35406715.0,27
GKPBCFV1QMM3,MAYO CLINIC JACKSONVILLE (A NONPROFIT CORPORATION),JACKSONVILLE,FL,2018,National Institutes of Health,28640465.0,18
GKPBCFV1QMM3,MAYO CLINIC JACKSONVILLE (A NONPROFIT CORPORATION),JACKSONVILLE,FL,2019,National Institutes of Health,34928263.0,16
GKPBCFV1QMM3,MAYO CLINIC JACKSONVILLE (A NONPROFIT CORPORATION),JACKSONVILLE,FL,2020,National Institutes of Health,30212041.0,25
GKPBCFV1QMM3,MAYO CLINIC JACKSONVILLE (A NONPROFIT CORPORATION),JACKSONVILLE,FL,2021,National Institutes of Health,53517469.17,21
GKPBCFV1QMM3,MAYO CLINIC JACKSONVILLE (A NONPROFIT CORPORATION),JACKSONVILLE,FL,2022,National Institutes of Health,51067442.6,15
GKPBCFV1QMM3,MAYO CLINIC JACKSONVILLE (A NONPROFIT CORPORATION),JACKSONVILLE,FL,2023,National Institutes of Health,56252224.74,17
GKPBCFV1QMM3,MAYO CLINIC JACKSONVILLE (A NONPROFIT CORPORATION),JACKSONVILLE,FL,2024,National Institutes of Health,59642563.67,21
GKPBCFV1QMM3,MAYO CLINIC JACKSONVILLE (A NONPROFIT CORPORATION),JACKSONVILLE,FL,2025,National Institutes of Health,53918576.18,14
GKPBCFV1QMM3,MAYO CLINIC JACKSONVILLE (A NONPROFIT CORPORATION),JACKSONVILLE,FL,2026,National Institutes of Health,45404035.85000001,21
GL8EKK2U5YE9,COMPUTING RESEARCH ASSOCIATION INC,WASHINGTON,DC,2016,National Science Foundation,159999.0,2
GL8EKK2U5YE9,COMPUTING RESEARCH ASSOCIATION INC,WASHINGTON,DC,2017,National Science Foundation,2308745.0,3
GL8EKK2U5YE9,COMPUTING RESEARCH ASSOCIATION INC,WASHINGTON,DC,2018,National Science Foundation,2838691.0,7
GL8EKK2U5YE9,COMPUTING RESEARCH ASSOCIATION INC,WASHINGTON,DC,2019,National Science Foundation,4361714.0,3
GL8EKK2U5YE9,COMPUTING RESEARCH ASSOCIATION INC,WASHINGTON,DC,2020,National Science Foundation,15609287.0,3
GL8EKK2U5YE9,COMPUTING RESEARCH ASSOCIATION INC,WASHINGTON,DC,2021,National Science Foundation,30977015.0,3
GL8EKK2U5YE9,COMPUTING RESEARCH ASSOCIATION INC,WASHINGTON,DC,2022,National Science Foundation,4004515.0,2
GL8EKK2U5YE9,COMPUTING RESEARCH ASSOCIATION INC,WASHINGTON,DC,2023,National Science Foundation,13050754.0,1
GL8EKK2U5YE9,COMPUTING RESEARCH ASSOCIATION INC,WASHINGTON,DC,2024,National Science Foundation,16409605.0,6
GL8EKK2U5YE9,COMPUTING RESEARCH ASSOCIATION INC,WASHINGTON,DC,2025,National Science Foundation,24088456.0,4
GL8EKK2U5YE9,COMPUTING RESEARCH ASSOCIATION INC,WASHINGTON,DC,2026,National Science Foundation,6038515.0,4
GM1XX56LEP58,"TRUSTEES OF THE UNIVERSITY OF PENNSYLVANIA, THE",PHILADELPHIA,PA,2016,National Institutes of Health,470834738.0,1108
GM1XX56LEP58,"TRUSTEES OF THE UNIVERSITY OF PENNSYLVANIA, THE",PHILADELPHIA,PA,2016,National Science Foundation,39601508.0,126
GM1XX56LEP58,"TRUSTEES OF THE UNIVERSITY OF PENNSYLVANIA, THE",PHILADELPHIA,PA,2017,National Institutes of Health,485255011.0,585
GM1XX56LEP58,"TRUSTEES OF THE UNIVERSITY OF PENNSYLVANIA, THE",PHILADELPHIA,PA,2017,National Science Foundation,43408913.0,85
GM1XX56LEP58,"TRUSTEES OF THE UNIVERSITY OF PENNSYLVANIA, THE",PHILADELPHIA,PA,2018,National Institutes of Health,510638077.0,342
GM1XX56LEP58,"TRUSTEES OF THE UNIVERSITY OF PENNSYLVANIA, THE",PHILADELPHIA,PA,2018,National Science Foundation,44127796.0,80
GM1XX56LEP58,"TRUSTEES OF THE UNIVERSITY OF PENNSYLVANIA, THE",PHILADELPHIA,PA,2019,National Institutes of Health,572358574.0,335
GM1XX56LEP58,"TRUSTEES OF THE UNIVERSITY OF PENNSYLVANIA, THE",PHILADELPHIA,PA,2019,National Science Foundation,62503350.0,90
GM1XX56LEP58,"TRUSTEES OF THE UNIVERSITY OF PENNSYLVANIA, THE",PHILADELPHIA,PA,2020,National Institutes of Health,581621472.0,324
GM1XX56LEP58,"TRUSTEES OF THE UNIVERSITY OF PENNSYLVANIA, THE",PHILADELPHIA,PA,2020,National Science Foundation,49104530.0,79
GM1XX56LEP58,"TRUSTEES OF THE UNIVERSITY OF PENNSYLVANIA, THE",PHILADELPHIA,PA,2021,National Institutes of Health,613407985.7,337
GM1XX56LEP58,"TRUSTEES OF THE UNIVERSITY OF PENNSYLVANIA, THE",PHILADELPHIA,PA,2021,National Science Foundation,50177743.0,66
GM1XX56LEP58,"TRUSTEES OF THE UNIVERSITY OF PENNSYLVANIA, THE",PHILADELPHIA,PA,2022,National Institutes of Health,643641485.6500001,301
GM1XX56LEP58,"TRUSTEES OF THE UNIVERSITY OF PENNSYLVANIA, THE",PHILADELPHIA,PA,2022,National Science Foundation,53477883.0,62
GM1XX56LEP58,"TRUSTEES OF THE UNIVERSITY OF PENNSYLVANIA, THE",PHILADELPHIA,PA,2023,National Institutes of Health,682276349.33,281
GM1XX56LEP58,"TRUSTEES OF THE UNIVERSITY OF PENNSYLVANIA, THE",PHILADELPHIA,PA,2023,National Science Foundation,62833213.0,54
GM1XX56LEP58,"TRUSTEES OF THE UNIVERSITY OF PENNSYLVANIA, THE",PHILADELPHIA,PA,2024,National Institutes of Health,668542528.1900003,311
GM1XX56LEP58,"TRUSTEES OF THE UNIVERSITY OF PENNSYLVANIA, THE",PHILADELPHIA,PA,2024,National Science Foundation,73288837.0,53
GM1XX56LEP58,"TRUSTEES OF THE UNIVERSITY OF PENNSYLVANIA, THE",PHILADELPHIA,PA,2025,National Institutes of Health,701218904.3,288
GM1XX56LEP58,"TRUSTEES OF THE UNIVERSITY OF PENNSYLVANIA, THE",PHILADELPHIA,PA,2025,National Science Foundation,63741240.0,55
GM1XX56LEP58,"TRUSTEES OF THE UNIVERSITY OF PENNSYLVANIA, THE",PHILADELPHIA,PA,2026,National Institutes of Health,578168778.78,240
GM1XX56LEP58,"TRUSTEES OF THE UNIVERSITY OF PENNSYLVANIA, THE",PHILADELPHIA,PA,2026,National Science Foundation,14927305.0,27
GM6EL1UH2L83,MONTEREY BAY AQUARIUM RESEARCH INSTITUTE,MOSS LANDING,CA,2016,National Science Foundation,1418682.0,5
GM6EL1UH2L83,MONTEREY BAY AQUARIUM RESEARCH INSTITUTE,MOSS LANDING,CA,2017,National Science Foundation,912718.0,2
GM6EL1UH2L83,MONTEREY BAY AQUARIUM RESEARCH INSTITUTE,MOSS LANDING,CA,2018,National Science Foundation,1735996.0,3
GM6EL1UH2L83,MONTEREY BAY AQUARIUM RESEARCH INSTITUTE,MOSS LANDING,CA,2019,National Science Foundation,972429.0,1
GM6EL1UH2L83,MONTEREY BAY AQUARIUM RESEARCH INSTITUTE,MOSS LANDING,CA,2020,National Science Foundation,198268.0,1
GM6EL1UH2L83,MONTEREY BAY AQUARIUM RESEARCH INSTITUTE,MOSS LANDING,CA,2021,National Science Foundation,19428012.0,7
GM6EL1UH2L83,MONTEREY BAY AQUARIUM RESEARCH INSTITUTE,MOSS LANDING,CA,2022,National Science Foundation,16318888.0,2
GM6EL1UH2L83,MONTEREY BAY AQUARIUM RESEARCH INSTITUTE,MOSS LANDING,CA,2023,National Science Foundation,22131288.0,4
GM6EL1UH2L83,MONTEREY BAY AQUARIUM RESEARCH INSTITUTE,MOSS LANDING,CA,2024,National Science Foundation,13472891.0,1
GM6EL1UH2L83,MONTEREY BAY AQUARIUM RESEARCH INSTITUTE,MOSS LANDING,CA,2025,National Science Foundation,5788138.0,1
GMR5T8P487D7,"THE NEW YORK STRUCTURAL BIOLOGY CENTER, INC.",NEW YORK,NY,2016,National Institutes of Health,3112408.0,3
GMR5T8P487D7,"THE NEW YORK STRUCTURAL BIOLOGY CENTER, INC.",NEW YORK,NY,2017,National Institutes of Health,5280833.0,3
GMR5T8P487D7,"THE NEW YORK STRUCTURAL BIOLOGY CENTER, INC.",NEW YORK,NY,2018,National Institutes of Health,13450501.0,2
GMR5T8P487D7,"THE NEW YORK STRUCTURAL BIOLOGY CENTER, INC.",NEW YORK,NY,2019,National Institutes of Health,17328519.0,0
GMR5T8P487D7,"THE NEW YORK STRUCTURAL BIOLOGY CENTER, INC.",NEW YORK,NY,2020,National Institutes of Health,21181320.0,2
GMR5T8P487D7,"THE NEW YORK STRUCTURAL BIOLOGY CENTER, INC.",NEW YORK,NY,2021,National Institutes of Health,16599722.0,2
GMR5T8P487D7,"THE NEW YORK STRUCTURAL BIOLOGY CENTER, INC.",NEW YORK,NY,2022,National Institutes of Health,8406099.0,1
GMR5T8P487D7,"THE NEW YORK STRUCTURAL BIOLOGY CENTER, INC.",NEW YORK,NY,2023,National Institutes of Health,10979842.5,3
GMR5T8P487D7,"THE NEW YORK STRUCTURAL BIOLOGY CENTER, INC.",NEW YORK,NY,2024,National Institutes of Health,11574075.52,2
GMR5T8P487D7,"THE NEW YORK STRUCTURAL BIOLOGY CENTER, INC.",NEW YORK,NY,2025,National Institutes of Health,14401459.48,3
GMR5T8P487D7,"THE NEW YORK STRUCTURAL BIOLOGY CENTER, INC.",NEW YORK,NY,2026,National Institutes of Health,16185762.0,2
GNJ7BBP73WE9,REGENTS OF THE UNIVERSITY OF MICHIGAN,ANN ARBOR,MI,2016,National Institutes of Health,479633192.0,1090
GNJ7BBP73WE9,REGENTS OF THE UNIVERSITY OF MICHIGAN,ANN ARBOR,MI,2016,National Science Foundation,97876102.0,370
GNJ7BBP73WE9,REGENTS OF THE UNIVERSITY OF MICHIGAN,ANN ARBOR,MI,2017,National Institutes of Health,509754337.0,506
GNJ7BBP73WE9,REGENTS OF THE UNIVERSITY OF MICHIGAN,ANN ARBOR,MI,2017,National Science Foundation,100050540.0,219
GNJ7BBP73WE9,REGENTS OF THE UNIVERSITY OF MICHIGAN,ANN ARBOR,MI,2018,National Institutes of Health,549870268.0,373
GNJ7BBP73WE9,REGENTS OF THE UNIVERSITY OF MICHIGAN,ANN ARBOR,MI,2018,National Science Foundation,101634889.0,216
GNJ7BBP73WE9,REGENTS OF THE UNIVERSITY OF MICHIGAN,ANN ARBOR,MI,2019,National Institutes of Health,582729861.0,311
GNJ7BBP73WE9,REGENTS OF THE UNIVERSITY OF MICHIGAN,ANN ARBOR,MI,2019,National Science Foundation,111183522.0,203
GNJ7BBP73WE9,REGENTS OF THE UNIVERSITY OF MICHIGAN,ANN ARBOR,MI,2020,National Institutes of Health,635107761.0,335
GNJ7BBP73WE9,REGENTS OF THE UNIVERSITY OF MICHIGAN,ANN ARBOR,MI,2020,National Science Foundation,122179751.0,225
GNJ7BBP73WE9,REGENTS OF THE UNIVERSITY OF MICHIGAN,ANN ARBOR,MI,2021,National Institutes of Health,595762809.03,325
GNJ7BBP73WE9,REGENTS OF THE UNIVERSITY OF MICHIGAN,ANN ARBOR,MI,2021,National Science Foundation,96182011.0,170
GNJ7BBP73WE9,REGENTS OF THE UNIVERSITY OF MICHIGAN,ANN ARBOR,MI,2022,National Institutes of Health,633765384.83,342
GNJ7BBP73WE9,REGENTS OF THE UNIVERSITY OF MICHIGAN,ANN ARBOR,MI,2022,National Science Foundation,112624474.0,169
GNJ7BBP73WE9,REGENTS OF THE UNIVERSITY OF MICHIGAN,ANN ARBOR,MI,2023,National Institutes of Health,683986411.7900001,328
GNJ7BBP73WE9,REGENTS OF THE UNIVERSITY OF MICHIGAN,ANN ARBOR,MI,2023,National Science Foundation,138745683.0,208
GNJ7BBP73WE9,REGENTS OF THE UNIVERSITY OF MICHIGAN,ANN ARBOR,MI,2024,National Institutes of Health,729118287.1999997,317
GNJ7BBP73WE9,REGENTS OF THE UNIVERSITY OF MICHIGAN,ANN ARBOR,MI,2024,National Science Foundation,138282685.0,196
GNJ7BBP73WE9,REGENTS OF THE UNIVERSITY OF MICHIGAN,ANN ARBOR,MI,2025,National Institutes of Health,709754508.0500001,257
GNJ7BBP73WE9,REGENTS OF THE UNIVERSITY OF MICHIGAN,ANN ARBOR,MI,2025,National Science Foundation,134537456.0,133
GNJ7BBP73WE9,REGENTS OF THE UNIVERSITY OF MICHIGAN,ANN ARBOR,MI,2026,National Institutes of Health,598795875.56,219
GNJ7BBP73WE9,REGENTS OF THE UNIVERSITY OF MICHIGAN,ANN ARBOR,MI,2026,National Science Foundation,26374904.0,54
GS3YEVSS12N6,"REGENTS OF THE UNIVERSITY OF CALIFORNIA, THE",BERKELEY,CA,2016,National Institutes of Health,125377410.0,343
GS3YEVSS12N6,"REGENTS OF THE UNIVERSITY OF CALIFORNIA, THE",BERKELEY,CA,2016,National Science Foundation,120706183.0,294
GS3YEVSS12N6,"REGENTS OF THE UNIVERSITY OF CALIFORNIA, THE",BERKELEY,CA,2017,National Institutes of Health,125615895.0,222
GS3YEVSS12N6,"REGENTS OF THE UNIVERSITY OF CALIFORNIA, THE",BERKELEY,CA,2017,National Science Foundation,107715817.0,150
GS3YEVSS12N6,"REGENTS OF THE UNIVERSITY OF CALIFORNIA, THE",BERKELEY,CA,2018,National Institutes of Health,127026804.0,113
GS3YEVSS12N6,"REGENTS OF THE UNIVERSITY OF CALIFORNIA, THE",BERKELEY,CA,2018,National Science Foundation,111528407.0,155
GS3YEVSS12N6,"REGENTS OF THE UNIVERSITY OF CALIFORNIA, THE",BERKELEY,CA,2019,National Institutes of Health,138584896.0,99
GS3YEVSS12N6,"REGENTS OF THE UNIVERSITY OF CALIFORNIA, THE",BERKELEY,CA,2019,National Science Foundation,80402895.0,129
GS3YEVSS12N6,"REGENTS OF THE UNIVERSITY OF CALIFORNIA, THE",BERKELEY,CA,2020,National Institutes of Health,149484814.0,87
GS3YEVSS12N6,"REGENTS OF THE UNIVERSITY OF CALIFORNIA, THE",BERKELEY,CA,2020,National Science Foundation,108737651.0,128
GS3YEVSS12N6,"REGENTS OF THE UNIVERSITY OF CALIFORNIA, THE",BERKELEY,CA,2021,National Institutes of Health,147510515.54999998,74
GS3YEVSS12N6,"REGENTS OF THE UNIVERSITY OF CALIFORNIA, THE",BERKELEY,CA,2021,National Science Foundation,99615607.0,106
GS3YEVSS12N6,"REGENTS OF THE UNIVERSITY OF CALIFORNIA, THE",BERKELEY,CA,2022,National Institutes of Health,145382395.51999998,67
GS3YEVSS12N6,"REGENTS OF THE UNIVERSITY OF CALIFORNIA, THE",BERKELEY,CA,2022,National Science Foundation,101814126.0,114
GS3YEVSS12N6,"REGENTS OF THE UNIVERSITY OF CALIFORNIA, THE",BERKELEY,CA,2023,National Institutes of Health,139418852.98,68
GS3YEVSS12N6,"REGENTS OF THE UNIVERSITY OF CALIFORNIA, THE",BERKELEY,CA,2023,National Science Foundation,93170080.0,104
GS3YEVSS12N6,"REGENTS OF THE UNIVERSITY OF CALIFORNIA, THE",BERKELEY,CA,2024,National Institutes of Health,155575134.31,84
GS3YEVSS12N6,"REGENTS OF THE UNIVERSITY OF CALIFORNIA, THE",BERKELEY,CA,2024,National Science Foundation,92273186.0,106
GS3YEVSS12N6,"REGENTS OF THE UNIVERSITY OF CALIFORNIA, THE",BERKELEY,CA,2025,National Institutes of Health,141025174.14,57
GS3YEVSS12N6,"REGENTS OF THE UNIVERSITY OF CALIFORNIA, THE",BERKELEY,CA,2025,National Science Foundation,92362748.0,102
GS3YEVSS12N6,"REGENTS OF THE UNIVERSITY OF CALIFORNIA, THE",BERKELEY,CA,2026,National Institutes of Health,105924153.77000001,46
GS3YEVSS12N6,"REGENTS OF THE UNIVERSITY OF CALIFORNIA, THE",BERKELEY,CA,2026,National Science Foundation,20475616.0,39
GSLCJ3M62XX1,"TERC, INC.",CAMBRIDGE,MA,2016,National Science Foundation,3825955.0,10
GSLCJ3M62XX1,"TERC, INC.",CAMBRIDGE,MA,2017,National Science Foundation,4960137.0,13
GSLCJ3M62XX1,"TERC, INC.",CAMBRIDGE,MA,2018,National Science Foundation,5423019.0,7
GSLCJ3M62XX1,"TERC, INC.",CAMBRIDGE,MA,2019,National Science Foundation,7659991.0,7
GSLCJ3M62XX1,"TERC, INC.",CAMBRIDGE,MA,2020,National Science Foundation,4577553.0,7
GSLCJ3M62XX1,"TERC, INC.",CAMBRIDGE,MA,2021,National Science Foundation,6718484.0,3
GSLCJ3M62XX1,"TERC, INC.",CAMBRIDGE,MA,2022,National Science Foundation,11190405.0,10
GSLCJ3M62XX1,"TERC, INC.",CAMBRIDGE,MA,2023,National Science Foundation,7189395.0,5
GSLCJ3M62XX1,"TERC, INC.",CAMBRIDGE,MA,2024,National Science Foundation,5425951.0,5
GSLCJ3M62XX1,"TERC, INC.",CAMBRIDGE,MA,2025,National Science Foundation,4036599.0,0
GSLCJ3M62XX1,"TERC, INC.",CAMBRIDGE,MA,2026,National Science Foundation,25700.0,0
GT28BRBA2Q49,NATIONAL BUREAU OF ECONOMIC RESEARCH INC,CAMBRIDGE,MA,2016,National Institutes of Health,11325707.0,29
GT28BRBA2Q49,NATIONAL BUREAU OF ECONOMIC RESEARCH INC,CAMBRIDGE,MA,2016,National Science Foundation,8327026.0,29
GT28BRBA2Q49,NATIONAL BUREAU OF ECONOMIC RESEARCH INC,CAMBRIDGE,MA,2017,National Institutes of Health,11916022.0,10
GT28BRBA2Q49,NATIONAL BUREAU OF ECONOMIC RESEARCH INC,CAMBRIDGE,MA,2017,National Science Foundation,6692855.0,41
GT28BRBA2Q49,NATIONAL BUREAU OF ECONOMIC RESEARCH INC,CAMBRIDGE,MA,2018,National Institutes of Health,10500316.0,9
GT28BRBA2Q49,NATIONAL BUREAU OF ECONOMIC RESEARCH INC,CAMBRIDGE,MA,2018,National Science Foundation,7301228.0,25
GT28BRBA2Q49,NATIONAL BUREAU OF ECONOMIC RESEARCH INC,CAMBRIDGE,MA,2019,National Institutes of Health,9372775.0,3
GT28BRBA2Q49,NATIONAL BUREAU OF ECONOMIC RESEARCH INC,CAMBRIDGE,MA,2019,National Science Foundation,11808557.0,26
GT28BRBA2Q49,NATIONAL BUREAU OF ECONOMIC RESEARCH INC,CAMBRIDGE,MA,2020,National Institutes of Health,7626610.0,1
GT28BRBA2Q49,NATIONAL BUREAU OF ECONOMIC RESEARCH INC,CAMBRIDGE,MA,2020,National Science Foundation,7143463.0,34
GT28BRBA2Q49,NATIONAL BUREAU OF ECONOMIC RESEARCH INC,CAMBRIDGE,MA,2021,National Institutes of Health,9590069.149999999,6
GT28BRBA2Q49,NATIONAL BUREAU OF ECONOMIC RESEARCH INC,CAMBRIDGE,MA,2021,National Science Foundation,7257225.0,18
GT28BRBA2Q49,NATIONAL BUREAU OF ECONOMIC RESEARCH INC,CAMBRIDGE,MA,2022,National Institutes of Health,10907871.850000001,5
GT28BRBA2Q49,NATIONAL BUREAU OF ECONOMIC RESEARCH INC,CAMBRIDGE,MA,2022,National Science Foundation,6582307.0,15
GT28BRBA2Q49,NATIONAL BUREAU OF ECONOMIC RESEARCH INC,CAMBRIDGE,MA,2023,National Institutes of Health,9725713.07,2
GT28BRBA2Q49,NATIONAL BUREAU OF ECONOMIC RESEARCH INC,CAMBRIDGE,MA,2023,National Science Foundation,9032586.0,17
GT28BRBA2Q49,NATIONAL BUREAU OF ECONOMIC RESEARCH INC,CAMBRIDGE,MA,2024,National Institutes of Health,14027062.06,3
GT28BRBA2Q49,NATIONAL BUREAU OF ECONOMIC RESEARCH INC,CAMBRIDGE,MA,2024,National Science Foundation,10887351.0,18
GT28BRBA2Q49,NATIONAL BUREAU OF ECONOMIC RESEARCH INC,CAMBRIDGE,MA,2025,National Institutes of Health,12324190.16,0
GT28BRBA2Q49,NATIONAL BUREAU OF ECONOMIC RESEARCH INC,CAMBRIDGE,MA,2025,National Science Foundation,3949861.0,5
GT28BRBA2Q49,NATIONAL BUREAU OF ECONOMIC RESEARCH INC,CAMBRIDGE,MA,2026,National Institutes of Health,4289181.5600000005,2
GT28BRBA2Q49,NATIONAL BUREAU OF ECONOMIC RESEARCH INC,CAMBRIDGE,MA,2026,National Science Foundation,397424.0,0
GTNBNWXJ12D5,VANDERBILT UNIVERSITY,NASHVILLE,TN,2016,National Institutes of Health,13383609.0,38
GTNBNWXJ12D5,VANDERBILT UNIVERSITY,NASHVILLE,TN,2016,National Science Foundation,26147732.0,89
GTNBNWXJ12D5,VANDERBILT UNIVERSITY,NASHVILLE,TN,2017,National Institutes of Health,60158720.0,196
GTNBNWXJ12D5,VANDERBILT UNIVERSITY,NASHVILLE,TN,2017,National Science Foundation,20881106.0,60
GTNBNWXJ12D5,VANDERBILT UNIVERSITY,NASHVILLE,TN,2018,National Institutes of Health,89982135.0,129
GTNBNWXJ12D5,VANDERBILT UNIVERSITY,NASHVILLE,TN,2018,National Science Foundation,24947228.0,51
GTNBNWXJ12D5,VANDERBILT UNIVERSITY,NASHVILLE,TN,2019,National Institutes of Health,104601030.0,100
GTNBNWXJ12D5,VANDERBILT UNIVERSITY,NASHVILLE,TN,2019,National Science Foundation,31401676.0,52
GTNBNWXJ12D5,VANDERBILT UNIVERSITY,NASHVILLE,TN,2020,National Institutes of Health,114731054.0,91
GTNBNWXJ12D5,VANDERBILT UNIVERSITY,NASHVILLE,TN,2020,National Science Foundation,27287039.0,47
GTNBNWXJ12D5,VANDERBILT UNIVERSITY,NASHVILLE,TN,2021,National Institutes of Health,115370344.88,89
GTNBNWXJ12D5,VANDERBILT UNIVERSITY,NASHVILLE,TN,2021,National Science Foundation,33091640.0,46
GTNBNWXJ12D5,VANDERBILT UNIVERSITY,NASHVILLE,TN,2022,National Institutes of Health,126241212.78999999,102
GTNBNWXJ12D5,VANDERBILT UNIVERSITY,NASHVILLE,TN,2022,National Science Foundation,26833517.0,53
GTNBNWXJ12D5,VANDERBILT UNIVERSITY,NASHVILLE,TN,2023,National Institutes of Health,116603355.61000001,96
GTNBNWXJ12D5,VANDERBILT UNIVERSITY,NASHVILLE,TN,2023,National Science Foundation,30236820.0,43
GTNBNWXJ12D5,VANDERBILT UNIVERSITY,NASHVILLE,TN,2024,National Institutes of Health,158381917.51,109
GTNBNWXJ12D5,VANDERBILT UNIVERSITY,NASHVILLE,TN,2024,National Science Foundation,30169582.0,53
GTNBNWXJ12D5,VANDERBILT UNIVERSITY,NASHVILLE,TN,2025,National Institutes of Health,128849913.37,84
GTNBNWXJ12D5,VANDERBILT UNIVERSITY,NASHVILLE,TN,2025,National Science Foundation,34472931.0,32
GTNBNWXJ12D5,VANDERBILT UNIVERSITY,NASHVILLE,TN,2026,National Institutes of Health,108866314.22,67
GTNBNWXJ12D5,VANDERBILT UNIVERSITY,NASHVILLE,TN,2026,National Science Foundation,4762201.0,16
GV31TMFLPY88,COLD SPRING HARBOR LABORATORY,COLD SPRING HARBOR,NY,2016,National Institutes of Health,39687713.0,90
GV31TMFLPY88,COLD SPRING HARBOR LABORATORY,COLD SPRING HARBOR,NY,2016,National Science Foundation,7619950.0,10
GV31TMFLPY88,COLD SPRING HARBOR LABORATORY,COLD SPRING HARBOR,NY,2017,National Institutes of Health,54808941.0,45
GV31TMFLPY88,COLD SPRING HARBOR LABORATORY,COLD SPRING HARBOR,NY,2017,National Science Foundation,6993596.0,11
GV31TMFLPY88,COLD SPRING HARBOR LABORATORY,COLD SPRING HARBOR,NY,2018,National Institutes of Health,48932805.0,15
GV31TMFLPY88,COLD SPRING HARBOR LABORATORY,COLD SPRING HARBOR,NY,2018,National Science Foundation,13028074.0,8
GV31TMFLPY88,COLD SPRING HARBOR LABORATORY,COLD SPRING HARBOR,NY,2019,National Institutes of Health,54035540.0,28
GV31TMFLPY88,COLD SPRING HARBOR LABORATORY,COLD SPRING HARBOR,NY,2019,National Science Foundation,2199794.0,2
GV31TMFLPY88,COLD SPRING HARBOR LABORATORY,COLD SPRING HARBOR,NY,2020,National Institutes of Health,61667351.0,33
GV31TMFLPY88,COLD SPRING HARBOR LABORATORY,COLD SPRING HARBOR,NY,2020,National Science Foundation,3078862.0,5
GV31TMFLPY88,COLD SPRING HARBOR LABORATORY,COLD SPRING HARBOR,NY,2021,National Institutes of Health,43766666.29,14
GV31TMFLPY88,COLD SPRING HARBOR LABORATORY,COLD SPRING HARBOR,NY,2021,National Science Foundation,4420156.0,2
GV31TMFLPY88,COLD SPRING HARBOR LABORATORY,COLD SPRING HARBOR,NY,2022,National Institutes of Health,35202712.99,21
GV31TMFLPY88,COLD SPRING HARBOR LABORATORY,COLD SPRING HARBOR,NY,2022,National Science Foundation,3920220.0,5
GV31TMFLPY88,COLD SPRING HARBOR LABORATORY,COLD SPRING HARBOR,NY,2023,National Institutes of Health,36541674.03,25
GV31TMFLPY88,COLD SPRING HARBOR LABORATORY,COLD SPRING HARBOR,NY,2023,National Science Foundation,4253829.0,4
GV31TMFLPY88,COLD SPRING HARBOR LABORATORY,COLD SPRING HARBOR,NY,2024,National Institutes of Health,32422559.99,21
GV31TMFLPY88,COLD SPRING HARBOR LABORATORY,COLD SPRING HARBOR,NY,2024,National Science Foundation,4774348.0,5
GV31TMFLPY88,COLD SPRING HARBOR LABORATORY,COLD SPRING HARBOR,NY,2025,National Institutes of Health,42617240.72,21
GV31TMFLPY88,COLD SPRING HARBOR LABORATORY,COLD SPRING HARBOR,NY,2025,National Science Foundation,3933286.0,1
GV31TMFLPY88,COLD SPRING HARBOR LABORATORY,COLD SPRING HARBOR,NY,2026,National Institutes of Health,35853604.900000006,21
GV31TMFLPY88,COLD SPRING HARBOR LABORATORY,COLD SPRING HARBOR,NY,2026,National Science Foundation,878729.0,1
GY8NMUZQXVS7,UNIVERSITY OF OKLAHOMA,OKLAHOMA CITY,OK,2016,National Institutes of Health,45009436.0,90
GY8NMUZQXVS7,UNIVERSITY OF OKLAHOMA,OKLAHOMA CITY,OK,2016,National Science Foundation,188070.0,1
GY8NMUZQXVS7,UNIVERSITY OF OKLAHOMA,OKLAHOMA CITY,OK,2017,National Institutes of Health,41505252.0,60
GY8NMUZQXVS7,UNIVERSITY OF OKLAHOMA,OKLAHOMA CITY,OK,2018,National Institutes of Health,44797529.0,33
GY8NMUZQXVS7,UNIVERSITY OF OKLAHOMA,OKLAHOMA CITY,OK,2018,National Science Foundation,46000.0,1
GY8NMUZQXVS7,UNIVERSITY OF OKLAHOMA,OKLAHOMA CITY,OK,2019,National Institutes of Health,60523932.0,43
GY8NMUZQXVS7,UNIVERSITY OF OKLAHOMA,OKLAHOMA CITY,OK,2019,National Science Foundation,46000.0,0
GY8NMUZQXVS7,UNIVERSITY OF OKLAHOMA,OKLAHOMA CITY,OK,2020,National Institutes of Health,65023877.0,36
GY8NMUZQXVS7,UNIVERSITY OF OKLAHOMA,OKLAHOMA CITY,OK,2020,National Science Foundation,46000.0,0
GY8NMUZQXVS7,UNIVERSITY OF OKLAHOMA,OKLAHOMA CITY,OK,2021,National Institutes of Health,61084770.050000004,28
GY8NMUZQXVS7,UNIVERSITY OF OKLAHOMA,OKLAHOMA CITY,OK,2022,National Institutes of Health,53429993.43,31
GY8NMUZQXVS7,UNIVERSITY OF OKLAHOMA,OKLAHOMA CITY,OK,2022,National Science Foundation,46000.0,1
GY8NMUZQXVS7,UNIVERSITY OF OKLAHOMA,OKLAHOMA CITY,OK,2023,National Institutes of Health,58684137.93000001,30
GY8NMUZQXVS7,UNIVERSITY OF OKLAHOMA,OKLAHOMA CITY,OK,2023,National Science Foundation,96860.0,1
GY8NMUZQXVS7,UNIVERSITY OF OKLAHOMA,OKLAHOMA CITY,OK,2024,National Institutes of Health,72151313.81,49
GY8NMUZQXVS7,UNIVERSITY OF OKLAHOMA,OKLAHOMA CITY,OK,2024,National Science Foundation,562715.0,2
GY8NMUZQXVS7,UNIVERSITY OF OKLAHOMA,OKLAHOMA CITY,OK,2025,National Institutes of Health,73157219.09,32
GY8NMUZQXVS7,UNIVERSITY OF OKLAHOMA,OKLAHOMA CITY,OK,2025,National Science Foundation,1106000.0,1
GY8NMUZQXVS7,UNIVERSITY OF OKLAHOMA,OKLAHOMA CITY,OK,2026,National Institutes of Health,53485861.589999996,31
GY8NMUZQXVS7,UNIVERSITY OF OKLAHOMA,OKLAHOMA CITY,OK,2026,National Science Foundation,99384.0,1
GYLUH9UXHDX5,VANDERBILT UNIVERSITY MEDICAL CENTER,NASHVILLE,TN,2016,National Institutes of Health,290914193.0,539
GYLUH9UXHDX5,VANDERBILT UNIVERSITY MEDICAL CENTER,NASHVILLE,TN,2017,National Institutes of Health,253729523.0,110
GYLUH9UXHDX5,VANDERBILT UNIVERSITY MEDICAL CENTER,NASHVILLE,TN,2017,National Science Foundation,194376.0,2
GYLUH9UXHDX5,VANDERBILT UNIVERSITY MEDICAL CENTER,NASHVILLE,TN,2018,National Institutes of Health,248719698.0,112
GYLUH9UXHDX5,VANDERBILT UNIVERSITY MEDICAL CENTER,NASHVILLE,TN,2018,National Science Foundation,271140.0,2
GYLUH9UXHDX5,VANDERBILT UNIVERSITY MEDICAL CENTER,NASHVILLE,TN,2019,National Institutes of Health,271510126.0,133
GYLUH9UXHDX5,VANDERBILT UNIVERSITY MEDICAL CENTER,NASHVILLE,TN,2019,National Science Foundation,672605.0,2
GYLUH9UXHDX5,VANDERBILT UNIVERSITY MEDICAL CENTER,NASHVILLE,TN,2020,National Institutes of Health,375095047.0,125
GYLUH9UXHDX5,VANDERBILT UNIVERSITY MEDICAL CENTER,NASHVILLE,TN,2020,National Science Foundation,1418482.0,5
GYLUH9UXHDX5,VANDERBILT UNIVERSITY MEDICAL CENTER,NASHVILLE,TN,2021,National Institutes of Health,338239255.59000003,124
GYLUH9UXHDX5,VANDERBILT UNIVERSITY MEDICAL CENTER,NASHVILLE,TN,2021,National Science Foundation,793849.0,4
GYLUH9UXHDX5,VANDERBILT UNIVERSITY MEDICAL CENTER,NASHVILLE,TN,2022,National Institutes of Health,371207905.4100001,134
GYLUH9UXHDX5,VANDERBILT UNIVERSITY MEDICAL CENTER,NASHVILLE,TN,2022,National Science Foundation,195035.0,1
GYLUH9UXHDX5,VANDERBILT UNIVERSITY MEDICAL CENTER,NASHVILLE,TN,2023,National Institutes of Health,366347455.48999995,147
GYLUH9UXHDX5,VANDERBILT UNIVERSITY MEDICAL CENTER,NASHVILLE,TN,2024,National Institutes of Health,412092570.96000004,111
GYLUH9UXHDX5,VANDERBILT UNIVERSITY MEDICAL CENTER,NASHVILLE,TN,2024,National Science Foundation,657316.0,3
GYLUH9UXHDX5,VANDERBILT UNIVERSITY MEDICAL CENTER,NASHVILLE,TN,2025,National Institutes of Health,357882973.02,90
GYLUH9UXHDX5,VANDERBILT UNIVERSITY MEDICAL CENTER,NASHVILLE,TN,2025,National Science Foundation,500000.0,2
GYLUH9UXHDX5,VANDERBILT UNIVERSITY MEDICAL CENTER,NASHVILLE,TN,2026,National Institutes of Health,262622124.54,76
GYLUH9UXHDX5,VANDERBILT UNIVERSITY MEDICAL CENTER,NASHVILLE,TN,2026,National Science Foundation,39987.0,1
GZRNJ1GZDBM1,UNIVERSITY OF PUERTO RICO,MAYAGUEZ,PR,2016,National Institutes of Health,659196.0,3
GZRNJ1GZDBM1,UNIVERSITY OF PUERTO RICO,MAYAGUEZ,PR,2016,National Science Foundation,4111664.0,9
GZRNJ1GZDBM1,UNIVERSITY OF PUERTO RICO,MAYAGUEZ,PR,2017,National Institutes of Health,553798.0,0
GZRNJ1GZDBM1,UNIVERSITY OF PUERTO RICO,MAYAGUEZ,PR,2017,National Science Foundation,63135.0,6
GZRNJ1GZDBM1,UNIVERSITY OF PUERTO RICO,MAYAGUEZ,PR,2018,National Institutes of Health,666067.0,3
GZRNJ1GZDBM1,UNIVERSITY OF PUERTO RICO,MAYAGUEZ,PR,2018,National Science Foundation,7725413.0,18
GZRNJ1GZDBM1,UNIVERSITY OF PUERTO RICO,MAYAGUEZ,PR,2019,National Institutes of Health,696909.0,0
GZRNJ1GZDBM1,UNIVERSITY OF PUERTO RICO,MAYAGUEZ,PR,2019,National Science Foundation,3744177.0,6
GZRNJ1GZDBM1,UNIVERSITY OF PUERTO RICO,MAYAGUEZ,PR,2020,National Institutes of Health,889994.0,1
GZRNJ1GZDBM1,UNIVERSITY OF PUERTO RICO,MAYAGUEZ,PR,2020,National Science Foundation,3386764.0,9
GZRNJ1GZDBM1,UNIVERSITY OF PUERTO RICO,MAYAGUEZ,PR,2021,National Institutes of Health,818523.0,0
GZRNJ1GZDBM1,UNIVERSITY OF PUERTO RICO,MAYAGUEZ,PR,2021,National Science Foundation,8876127.0,6
GZRNJ1GZDBM1,UNIVERSITY OF PUERTO RICO,MAYAGUEZ,PR,2022,National Institutes of Health,768834.39,0
GZRNJ1GZDBM1,UNIVERSITY OF PUERTO RICO,MAYAGUEZ,PR,2022,National Science Foundation,3022665.0,8
GZRNJ1GZDBM1,UNIVERSITY OF PUERTO RICO,MAYAGUEZ,PR,2023,National Institutes of Health,527147.0,0
GZRNJ1GZDBM1,UNIVERSITY OF PUERTO RICO,MAYAGUEZ,PR,2023,National Science Foundation,7247096.0,10
GZRNJ1GZDBM1,UNIVERSITY OF PUERTO RICO,MAYAGUEZ,PR,2024,National Institutes of Health,-107841.18,1
GZRNJ1GZDBM1,UNIVERSITY OF PUERTO RICO,MAYAGUEZ,PR,2024,National Science Foundation,5633910.0,9
GZRNJ1GZDBM1,UNIVERSITY OF PUERTO RICO,MAYAGUEZ,PR,2025,National Institutes of Health,-0.7,0
GZRNJ1GZDBM1,UNIVERSITY OF PUERTO RICO,MAYAGUEZ,PR,2025,National Science Foundation,12602435.0,12
GZRNJ1GZDBM1,UNIVERSITY OF PUERTO RICO,MAYAGUEZ,PR,2026,National Institutes of Health,99068.96999999997,1
GZRNJ1GZDBM1,UNIVERSITY OF PUERTO RICO,MAYAGUEZ,PR,2026,National Science Foundation,10441861.0,3
H1HYA8Z1NTM5,"UNIVERSITY OF KENTUCKY RESEARCH FOUNDATION, THE",LEXINGTON,KY,2016,National Institutes of Health,96073208.0,247
H1HYA8Z1NTM5,"UNIVERSITY OF KENTUCKY RESEARCH FOUNDATION, THE",LEXINGTON,KY,2016,National Science Foundation,14632363.0,73
H1HYA8Z1NTM5,"UNIVERSITY OF KENTUCKY RESEARCH FOUNDATION, THE",LEXINGTON,KY,2017,National Institutes of Health,107412971.0,169
H1HYA8Z1NTM5,"UNIVERSITY OF KENTUCKY RESEARCH FOUNDATION, THE",LEXINGTON,KY,2017,National Science Foundation,13045986.0,42
H1HYA8Z1NTM5,"UNIVERSITY OF KENTUCKY RESEARCH FOUNDATION, THE",LEXINGTON,KY,2018,National Institutes of Health,130060367.0,102
H1HYA8Z1NTM5,"UNIVERSITY OF KENTUCKY RESEARCH FOUNDATION, THE",LEXINGTON,KY,2018,National Science Foundation,20830901.0,54
H1HYA8Z1NTM5,"UNIVERSITY OF KENTUCKY RESEARCH FOUNDATION, THE",LEXINGTON,KY,2019,National Institutes of Health,152517263.0,89
H1HYA8Z1NTM5,"UNIVERSITY OF KENTUCKY RESEARCH FOUNDATION, THE",LEXINGTON,KY,2019,National Science Foundation,20752465.0,34
H1HYA8Z1NTM5,"UNIVERSITY OF KENTUCKY RESEARCH FOUNDATION, THE",LEXINGTON,KY,2020,National Institutes of Health,153029775.0,92
H1HYA8Z1NTM5,"UNIVERSITY OF KENTUCKY RESEARCH FOUNDATION, THE",LEXINGTON,KY,2020,National Science Foundation,27968126.0,44
H1HYA8Z1NTM5,"UNIVERSITY OF KENTUCKY RESEARCH FOUNDATION, THE",LEXINGTON,KY,2021,National Institutes of Health,169483529.78,83
H1HYA8Z1NTM5,"UNIVERSITY OF KENTUCKY RESEARCH FOUNDATION, THE",LEXINGTON,KY,2021,National Science Foundation,25855570.0,38
H1HYA8Z1NTM5,"UNIVERSITY OF KENTUCKY RESEARCH FOUNDATION, THE",LEXINGTON,KY,2022,National Institutes of Health,152398855.7,74
H1HYA8Z1NTM5,"UNIVERSITY OF KENTUCKY RESEARCH FOUNDATION, THE",LEXINGTON,KY,2022,National Science Foundation,22956924.0,33
H1HYA8Z1NTM5,"UNIVERSITY OF KENTUCKY RESEARCH FOUNDATION, THE",LEXINGTON,KY,2023,National Institutes of Health,142119957.72,82
H1HYA8Z1NTM5,"UNIVERSITY OF KENTUCKY RESEARCH FOUNDATION, THE",LEXINGTON,KY,2023,National Science Foundation,15263876.0,30
H1HYA8Z1NTM5,"UNIVERSITY OF KENTUCKY RESEARCH FOUNDATION, THE",LEXINGTON,KY,2024,National Institutes of Health,143691751.93,79
H1HYA8Z1NTM5,"UNIVERSITY OF KENTUCKY RESEARCH FOUNDATION, THE",LEXINGTON,KY,2024,National Science Foundation,26291338.0,47
H1HYA8Z1NTM5,"UNIVERSITY OF KENTUCKY RESEARCH FOUNDATION, THE",LEXINGTON,KY,2025,National Institutes of Health,137122576.42,58
H1HYA8Z1NTM5,"UNIVERSITY OF KENTUCKY RESEARCH FOUNDATION, THE",LEXINGTON,KY,2025,National Science Foundation,34110586.0,48
H1HYA8Z1NTM5,"UNIVERSITY OF KENTUCKY RESEARCH FOUNDATION, THE",LEXINGTON,KY,2026,National Institutes of Health,92735093.56,42
H1HYA8Z1NTM5,"UNIVERSITY OF KENTUCKY RESEARCH FOUNDATION, THE",LEXINGTON,KY,2026,National Science Foundation,8290230.0,14
H1TYS4PK8EC5,FATHER FLANAGAN'S BOYS' HOME,BOYS TOWN,NE,2016,National Institutes of Health,7456156.0,19
H1TYS4PK8EC5,FATHER FLANAGAN'S BOYS' HOME,BOYS TOWN,NE,2017,National Institutes of Health,8782334.0,9
H1TYS4PK8EC5,FATHER FLANAGAN'S BOYS' HOME,BOYS TOWN,NE,2017,National Science Foundation,353890.0,1
H1TYS4PK8EC5,FATHER FLANAGAN'S BOYS' HOME,BOYS TOWN,NE,2018,National Institutes of Health,6948483.0,1
H1TYS4PK8EC5,FATHER FLANAGAN'S BOYS' HOME,BOYS TOWN,NE,2018,National Science Foundation,736979.0,0
H1TYS4PK8EC5,FATHER FLANAGAN'S BOYS' HOME,BOYS TOWN,NE,2019,National Institutes of Health,7517186.0,3
H1TYS4PK8EC5,FATHER FLANAGAN'S BOYS' HOME,BOYS TOWN,NE,2020,National Institutes of Health,7093919.0,3
H1TYS4PK8EC5,FATHER FLANAGAN'S BOYS' HOME,BOYS TOWN,NE,2021,National Institutes of Health,19349488.84,9
H1TYS4PK8EC5,FATHER FLANAGAN'S BOYS' HOME,BOYS TOWN,NE,2021,National Science Foundation,46861.0,0
H1TYS4PK8EC5,FATHER FLANAGAN'S BOYS' HOME,BOYS TOWN,NE,2022,National Institutes of Health,19554015.78,15
H1TYS4PK8EC5,FATHER FLANAGAN'S BOYS' HOME,BOYS TOWN,NE,2022,National Science Foundation,0.0,0
H1TYS4PK8EC5,FATHER FLANAGAN'S BOYS' HOME,BOYS TOWN,NE,2023,National Institutes of Health,13179710.329999998,7
H1TYS4PK8EC5,FATHER FLANAGAN'S BOYS' HOME,BOYS TOWN,NE,2024,National Institutes of Health,14328174.08,8
H1TYS4PK8EC5,FATHER FLANAGAN'S BOYS' HOME,BOYS TOWN,NE,2025,National Institutes of Health,11958082.620000001,7
H1TYS4PK8EC5,FATHER FLANAGAN'S BOYS' HOME,BOYS TOWN,NE,2026,National Institutes of Health,15914053.82,11
H2BMNX7DSKU8,CLEMSON UNIVERSITY,CLEMSON,SC,2016,National Institutes of Health,9314032.0,23
H2BMNX7DSKU8,CLEMSON UNIVERSITY,CLEMSON,SC,2016,National Science Foundation,26218731.0,84
H2BMNX7DSKU8,CLEMSON UNIVERSITY,CLEMSON,SC,2017,National Institutes of Health,9114937.0,11
H2BMNX7DSKU8,CLEMSON UNIVERSITY,CLEMSON,SC,2017,National Science Foundation,27245305.0,69
H2BMNX7DSKU8,CLEMSON UNIVERSITY,CLEMSON,SC,2018,National Institutes of Health,13016137.0,14
H2BMNX7DSKU8,CLEMSON UNIVERSITY,CLEMSON,SC,2018,National Science Foundation,22116301.0,68
H2BMNX7DSKU8,CLEMSON UNIVERSITY,CLEMSON,SC,2019,National Institutes of Health,12649732.0,11
H2BMNX7DSKU8,CLEMSON UNIVERSITY,CLEMSON,SC,2019,National Science Foundation,17879119.0,50
H2BMNX7DSKU8,CLEMSON UNIVERSITY,CLEMSON,SC,2020,National Institutes of Health,13443971.0,7
H2BMNX7DSKU8,CLEMSON UNIVERSITY,CLEMSON,SC,2020,National Science Foundation,23527673.0,54
H2BMNX7DSKU8,CLEMSON UNIVERSITY,CLEMSON,SC,2021,National Institutes of Health,16072621.45,13
H2BMNX7DSKU8,CLEMSON UNIVERSITY,CLEMSON,SC,2021,National Science Foundation,17974962.0,44
H2BMNX7DSKU8,CLEMSON UNIVERSITY,CLEMSON,SC,2022,National Institutes of Health,20222084.1,15
H2BMNX7DSKU8,CLEMSON UNIVERSITY,CLEMSON,SC,2022,National Science Foundation,28685027.0,47
H2BMNX7DSKU8,CLEMSON UNIVERSITY,CLEMSON,SC,2023,National Institutes of Health,24626734.93,20
H2BMNX7DSKU8,CLEMSON UNIVERSITY,CLEMSON,SC,2023,National Science Foundation,39209100.0,55
H2BMNX7DSKU8,CLEMSON UNIVERSITY,CLEMSON,SC,2024,National Institutes of Health,26784887.11,19
H2BMNX7DSKU8,CLEMSON UNIVERSITY,CLEMSON,SC,2024,National Science Foundation,35305736.0,67
H2BMNX7DSKU8,CLEMSON UNIVERSITY,CLEMSON,SC,2025,National Institutes of Health,23911318.69,12
H2BMNX7DSKU8,CLEMSON UNIVERSITY,CLEMSON,SC,2025,National Science Foundation,34348360.0,51
H2BMNX7DSKU8,CLEMSON UNIVERSITY,CLEMSON,SC,2026,National Institutes of Health,13809598.45,4
H2BMNX7DSKU8,CLEMSON UNIVERSITY,CLEMSON,SC,2026,National Science Foundation,9672959.0,20
H4CAHK2RD945,PORTLAND STATE UNIVERSITY,PORTLAND,OR,2016,National Institutes of Health,7325336.0,8
H4CAHK2RD945,PORTLAND STATE UNIVERSITY,PORTLAND,OR,2016,National Science Foundation,6288653.0,42
H4CAHK2RD945,PORTLAND STATE UNIVERSITY,PORTLAND,OR,2017,National Institutes of Health,7976504.0,10
H4CAHK2RD945,PORTLAND STATE UNIVERSITY,PORTLAND,OR,2017,National Science Foundation,6210670.0,29
H4CAHK2RD945,PORTLAND STATE UNIVERSITY,PORTLAND,OR,2018,National Institutes of Health,7881213.0,4
H4CAHK2RD945,PORTLAND STATE UNIVERSITY,PORTLAND,OR,2018,National Science Foundation,6132749.0,24
H4CAHK2RD945,PORTLAND STATE UNIVERSITY,PORTLAND,OR,2019,National Institutes of Health,8791680.0,5
H4CAHK2RD945,PORTLAND STATE UNIVERSITY,PORTLAND,OR,2019,National Science Foundation,14926203.0,25
H4CAHK2RD945,PORTLAND STATE UNIVERSITY,PORTLAND,OR,2020,National Institutes of Health,9030633.0,3
H4CAHK2RD945,PORTLAND STATE UNIVERSITY,PORTLAND,OR,2020,National Science Foundation,5568607.0,20
H4CAHK2RD945,PORTLAND STATE UNIVERSITY,PORTLAND,OR,2021,National Institutes of Health,7894857.850000001,3
H4CAHK2RD945,PORTLAND STATE UNIVERSITY,PORTLAND,OR,2021,National Science Foundation,6179507.0,14
H4CAHK2RD945,PORTLAND STATE UNIVERSITY,PORTLAND,OR,2022,National Institutes of Health,7250075.02,5
H4CAHK2RD945,PORTLAND STATE UNIVERSITY,PORTLAND,OR,2022,National Science Foundation,8388619.0,19
H4CAHK2RD945,PORTLAND STATE UNIVERSITY,PORTLAND,OR,2023,National Institutes of Health,6148873.74,3
H4CAHK2RD945,PORTLAND STATE UNIVERSITY,PORTLAND,OR,2023,National Science Foundation,7219953.0,16
H4CAHK2RD945,PORTLAND STATE UNIVERSITY,PORTLAND,OR,2024,National Institutes of Health,4423245.41,6
H4CAHK2RD945,PORTLAND STATE UNIVERSITY,PORTLAND,OR,2024,National Science Foundation,11208600.0,26
H4CAHK2RD945,PORTLAND STATE UNIVERSITY,PORTLAND,OR,2025,National Institutes of Health,4254422.2,1
H4CAHK2RD945,PORTLAND STATE UNIVERSITY,PORTLAND,OR,2025,National Science Foundation,5429725.0,10
H4CAHK2RD945,PORTLAND STATE UNIVERSITY,PORTLAND,OR,2026,National Institutes of Health,1076223.43,0
H4CAHK2RD945,PORTLAND STATE UNIVERSITY,PORTLAND,OR,2026,National Science Foundation,-121210.0,2
H4VNDUN2VWU5,AMERICAN UNIVERSITY,WASHINGTON,DC,2016,National Institutes of Health,2893591.0,8
H4VNDUN2VWU5,AMERICAN UNIVERSITY,WASHINGTON,DC,2016,National Science Foundation,1353203.0,9
H4VNDUN2VWU5,AMERICAN UNIVERSITY,WASHINGTON,DC,2017,National Institutes of Health,700502.0,7
H4VNDUN2VWU5,AMERICAN UNIVERSITY,WASHINGTON,DC,2017,National Science Foundation,625365.0,4
H4VNDUN2VWU5,AMERICAN UNIVERSITY,WASHINGTON,DC,2018,National Institutes of Health,3863514.0,2
H4VNDUN2VWU5,AMERICAN UNIVERSITY,WASHINGTON,DC,2018,National Science Foundation,919581.0,4
H4VNDUN2VWU5,AMERICAN UNIVERSITY,WASHINGTON,DC,2019,National Institutes of Health,3040710.0,4
H4VNDUN2VWU5,AMERICAN UNIVERSITY,WASHINGTON,DC,2019,National Science Foundation,1181444.0,5
H4VNDUN2VWU5,AMERICAN UNIVERSITY,WASHINGTON,DC,2020,National Institutes of Health,1014261.0,1
H4VNDUN2VWU5,AMERICAN UNIVERSITY,WASHINGTON,DC,2020,National Science Foundation,2855390.0,12
H4VNDUN2VWU5,AMERICAN UNIVERSITY,WASHINGTON,DC,2021,National Institutes of Health,516681.73,2
H4VNDUN2VWU5,AMERICAN UNIVERSITY,WASHINGTON,DC,2021,National Science Foundation,15060923.0,14
H4VNDUN2VWU5,AMERICAN UNIVERSITY,WASHINGTON,DC,2022,National Institutes of Health,1731728.6800000002,5
H4VNDUN2VWU5,AMERICAN UNIVERSITY,WASHINGTON,DC,2022,National Science Foundation,9328655.0,7
H4VNDUN2VWU5,AMERICAN UNIVERSITY,WASHINGTON,DC,2023,National Institutes of Health,2587754.09,4
H4VNDUN2VWU5,AMERICAN UNIVERSITY,WASHINGTON,DC,2023,National Science Foundation,5293978.0,4
H4VNDUN2VWU5,AMERICAN UNIVERSITY,WASHINGTON,DC,2024,National Institutes of Health,2411305.28,3
H4VNDUN2VWU5,AMERICAN UNIVERSITY,WASHINGTON,DC,2024,National Science Foundation,1557199.0,4
H4VNDUN2VWU5,AMERICAN UNIVERSITY,WASHINGTON,DC,2025,National Institutes of Health,2005227.35,2
H4VNDUN2VWU5,AMERICAN UNIVERSITY,WASHINGTON,DC,2025,National Science Foundation,3103236.0,7
H4VNDUN2VWU5,AMERICAN UNIVERSITY,WASHINGTON,DC,2026,National Institutes of Health,1650777.58,0
H4VNDUN2VWU5,AMERICAN UNIVERSITY,WASHINGTON,DC,2026,National Science Foundation,55000.0,1
H58TR2D7DNE3,PALO ALTO VETERANS INSTITUTE FOR RESEARCH,PALO ALTO,CA,2016,National Institutes of Health,12280597.0,32
H58TR2D7DNE3,PALO ALTO VETERANS INSTITUTE FOR RESEARCH,PALO ALTO,CA,2017,National Institutes of Health,15098372.0,25
H58TR2D7DNE3,PALO ALTO VETERANS INSTITUTE FOR RESEARCH,PALO ALTO,CA,2018,National Institutes of Health,10896037.0,13
H58TR2D7DNE3,PALO ALTO VETERANS INSTITUTE FOR RESEARCH,PALO ALTO,CA,2018,National Science Foundation,300000.0,1
H58TR2D7DNE3,PALO ALTO VETERANS INSTITUTE FOR RESEARCH,PALO ALTO,CA,2019,National Institutes of Health,14500946.0,7
H58TR2D7DNE3,PALO ALTO VETERANS INSTITUTE FOR RESEARCH,PALO ALTO,CA,2020,National Institutes of Health,11877491.0,4
H58TR2D7DNE3,PALO ALTO VETERANS INSTITUTE FOR RESEARCH,PALO ALTO,CA,2021,National Institutes of Health,9565186.8,7
H58TR2D7DNE3,PALO ALTO VETERANS INSTITUTE FOR RESEARCH,PALO ALTO,CA,2022,National Institutes of Health,7623356.720000001,4
H58TR2D7DNE3,PALO ALTO VETERANS INSTITUTE FOR RESEARCH,PALO ALTO,CA,2022,National Science Foundation,513665.0,1
H58TR2D7DNE3,PALO ALTO VETERANS INSTITUTE FOR RESEARCH,PALO ALTO,CA,2023,National Institutes of Health,8851347.11,3
H58TR2D7DNE3,PALO ALTO VETERANS INSTITUTE FOR RESEARCH,PALO ALTO,CA,2023,National Science Foundation,608000.0,1
H58TR2D7DNE3,PALO ALTO VETERANS INSTITUTE FOR RESEARCH,PALO ALTO,CA,2024,National Institutes of Health,10591808.3,6
H58TR2D7DNE3,PALO ALTO VETERANS INSTITUTE FOR RESEARCH,PALO ALTO,CA,2024,National Science Foundation,8000.0,0
H58TR2D7DNE3,PALO ALTO VETERANS INSTITUTE FOR RESEARCH,PALO ALTO,CA,2025,National Institutes of Health,8760328.76,4
H58TR2D7DNE3,PALO ALTO VETERANS INSTITUTE FOR RESEARCH,PALO ALTO,CA,2026,National Institutes of Health,10615466.99,5
H59JKGFZKHL7,SAN DIEGO STATE UNIVERSITY FOUNDATION,SAN DIEGO,CA,2016,National Institutes of Health,21397702.0,58
H59JKGFZKHL7,SAN DIEGO STATE UNIVERSITY FOUNDATION,SAN DIEGO,CA,2016,National Science Foundation,10171906.0,33
H59JKGFZKHL7,SAN DIEGO STATE UNIVERSITY FOUNDATION,SAN DIEGO,CA,2017,National Institutes of Health,22090648.0,40
H59JKGFZKHL7,SAN DIEGO STATE UNIVERSITY FOUNDATION,SAN DIEGO,CA,2017,National Science Foundation,4135406.0,28
H59JKGFZKHL7,SAN DIEGO STATE UNIVERSITY FOUNDATION,SAN DIEGO,CA,2018,National Institutes of Health,23950606.0,20
H59JKGFZKHL7,SAN DIEGO STATE UNIVERSITY FOUNDATION,SAN DIEGO,CA,2018,National Science Foundation,11368344.0,34
H59JKGFZKHL7,SAN DIEGO STATE UNIVERSITY FOUNDATION,SAN DIEGO,CA,2019,National Institutes of Health,25654213.0,16
H59JKGFZKHL7,SAN DIEGO STATE UNIVERSITY FOUNDATION,SAN DIEGO,CA,2019,National Science Foundation,9194430.0,24
H59JKGFZKHL7,SAN DIEGO STATE UNIVERSITY FOUNDATION,SAN DIEGO,CA,2020,National Institutes of Health,33728198.0,19
H59JKGFZKHL7,SAN DIEGO STATE UNIVERSITY FOUNDATION,SAN DIEGO,CA,2020,National Science Foundation,14225934.0,28
H59JKGFZKHL7,SAN DIEGO STATE UNIVERSITY FOUNDATION,SAN DIEGO,CA,2021,National Institutes of Health,25870636.7,13
H59JKGFZKHL7,SAN DIEGO STATE UNIVERSITY FOUNDATION,SAN DIEGO,CA,2021,National Science Foundation,10758011.0,23
H59JKGFZKHL7,SAN DIEGO STATE UNIVERSITY FOUNDATION,SAN DIEGO,CA,2022,National Institutes of Health,31116272.96,17
H59JKGFZKHL7,SAN DIEGO STATE UNIVERSITY FOUNDATION,SAN DIEGO,CA,2022,National Science Foundation,11393409.0,32
H59JKGFZKHL7,SAN DIEGO STATE UNIVERSITY FOUNDATION,SAN DIEGO,CA,2023,National Institutes of Health,34067175.83,20
H59JKGFZKHL7,SAN DIEGO STATE UNIVERSITY FOUNDATION,SAN DIEGO,CA,2023,National Science Foundation,15363406.0,28
H59JKGFZKHL7,SAN DIEGO STATE UNIVERSITY FOUNDATION,SAN DIEGO,CA,2024,National Institutes of Health,42793645.39,20
H59JKGFZKHL7,SAN DIEGO STATE UNIVERSITY FOUNDATION,SAN DIEGO,CA,2024,National Science Foundation,13343720.0,25
H59JKGFZKHL7,SAN DIEGO STATE UNIVERSITY FOUNDATION,SAN DIEGO,CA,2025,National Institutes of Health,34069208.980000004,8
H59JKGFZKHL7,SAN DIEGO STATE UNIVERSITY FOUNDATION,SAN DIEGO,CA,2025,National Science Foundation,12858415.0,18
H59JKGFZKHL7,SAN DIEGO STATE UNIVERSITY FOUNDATION,SAN DIEGO,CA,2026,National Institutes of Health,28574365.259999998,8
H59JKGFZKHL7,SAN DIEGO STATE UNIVERSITY FOUNDATION,SAN DIEGO,CA,2026,National Science Foundation,3918780.0,6
H5G9NWEFHXN4,"THE BROAD INSTITUTE, INC",CAMBRIDGE,MA,2016,National Institutes of Health,97138022.0,65
H5G9NWEFHXN4,"THE BROAD INSTITUTE, INC",CAMBRIDGE,MA,2016,National Science Foundation,168845.0,1
H5G9NWEFHXN4,"THE BROAD INSTITUTE, INC",CAMBRIDGE,MA,2017,National Institutes of Health,102877130.0,44
H5G9NWEFHXN4,"THE BROAD INSTITUTE, INC",CAMBRIDGE,MA,2017,National Science Foundation,0.0,1
H5G9NWEFHXN4,"THE BROAD INSTITUTE, INC",CAMBRIDGE,MA,2018,National Institutes of Health,100831561.0,22
H5G9NWEFHXN4,"THE BROAD INSTITUTE, INC",CAMBRIDGE,MA,2019,National Institutes of Health,120153759.0,20
H5G9NWEFHXN4,"THE BROAD INSTITUTE, INC",CAMBRIDGE,MA,2020,National Institutes of Health,118539325.0,25
H5G9NWEFHXN4,"THE BROAD INSTITUTE, INC",CAMBRIDGE,MA,2020,National Science Foundation,669810.0,1
H5G9NWEFHXN4,"THE BROAD INSTITUTE, INC",CAMBRIDGE,MA,2021,National Institutes of Health,107026089.01,32
H5G9NWEFHXN4,"THE BROAD INSTITUTE, INC",CAMBRIDGE,MA,2021,National Science Foundation,95045.0,1
H5G9NWEFHXN4,"THE BROAD INSTITUTE, INC",CAMBRIDGE,MA,2022,National Institutes of Health,118373002.53,30
H5G9NWEFHXN4,"THE BROAD INSTITUTE, INC",CAMBRIDGE,MA,2022,National Science Foundation,512731.0,1
H5G9NWEFHXN4,"THE BROAD INSTITUTE, INC",CAMBRIDGE,MA,2023,National Institutes of Health,119194831.82,31
H5G9NWEFHXN4,"THE BROAD INSTITUTE, INC",CAMBRIDGE,MA,2023,National Science Foundation,-66503.0,0
H5G9NWEFHXN4,"THE BROAD INSTITUTE, INC",CAMBRIDGE,MA,2024,National Institutes of Health,115146194.74000001,15
H5G9NWEFHXN4,"THE BROAD INSTITUTE, INC",CAMBRIDGE,MA,2024,National Science Foundation,-256667.0,0
H5G9NWEFHXN4,"THE BROAD INSTITUTE, INC",CAMBRIDGE,MA,2025,National Institutes of Health,112985446.34,23
H5G9NWEFHXN4,"THE BROAD INSTITUTE, INC",CAMBRIDGE,MA,2026,National Institutes of Health,94942605.92999999,20
H65GNDPBTRY7,HEALTHPARTNERS INSTITUTE,MINNEAPOLIS,MN,2016,National Institutes of Health,16435408.0,15
H65GNDPBTRY7,HEALTHPARTNERS INSTITUTE,MINNEAPOLIS,MN,2017,National Institutes of Health,9426213.0,9
H65GNDPBTRY7,HEALTHPARTNERS INSTITUTE,MINNEAPOLIS,MN,2018,National Institutes of Health,9127872.0,5
H65GNDPBTRY7,HEALTHPARTNERS INSTITUTE,MINNEAPOLIS,MN,2019,National Institutes of Health,8591530.0,1
H65GNDPBTRY7,HEALTHPARTNERS INSTITUTE,MINNEAPOLIS,MN,2020,National Institutes of Health,7144125.0,1
H65GNDPBTRY7,HEALTHPARTNERS INSTITUTE,MINNEAPOLIS,MN,2021,National Institutes of Health,7714828.43,4
H65GNDPBTRY7,HEALTHPARTNERS INSTITUTE,MINNEAPOLIS,MN,2021,National Science Foundation,248603.0,1
H65GNDPBTRY7,HEALTHPARTNERS INSTITUTE,MINNEAPOLIS,MN,2022,National Institutes of Health,8748076.48,3
H65GNDPBTRY7,HEALTHPARTNERS INSTITUTE,MINNEAPOLIS,MN,2022,National Science Foundation,249485.0,0
H65GNDPBTRY7,HEALTHPARTNERS INSTITUTE,MINNEAPOLIS,MN,2023,National Institutes of Health,8388574.67,1
H65GNDPBTRY7,HEALTHPARTNERS INSTITUTE,MINNEAPOLIS,MN,2023,National Science Foundation,497022.0,0
H65GNDPBTRY7,HEALTHPARTNERS INSTITUTE,MINNEAPOLIS,MN,2024,National Institutes of Health,10202731.21,4
H65GNDPBTRY7,HEALTHPARTNERS INSTITUTE,MINNEAPOLIS,MN,2025,National Institutes of Health,9832954.82,2
H65GNDPBTRY7,HEALTHPARTNERS INSTITUTE,MINNEAPOLIS,MN,2025,National Science Foundation,0.0,0
H65GNDPBTRY7,HEALTHPARTNERS INSTITUTE,MINNEAPOLIS,MN,2026,National Institutes of Health,6233542.0,4
H6D6JMXJXDE6,UNIVERSITY OF CONNECTICUT HEALTH CENTER,FARMINGTON,CT,2016,National Institutes of Health,48585358.0,116
H6D6JMXJXDE6,UNIVERSITY OF CONNECTICUT HEALTH CENTER,FARMINGTON,CT,2016,National Science Foundation,966245.0,4
H6D6JMXJXDE6,UNIVERSITY OF CONNECTICUT HEALTH CENTER,FARMINGTON,CT,2017,National Institutes of Health,44698530.0,58
H6D6JMXJXDE6,UNIVERSITY OF CONNECTICUT HEALTH CENTER,FARMINGTON,CT,2017,National Science Foundation,835499.0,2
H6D6JMXJXDE6,UNIVERSITY OF CONNECTICUT HEALTH CENTER,FARMINGTON,CT,2018,National Institutes of Health,50715372.0,47
H6D6JMXJXDE6,UNIVERSITY OF CONNECTICUT HEALTH CENTER,FARMINGTON,CT,2018,National Science Foundation,705998.0,2
H6D6JMXJXDE6,UNIVERSITY OF CONNECTICUT HEALTH CENTER,FARMINGTON,CT,2019,National Institutes of Health,55295924.0,49
H6D6JMXJXDE6,UNIVERSITY OF CONNECTICUT HEALTH CENTER,FARMINGTON,CT,2019,National Science Foundation,82502.0,1
H6D6JMXJXDE6,UNIVERSITY OF CONNECTICUT HEALTH CENTER,FARMINGTON,CT,2020,National Institutes of Health,66727810.0,46
H6D6JMXJXDE6,UNIVERSITY OF CONNECTICUT HEALTH CENTER,FARMINGTON,CT,2020,National Science Foundation,380000.0,1
H6D6JMXJXDE6,UNIVERSITY OF CONNECTICUT HEALTH CENTER,FARMINGTON,CT,2021,National Institutes of Health,69719109.96,52
H6D6JMXJXDE6,UNIVERSITY OF CONNECTICUT HEALTH CENTER,FARMINGTON,CT,2021,National Science Foundation,20259481.0,2
H6D6JMXJXDE6,UNIVERSITY OF CONNECTICUT HEALTH CENTER,FARMINGTON,CT,2022,National Institutes of Health,69070748.97,31
H6D6JMXJXDE6,UNIVERSITY OF CONNECTICUT HEALTH CENTER,FARMINGTON,CT,2022,National Science Foundation,11564873.0,1
H6D6JMXJXDE6,UNIVERSITY OF CONNECTICUT HEALTH CENTER,FARMINGTON,CT,2023,National Institutes of Health,70560489.50999999,43
H6D6JMXJXDE6,UNIVERSITY OF CONNECTICUT HEALTH CENTER,FARMINGTON,CT,2023,National Science Foundation,6482823.0,3
H6D6JMXJXDE6,UNIVERSITY OF CONNECTICUT HEALTH CENTER,FARMINGTON,CT,2024,National Institutes of Health,59065482.04,37
H6D6JMXJXDE6,UNIVERSITY OF CONNECTICUT HEALTH CENTER,FARMINGTON,CT,2024,National Science Foundation,2965536.0,0
H6D6JMXJXDE6,UNIVERSITY OF CONNECTICUT HEALTH CENTER,FARMINGTON,CT,2025,National Institutes of Health,50962205.19,23
H6D6JMXJXDE6,UNIVERSITY OF CONNECTICUT HEALTH CENTER,FARMINGTON,CT,2025,National Science Foundation,424449.0,1
H6D6JMXJXDE6,UNIVERSITY OF CONNECTICUT HEALTH CENTER,FARMINGTON,CT,2026,National Institutes of Health,42787558.82,25
H6D6JMXJXDE6,UNIVERSITY OF CONNECTICUT HEALTH CENTER,FARMINGTON,CT,2026,National Science Foundation,629728.0,1
H6N1ZF5HJ2G3,ALBERT EINSTEIN COLLEGE OF MEDICINE,BRONX,NY,2016,National Science Foundation,33200.0,1
H6N1ZF5HJ2G3,ALBERT EINSTEIN COLLEGE OF MEDICINE,BRONX,NY,2019,National Institutes of Health,290151095.0,434
H6N1ZF5HJ2G3,ALBERT EINSTEIN COLLEGE OF MEDICINE,BRONX,NY,2020,National Institutes of Health,196706352.0,78
H6N1ZF5HJ2G3,ALBERT EINSTEIN COLLEGE OF MEDICINE,BRONX,NY,2020,National Science Foundation,-179299.0,0
H6N1ZF5HJ2G3,ALBERT EINSTEIN COLLEGE OF MEDICINE,BRONX,NY,2021,National Institutes of Health,181719459.86999997,75
H6N1ZF5HJ2G3,ALBERT EINSTEIN COLLEGE OF MEDICINE,BRONX,NY,2022,National Institutes of Health,192895276.73000002,76
H6N1ZF5HJ2G3,ALBERT EINSTEIN COLLEGE OF MEDICINE,BRONX,NY,2023,National Institutes of Health,190304297.67999998,76
H6N1ZF5HJ2G3,ALBERT EINSTEIN COLLEGE OF MEDICINE,BRONX,NY,2024,National Institutes of Health,184842793.14,62
H6N1ZF5HJ2G3,ALBERT EINSTEIN COLLEGE OF MEDICINE,BRONX,NY,2024,National Science Foundation,53000.0,1
H6N1ZF5HJ2G3,ALBERT EINSTEIN COLLEGE OF MEDICINE,BRONX,NY,2025,National Institutes of Health,179459555.85000002,54
H6N1ZF5HJ2G3,ALBERT EINSTEIN COLLEGE OF MEDICINE,BRONX,NY,2025,National Science Foundation,106000.0,0
H6N1ZF5HJ2G3,ALBERT EINSTEIN COLLEGE OF MEDICINE,BRONX,NY,2026,National Institutes of Health,163300311.39999998,67
HB6KNGVNJRU1,THE UNIVERSITY OF ALABAMA IN HUNTSVILLE,HUNTSVILLE,AL,2016,National Institutes of Health,418325.0,1
HB6KNGVNJRU1,THE UNIVERSITY OF ALABAMA IN HUNTSVILLE,HUNTSVILLE,AL,2016,National Science Foundation,5633710.0,21
HB6KNGVNJRU1,THE UNIVERSITY OF ALABAMA IN HUNTSVILLE,HUNTSVILLE,AL,2017,National Science Foundation,9768449.0,18
HB6KNGVNJRU1,THE UNIVERSITY OF ALABAMA IN HUNTSVILLE,HUNTSVILLE,AL,2018,National Institutes of Health,231910.0,1
HB6KNGVNJRU1,THE UNIVERSITY OF ALABAMA IN HUNTSVILLE,HUNTSVILLE,AL,2018,National Science Foundation,12992137.0,11
HB6KNGVNJRU1,THE UNIVERSITY OF ALABAMA IN HUNTSVILLE,HUNTSVILLE,AL,2019,National Institutes of Health,261029.0,2
HB6KNGVNJRU1,THE UNIVERSITY OF ALABAMA IN HUNTSVILLE,HUNTSVILLE,AL,2019,National Science Foundation,5736112.0,6
HB6KNGVNJRU1,THE UNIVERSITY OF ALABAMA IN HUNTSVILLE,HUNTSVILLE,AL,2020,National Institutes of Health,-1244.0,0
HB6KNGVNJRU1,THE UNIVERSITY OF ALABAMA IN HUNTSVILLE,HUNTSVILLE,AL,2020,National Science Foundation,9045461.0,15
HB6KNGVNJRU1,THE UNIVERSITY OF ALABAMA IN HUNTSVILLE,HUNTSVILLE,AL,2021,National Science Foundation,5283678.0,11
HB6KNGVNJRU1,THE UNIVERSITY OF ALABAMA IN HUNTSVILLE,HUNTSVILLE,AL,2022,National Institutes of Health,931604.11,2
HB6KNGVNJRU1,THE UNIVERSITY OF ALABAMA IN HUNTSVILLE,HUNTSVILLE,AL,2022,National Science Foundation,11657616.0,17
HB6KNGVNJRU1,THE UNIVERSITY OF ALABAMA IN HUNTSVILLE,HUNTSVILLE,AL,2023,National Institutes of Health,495051.94,0
HB6KNGVNJRU1,THE UNIVERSITY OF ALABAMA IN HUNTSVILLE,HUNTSVILLE,AL,2023,National Science Foundation,9066659.0,13
HB6KNGVNJRU1,THE UNIVERSITY OF ALABAMA IN HUNTSVILLE,HUNTSVILLE,AL,2024,National Institutes of Health,489996.0,0
HB6KNGVNJRU1,THE UNIVERSITY OF ALABAMA IN HUNTSVILLE,HUNTSVILLE,AL,2024,National Science Foundation,8388063.0,10
HB6KNGVNJRU1,THE UNIVERSITY OF ALABAMA IN HUNTSVILLE,HUNTSVILLE,AL,2025,National Institutes of Health,417264.0,0
HB6KNGVNJRU1,THE UNIVERSITY OF ALABAMA IN HUNTSVILLE,HUNTSVILLE,AL,2025,National Science Foundation,18247484.0,17
HB6KNGVNJRU1,THE UNIVERSITY OF ALABAMA IN HUNTSVILLE,HUNTSVILLE,AL,2026,National Institutes of Health,747400.0,1
HB6KNGVNJRU1,THE UNIVERSITY OF ALABAMA IN HUNTSVILLE,HUNTSVILLE,AL,2026,National Science Foundation,6414630.0,5
HD1WMN6945W6,UNIVERSITY OF WASHINGTON,SEATTLE,WA,2016,National Institutes of Health,400416050.0,849
HD1WMN6945W6,UNIVERSITY OF WASHINGTON,SEATTLE,WA,2016,National Science Foundation,97671452.0,285
HD1WMN6945W6,UNIVERSITY OF WASHINGTON,SEATTLE,WA,2017,National Institutes of Health,418248710.0,488
HD1WMN6945W6,UNIVERSITY OF WASHINGTON,SEATTLE,WA,2017,National Science Foundation,107238444.0,242
HD1WMN6945W6,UNIVERSITY OF WASHINGTON,SEATTLE,WA,2018,National Institutes of Health,436730863.0,298
HD1WMN6945W6,UNIVERSITY OF WASHINGTON,SEATTLE,WA,2018,National Science Foundation,97202120.0,192
HD1WMN6945W6,UNIVERSITY OF WASHINGTON,SEATTLE,WA,2019,National Institutes of Health,502420741.0,262
HD1WMN6945W6,UNIVERSITY OF WASHINGTON,SEATTLE,WA,2019,National Science Foundation,103686436.0,171
HD1WMN6945W6,UNIVERSITY OF WASHINGTON,SEATTLE,WA,2020,National Institutes of Health,499288237.0,267
HD1WMN6945W6,UNIVERSITY OF WASHINGTON,SEATTLE,WA,2020,National Science Foundation,110673475.0,184
HD1WMN6945W6,UNIVERSITY OF WASHINGTON,SEATTLE,WA,2021,National Institutes of Health,503689182.46000004,247
HD1WMN6945W6,UNIVERSITY OF WASHINGTON,SEATTLE,WA,2021,National Science Foundation,118482036.0,183
HD1WMN6945W6,UNIVERSITY OF WASHINGTON,SEATTLE,WA,2022,National Institutes of Health,553993200.7299999,252
HD1WMN6945W6,UNIVERSITY OF WASHINGTON,SEATTLE,WA,2022,National Science Foundation,146127384.0,189
HD1WMN6945W6,UNIVERSITY OF WASHINGTON,SEATTLE,WA,2023,National Institutes of Health,529992129.95000005,233
HD1WMN6945W6,UNIVERSITY OF WASHINGTON,SEATTLE,WA,2023,National Science Foundation,129390858.0,136
HD1WMN6945W6,UNIVERSITY OF WASHINGTON,SEATTLE,WA,2024,National Institutes of Health,582326345.16,232
HD1WMN6945W6,UNIVERSITY OF WASHINGTON,SEATTLE,WA,2024,National Science Foundation,117610806.0,128
HD1WMN6945W6,UNIVERSITY OF WASHINGTON,SEATTLE,WA,2025,National Institutes of Health,485490820.67,159
HD1WMN6945W6,UNIVERSITY OF WASHINGTON,SEATTLE,WA,2025,National Science Foundation,117565436.0,121
HD1WMN6945W6,UNIVERSITY OF WASHINGTON,SEATTLE,WA,2026,National Institutes of Health,387979806.53,154
HD1WMN6945W6,UNIVERSITY OF WASHINGTON,SEATTLE,WA,2026,National Science Foundation,41920624.0,34
HFT7XTHB6563,TEXAS A & M UNIVERSITY SYSTEM HEALTH SCIENCE CENTER,COLLEGE STATION,TX,2016,National Institutes of Health,20465953.0,60
HFT7XTHB6563,TEXAS A & M UNIVERSITY SYSTEM HEALTH SCIENCE CENTER,COLLEGE STATION,TX,2016,National Science Foundation,1083101.0,3
HFT7XTHB6563,TEXAS A & M UNIVERSITY SYSTEM HEALTH SCIENCE CENTER,COLLEGE STATION,TX,2017,National Institutes of Health,17721659.0,44
HFT7XTHB6563,TEXAS A & M UNIVERSITY SYSTEM HEALTH SCIENCE CENTER,COLLEGE STATION,TX,2017,National Science Foundation,229753.0,2
HFT7XTHB6563,TEXAS A & M UNIVERSITY SYSTEM HEALTH SCIENCE CENTER,COLLEGE STATION,TX,2018,National Institutes of Health,21331324.0,30
HFT7XTHB6563,TEXAS A & M UNIVERSITY SYSTEM HEALTH SCIENCE CENTER,COLLEGE STATION,TX,2018,National Science Foundation,214825.0,2
HFT7XTHB6563,TEXAS A & M UNIVERSITY SYSTEM HEALTH SCIENCE CENTER,COLLEGE STATION,TX,2019,National Institutes of Health,19444456.0,24
HFT7XTHB6563,TEXAS A & M UNIVERSITY SYSTEM HEALTH SCIENCE CENTER,COLLEGE STATION,TX,2020,National Institutes of Health,26796878.0,26
HFT7XTHB6563,TEXAS A & M UNIVERSITY SYSTEM HEALTH SCIENCE CENTER,COLLEGE STATION,TX,2020,National Science Foundation,0.0,0
HFT7XTHB6563,TEXAS A & M UNIVERSITY SYSTEM HEALTH SCIENCE CENTER,COLLEGE STATION,TX,2021,National Institutes of Health,28067525.660000004,29
HFT7XTHB6563,TEXAS A & M UNIVERSITY SYSTEM HEALTH SCIENCE CENTER,COLLEGE STATION,TX,2021,National Science Foundation,1378738.0,4
HFT7XTHB6563,TEXAS A & M UNIVERSITY SYSTEM HEALTH SCIENCE CENTER,COLLEGE STATION,TX,2022,National Institutes of Health,40802559.1,34
HFT7XTHB6563,TEXAS A & M UNIVERSITY SYSTEM HEALTH SCIENCE CENTER,COLLEGE STATION,TX,2022,National Science Foundation,77270.0,1
HFT7XTHB6563,TEXAS A & M UNIVERSITY SYSTEM HEALTH SCIENCE CENTER,COLLEGE STATION,TX,2023,National Institutes of Health,28198907.439999998,22
HFT7XTHB6563,TEXAS A & M UNIVERSITY SYSTEM HEALTH SCIENCE CENTER,COLLEGE STATION,TX,2023,National Science Foundation,280000.0,1
HFT7XTHB6563,TEXAS A & M UNIVERSITY SYSTEM HEALTH SCIENCE CENTER,COLLEGE STATION,TX,2024,National Institutes of Health,29441864.300000004,38
HFT7XTHB6563,TEXAS A & M UNIVERSITY SYSTEM HEALTH SCIENCE CENTER,COLLEGE STATION,TX,2024,National Science Foundation,1078135.0,5
HFT7XTHB6563,TEXAS A & M UNIVERSITY SYSTEM HEALTH SCIENCE CENTER,COLLEGE STATION,TX,2025,National Institutes of Health,35764830.7,25
HFT7XTHB6563,TEXAS A & M UNIVERSITY SYSTEM HEALTH SCIENCE CENTER,COLLEGE STATION,TX,2025,National Science Foundation,-847493.0,0
HFT7XTHB6563,TEXAS A & M UNIVERSITY SYSTEM HEALTH SCIENCE CENTER,COLLEGE STATION,TX,2026,National Institutes of Health,31417349.950000003,23
HGAAKCE3A7P7,XAVIER UNIVERSITY OF LOUISIANA,NEW ORLEANS,LA,2016,National Institutes of Health,7597825.0,8
HGAAKCE3A7P7,XAVIER UNIVERSITY OF LOUISIANA,NEW ORLEANS,LA,2016,National Science Foundation,738345.0,4
HGAAKCE3A7P7,XAVIER UNIVERSITY OF LOUISIANA,NEW ORLEANS,LA,2017,National Institutes of Health,7162624.0,2
HGAAKCE3A7P7,XAVIER UNIVERSITY OF LOUISIANA,NEW ORLEANS,LA,2017,National Science Foundation,571205.0,2
HGAAKCE3A7P7,XAVIER UNIVERSITY OF LOUISIANA,NEW ORLEANS,LA,2018,National Institutes of Health,7362308.0,1
HGAAKCE3A7P7,XAVIER UNIVERSITY OF LOUISIANA,NEW ORLEANS,LA,2018,National Science Foundation,2356793.0,4
HGAAKCE3A7P7,XAVIER UNIVERSITY OF LOUISIANA,NEW ORLEANS,LA,2019,National Institutes of Health,7634042.0,5
HGAAKCE3A7P7,XAVIER UNIVERSITY OF LOUISIANA,NEW ORLEANS,LA,2019,National Science Foundation,1279978.0,4
HGAAKCE3A7P7,XAVIER UNIVERSITY OF LOUISIANA,NEW ORLEANS,LA,2020,National Institutes of Health,9229726.0,3
HGAAKCE3A7P7,XAVIER UNIVERSITY OF LOUISIANA,NEW ORLEANS,LA,2020,National Science Foundation,291457.0,1
HGAAKCE3A7P7,XAVIER UNIVERSITY OF LOUISIANA,NEW ORLEANS,LA,2021,National Institutes of Health,9282183.0,2
HGAAKCE3A7P7,XAVIER UNIVERSITY OF LOUISIANA,NEW ORLEANS,LA,2021,National Science Foundation,2946578.0,7
HGAAKCE3A7P7,XAVIER UNIVERSITY OF LOUISIANA,NEW ORLEANS,LA,2022,National Institutes of Health,8298090.850000001,3
HGAAKCE3A7P7,XAVIER UNIVERSITY OF LOUISIANA,NEW ORLEANS,LA,2022,National Science Foundation,357074.0,2
HGAAKCE3A7P7,XAVIER UNIVERSITY OF LOUISIANA,NEW ORLEANS,LA,2023,National Institutes of Health,12387101.0,2
HGAAKCE3A7P7,XAVIER UNIVERSITY OF LOUISIANA,NEW ORLEANS,LA,2023,National Science Foundation,1237797.0,2
HGAAKCE3A7P7,XAVIER UNIVERSITY OF LOUISIANA,NEW ORLEANS,LA,2024,National Institutes of Health,8049205.45,2
HGAAKCE3A7P7,XAVIER UNIVERSITY OF LOUISIANA,NEW ORLEANS,LA,2024,National Science Foundation,1731532.0,4
HGAAKCE3A7P7,XAVIER UNIVERSITY OF LOUISIANA,NEW ORLEANS,LA,2025,National Institutes of Health,7964617.57,0
HGAAKCE3A7P7,XAVIER UNIVERSITY OF LOUISIANA,NEW ORLEANS,LA,2025,National Science Foundation,2799117.0,3
HGAAKCE3A7P7,XAVIER UNIVERSITY OF LOUISIANA,NEW ORLEANS,LA,2026,National Institutes of Health,6548141.3,0
HGAAKCE3A7P7,XAVIER UNIVERSITY OF LOUISIANA,NEW ORLEANS,LA,2026,National Science Foundation,485063.0,2
HH1NQ1B5MPV3,MARSHALL UNIVERSITY RESEARCH CORPORATION,HUNTINGTON,WV,2016,National Institutes of Health,5073516.0,5
HH1NQ1B5MPV3,MARSHALL UNIVERSITY RESEARCH CORPORATION,HUNTINGTON,WV,2016,National Science Foundation,508708.0,1
HH1NQ1B5MPV3,MARSHALL UNIVERSITY RESEARCH CORPORATION,HUNTINGTON,WV,2017,National Institutes of Health,4104423.0,6
HH1NQ1B5MPV3,MARSHALL UNIVERSITY RESEARCH CORPORATION,HUNTINGTON,WV,2017,National Science Foundation,160614.0,2
HH1NQ1B5MPV3,MARSHALL UNIVERSITY RESEARCH CORPORATION,HUNTINGTON,WV,2018,National Institutes of Health,6958859.0,4
HH1NQ1B5MPV3,MARSHALL UNIVERSITY RESEARCH CORPORATION,HUNTINGTON,WV,2018,National Science Foundation,459670.0,3
HH1NQ1B5MPV3,MARSHALL UNIVERSITY RESEARCH CORPORATION,HUNTINGTON,WV,2019,National Institutes of Health,8383829.0,5
HH1NQ1B5MPV3,MARSHALL UNIVERSITY RESEARCH CORPORATION,HUNTINGTON,WV,2020,National Institutes of Health,9886597.0,6
HH1NQ1B5MPV3,MARSHALL UNIVERSITY RESEARCH CORPORATION,HUNTINGTON,WV,2020,National Science Foundation,990550.0,1
HH1NQ1B5MPV3,MARSHALL UNIVERSITY RESEARCH CORPORATION,HUNTINGTON,WV,2021,National Institutes of Health,9467507.75,4
HH1NQ1B5MPV3,MARSHALL UNIVERSITY RESEARCH CORPORATION,HUNTINGTON,WV,2021,National Science Foundation,267658.0,1
HH1NQ1B5MPV3,MARSHALL UNIVERSITY RESEARCH CORPORATION,HUNTINGTON,WV,2022,National Institutes of Health,8699427.549999999,2
HH1NQ1B5MPV3,MARSHALL UNIVERSITY RESEARCH CORPORATION,HUNTINGTON,WV,2022,National Science Foundation,1096268.0,4
HH1NQ1B5MPV3,MARSHALL UNIVERSITY RESEARCH CORPORATION,HUNTINGTON,WV,2023,National Institutes of Health,5543510.92,3
HH1NQ1B5MPV3,MARSHALL UNIVERSITY RESEARCH CORPORATION,HUNTINGTON,WV,2023,National Science Foundation,517969.0,2
HH1NQ1B5MPV3,MARSHALL UNIVERSITY RESEARCH CORPORATION,HUNTINGTON,WV,2024,National Institutes of Health,6384134.83,1
HH1NQ1B5MPV3,MARSHALL UNIVERSITY RESEARCH CORPORATION,HUNTINGTON,WV,2024,National Science Foundation,2027925.0,8
HH1NQ1B5MPV3,MARSHALL UNIVERSITY RESEARCH CORPORATION,HUNTINGTON,WV,2025,National Institutes of Health,5482580.87,2
HH1NQ1B5MPV3,MARSHALL UNIVERSITY RESEARCH CORPORATION,HUNTINGTON,WV,2025,National Science Foundation,3682685.0,10
HH1NQ1B5MPV3,MARSHALL UNIVERSITY RESEARCH CORPORATION,HUNTINGTON,WV,2026,National Institutes of Health,7161901.949999999,8
HH1NQ1B5MPV3,MARSHALL UNIVERSITY RESEARCH CORPORATION,HUNTINGTON,WV,2026,National Science Foundation,-60896.0,0
HJD6G4D6TJY5,THE LELAND STANFORD JUNIOR UNIVERSITY,STANFORD,CA,2016,National Institutes of Health,426244436.0,943
HJD6G4D6TJY5,THE LELAND STANFORD JUNIOR UNIVERSITY,STANFORD,CA,2016,National Science Foundation,65678656.0,218
HJD6G4D6TJY5,THE LELAND STANFORD JUNIOR UNIVERSITY,STANFORD,CA,2017,National Institutes of Health,466218981.0,510
HJD6G4D6TJY5,THE LELAND STANFORD JUNIOR UNIVERSITY,STANFORD,CA,2017,National Science Foundation,82252882.0,134
HJD6G4D6TJY5,THE LELAND STANFORD JUNIOR UNIVERSITY,STANFORD,CA,2018,National Institutes of Health,505118945.0,325
HJD6G4D6TJY5,THE LELAND STANFORD JUNIOR UNIVERSITY,STANFORD,CA,2018,National Science Foundation,69071999.0,122
HJD6G4D6TJY5,THE LELAND STANFORD JUNIOR UNIVERSITY,STANFORD,CA,2019,National Institutes of Health,519671506.0,274
HJD6G4D6TJY5,THE LELAND STANFORD JUNIOR UNIVERSITY,STANFORD,CA,2019,National Science Foundation,75886034.0,85
HJD6G4D6TJY5,THE LELAND STANFORD JUNIOR UNIVERSITY,STANFORD,CA,2020,National Institutes of Health,545145821.0,294
HJD6G4D6TJY5,THE LELAND STANFORD JUNIOR UNIVERSITY,STANFORD,CA,2020,National Science Foundation,95921925.0,125
HJD6G4D6TJY5,THE LELAND STANFORD JUNIOR UNIVERSITY,STANFORD,CA,2021,National Institutes of Health,589449216.09,315
HJD6G4D6TJY5,THE LELAND STANFORD JUNIOR UNIVERSITY,STANFORD,CA,2021,National Science Foundation,70256549.0,95
HJD6G4D6TJY5,THE LELAND STANFORD JUNIOR UNIVERSITY,STANFORD,CA,2022,National Institutes of Health,633281862.5300001,273
HJD6G4D6TJY5,THE LELAND STANFORD JUNIOR UNIVERSITY,STANFORD,CA,2022,National Science Foundation,61347379.0,84
HJD6G4D6TJY5,THE LELAND STANFORD JUNIOR UNIVERSITY,STANFORD,CA,2023,National Institutes of Health,624632480.1299999,265
HJD6G4D6TJY5,THE LELAND STANFORD JUNIOR UNIVERSITY,STANFORD,CA,2023,National Science Foundation,63060897.0,75
HJD6G4D6TJY5,THE LELAND STANFORD JUNIOR UNIVERSITY,STANFORD,CA,2024,National Institutes of Health,589468815.06,251
HJD6G4D6TJY5,THE LELAND STANFORD JUNIOR UNIVERSITY,STANFORD,CA,2024,National Science Foundation,68736538.0,79
HJD6G4D6TJY5,THE LELAND STANFORD JUNIOR UNIVERSITY,STANFORD,CA,2025,National Institutes of Health,619982192.8000002,239
HJD6G4D6TJY5,THE LELAND STANFORD JUNIOR UNIVERSITY,STANFORD,CA,2025,National Science Foundation,79261667.0,56
HJD6G4D6TJY5,THE LELAND STANFORD JUNIOR UNIVERSITY,STANFORD,CA,2026,National Institutes of Health,507679520.13000005,216
HJD6G4D6TJY5,THE LELAND STANFORD JUNIOR UNIVERSITY,STANFORD,CA,2026,National Science Foundation,11778119.0,26
HJMKEF7EJW69,CASE WESTERN RESERVE UNIVERSITY,CLEVELAND,OH,2016,National Institutes of Health,174061354.0,368
HJMKEF7EJW69,CASE WESTERN RESERVE UNIVERSITY,CLEVELAND,OH,2016,National Science Foundation,16572504.0,67
HJMKEF7EJW69,CASE WESTERN RESERVE UNIVERSITY,CLEVELAND,OH,2017,National Institutes of Health,177659247.0,195
HJMKEF7EJW69,CASE WESTERN RESERVE UNIVERSITY,CLEVELAND,OH,2017,National Science Foundation,10379185.0,40
HJMKEF7EJW69,CASE WESTERN RESERVE UNIVERSITY,CLEVELAND,OH,2018,National Institutes of Health,200053495.0,136
HJMKEF7EJW69,CASE WESTERN RESERVE UNIVERSITY,CLEVELAND,OH,2018,National Science Foundation,6608339.0,26
HJMKEF7EJW69,CASE WESTERN RESERVE UNIVERSITY,CLEVELAND,OH,2019,National Institutes of Health,175943554.0,85
HJMKEF7EJW69,CASE WESTERN RESERVE UNIVERSITY,CLEVELAND,OH,2019,National Science Foundation,7952302.0,26
HJMKEF7EJW69,CASE WESTERN RESERVE UNIVERSITY,CLEVELAND,OH,2020,National Institutes of Health,189154949.0,91
HJMKEF7EJW69,CASE WESTERN RESERVE UNIVERSITY,CLEVELAND,OH,2020,National Science Foundation,8638166.0,23
HJMKEF7EJW69,CASE WESTERN RESERVE UNIVERSITY,CLEVELAND,OH,2021,National Institutes of Health,165472131.66000003,102
HJMKEF7EJW69,CASE WESTERN RESERVE UNIVERSITY,CLEVELAND,OH,2021,National Science Foundation,15096208.0,27
HJMKEF7EJW69,CASE WESTERN RESERVE UNIVERSITY,CLEVELAND,OH,2022,National Institutes of Health,187677055.53,87
HJMKEF7EJW69,CASE WESTERN RESERVE UNIVERSITY,CLEVELAND,OH,2022,National Science Foundation,7008044.0,21
HJMKEF7EJW69,CASE WESTERN RESERVE UNIVERSITY,CLEVELAND,OH,2023,National Institutes of Health,182948636.31,81
HJMKEF7EJW69,CASE WESTERN RESERVE UNIVERSITY,CLEVELAND,OH,2023,National Science Foundation,12578342.0,16
HJMKEF7EJW69,CASE WESTERN RESERVE UNIVERSITY,CLEVELAND,OH,2024,National Institutes of Health,184006119.83999997,82
HJMKEF7EJW69,CASE WESTERN RESERVE UNIVERSITY,CLEVELAND,OH,2024,National Science Foundation,6709860.0,17
HJMKEF7EJW69,CASE WESTERN RESERVE UNIVERSITY,CLEVELAND,OH,2025,National Institutes of Health,166383168.54999998,62
HJMKEF7EJW69,CASE WESTERN RESERVE UNIVERSITY,CLEVELAND,OH,2025,National Science Foundation,10476232.0,24
HJMKEF7EJW69,CASE WESTERN RESERVE UNIVERSITY,CLEVELAND,OH,2026,National Institutes of Health,141710606.58999997,60
HJMKEF7EJW69,CASE WESTERN RESERVE UNIVERSITY,CLEVELAND,OH,2026,National Science Foundation,12573161.0,12
HJNQME41NBU4,WORCESTER POLYTECHNIC INSTITUTE,WORCESTER,MA,2016,National Institutes of Health,2884518.0,9
HJNQME41NBU4,WORCESTER POLYTECHNIC INSTITUTE,WORCESTER,MA,2016,National Science Foundation,7324549.0,46
HJNQME41NBU4,WORCESTER POLYTECHNIC INSTITUTE,WORCESTER,MA,2017,National Institutes of Health,4179238.0,10
HJNQME41NBU4,WORCESTER POLYTECHNIC INSTITUTE,WORCESTER,MA,2017,National Science Foundation,7496983.0,25
HJNQME41NBU4,WORCESTER POLYTECHNIC INSTITUTE,WORCESTER,MA,2018,National Institutes of Health,4669508.0,5
HJNQME41NBU4,WORCESTER POLYTECHNIC INSTITUTE,WORCESTER,MA,2018,National Science Foundation,11439954.0,32
HJNQME41NBU4,WORCESTER POLYTECHNIC INSTITUTE,WORCESTER,MA,2019,National Institutes of Health,3364398.0,4
HJNQME41NBU4,WORCESTER POLYTECHNIC INSTITUTE,WORCESTER,MA,2019,National Science Foundation,15921144.0,25
HJNQME41NBU4,WORCESTER POLYTECHNIC INSTITUTE,WORCESTER,MA,2020,National Institutes of Health,3861015.0,3
HJNQME41NBU4,WORCESTER POLYTECHNIC INSTITUTE,WORCESTER,MA,2020,National Science Foundation,14695787.0,31
HJNQME41NBU4,WORCESTER POLYTECHNIC INSTITUTE,WORCESTER,MA,2021,National Institutes of Health,4130786.58,5
HJNQME41NBU4,WORCESTER POLYTECHNIC INSTITUTE,WORCESTER,MA,2021,National Science Foundation,5944877.0,22
HJNQME41NBU4,WORCESTER POLYTECHNIC INSTITUTE,WORCESTER,MA,2022,National Institutes of Health,4750791.38,7
HJNQME41NBU4,WORCESTER POLYTECHNIC INSTITUTE,WORCESTER,MA,2022,National Science Foundation,11639118.0,30
HJNQME41NBU4,WORCESTER POLYTECHNIC INSTITUTE,WORCESTER,MA,2023,National Institutes of Health,6683096.92,7
HJNQME41NBU4,WORCESTER POLYTECHNIC INSTITUTE,WORCESTER,MA,2023,National Science Foundation,10363034.0,20
HJNQME41NBU4,WORCESTER POLYTECHNIC INSTITUTE,WORCESTER,MA,2024,National Institutes of Health,5523012.98,9
HJNQME41NBU4,WORCESTER POLYTECHNIC INSTITUTE,WORCESTER,MA,2024,National Science Foundation,15049459.0,29
HJNQME41NBU4,WORCESTER POLYTECHNIC INSTITUTE,WORCESTER,MA,2025,National Institutes of Health,12135912.790000001,7
HJNQME41NBU4,WORCESTER POLYTECHNIC INSTITUTE,WORCESTER,MA,2025,National Science Foundation,9784163.0,22
HJNQME41NBU4,WORCESTER POLYTECHNIC INSTITUTE,WORCESTER,MA,2026,National Institutes of Health,5915501.04,9
HJNQME41NBU4,WORCESTER POLYTECHNIC INSTITUTE,WORCESTER,MA,2026,National Science Foundation,3855362.0,4
HJTLACN81NK1,OAKLAND UNIVERSITY,ROCHESTER,MI,2016,National Institutes of Health,3995995.0,10
HJTLACN81NK1,OAKLAND UNIVERSITY,ROCHESTER,MI,2016,National Science Foundation,1110186.0,7
HJTLACN81NK1,OAKLAND UNIVERSITY,ROCHESTER,MI,2017,National Institutes of Health,2022875.0,5
HJTLACN81NK1,OAKLAND UNIVERSITY,ROCHESTER,MI,2017,National Science Foundation,1402896.0,10
HJTLACN81NK1,OAKLAND UNIVERSITY,ROCHESTER,MI,2018,National Institutes of Health,2286936.0,4
HJTLACN81NK1,OAKLAND UNIVERSITY,ROCHESTER,MI,2018,National Science Foundation,1943681.0,10
HJTLACN81NK1,OAKLAND UNIVERSITY,ROCHESTER,MI,2019,National Institutes of Health,1790190.0,3
HJTLACN81NK1,OAKLAND UNIVERSITY,ROCHESTER,MI,2019,National Science Foundation,2688812.0,6
HJTLACN81NK1,OAKLAND UNIVERSITY,ROCHESTER,MI,2020,National Institutes of Health,969908.0,2
HJTLACN81NK1,OAKLAND UNIVERSITY,ROCHESTER,MI,2020,National Science Foundation,1615688.0,5
HJTLACN81NK1,OAKLAND UNIVERSITY,ROCHESTER,MI,2021,National Institutes of Health,3583475.56,7
HJTLACN81NK1,OAKLAND UNIVERSITY,ROCHESTER,MI,2021,National Science Foundation,901771.0,5
HJTLACN81NK1,OAKLAND UNIVERSITY,ROCHESTER,MI,2022,National Institutes of Health,4432602.0,8
HJTLACN81NK1,OAKLAND UNIVERSITY,ROCHESTER,MI,2022,National Science Foundation,4376465.0,17
HJTLACN81NK1,OAKLAND UNIVERSITY,ROCHESTER,MI,2023,National Institutes of Health,4277830.43,4
HJTLACN81NK1,OAKLAND UNIVERSITY,ROCHESTER,MI,2023,National Science Foundation,4570276.0,15
HJTLACN81NK1,OAKLAND UNIVERSITY,ROCHESTER,MI,2024,National Institutes of Health,4006717.91,8
HJTLACN81NK1,OAKLAND UNIVERSITY,ROCHESTER,MI,2024,National Science Foundation,4898838.0,14
HJTLACN81NK1,OAKLAND UNIVERSITY,ROCHESTER,MI,2025,National Institutes of Health,3866300.37,4
HJTLACN81NK1,OAKLAND UNIVERSITY,ROCHESTER,MI,2025,National Science Foundation,4225102.0,5
HJTLACN81NK1,OAKLAND UNIVERSITY,ROCHESTER,MI,2026,National Institutes of Health,2625456.2199999997,2
HJTLACN81NK1,OAKLAND UNIVERSITY,ROCHESTER,MI,2026,National Science Foundation,1012757.0,3
HKJCKTFJNBM7,MARQUETTE UNIVERSITY,MILWAUKEE,WI,2016,National Institutes of Health,5308954.0,17
HKJCKTFJNBM7,MARQUETTE UNIVERSITY,MILWAUKEE,WI,2016,National Science Foundation,3445016.0,14
HKJCKTFJNBM7,MARQUETTE UNIVERSITY,MILWAUKEE,WI,2017,National Institutes of Health,6832943.0,17
HKJCKTFJNBM7,MARQUETTE UNIVERSITY,MILWAUKEE,WI,2017,National Science Foundation,3055845.0,10
HKJCKTFJNBM7,MARQUETTE UNIVERSITY,MILWAUKEE,WI,2018,National Institutes of Health,6699096.0,22
HKJCKTFJNBM7,MARQUETTE UNIVERSITY,MILWAUKEE,WI,2018,National Science Foundation,4045088.0,10
HKJCKTFJNBM7,MARQUETTE UNIVERSITY,MILWAUKEE,WI,2019,National Institutes of Health,6732367.0,12
HKJCKTFJNBM7,MARQUETTE UNIVERSITY,MILWAUKEE,WI,2019,National Science Foundation,5944742.0,12
HKJCKTFJNBM7,MARQUETTE UNIVERSITY,MILWAUKEE,WI,2020,National Institutes of Health,7548763.0,6
HKJCKTFJNBM7,MARQUETTE UNIVERSITY,MILWAUKEE,WI,2020,National Science Foundation,3514602.0,10
HKJCKTFJNBM7,MARQUETTE UNIVERSITY,MILWAUKEE,WI,2021,National Institutes of Health,5576649.36,7
HKJCKTFJNBM7,MARQUETTE UNIVERSITY,MILWAUKEE,WI,2021,National Science Foundation,2447900.0,10
HKJCKTFJNBM7,MARQUETTE UNIVERSITY,MILWAUKEE,WI,2022,National Institutes of Health,7840807.53,9
HKJCKTFJNBM7,MARQUETTE UNIVERSITY,MILWAUKEE,WI,2022,National Science Foundation,7830497.0,20
HKJCKTFJNBM7,MARQUETTE UNIVERSITY,MILWAUKEE,WI,2023,National Institutes of Health,10858340.99,13
HKJCKTFJNBM7,MARQUETTE UNIVERSITY,MILWAUKEE,WI,2023,National Science Foundation,3968456.0,11
HKJCKTFJNBM7,MARQUETTE UNIVERSITY,MILWAUKEE,WI,2024,National Institutes of Health,7032277.3,6
HKJCKTFJNBM7,MARQUETTE UNIVERSITY,MILWAUKEE,WI,2024,National Science Foundation,3048429.0,5
HKJCKTFJNBM7,MARQUETTE UNIVERSITY,MILWAUKEE,WI,2025,National Institutes of Health,6693633.4799999995,5
HKJCKTFJNBM7,MARQUETTE UNIVERSITY,MILWAUKEE,WI,2025,National Science Foundation,4486819.0,6
HKJCKTFJNBM7,MARQUETTE UNIVERSITY,MILWAUKEE,WI,2026,National Institutes of Health,3950890.01,3
HKJCKTFJNBM7,MARQUETTE UNIVERSITY,MILWAUKEE,WI,2026,National Science Foundation,630148.0,2
HLTMVS2JZBS6,NORTHEASTERN UNIVERSITY,BOSTON,MA,2016,National Institutes of Health,30417894.0,64
HLTMVS2JZBS6,NORTHEASTERN UNIVERSITY,BOSTON,MA,2016,National Science Foundation,28264065.0,111
HLTMVS2JZBS6,NORTHEASTERN UNIVERSITY,BOSTON,MA,2017,National Institutes of Health,32841032.0,50
HLTMVS2JZBS6,NORTHEASTERN UNIVERSITY,BOSTON,MA,2017,National Science Foundation,33415128.0,95
HLTMVS2JZBS6,NORTHEASTERN UNIVERSITY,BOSTON,MA,2018,National Institutes of Health,37198107.0,36
HLTMVS2JZBS6,NORTHEASTERN UNIVERSITY,BOSTON,MA,2018,National Science Foundation,44645482.0,91
HLTMVS2JZBS6,NORTHEASTERN UNIVERSITY,BOSTON,MA,2019,National Institutes of Health,31406723.0,20
HLTMVS2JZBS6,NORTHEASTERN UNIVERSITY,BOSTON,MA,2019,National Science Foundation,59747654.0,94
HLTMVS2JZBS6,NORTHEASTERN UNIVERSITY,BOSTON,MA,2020,National Institutes of Health,38896943.0,27
HLTMVS2JZBS6,NORTHEASTERN UNIVERSITY,BOSTON,MA,2020,National Science Foundation,38356534.0,76
HLTMVS2JZBS6,NORTHEASTERN UNIVERSITY,BOSTON,MA,2021,National Institutes of Health,42338845.150000006,33
HLTMVS2JZBS6,NORTHEASTERN UNIVERSITY,BOSTON,MA,2021,National Science Foundation,60274357.0,90
HLTMVS2JZBS6,NORTHEASTERN UNIVERSITY,BOSTON,MA,2022,National Institutes of Health,40843900.260000005,37
HLTMVS2JZBS6,NORTHEASTERN UNIVERSITY,BOSTON,MA,2022,National Science Foundation,58027047.0,71
HLTMVS2JZBS6,NORTHEASTERN UNIVERSITY,BOSTON,MA,2023,National Institutes of Health,57042014.89,37
HLTMVS2JZBS6,NORTHEASTERN UNIVERSITY,BOSTON,MA,2023,National Science Foundation,53703763.0,75
HLTMVS2JZBS6,NORTHEASTERN UNIVERSITY,BOSTON,MA,2024,National Institutes of Health,52505596.669999994,28
HLTMVS2JZBS6,NORTHEASTERN UNIVERSITY,BOSTON,MA,2024,National Science Foundation,55302630.0,89
HLTMVS2JZBS6,NORTHEASTERN UNIVERSITY,BOSTON,MA,2025,National Institutes of Health,44600770.36,20
HLTMVS2JZBS6,NORTHEASTERN UNIVERSITY,BOSTON,MA,2025,National Science Foundation,47459315.0,68
HLTMVS2JZBS6,NORTHEASTERN UNIVERSITY,BOSTON,MA,2026,National Institutes of Health,39911897.89,17
HLTMVS2JZBS6,NORTHEASTERN UNIVERSITY,BOSTON,MA,2026,National Science Foundation,15728853.0,21
HMSNCM57QNR5,FRED HUTCHINSON CANCER RESEARCH CENTER,SEATTLE,WA,2016,National Institutes of Health,227263223.0,233
HMSNCM57QNR5,FRED HUTCHINSON CANCER RESEARCH CENTER,SEATTLE,WA,2016,National Science Foundation,997681.0,4
HMSNCM57QNR5,FRED HUTCHINSON CANCER RESEARCH CENTER,SEATTLE,WA,2017,National Institutes of Health,268677133.0,128
HMSNCM57QNR5,FRED HUTCHINSON CANCER RESEARCH CENTER,SEATTLE,WA,2017,National Science Foundation,556267.0,0
HMSNCM57QNR5,FRED HUTCHINSON CANCER RESEARCH CENTER,SEATTLE,WA,2018,National Institutes of Health,298445941.0,71
HMSNCM57QNR5,FRED HUTCHINSON CANCER RESEARCH CENTER,SEATTLE,WA,2018,National Science Foundation,187823.0,1
HMSNCM57QNR5,FRED HUTCHINSON CANCER RESEARCH CENTER,SEATTLE,WA,2019,National Institutes of Health,288218725.0,57
HMSNCM57QNR5,FRED HUTCHINSON CANCER RESEARCH CENTER,SEATTLE,WA,2019,National Science Foundation,1205856.0,3
HMSNCM57QNR5,FRED HUTCHINSON CANCER RESEARCH CENTER,SEATTLE,WA,2020,National Institutes of Health,749585893.0,64
HMSNCM57QNR5,FRED HUTCHINSON CANCER RESEARCH CENTER,SEATTLE,WA,2020,National Science Foundation,359246.0,0
HMSNCM57QNR5,FRED HUTCHINSON CANCER RESEARCH CENTER,SEATTLE,WA,2021,National Institutes of Health,444585135.11,46
HMSNCM57QNR5,FRED HUTCHINSON CANCER RESEARCH CENTER,SEATTLE,WA,2021,National Science Foundation,603904.0,2
HMSNCM57QNR5,FRED HUTCHINSON CANCER RESEARCH CENTER,SEATTLE,WA,2022,National Institutes of Health,-69234264.42999999,10
HMSNCM57QNR5,FRED HUTCHINSON CANCER RESEARCH CENTER,SEATTLE,WA,2022,National Science Foundation,388550.0,1
HMSNCM57QNR5,FRED HUTCHINSON CANCER RESEARCH CENTER,SEATTLE,WA,2023,National Institutes of Health,-67601302.48,0
HMSNCM57QNR5,FRED HUTCHINSON CANCER RESEARCH CENTER,SEATTLE,WA,2024,National Institutes of Health,-88779118.3,0
HMSNCM57QNR5,FRED HUTCHINSON CANCER RESEARCH CENTER,SEATTLE,WA,2025,National Institutes of Health,-490841.24,0
HS5HWWK1AAU5,TEXAS STATE UNIVERSITY,SAN MARCOS,TX,2016,National Institutes of Health,1320051.0,3
HS5HWWK1AAU5,TEXAS STATE UNIVERSITY,SAN MARCOS,TX,2016,National Science Foundation,4501023.0,20
HS5HWWK1AAU5,TEXAS STATE UNIVERSITY,SAN MARCOS,TX,2017,National Institutes of Health,1425978.0,5
HS5HWWK1AAU5,TEXAS STATE UNIVERSITY,SAN MARCOS,TX,2017,National Science Foundation,1885853.0,10
HS5HWWK1AAU5,TEXAS STATE UNIVERSITY,SAN MARCOS,TX,2018,National Institutes of Health,1634613.0,1
HS5HWWK1AAU5,TEXAS STATE UNIVERSITY,SAN MARCOS,TX,2018,National Science Foundation,5563639.0,21
HS5HWWK1AAU5,TEXAS STATE UNIVERSITY,SAN MARCOS,TX,2019,National Institutes of Health,2144948.0,3
HS5HWWK1AAU5,TEXAS STATE UNIVERSITY,SAN MARCOS,TX,2019,National Science Foundation,4966806.0,9
HS5HWWK1AAU5,TEXAS STATE UNIVERSITY,SAN MARCOS,TX,2020,National Institutes of Health,1747069.0,5
HS5HWWK1AAU5,TEXAS STATE UNIVERSITY,SAN MARCOS,TX,2020,National Science Foundation,5567474.0,15
HS5HWWK1AAU5,TEXAS STATE UNIVERSITY,SAN MARCOS,TX,2021,National Institutes of Health,683192.01,1
HS5HWWK1AAU5,TEXAS STATE UNIVERSITY,SAN MARCOS,TX,2021,National Science Foundation,5388547.0,15
HS5HWWK1AAU5,TEXAS STATE UNIVERSITY,SAN MARCOS,TX,2022,National Institutes of Health,1647518.78,5
HS5HWWK1AAU5,TEXAS STATE UNIVERSITY,SAN MARCOS,TX,2022,National Science Foundation,8313379.0,27
HS5HWWK1AAU5,TEXAS STATE UNIVERSITY,SAN MARCOS,TX,2023,National Institutes of Health,2489801.1,1
HS5HWWK1AAU5,TEXAS STATE UNIVERSITY,SAN MARCOS,TX,2023,National Science Foundation,10741852.0,20
HS5HWWK1AAU5,TEXAS STATE UNIVERSITY,SAN MARCOS,TX,2024,National Institutes of Health,2947932.89,6
HS5HWWK1AAU5,TEXAS STATE UNIVERSITY,SAN MARCOS,TX,2024,National Science Foundation,6941123.0,18
HS5HWWK1AAU5,TEXAS STATE UNIVERSITY,SAN MARCOS,TX,2025,National Institutes of Health,3013499.8400000003,3
HS5HWWK1AAU5,TEXAS STATE UNIVERSITY,SAN MARCOS,TX,2025,National Science Foundation,18972716.0,18
HS5HWWK1AAU5,TEXAS STATE UNIVERSITY,SAN MARCOS,TX,2026,National Institutes of Health,2921489.19,4
HS5HWWK1AAU5,TEXAS STATE UNIVERSITY,SAN MARCOS,TX,2026,National Science Foundation,1447275.0,4
HTQ6K6NJFHA6,BOARD OF REGENTS OF THE UNIVERSITY OF NEBRASKA,LINCOLN,NE,2016,National Institutes of Health,16570822.0,39
HTQ6K6NJFHA6,BOARD OF REGENTS OF THE UNIVERSITY OF NEBRASKA,LINCOLN,NE,2016,National Science Foundation,23102243.0,86
HTQ6K6NJFHA6,BOARD OF REGENTS OF THE UNIVERSITY OF NEBRASKA,LINCOLN,NE,2017,National Institutes of Health,17609526.0,25
HTQ6K6NJFHA6,BOARD OF REGENTS OF THE UNIVERSITY OF NEBRASKA,LINCOLN,NE,2017,National Science Foundation,24654544.0,66
HTQ6K6NJFHA6,BOARD OF REGENTS OF THE UNIVERSITY OF NEBRASKA,LINCOLN,NE,2018,National Institutes of Health,18794677.0,15
HTQ6K6NJFHA6,BOARD OF REGENTS OF THE UNIVERSITY OF NEBRASKA,LINCOLN,NE,2018,National Science Foundation,24399722.0,66
HTQ6K6NJFHA6,BOARD OF REGENTS OF THE UNIVERSITY OF NEBRASKA,LINCOLN,NE,2019,National Institutes of Health,22484806.0,15
HTQ6K6NJFHA6,BOARD OF REGENTS OF THE UNIVERSITY OF NEBRASKA,LINCOLN,NE,2019,National Science Foundation,30962844.0,51
HTQ6K6NJFHA6,BOARD OF REGENTS OF THE UNIVERSITY OF NEBRASKA,LINCOLN,NE,2020,National Institutes of Health,21842082.0,17
HTQ6K6NJFHA6,BOARD OF REGENTS OF THE UNIVERSITY OF NEBRASKA,LINCOLN,NE,2020,National Science Foundation,14754486.0,40
HTQ6K6NJFHA6,BOARD OF REGENTS OF THE UNIVERSITY OF NEBRASKA,LINCOLN,NE,2021,National Institutes of Health,18365791.1,11
HTQ6K6NJFHA6,BOARD OF REGENTS OF THE UNIVERSITY OF NEBRASKA,LINCOLN,NE,2021,National Science Foundation,28260614.0,51
HTQ6K6NJFHA6,BOARD OF REGENTS OF THE UNIVERSITY OF NEBRASKA,LINCOLN,NE,2022,National Institutes of Health,22220551.18,16
HTQ6K6NJFHA6,BOARD OF REGENTS OF THE UNIVERSITY OF NEBRASKA,LINCOLN,NE,2022,National Science Foundation,36294229.0,61
HTQ6K6NJFHA6,BOARD OF REGENTS OF THE UNIVERSITY OF NEBRASKA,LINCOLN,NE,2023,National Institutes of Health,19715959.759999998,9
HTQ6K6NJFHA6,BOARD OF REGENTS OF THE UNIVERSITY OF NEBRASKA,LINCOLN,NE,2023,National Science Foundation,41393509.0,63
HTQ6K6NJFHA6,BOARD OF REGENTS OF THE UNIVERSITY OF NEBRASKA,LINCOLN,NE,2024,National Institutes of Health,17952113.98,11
HTQ6K6NJFHA6,BOARD OF REGENTS OF THE UNIVERSITY OF NEBRASKA,LINCOLN,NE,2024,National Science Foundation,43950076.0,72
HTQ6K6NJFHA6,BOARD OF REGENTS OF THE UNIVERSITY OF NEBRASKA,LINCOLN,NE,2025,National Institutes of Health,20063294.13,10
HTQ6K6NJFHA6,BOARD OF REGENTS OF THE UNIVERSITY OF NEBRASKA,LINCOLN,NE,2025,National Science Foundation,46227747.0,57
HTQ6K6NJFHA6,BOARD OF REGENTS OF THE UNIVERSITY OF NEBRASKA,LINCOLN,NE,2026,National Institutes of Health,13331751.990000002,4
HTQ6K6NJFHA6,BOARD OF REGENTS OF THE UNIVERSITY OF NEBRASKA,LINCOLN,NE,2026,National Science Foundation,22739541.0,18
HVE6K4YS3B51,UNIVERSITY OF NEW ENGLAND,BIDDEFORD,ME,2016,National Institutes of Health,3769498.0,7
HVE6K4YS3B51,UNIVERSITY OF NEW ENGLAND,BIDDEFORD,ME,2016,National Science Foundation,156746.0,2
HVE6K4YS3B51,UNIVERSITY OF NEW ENGLAND,BIDDEFORD,ME,2017,National Institutes of Health,3585671.0,3
HVE6K4YS3B51,UNIVERSITY OF NEW ENGLAND,BIDDEFORD,ME,2018,National Institutes of Health,2819115.0,1
HVE6K4YS3B51,UNIVERSITY OF NEW ENGLAND,BIDDEFORD,ME,2018,National Science Foundation,491537.0,2
HVE6K4YS3B51,UNIVERSITY OF NEW ENGLAND,BIDDEFORD,ME,2019,National Institutes of Health,3901756.0,3
HVE6K4YS3B51,UNIVERSITY OF NEW ENGLAND,BIDDEFORD,ME,2019,National Science Foundation,160966.0,0
HVE6K4YS3B51,UNIVERSITY OF NEW ENGLAND,BIDDEFORD,ME,2020,National Institutes of Health,3497272.0,1
HVE6K4YS3B51,UNIVERSITY OF NEW ENGLAND,BIDDEFORD,ME,2020,National Science Foundation,358322.0,2
HVE6K4YS3B51,UNIVERSITY OF NEW ENGLAND,BIDDEFORD,ME,2021,National Institutes of Health,2602187.99,0
HVE6K4YS3B51,UNIVERSITY OF NEW ENGLAND,BIDDEFORD,ME,2021,National Science Foundation,0.0,0
HVE6K4YS3B51,UNIVERSITY OF NEW ENGLAND,BIDDEFORD,ME,2022,National Institutes of Health,4018875.0,6
HVE6K4YS3B51,UNIVERSITY OF NEW ENGLAND,BIDDEFORD,ME,2022,National Science Foundation,106906.0,1
HVE6K4YS3B51,UNIVERSITY OF NEW ENGLAND,BIDDEFORD,ME,2023,National Institutes of Health,4958239.0,5
HVE6K4YS3B51,UNIVERSITY OF NEW ENGLAND,BIDDEFORD,ME,2024,National Institutes of Health,6942134.48,4
HVE6K4YS3B51,UNIVERSITY OF NEW ENGLAND,BIDDEFORD,ME,2025,National Institutes of Health,6446815.06,2
HVE6K4YS3B51,UNIVERSITY OF NEW ENGLAND,BIDDEFORD,ME,2025,National Science Foundation,949843.0,4
HVE6K4YS3B51,UNIVERSITY OF NEW ENGLAND,BIDDEFORD,ME,2026,National Institutes of Health,6074571.0,1
HWPEKM8VFTJ9,EAST CAROLINA UNIVERSITY,GREENVILLE,NC,2016,National Institutes of Health,8188052.0,29
HWPEKM8VFTJ9,EAST CAROLINA UNIVERSITY,GREENVILLE,NC,2016,National Science Foundation,1374076.0,9
HWPEKM8VFTJ9,EAST CAROLINA UNIVERSITY,GREENVILLE,NC,2017,National Institutes of Health,5976610.0,22
HWPEKM8VFTJ9,EAST CAROLINA UNIVERSITY,GREENVILLE,NC,2017,National Science Foundation,8022710.0,22
HWPEKM8VFTJ9,EAST CAROLINA UNIVERSITY,GREENVILLE,NC,2018,National Institutes of Health,7041092.0,15
HWPEKM8VFTJ9,EAST CAROLINA UNIVERSITY,GREENVILLE,NC,2018,National Science Foundation,1858361.0,6
HWPEKM8VFTJ9,EAST CAROLINA UNIVERSITY,GREENVILLE,NC,2019,National Institutes of Health,11382213.0,16
HWPEKM8VFTJ9,EAST CAROLINA UNIVERSITY,GREENVILLE,NC,2019,National Science Foundation,7969124.0,19
HWPEKM8VFTJ9,EAST CAROLINA UNIVERSITY,GREENVILLE,NC,2020,National Institutes of Health,10359568.0,15
HWPEKM8VFTJ9,EAST CAROLINA UNIVERSITY,GREENVILLE,NC,2020,National Science Foundation,6158074.0,13
HWPEKM8VFTJ9,EAST CAROLINA UNIVERSITY,GREENVILLE,NC,2021,National Institutes of Health,8820275.66,9
HWPEKM8VFTJ9,EAST CAROLINA UNIVERSITY,GREENVILLE,NC,2021,National Science Foundation,12087700.0,16
HWPEKM8VFTJ9,EAST CAROLINA UNIVERSITY,GREENVILLE,NC,2022,National Institutes of Health,11592767.4,12
HWPEKM8VFTJ9,EAST CAROLINA UNIVERSITY,GREENVILLE,NC,2022,National Science Foundation,4936838.0,12
HWPEKM8VFTJ9,EAST CAROLINA UNIVERSITY,GREENVILLE,NC,2023,National Institutes of Health,9043642.81,11
HWPEKM8VFTJ9,EAST CAROLINA UNIVERSITY,GREENVILLE,NC,2023,National Science Foundation,2990227.0,5
HWPEKM8VFTJ9,EAST CAROLINA UNIVERSITY,GREENVILLE,NC,2024,National Institutes of Health,7041002.52,9
HWPEKM8VFTJ9,EAST CAROLINA UNIVERSITY,GREENVILLE,NC,2024,National Science Foundation,2988162.0,7
HWPEKM8VFTJ9,EAST CAROLINA UNIVERSITY,GREENVILLE,NC,2025,National Institutes of Health,7535808.5600000005,8
HWPEKM8VFTJ9,EAST CAROLINA UNIVERSITY,GREENVILLE,NC,2025,National Science Foundation,2190552.0,4
HWPEKM8VFTJ9,EAST CAROLINA UNIVERSITY,GREENVILLE,NC,2026,National Institutes of Health,6658200.86,7
HWPEKM8VFTJ9,EAST CAROLINA UNIVERSITY,GREENVILLE,NC,2026,National Science Foundation,778065.0,1
HYN3WD58HNN7,THE RESEARCH FOUNDATION FOR THE STATE UNIVERSITY OF NEW YORK,SYRACUSE,NY,2016,National Institutes of Health,13428273.0,41
HYN3WD58HNN7,THE RESEARCH FOUNDATION FOR THE STATE UNIVERSITY OF NEW YORK,SYRACUSE,NY,2016,National Science Foundation,199583.0,1
HYN3WD58HNN7,THE RESEARCH FOUNDATION FOR THE STATE UNIVERSITY OF NEW YORK,SYRACUSE,NY,2017,National Institutes of Health,15740520.0,31
HYN3WD58HNN7,THE RESEARCH FOUNDATION FOR THE STATE UNIVERSITY OF NEW YORK,SYRACUSE,NY,2017,National Science Foundation,483999.0,2
HYN3WD58HNN7,THE RESEARCH FOUNDATION FOR THE STATE UNIVERSITY OF NEW YORK,SYRACUSE,NY,2018,National Institutes of Health,17806913.0,18
HYN3WD58HNN7,THE RESEARCH FOUNDATION FOR THE STATE UNIVERSITY OF NEW YORK,SYRACUSE,NY,2019,National Institutes of Health,20412288.0,26
HYN3WD58HNN7,THE RESEARCH FOUNDATION FOR THE STATE UNIVERSITY OF NEW YORK,SYRACUSE,NY,2020,National Institutes of Health,21101270.0,10
HYN3WD58HNN7,THE RESEARCH FOUNDATION FOR THE STATE UNIVERSITY OF NEW YORK,SYRACUSE,NY,2021,National Institutes of Health,20330301.64,18
HYN3WD58HNN7,THE RESEARCH FOUNDATION FOR THE STATE UNIVERSITY OF NEW YORK,SYRACUSE,NY,2022,National Institutes of Health,20707528.779999997,18
HYN3WD58HNN7,THE RESEARCH FOUNDATION FOR THE STATE UNIVERSITY OF NEW YORK,SYRACUSE,NY,2023,National Institutes of Health,30683582.96,17
HYN3WD58HNN7,THE RESEARCH FOUNDATION FOR THE STATE UNIVERSITY OF NEW YORK,SYRACUSE,NY,2023,National Science Foundation,50000.0,1
HYN3WD58HNN7,THE RESEARCH FOUNDATION FOR THE STATE UNIVERSITY OF NEW YORK,SYRACUSE,NY,2024,National Institutes of Health,25703631.130000003,23
HYN3WD58HNN7,THE RESEARCH FOUNDATION FOR THE STATE UNIVERSITY OF NEW YORK,SYRACUSE,NY,2024,National Science Foundation,214612.0,1
HYN3WD58HNN7,THE RESEARCH FOUNDATION FOR THE STATE UNIVERSITY OF NEW YORK,SYRACUSE,NY,2025,National Institutes of Health,23161649.44,11
HYN3WD58HNN7,THE RESEARCH FOUNDATION FOR THE STATE UNIVERSITY OF NEW YORK,SYRACUSE,NY,2026,National Institutes of Health,18856064.729999997,9
HYN3WD58HNN7,THE RESEARCH FOUNDATION FOR THE STATE UNIVERSITY OF NEW YORK,SYRACUSE,NY,2026,National Science Foundation,0.0,0
HYWTVM5HNFM3,BOISE STATE UNIVERSITY,BOISE,ID,2016,National Institutes of Health,3101221.0,3
HYWTVM5HNFM3,BOISE STATE UNIVERSITY,BOISE,ID,2016,National Science Foundation,11676189.0,39
HYWTVM5HNFM3,BOISE STATE UNIVERSITY,BOISE,ID,2017,National Institutes of Health,3838773.0,6
HYWTVM5HNFM3,BOISE STATE UNIVERSITY,BOISE,ID,2017,National Science Foundation,9583013.0,33
HYWTVM5HNFM3,BOISE STATE UNIVERSITY,BOISE,ID,2018,National Institutes of Health,3362930.0,5
HYWTVM5HNFM3,BOISE STATE UNIVERSITY,BOISE,ID,2018,National Science Foundation,11484093.0,21
HYWTVM5HNFM3,BOISE STATE UNIVERSITY,BOISE,ID,2019,National Institutes of Health,4455169.0,3
HYWTVM5HNFM3,BOISE STATE UNIVERSITY,BOISE,ID,2019,National Science Foundation,10520591.0,25
HYWTVM5HNFM3,BOISE STATE UNIVERSITY,BOISE,ID,2020,National Institutes of Health,5038800.0,4
HYWTVM5HNFM3,BOISE STATE UNIVERSITY,BOISE,ID,2020,National Science Foundation,11944844.0,26
HYWTVM5HNFM3,BOISE STATE UNIVERSITY,BOISE,ID,2021,National Institutes of Health,5901803.0,3
HYWTVM5HNFM3,BOISE STATE UNIVERSITY,BOISE,ID,2021,National Science Foundation,10801643.0,24
HYWTVM5HNFM3,BOISE STATE UNIVERSITY,BOISE,ID,2022,National Institutes of Health,6729131.07,5
HYWTVM5HNFM3,BOISE STATE UNIVERSITY,BOISE,ID,2022,National Science Foundation,13211080.0,19
HYWTVM5HNFM3,BOISE STATE UNIVERSITY,BOISE,ID,2023,National Institutes of Health,6985191.3,4
HYWTVM5HNFM3,BOISE STATE UNIVERSITY,BOISE,ID,2023,National Science Foundation,19033220.0,30
HYWTVM5HNFM3,BOISE STATE UNIVERSITY,BOISE,ID,2024,National Institutes of Health,5099417.199999999,3
HYWTVM5HNFM3,BOISE STATE UNIVERSITY,BOISE,ID,2024,National Science Foundation,15108336.0,29
HYWTVM5HNFM3,BOISE STATE UNIVERSITY,BOISE,ID,2025,National Institutes of Health,15832624.18,6
HYWTVM5HNFM3,BOISE STATE UNIVERSITY,BOISE,ID,2025,National Science Foundation,28957132.0,23
HYWTVM5HNFM3,BOISE STATE UNIVERSITY,BOISE,ID,2026,National Institutes of Health,4384412.89,0
HYWTVM5HNFM3,BOISE STATE UNIVERSITY,BOISE,ID,2026,National Science Foundation,9956000.0,14
HYYJJ5ZP7CR9,TEXAS SOUTHERN UNIVERSITY,HOUSTON,TX,2016,National Institutes of Health,2185281.0,4
HYYJJ5ZP7CR9,TEXAS SOUTHERN UNIVERSITY,HOUSTON,TX,2016,National Science Foundation,66315.0,5
HYYJJ5ZP7CR9,TEXAS SOUTHERN UNIVERSITY,HOUSTON,TX,2017,National Institutes of Health,1443209.0,1
HYYJJ5ZP7CR9,TEXAS SOUTHERN UNIVERSITY,HOUSTON,TX,2017,National Science Foundation,1190188.0,2
HYYJJ5ZP7CR9,TEXAS SOUTHERN UNIVERSITY,HOUSTON,TX,2018,National Institutes of Health,4145307.0,3
HYYJJ5ZP7CR9,TEXAS SOUTHERN UNIVERSITY,HOUSTON,TX,2018,National Science Foundation,3392256.0,10
HYYJJ5ZP7CR9,TEXAS SOUTHERN UNIVERSITY,HOUSTON,TX,2019,National Institutes of Health,1311672.0,0
HYYJJ5ZP7CR9,TEXAS SOUTHERN UNIVERSITY,HOUSTON,TX,2019,National Science Foundation,1200469.0,2
HYYJJ5ZP7CR9,TEXAS SOUTHERN UNIVERSITY,HOUSTON,TX,2020,National Institutes of Health,1856897.0,2
HYYJJ5ZP7CR9,TEXAS SOUTHERN UNIVERSITY,HOUSTON,TX,2020,National Science Foundation,1157534.0,1
HYYJJ5ZP7CR9,TEXAS SOUTHERN UNIVERSITY,HOUSTON,TX,2021,National Institutes of Health,2164524.46,1
HYYJJ5ZP7CR9,TEXAS SOUTHERN UNIVERSITY,HOUSTON,TX,2021,National Science Foundation,3267733.0,4
HYYJJ5ZP7CR9,TEXAS SOUTHERN UNIVERSITY,HOUSTON,TX,2022,National Institutes of Health,2018647.0,1
HYYJJ5ZP7CR9,TEXAS SOUTHERN UNIVERSITY,HOUSTON,TX,2022,National Science Foundation,1622451.0,2
HYYJJ5ZP7CR9,TEXAS SOUTHERN UNIVERSITY,HOUSTON,TX,2023,National Institutes of Health,2083194.35,2
HYYJJ5ZP7CR9,TEXAS SOUTHERN UNIVERSITY,HOUSTON,TX,2023,National Science Foundation,1102121.0,3
HYYJJ5ZP7CR9,TEXAS SOUTHERN UNIVERSITY,HOUSTON,TX,2024,National Institutes of Health,3253086.0,0
HYYJJ5ZP7CR9,TEXAS SOUTHERN UNIVERSITY,HOUSTON,TX,2024,National Science Foundation,1442951.0,2
HYYJJ5ZP7CR9,TEXAS SOUTHERN UNIVERSITY,HOUSTON,TX,2025,National Institutes of Health,3955869.37,1
HYYJJ5ZP7CR9,TEXAS SOUTHERN UNIVERSITY,HOUSTON,TX,2025,National Science Foundation,984927.0,0
HYYJJ5ZP7CR9,TEXAS SOUTHERN UNIVERSITY,HOUSTON,TX,2026,National Institutes of Health,4603484.010000001,0
J19ZXYATJLT3,TRANSLATIONAL GENOMICS RESEARCH INSTITUTE,PHOENIX,AZ,2016,National Institutes of Health,3264479.0,8
J19ZXYATJLT3,TRANSLATIONAL GENOMICS RESEARCH INSTITUTE,PHOENIX,AZ,2017,National Institutes of Health,1714941.0,1
J19ZXYATJLT3,TRANSLATIONAL GENOMICS RESEARCH INSTITUTE,PHOENIX,AZ,2018,National Institutes of Health,1761115.0,3
J19ZXYATJLT3,TRANSLATIONAL GENOMICS RESEARCH INSTITUTE,PHOENIX,AZ,2019,National Institutes of Health,3825900.0,5
J19ZXYATJLT3,TRANSLATIONAL GENOMICS RESEARCH INSTITUTE,PHOENIX,AZ,2020,National Institutes of Health,5485539.0,5
J19ZXYATJLT3,TRANSLATIONAL GENOMICS RESEARCH INSTITUTE,PHOENIX,AZ,2020,National Science Foundation,199999.0,1
J19ZXYATJLT3,TRANSLATIONAL GENOMICS RESEARCH INSTITUTE,PHOENIX,AZ,2021,National Institutes of Health,3441433.8,3
J19ZXYATJLT3,TRANSLATIONAL GENOMICS RESEARCH INSTITUTE,PHOENIX,AZ,2022,National Institutes of Health,4221067.43,4
J19ZXYATJLT3,TRANSLATIONAL GENOMICS RESEARCH INSTITUTE,PHOENIX,AZ,2023,National Institutes of Health,6832189.59,1
J19ZXYATJLT3,TRANSLATIONAL GENOMICS RESEARCH INSTITUTE,PHOENIX,AZ,2024,National Institutes of Health,14178183.69,3
J19ZXYATJLT3,TRANSLATIONAL GENOMICS RESEARCH INSTITUTE,PHOENIX,AZ,2025,National Institutes of Health,13544840.2,2
J19ZXYATJLT3,TRANSLATIONAL GENOMICS RESEARCH INSTITUTE,PHOENIX,AZ,2026,National Institutes of Health,2905721.2100000004,3
J22LNTMEDP73,UNIVERSITY OF SOUTH CAROLINA,COLUMBIA,SC,2016,National Institutes of Health,41431318.0,91
J22LNTMEDP73,UNIVERSITY OF SOUTH CAROLINA,COLUMBIA,SC,2016,National Science Foundation,10492606.0,56
J22LNTMEDP73,UNIVERSITY OF SOUTH CAROLINA,COLUMBIA,SC,2017,National Institutes of Health,34638259.0,54
J22LNTMEDP73,UNIVERSITY OF SOUTH CAROLINA,COLUMBIA,SC,2017,National Science Foundation,19535439.0,47
J22LNTMEDP73,UNIVERSITY OF SOUTH CAROLINA,COLUMBIA,SC,2018,National Institutes of Health,39115851.0,42
J22LNTMEDP73,UNIVERSITY OF SOUTH CAROLINA,COLUMBIA,SC,2018,National Science Foundation,18268566.0,48
J22LNTMEDP73,UNIVERSITY OF SOUTH CAROLINA,COLUMBIA,SC,2019,National Institutes of Health,43052932.0,32
J22LNTMEDP73,UNIVERSITY OF SOUTH CAROLINA,COLUMBIA,SC,2019,National Science Foundation,19933819.0,42
J22LNTMEDP73,UNIVERSITY OF SOUTH CAROLINA,COLUMBIA,SC,2020,National Institutes of Health,43797662.0,24
J22LNTMEDP73,UNIVERSITY OF SOUTH CAROLINA,COLUMBIA,SC,2020,National Science Foundation,15368940.0,41
J22LNTMEDP73,UNIVERSITY OF SOUTH CAROLINA,COLUMBIA,SC,2021,National Institutes of Health,49774472.95999999,38
J22LNTMEDP73,UNIVERSITY OF SOUTH CAROLINA,COLUMBIA,SC,2021,National Science Foundation,20473438.0,42
J22LNTMEDP73,UNIVERSITY OF SOUTH CAROLINA,COLUMBIA,SC,2022,National Institutes of Health,57681298.349999994,44
J22LNTMEDP73,UNIVERSITY OF SOUTH CAROLINA,COLUMBIA,SC,2022,National Science Foundation,17377834.0,37
J22LNTMEDP73,UNIVERSITY OF SOUTH CAROLINA,COLUMBIA,SC,2023,National Institutes of Health,67748055.05,39
J22LNTMEDP73,UNIVERSITY OF SOUTH CAROLINA,COLUMBIA,SC,2023,National Science Foundation,21616671.0,51
J22LNTMEDP73,UNIVERSITY OF SOUTH CAROLINA,COLUMBIA,SC,2024,National Institutes of Health,70741842.45,43
J22LNTMEDP73,UNIVERSITY OF SOUTH CAROLINA,COLUMBIA,SC,2024,National Science Foundation,25179329.0,55
J22LNTMEDP73,UNIVERSITY OF SOUTH CAROLINA,COLUMBIA,SC,2025,National Institutes of Health,61642911.03999999,28
J22LNTMEDP73,UNIVERSITY OF SOUTH CAROLINA,COLUMBIA,SC,2025,National Science Foundation,16697456.0,37
J22LNTMEDP73,UNIVERSITY OF SOUTH CAROLINA,COLUMBIA,SC,2026,National Institutes of Health,48816773.78,22
J22LNTMEDP73,UNIVERSITY OF SOUTH CAROLINA,COLUMBIA,SC,2026,National Science Foundation,9566760.0,21
J3M5GZAT8N85,NEW MEXICO STATE UNIVERSITY,LAS CRUCES,NM,2016,National Institutes of Health,7976966.0,17
J3M5GZAT8N85,NEW MEXICO STATE UNIVERSITY,LAS CRUCES,NM,2016,National Science Foundation,9521110.0,37
J3M5GZAT8N85,NEW MEXICO STATE UNIVERSITY,LAS CRUCES,NM,2017,National Institutes of Health,7501220.0,6
J3M5GZAT8N85,NEW MEXICO STATE UNIVERSITY,LAS CRUCES,NM,2017,National Science Foundation,7825564.0,18
J3M5GZAT8N85,NEW MEXICO STATE UNIVERSITY,LAS CRUCES,NM,2018,National Institutes of Health,8258486.0,6
J3M5GZAT8N85,NEW MEXICO STATE UNIVERSITY,LAS CRUCES,NM,2018,National Science Foundation,9948649.0,19
J3M5GZAT8N85,NEW MEXICO STATE UNIVERSITY,LAS CRUCES,NM,2019,National Institutes of Health,8818229.0,4
J3M5GZAT8N85,NEW MEXICO STATE UNIVERSITY,LAS CRUCES,NM,2019,National Science Foundation,8232520.0,24
J3M5GZAT8N85,NEW MEXICO STATE UNIVERSITY,LAS CRUCES,NM,2020,National Institutes of Health,9113032.0,2
J3M5GZAT8N85,NEW MEXICO STATE UNIVERSITY,LAS CRUCES,NM,2020,National Science Foundation,13288001.0,19
J3M5GZAT8N85,NEW MEXICO STATE UNIVERSITY,LAS CRUCES,NM,2021,National Institutes of Health,9757248.58,4
J3M5GZAT8N85,NEW MEXICO STATE UNIVERSITY,LAS CRUCES,NM,2021,National Science Foundation,8340117.0,16
J3M5GZAT8N85,NEW MEXICO STATE UNIVERSITY,LAS CRUCES,NM,2022,National Institutes of Health,16448030.03,4
J3M5GZAT8N85,NEW MEXICO STATE UNIVERSITY,LAS CRUCES,NM,2022,National Science Foundation,8367554.0,15
J3M5GZAT8N85,NEW MEXICO STATE UNIVERSITY,LAS CRUCES,NM,2023,National Institutes of Health,7752043.72,3
J3M5GZAT8N85,NEW MEXICO STATE UNIVERSITY,LAS CRUCES,NM,2023,National Science Foundation,8483022.0,19
J3M5GZAT8N85,NEW MEXICO STATE UNIVERSITY,LAS CRUCES,NM,2024,National Institutes of Health,9828983.969999999,4
J3M5GZAT8N85,NEW MEXICO STATE UNIVERSITY,LAS CRUCES,NM,2024,National Science Foundation,18019719.0,25
J3M5GZAT8N85,NEW MEXICO STATE UNIVERSITY,LAS CRUCES,NM,2025,National Institutes of Health,7639496.5,2
J3M5GZAT8N85,NEW MEXICO STATE UNIVERSITY,LAS CRUCES,NM,2025,National Science Foundation,10611395.0,12
J3M5GZAT8N85,NEW MEXICO STATE UNIVERSITY,LAS CRUCES,NM,2026,National Institutes of Health,6472109.6,1
J3M5GZAT8N85,NEW MEXICO STATE UNIVERSITY,LAS CRUCES,NM,2026,National Science Foundation,3708878.0,6
J3Z5MNJJ3FZ4,MAGEE-WOMENS RESEARCH INSTITUTE AND FOUNDATION,PITTSBURGH,PA,2016,National Institutes of Health,37484741.0,36
J3Z5MNJJ3FZ4,MAGEE-WOMENS RESEARCH INSTITUTE AND FOUNDATION,PITTSBURGH,PA,2017,National Institutes of Health,42923829.0,17
J3Z5MNJJ3FZ4,MAGEE-WOMENS RESEARCH INSTITUTE AND FOUNDATION,PITTSBURGH,PA,2018,National Institutes of Health,41002539.0,5
J3Z5MNJJ3FZ4,MAGEE-WOMENS RESEARCH INSTITUTE AND FOUNDATION,PITTSBURGH,PA,2019,National Institutes of Health,35470269.0,10
J3Z5MNJJ3FZ4,MAGEE-WOMENS RESEARCH INSTITUTE AND FOUNDATION,PITTSBURGH,PA,2020,National Institutes of Health,28355858.0,7
J3Z5MNJJ3FZ4,MAGEE-WOMENS RESEARCH INSTITUTE AND FOUNDATION,PITTSBURGH,PA,2021,National Institutes of Health,18838135.18,8
J3Z5MNJJ3FZ4,MAGEE-WOMENS RESEARCH INSTITUTE AND FOUNDATION,PITTSBURGH,PA,2022,National Institutes of Health,13661671.330000002,7
J3Z5MNJJ3FZ4,MAGEE-WOMENS RESEARCH INSTITUTE AND FOUNDATION,PITTSBURGH,PA,2023,National Institutes of Health,19920917.779999997,10
J3Z5MNJJ3FZ4,MAGEE-WOMENS RESEARCH INSTITUTE AND FOUNDATION,PITTSBURGH,PA,2024,National Institutes of Health,16194903.5,6
J3Z5MNJJ3FZ4,MAGEE-WOMENS RESEARCH INSTITUTE AND FOUNDATION,PITTSBURGH,PA,2025,National Institutes of Health,14896433.649999999,7
J3Z5MNJJ3FZ4,MAGEE-WOMENS RESEARCH INSTITUTE AND FOUNDATION,PITTSBURGH,PA,2026,National Institutes of Health,8876905.0,4
J4EYPCJDQ1H6,TEXAS BIOMEDICAL RESEARCH INSTITUTE,SAN ANTONIO,TX,2016,National Institutes of Health,24471530.0,21
J4EYPCJDQ1H6,TEXAS BIOMEDICAL RESEARCH INSTITUTE,SAN ANTONIO,TX,2017,National Institutes of Health,22394102.0,9
J4EYPCJDQ1H6,TEXAS BIOMEDICAL RESEARCH INSTITUTE,SAN ANTONIO,TX,2018,National Institutes of Health,25172279.0,5
J4EYPCJDQ1H6,TEXAS BIOMEDICAL RESEARCH INSTITUTE,SAN ANTONIO,TX,2019,National Institutes of Health,24941401.0,9
J4EYPCJDQ1H6,TEXAS BIOMEDICAL RESEARCH INSTITUTE,SAN ANTONIO,TX,2020,National Institutes of Health,23595518.0,13
J4EYPCJDQ1H6,TEXAS BIOMEDICAL RESEARCH INSTITUTE,SAN ANTONIO,TX,2021,National Institutes of Health,21977866.56,8
J4EYPCJDQ1H6,TEXAS BIOMEDICAL RESEARCH INSTITUTE,SAN ANTONIO,TX,2022,National Institutes of Health,28979217.86,13
J4EYPCJDQ1H6,TEXAS BIOMEDICAL RESEARCH INSTITUTE,SAN ANTONIO,TX,2023,National Institutes of Health,35768674.71,9
J4EYPCJDQ1H6,TEXAS BIOMEDICAL RESEARCH INSTITUTE,SAN ANTONIO,TX,2024,National Institutes of Health,28123618.08,8
J4EYPCJDQ1H6,TEXAS BIOMEDICAL RESEARCH INSTITUTE,SAN ANTONIO,TX,2025,National Institutes of Health,26934435.11,3
J4EYPCJDQ1H6,TEXAS BIOMEDICAL RESEARCH INSTITUTE,SAN ANTONIO,TX,2026,National Institutes of Health,25896324.22,3
J6TWTRKC1X14,ROCHESTER INSTITUTE OF TECHNOLOGY,ROCHESTER,NY,2016,National Institutes of Health,2136053.0,8
J6TWTRKC1X14,ROCHESTER INSTITUTE OF TECHNOLOGY,ROCHESTER,NY,2016,National Science Foundation,12545467.0,62
J6TWTRKC1X14,ROCHESTER INSTITUTE OF TECHNOLOGY,ROCHESTER,NY,2017,National Institutes of Health,1558516.0,4
J6TWTRKC1X14,ROCHESTER INSTITUTE OF TECHNOLOGY,ROCHESTER,NY,2017,National Science Foundation,7471682.0,30
J6TWTRKC1X14,ROCHESTER INSTITUTE OF TECHNOLOGY,ROCHESTER,NY,2018,National Institutes of Health,3484032.0,8
J6TWTRKC1X14,ROCHESTER INSTITUTE OF TECHNOLOGY,ROCHESTER,NY,2018,National Science Foundation,11480964.0,38
J6TWTRKC1X14,ROCHESTER INSTITUTE OF TECHNOLOGY,ROCHESTER,NY,2019,National Institutes of Health,3966805.0,5
J6TWTRKC1X14,ROCHESTER INSTITUTE OF TECHNOLOGY,ROCHESTER,NY,2019,National Science Foundation,10860329.0,30
J6TWTRKC1X14,ROCHESTER INSTITUTE OF TECHNOLOGY,ROCHESTER,NY,2020,National Institutes of Health,3630953.0,3
J6TWTRKC1X14,ROCHESTER INSTITUTE OF TECHNOLOGY,ROCHESTER,NY,2020,National Science Foundation,9361971.0,32
J6TWTRKC1X14,ROCHESTER INSTITUTE OF TECHNOLOGY,ROCHESTER,NY,2021,National Institutes of Health,3921934.5799999996,5
J6TWTRKC1X14,ROCHESTER INSTITUTE OF TECHNOLOGY,ROCHESTER,NY,2021,National Science Foundation,11137219.0,31
J6TWTRKC1X14,ROCHESTER INSTITUTE OF TECHNOLOGY,ROCHESTER,NY,2022,National Institutes of Health,5383783.59,9
J6TWTRKC1X14,ROCHESTER INSTITUTE OF TECHNOLOGY,ROCHESTER,NY,2022,National Science Foundation,10521409.0,27
J6TWTRKC1X14,ROCHESTER INSTITUTE OF TECHNOLOGY,ROCHESTER,NY,2023,National Institutes of Health,4755191.68,8
J6TWTRKC1X14,ROCHESTER INSTITUTE OF TECHNOLOGY,ROCHESTER,NY,2023,National Science Foundation,13641108.0,37
J6TWTRKC1X14,ROCHESTER INSTITUTE OF TECHNOLOGY,ROCHESTER,NY,2024,National Institutes of Health,5438626.3100000005,8
J6TWTRKC1X14,ROCHESTER INSTITUTE OF TECHNOLOGY,ROCHESTER,NY,2024,National Science Foundation,19354132.0,43
J6TWTRKC1X14,ROCHESTER INSTITUTE OF TECHNOLOGY,ROCHESTER,NY,2025,National Institutes of Health,5254991.4,8
J6TWTRKC1X14,ROCHESTER INSTITUTE OF TECHNOLOGY,ROCHESTER,NY,2025,National Science Foundation,12863906.0,31
J6TWTRKC1X14,ROCHESTER INSTITUTE OF TECHNOLOGY,ROCHESTER,NY,2026,National Institutes of Health,5038912.28,4
J6TWTRKC1X14,ROCHESTER INSTITUTE OF TECHNOLOGY,ROCHESTER,NY,2026,National Science Foundation,5291906.0,10
J7WULLYGFRH1,WESTERN MICHIGAN UNIVERSITY,KALAMAZOO,MI,2016,National Institutes of Health,195121.0,1
J7WULLYGFRH1,WESTERN MICHIGAN UNIVERSITY,KALAMAZOO,MI,2016,National Science Foundation,2791692.0,16
J7WULLYGFRH1,WESTERN MICHIGAN UNIVERSITY,KALAMAZOO,MI,2017,National Institutes of Health,1160988.0,3
J7WULLYGFRH1,WESTERN MICHIGAN UNIVERSITY,KALAMAZOO,MI,2017,National Science Foundation,5024725.0,20
J7WULLYGFRH1,WESTERN MICHIGAN UNIVERSITY,KALAMAZOO,MI,2018,National Institutes of Health,1387126.0,3
J7WULLYGFRH1,WESTERN MICHIGAN UNIVERSITY,KALAMAZOO,MI,2018,National Science Foundation,7717601.0,7
J7WULLYGFRH1,WESTERN MICHIGAN UNIVERSITY,KALAMAZOO,MI,2019,National Institutes of Health,2496901.0,6
J7WULLYGFRH1,WESTERN MICHIGAN UNIVERSITY,KALAMAZOO,MI,2019,National Science Foundation,2478826.0,8
J7WULLYGFRH1,WESTERN MICHIGAN UNIVERSITY,KALAMAZOO,MI,2020,National Institutes of Health,1142668.0,0
J7WULLYGFRH1,WESTERN MICHIGAN UNIVERSITY,KALAMAZOO,MI,2020,National Science Foundation,5529896.0,11
J7WULLYGFRH1,WESTERN MICHIGAN UNIVERSITY,KALAMAZOO,MI,2021,National Institutes of Health,494416.78,2
J7WULLYGFRH1,WESTERN MICHIGAN UNIVERSITY,KALAMAZOO,MI,2021,National Science Foundation,1807513.0,5
J7WULLYGFRH1,WESTERN MICHIGAN UNIVERSITY,KALAMAZOO,MI,2022,National Institutes of Health,509587.86,0
J7WULLYGFRH1,WESTERN MICHIGAN UNIVERSITY,KALAMAZOO,MI,2022,National Science Foundation,4079443.0,12
J7WULLYGFRH1,WESTERN MICHIGAN UNIVERSITY,KALAMAZOO,MI,2023,National Institutes of Health,389289.57,1
J7WULLYGFRH1,WESTERN MICHIGAN UNIVERSITY,KALAMAZOO,MI,2023,National Science Foundation,9019285.0,8
J7WULLYGFRH1,WESTERN MICHIGAN UNIVERSITY,KALAMAZOO,MI,2024,National Institutes of Health,544551.5700000001,1
J7WULLYGFRH1,WESTERN MICHIGAN UNIVERSITY,KALAMAZOO,MI,2024,National Science Foundation,1373721.0,6
J7WULLYGFRH1,WESTERN MICHIGAN UNIVERSITY,KALAMAZOO,MI,2025,National Institutes of Health,558477.86,1
J7WULLYGFRH1,WESTERN MICHIGAN UNIVERSITY,KALAMAZOO,MI,2025,National Science Foundation,2760540.0,12
J7WULLYGFRH1,WESTERN MICHIGAN UNIVERSITY,KALAMAZOO,MI,2026,National Institutes of Health,532909.0,1
J7WULLYGFRH1,WESTERN MICHIGAN UNIVERSITY,KALAMAZOO,MI,2026,National Science Foundation,191089.0,2
J9CDGR596MN3,THE CURATORS OF THE UNIVERSITY OF MISSOURI,COLUMBIA,MO,2016,National Institutes of Health,7516303.0,17
J9CDGR596MN3,THE CURATORS OF THE UNIVERSITY OF MISSOURI,COLUMBIA,MO,2016,National Science Foundation,2271534.0,9
J9CDGR596MN3,THE CURATORS OF THE UNIVERSITY OF MISSOURI,COLUMBIA,MO,2017,National Institutes of Health,4889859.0,16
J9CDGR596MN3,THE CURATORS OF THE UNIVERSITY OF MISSOURI,COLUMBIA,MO,2017,National Science Foundation,1260965.0,7
J9CDGR596MN3,THE CURATORS OF THE UNIVERSITY OF MISSOURI,COLUMBIA,MO,2018,National Institutes of Health,4591116.0,10
J9CDGR596MN3,THE CURATORS OF THE UNIVERSITY OF MISSOURI,COLUMBIA,MO,2018,National Science Foundation,859816.0,6
J9CDGR596MN3,THE CURATORS OF THE UNIVERSITY OF MISSOURI,COLUMBIA,MO,2019,National Institutes of Health,4062653.0,5
J9CDGR596MN3,THE CURATORS OF THE UNIVERSITY OF MISSOURI,COLUMBIA,MO,2019,National Science Foundation,1822598.0,4
J9CDGR596MN3,THE CURATORS OF THE UNIVERSITY OF MISSOURI,COLUMBIA,MO,2020,National Institutes of Health,6765329.0,7
J9CDGR596MN3,THE CURATORS OF THE UNIVERSITY OF MISSOURI,COLUMBIA,MO,2020,National Science Foundation,1723590.0,7
J9CDGR596MN3,THE CURATORS OF THE UNIVERSITY OF MISSOURI,COLUMBIA,MO,2021,National Institutes of Health,7995510.0,2
J9CDGR596MN3,THE CURATORS OF THE UNIVERSITY OF MISSOURI,COLUMBIA,MO,2021,National Science Foundation,1186976.0,4
J9CDGR596MN3,THE CURATORS OF THE UNIVERSITY OF MISSOURI,COLUMBIA,MO,2022,National Institutes of Health,8238868.43,7
J9CDGR596MN3,THE CURATORS OF THE UNIVERSITY OF MISSOURI,COLUMBIA,MO,2022,National Science Foundation,4649878.0,7
J9CDGR596MN3,THE CURATORS OF THE UNIVERSITY OF MISSOURI,COLUMBIA,MO,2023,National Institutes of Health,10835839.64,10
J9CDGR596MN3,THE CURATORS OF THE UNIVERSITY OF MISSOURI,COLUMBIA,MO,2023,National Science Foundation,3920058.0,12
J9CDGR596MN3,THE CURATORS OF THE UNIVERSITY OF MISSOURI,COLUMBIA,MO,2024,National Institutes of Health,11236529.399999999,11
J9CDGR596MN3,THE CURATORS OF THE UNIVERSITY OF MISSOURI,COLUMBIA,MO,2024,National Science Foundation,1636104.0,5
J9CDGR596MN3,THE CURATORS OF THE UNIVERSITY OF MISSOURI,COLUMBIA,MO,2025,National Institutes of Health,7108711.790000001,3
J9CDGR596MN3,THE CURATORS OF THE UNIVERSITY OF MISSOURI,COLUMBIA,MO,2025,National Science Foundation,1945651.0,5
J9CDGR596MN3,THE CURATORS OF THE UNIVERSITY OF MISSOURI,COLUMBIA,MO,2026,National Institutes of Health,5663801.0,6
J9CDGR596MN3,THE CURATORS OF THE UNIVERSITY OF MISSOURI,COLUMBIA,MO,2026,National Science Foundation,8583655.0,4
JB33DT84JNA5,UNIVERSITY OF NORTH CAROLINA AT CHARLOTTE,CHARLOTTE,NC,2016,National Institutes of Health,3063834.0,9
JB33DT84JNA5,UNIVERSITY OF NORTH CAROLINA AT CHARLOTTE,CHARLOTTE,NC,2016,National Science Foundation,10901298.0,42
JB33DT84JNA5,UNIVERSITY OF NORTH CAROLINA AT CHARLOTTE,CHARLOTTE,NC,2017,National Institutes of Health,2822100.0,12
JB33DT84JNA5,UNIVERSITY OF NORTH CAROLINA AT CHARLOTTE,CHARLOTTE,NC,2017,National Science Foundation,10141941.0,47
JB33DT84JNA5,UNIVERSITY OF NORTH CAROLINA AT CHARLOTTE,CHARLOTTE,NC,2018,National Institutes of Health,4337387.0,14
JB33DT84JNA5,UNIVERSITY OF NORTH CAROLINA AT CHARLOTTE,CHARLOTTE,NC,2018,National Science Foundation,16586346.0,40
JB33DT84JNA5,UNIVERSITY OF NORTH CAROLINA AT CHARLOTTE,CHARLOTTE,NC,2019,National Institutes of Health,5230179.0,13
JB33DT84JNA5,UNIVERSITY OF NORTH CAROLINA AT CHARLOTTE,CHARLOTTE,NC,2019,National Science Foundation,9475209.0,34
JB33DT84JNA5,UNIVERSITY OF NORTH CAROLINA AT CHARLOTTE,CHARLOTTE,NC,2020,National Institutes of Health,4961436.0,4
JB33DT84JNA5,UNIVERSITY OF NORTH CAROLINA AT CHARLOTTE,CHARLOTTE,NC,2020,National Science Foundation,11031253.0,28
JB33DT84JNA5,UNIVERSITY OF NORTH CAROLINA AT CHARLOTTE,CHARLOTTE,NC,2021,National Institutes of Health,4754033.54,9
JB33DT84JNA5,UNIVERSITY OF NORTH CAROLINA AT CHARLOTTE,CHARLOTTE,NC,2021,National Science Foundation,8591751.0,26
JB33DT84JNA5,UNIVERSITY OF NORTH CAROLINA AT CHARLOTTE,CHARLOTTE,NC,2022,National Institutes of Health,7201060.74,15
JB33DT84JNA5,UNIVERSITY OF NORTH CAROLINA AT CHARLOTTE,CHARLOTTE,NC,2022,National Science Foundation,12100736.0,35
JB33DT84JNA5,UNIVERSITY OF NORTH CAROLINA AT CHARLOTTE,CHARLOTTE,NC,2023,National Institutes of Health,9184870.4,7
JB33DT84JNA5,UNIVERSITY OF NORTH CAROLINA AT CHARLOTTE,CHARLOTTE,NC,2023,National Science Foundation,10032166.0,35
JB33DT84JNA5,UNIVERSITY OF NORTH CAROLINA AT CHARLOTTE,CHARLOTTE,NC,2024,National Institutes of Health,9038480.56,13
JB33DT84JNA5,UNIVERSITY OF NORTH CAROLINA AT CHARLOTTE,CHARLOTTE,NC,2024,National Science Foundation,8655788.0,28
JB33DT84JNA5,UNIVERSITY OF NORTH CAROLINA AT CHARLOTTE,CHARLOTTE,NC,2025,National Institutes of Health,7363971.68,9
JB33DT84JNA5,UNIVERSITY OF NORTH CAROLINA AT CHARLOTTE,CHARLOTTE,NC,2025,National Science Foundation,12185983.0,27
JB33DT84JNA5,UNIVERSITY OF NORTH CAROLINA AT CHARLOTTE,CHARLOTTE,NC,2026,National Institutes of Health,6442034.119999999,8
JB33DT84JNA5,UNIVERSITY OF NORTH CAROLINA AT CHARLOTTE,CHARLOTTE,NC,2026,National Science Foundation,12856049.0,11
JBQ9M3PLFDP5,UNIVERSITY OF WISCONSIN SYSTEM,MILWAUKEE,WI,2016,National Institutes of Health,4727626.0,19
JBQ9M3PLFDP5,UNIVERSITY OF WISCONSIN SYSTEM,MILWAUKEE,WI,2016,National Science Foundation,12595318.0,35
JBQ9M3PLFDP5,UNIVERSITY OF WISCONSIN SYSTEM,MILWAUKEE,WI,2017,National Institutes of Health,6992590.0,17
JBQ9M3PLFDP5,UNIVERSITY OF WISCONSIN SYSTEM,MILWAUKEE,WI,2017,National Science Foundation,9786382.0,22
JBQ9M3PLFDP5,UNIVERSITY OF WISCONSIN SYSTEM,MILWAUKEE,WI,2018,National Institutes of Health,4857011.0,6
JBQ9M3PLFDP5,UNIVERSITY OF WISCONSIN SYSTEM,MILWAUKEE,WI,2018,National Science Foundation,8895988.0,13
JBQ9M3PLFDP5,UNIVERSITY OF WISCONSIN SYSTEM,MILWAUKEE,WI,2019,National Institutes of Health,7736961.0,13
JBQ9M3PLFDP5,UNIVERSITY OF WISCONSIN SYSTEM,MILWAUKEE,WI,2019,National Science Foundation,12689957.0,13
JBQ9M3PLFDP5,UNIVERSITY OF WISCONSIN SYSTEM,MILWAUKEE,WI,2020,National Institutes of Health,7819706.0,5
JBQ9M3PLFDP5,UNIVERSITY OF WISCONSIN SYSTEM,MILWAUKEE,WI,2020,National Science Foundation,7978576.0,18
JBQ9M3PLFDP5,UNIVERSITY OF WISCONSIN SYSTEM,MILWAUKEE,WI,2021,National Institutes of Health,8680913.84,10
JBQ9M3PLFDP5,UNIVERSITY OF WISCONSIN SYSTEM,MILWAUKEE,WI,2021,National Science Foundation,7279160.0,16
JBQ9M3PLFDP5,UNIVERSITY OF WISCONSIN SYSTEM,MILWAUKEE,WI,2022,National Institutes of Health,6840324.59,3
JBQ9M3PLFDP5,UNIVERSITY OF WISCONSIN SYSTEM,MILWAUKEE,WI,2022,National Science Foundation,6676424.0,8
JBQ9M3PLFDP5,UNIVERSITY OF WISCONSIN SYSTEM,MILWAUKEE,WI,2023,National Institutes of Health,8011400.03,7
JBQ9M3PLFDP5,UNIVERSITY OF WISCONSIN SYSTEM,MILWAUKEE,WI,2023,National Science Foundation,6260193.0,8
JBQ9M3PLFDP5,UNIVERSITY OF WISCONSIN SYSTEM,MILWAUKEE,WI,2024,National Institutes of Health,7204599.89,4
JBQ9M3PLFDP5,UNIVERSITY OF WISCONSIN SYSTEM,MILWAUKEE,WI,2024,National Science Foundation,5339173.0,13
JBQ9M3PLFDP5,UNIVERSITY OF WISCONSIN SYSTEM,MILWAUKEE,WI,2025,National Institutes of Health,7376294.97,5
JBQ9M3PLFDP5,UNIVERSITY OF WISCONSIN SYSTEM,MILWAUKEE,WI,2025,National Science Foundation,6369885.0,10
JBQ9M3PLFDP5,UNIVERSITY OF WISCONSIN SYSTEM,MILWAUKEE,WI,2026,National Institutes of Health,3903439.58,3
JBQ9M3PLFDP5,UNIVERSITY OF WISCONSIN SYSTEM,MILWAUKEE,WI,2026,National Science Foundation,250441.0,1
JCALBPNMAHF3,"MARSHFIELD CLINIC, INC.",MARSHFIELD,WI,2016,National Institutes of Health,2080746.0,4
JCALBPNMAHF3,"MARSHFIELD CLINIC, INC.",MARSHFIELD,WI,2017,National Institutes of Health,7928403.0,1
JCALBPNMAHF3,"MARSHFIELD CLINIC, INC.",MARSHFIELD,WI,2018,National Institutes of Health,14683870.0,2
JCALBPNMAHF3,"MARSHFIELD CLINIC, INC.",MARSHFIELD,WI,2019,National Institutes of Health,2885164.0,0
JCALBPNMAHF3,"MARSHFIELD CLINIC, INC.",MARSHFIELD,WI,2020,National Institutes of Health,3396495.0,1
JCALBPNMAHF3,"MARSHFIELD CLINIC, INC.",MARSHFIELD,WI,2021,National Institutes of Health,3270003.0,0
JCALBPNMAHF3,"MARSHFIELD CLINIC, INC.",MARSHFIELD,WI,2022,National Institutes of Health,3445151.0,1
JCALBPNMAHF3,"MARSHFIELD CLINIC, INC.",MARSHFIELD,WI,2023,National Institutes of Health,3248479.48,0
JCALBPNMAHF3,"MARSHFIELD CLINIC, INC.",MARSHFIELD,WI,2024,National Institutes of Health,2895044.52,0
JCALBPNMAHF3,"MARSHFIELD CLINIC, INC.",MARSHFIELD,WI,2025,National Institutes of Health,2901721.0,1
JCALBPNMAHF3,"MARSHFIELD CLINIC, INC.",MARSHFIELD,WI,2026,National Institutes of Health,-319999.0,0
JDLVAVGYJQ21,PRESIDENT AND FELLOWS OF HARVARD COLLEGE,BOSTON,MA,2016,National Institutes of Health,194431251.0,380
JDLVAVGYJQ21,PRESIDENT AND FELLOWS OF HARVARD COLLEGE,BOSTON,MA,2017,National Institutes of Health,211268867.0,247
JDLVAVGYJQ21,PRESIDENT AND FELLOWS OF HARVARD COLLEGE,BOSTON,MA,2018,National Institutes of Health,209832162.0,107
JDLVAVGYJQ21,PRESIDENT AND FELLOWS OF HARVARD COLLEGE,BOSTON,MA,2019,National Institutes of Health,194030170.0,96
JDLVAVGYJQ21,PRESIDENT AND FELLOWS OF HARVARD COLLEGE,BOSTON,MA,2020,National Institutes of Health,173099561.0,90
JDLVAVGYJQ21,PRESIDENT AND FELLOWS OF HARVARD COLLEGE,BOSTON,MA,2021,National Institutes of Health,164784419.35000002,106
JDLVAVGYJQ21,PRESIDENT AND FELLOWS OF HARVARD COLLEGE,BOSTON,MA,2022,National Institutes of Health,169566884.48000002,94
JDLVAVGYJQ21,PRESIDENT AND FELLOWS OF HARVARD COLLEGE,BOSTON,MA,2023,National Institutes of Health,168068735.23,87
JDLVAVGYJQ21,PRESIDENT AND FELLOWS OF HARVARD COLLEGE,BOSTON,MA,2024,National Institutes of Health,166177092.78000003,74
JDLVAVGYJQ21,PRESIDENT AND FELLOWS OF HARVARD COLLEGE,BOSTON,MA,2025,National Institutes of Health,144245942.12,77
JDLVAVGYJQ21,PRESIDENT AND FELLOWS OF HARVARD COLLEGE,BOSTON,MA,2026,National Institutes of Health,120906880.61,56
JE8AKPCR2KA4,THE UNIVERSITY OF NORTH TEXAS HEALTH SCIENCE CENTER AT FORT WORTH,FORT WORTH,TX,2016,National Institutes of Health,16569433.0,35
JE8AKPCR2KA4,THE UNIVERSITY OF NORTH TEXAS HEALTH SCIENCE CENTER AT FORT WORTH,FORT WORTH,TX,2016,National Science Foundation,299993.0,1
JE8AKPCR2KA4,THE UNIVERSITY OF NORTH TEXAS HEALTH SCIENCE CENTER AT FORT WORTH,FORT WORTH,TX,2017,National Institutes of Health,21231382.0,29
JE8AKPCR2KA4,THE UNIVERSITY OF NORTH TEXAS HEALTH SCIENCE CENTER AT FORT WORTH,FORT WORTH,TX,2017,National Science Foundation,95664.0,1
JE8AKPCR2KA4,THE UNIVERSITY OF NORTH TEXAS HEALTH SCIENCE CENTER AT FORT WORTH,FORT WORTH,TX,2018,National Institutes of Health,26597449.0,15
JE8AKPCR2KA4,THE UNIVERSITY OF NORTH TEXAS HEALTH SCIENCE CENTER AT FORT WORTH,FORT WORTH,TX,2018,National Science Foundation,16000.0,0
JE8AKPCR2KA4,THE UNIVERSITY OF NORTH TEXAS HEALTH SCIENCE CENTER AT FORT WORTH,FORT WORTH,TX,2019,National Institutes of Health,27080805.0,8
JE8AKPCR2KA4,THE UNIVERSITY OF NORTH TEXAS HEALTH SCIENCE CENTER AT FORT WORTH,FORT WORTH,TX,2019,National Science Foundation,6422.0,0
JE8AKPCR2KA4,THE UNIVERSITY OF NORTH TEXAS HEALTH SCIENCE CENTER AT FORT WORTH,FORT WORTH,TX,2020,National Institutes of Health,30101535.0,9
JE8AKPCR2KA4,THE UNIVERSITY OF NORTH TEXAS HEALTH SCIENCE CENTER AT FORT WORTH,FORT WORTH,TX,2020,National Science Foundation,406591.0,1
JE8AKPCR2KA4,THE UNIVERSITY OF NORTH TEXAS HEALTH SCIENCE CENTER AT FORT WORTH,FORT WORTH,TX,2021,National Institutes of Health,28350305.9,10
JE8AKPCR2KA4,THE UNIVERSITY OF NORTH TEXAS HEALTH SCIENCE CENTER AT FORT WORTH,FORT WORTH,TX,2021,National Science Foundation,24087.0,1
JE8AKPCR2KA4,THE UNIVERSITY OF NORTH TEXAS HEALTH SCIENCE CENTER AT FORT WORTH,FORT WORTH,TX,2022,National Institutes of Health,46623021.190000005,6
JE8AKPCR2KA4,THE UNIVERSITY OF NORTH TEXAS HEALTH SCIENCE CENTER AT FORT WORTH,FORT WORTH,TX,2022,National Science Foundation,179145.0,1
JE8AKPCR2KA4,THE UNIVERSITY OF NORTH TEXAS HEALTH SCIENCE CENTER AT FORT WORTH,FORT WORTH,TX,2023,National Institutes of Health,50148336.47,7
JE8AKPCR2KA4,THE UNIVERSITY OF NORTH TEXAS HEALTH SCIENCE CENTER AT FORT WORTH,FORT WORTH,TX,2023,National Science Foundation,99134.0,1
JE8AKPCR2KA4,THE UNIVERSITY OF NORTH TEXAS HEALTH SCIENCE CENTER AT FORT WORTH,FORT WORTH,TX,2024,National Institutes of Health,39770043.92,11
JE8AKPCR2KA4,THE UNIVERSITY OF NORTH TEXAS HEALTH SCIENCE CENTER AT FORT WORTH,FORT WORTH,TX,2024,National Science Foundation,161586.0,2
JE8AKPCR2KA4,THE UNIVERSITY OF NORTH TEXAS HEALTH SCIENCE CENTER AT FORT WORTH,FORT WORTH,TX,2025,National Institutes of Health,51254864.29,8
JE8AKPCR2KA4,THE UNIVERSITY OF NORTH TEXAS HEALTH SCIENCE CENTER AT FORT WORTH,FORT WORTH,TX,2025,National Science Foundation,211781.0,2
JE8AKPCR2KA4,THE UNIVERSITY OF NORTH TEXAS HEALTH SCIENCE CENTER AT FORT WORTH,FORT WORTH,TX,2026,National Institutes of Health,6652917.91,4
JE8AKPCR2KA4,THE UNIVERSITY OF NORTH TEXAS HEALTH SCIENCE CENTER AT FORT WORTH,FORT WORTH,TX,2026,National Science Foundation,135802.0,0
JF2BLNN4PJC3,FLORIDA STATE UNIVERSITY,TALLAHASSEE,FL,2016,National Institutes of Health,18368361.0,56
JF2BLNN4PJC3,FLORIDA STATE UNIVERSITY,TALLAHASSEE,FL,2016,National Science Foundation,57988999.0,83
JF2BLNN4PJC3,FLORIDA STATE UNIVERSITY,TALLAHASSEE,FL,2017,National Institutes of Health,36850620.0,52
JF2BLNN4PJC3,FLORIDA STATE UNIVERSITY,TALLAHASSEE,FL,2017,National Science Foundation,43012107.0,56
JF2BLNN4PJC3,FLORIDA STATE UNIVERSITY,TALLAHASSEE,FL,2018,National Institutes of Health,36627105.0,36
JF2BLNN4PJC3,FLORIDA STATE UNIVERSITY,TALLAHASSEE,FL,2018,National Science Foundation,73907305.0,56
JF2BLNN4PJC3,FLORIDA STATE UNIVERSITY,TALLAHASSEE,FL,2019,National Institutes of Health,37196922.0,25
JF2BLNN4PJC3,FLORIDA STATE UNIVERSITY,TALLAHASSEE,FL,2019,National Science Foundation,64808939.0,56
JF2BLNN4PJC3,FLORIDA STATE UNIVERSITY,TALLAHASSEE,FL,2020,National Institutes of Health,33281699.0,20
JF2BLNN4PJC3,FLORIDA STATE UNIVERSITY,TALLAHASSEE,FL,2020,National Science Foundation,60999243.0,57
JF2BLNN4PJC3,FLORIDA STATE UNIVERSITY,TALLAHASSEE,FL,2021,National Institutes of Health,32766691.9,29
JF2BLNN4PJC3,FLORIDA STATE UNIVERSITY,TALLAHASSEE,FL,2021,National Science Foundation,55123568.0,47
JF2BLNN4PJC3,FLORIDA STATE UNIVERSITY,TALLAHASSEE,FL,2022,National Institutes of Health,39325172.68,35
JF2BLNN4PJC3,FLORIDA STATE UNIVERSITY,TALLAHASSEE,FL,2022,National Science Foundation,67848469.0,42
JF2BLNN4PJC3,FLORIDA STATE UNIVERSITY,TALLAHASSEE,FL,2023,National Institutes of Health,63202023.230000004,30
JF2BLNN4PJC3,FLORIDA STATE UNIVERSITY,TALLAHASSEE,FL,2023,National Science Foundation,66781964.0,40
JF2BLNN4PJC3,FLORIDA STATE UNIVERSITY,TALLAHASSEE,FL,2024,National Institutes of Health,56243556.019999996,30
JF2BLNN4PJC3,FLORIDA STATE UNIVERSITY,TALLAHASSEE,FL,2024,National Science Foundation,55664351.0,42
JF2BLNN4PJC3,FLORIDA STATE UNIVERSITY,TALLAHASSEE,FL,2025,National Institutes of Health,49677197.36000001,17
JF2BLNN4PJC3,FLORIDA STATE UNIVERSITY,TALLAHASSEE,FL,2025,National Science Foundation,57734610.0,34
JF2BLNN4PJC3,FLORIDA STATE UNIVERSITY,TALLAHASSEE,FL,2026,National Institutes of Health,45416158.94,24
JF2BLNN4PJC3,FLORIDA STATE UNIVERSITY,TALLAHASSEE,FL,2026,National Science Foundation,48511986.0,20
JF6XLNB4CDJ5,TEXAS A & M UNIVERSITY,COLLEGE STATION,TX,2016,National Institutes of Health,8875990.0,28
JF6XLNB4CDJ5,TEXAS A & M UNIVERSITY,COLLEGE STATION,TX,2016,National Science Foundation,21893042.0,103
JF6XLNB4CDJ5,TEXAS A & M UNIVERSITY,COLLEGE STATION,TX,2017,National Institutes of Health,15350568.0,25
JF6XLNB4CDJ5,TEXAS A & M UNIVERSITY,COLLEGE STATION,TX,2017,National Science Foundation,16896742.0,65
JF6XLNB4CDJ5,TEXAS A & M UNIVERSITY,COLLEGE STATION,TX,2018,National Institutes of Health,18982706.0,20
JF6XLNB4CDJ5,TEXAS A & M UNIVERSITY,COLLEGE STATION,TX,2018,National Science Foundation,24472831.0,95
JF6XLNB4CDJ5,TEXAS A & M UNIVERSITY,COLLEGE STATION,TX,2019,National Institutes of Health,22304793.0,17
JF6XLNB4CDJ5,TEXAS A & M UNIVERSITY,COLLEGE STATION,TX,2019,National Science Foundation,25041143.0,70
JF6XLNB4CDJ5,TEXAS A & M UNIVERSITY,COLLEGE STATION,TX,2020,National Institutes of Health,21135144.0,16
JF6XLNB4CDJ5,TEXAS A & M UNIVERSITY,COLLEGE STATION,TX,2020,National Science Foundation,30707256.0,59
JF6XLNB4CDJ5,TEXAS A & M UNIVERSITY,COLLEGE STATION,TX,2021,National Institutes of Health,22203180.9,15
JF6XLNB4CDJ5,TEXAS A & M UNIVERSITY,COLLEGE STATION,TX,2021,National Science Foundation,28440550.0,56
JF6XLNB4CDJ5,TEXAS A & M UNIVERSITY,COLLEGE STATION,TX,2022,National Institutes of Health,28045191.270000003,21
JF6XLNB4CDJ5,TEXAS A & M UNIVERSITY,COLLEGE STATION,TX,2022,National Science Foundation,38773689.0,75
JF6XLNB4CDJ5,TEXAS A & M UNIVERSITY,COLLEGE STATION,TX,2023,National Institutes of Health,27494749.819999997,17
JF6XLNB4CDJ5,TEXAS A & M UNIVERSITY,COLLEGE STATION,TX,2023,National Science Foundation,23924640.0,67
JF6XLNB4CDJ5,TEXAS A & M UNIVERSITY,COLLEGE STATION,TX,2024,National Institutes of Health,25655329.93,10
JF6XLNB4CDJ5,TEXAS A & M UNIVERSITY,COLLEGE STATION,TX,2024,National Science Foundation,32775784.0,61
JF6XLNB4CDJ5,TEXAS A & M UNIVERSITY,COLLEGE STATION,TX,2025,National Institutes of Health,23925999.54,8
JF6XLNB4CDJ5,TEXAS A & M UNIVERSITY,COLLEGE STATION,TX,2025,National Science Foundation,46126382.0,56
JF6XLNB4CDJ5,TEXAS A & M UNIVERSITY,COLLEGE STATION,TX,2026,National Institutes of Health,20174906.35,8
JF6XLNB4CDJ5,TEXAS A & M UNIVERSITY,COLLEGE STATION,TX,2026,National Science Foundation,4461652.0,16
JGA3E25MFDV9,"CLARK ATLANTA UNIVERSITY, INC.",ATLANTA,GA,2016,National Institutes of Health,4271486.0,5
JGA3E25MFDV9,"CLARK ATLANTA UNIVERSITY, INC.",ATLANTA,GA,2016,National Science Foundation,2145672.0,5
JGA3E25MFDV9,"CLARK ATLANTA UNIVERSITY, INC.",ATLANTA,GA,2017,National Institutes of Health,1470567.0,1
JGA3E25MFDV9,"CLARK ATLANTA UNIVERSITY, INC.",ATLANTA,GA,2017,National Science Foundation,681114.0,3
JGA3E25MFDV9,"CLARK ATLANTA UNIVERSITY, INC.",ATLANTA,GA,2018,National Institutes of Health,3594867.0,1
JGA3E25MFDV9,"CLARK ATLANTA UNIVERSITY, INC.",ATLANTA,GA,2018,National Science Foundation,1649356.0,4
JGA3E25MFDV9,"CLARK ATLANTA UNIVERSITY, INC.",ATLANTA,GA,2019,National Institutes of Health,1242188.0,1
JGA3E25MFDV9,"CLARK ATLANTA UNIVERSITY, INC.",ATLANTA,GA,2019,National Science Foundation,2168058.0,4
JGA3E25MFDV9,"CLARK ATLANTA UNIVERSITY, INC.",ATLANTA,GA,2020,National Institutes of Health,2945555.0,0
JGA3E25MFDV9,"CLARK ATLANTA UNIVERSITY, INC.",ATLANTA,GA,2020,National Science Foundation,1244248.0,3
JGA3E25MFDV9,"CLARK ATLANTA UNIVERSITY, INC.",ATLANTA,GA,2021,National Institutes of Health,2564026.1,1
JGA3E25MFDV9,"CLARK ATLANTA UNIVERSITY, INC.",ATLANTA,GA,2021,National Science Foundation,3560302.0,5
JGA3E25MFDV9,"CLARK ATLANTA UNIVERSITY, INC.",ATLANTA,GA,2022,National Institutes of Health,2827416.0,2
JGA3E25MFDV9,"CLARK ATLANTA UNIVERSITY, INC.",ATLANTA,GA,2022,National Science Foundation,10473457.0,7
JGA3E25MFDV9,"CLARK ATLANTA UNIVERSITY, INC.",ATLANTA,GA,2023,National Institutes of Health,3962457.5,1
JGA3E25MFDV9,"CLARK ATLANTA UNIVERSITY, INC.",ATLANTA,GA,2023,National Science Foundation,3407351.0,5
JGA3E25MFDV9,"CLARK ATLANTA UNIVERSITY, INC.",ATLANTA,GA,2024,National Institutes of Health,3820764.0,0
JGA3E25MFDV9,"CLARK ATLANTA UNIVERSITY, INC.",ATLANTA,GA,2024,National Science Foundation,8871875.0,8
JGA3E25MFDV9,"CLARK ATLANTA UNIVERSITY, INC.",ATLANTA,GA,2025,National Institutes of Health,3279218.0,0
JGA3E25MFDV9,"CLARK ATLANTA UNIVERSITY, INC.",ATLANTA,GA,2025,National Science Foundation,2556156.0,1
JGA3E25MFDV9,"CLARK ATLANTA UNIVERSITY, INC.",ATLANTA,GA,2026,National Institutes of Health,4453082.5200000005,1
JHTYTGKYWLL9,UNIVERSITY OF MARYLAND CENTER FOR ENVIRONMENTAL SCIENCE,CAMBRIDGE,MD,2016,National Institutes of Health,128823.0,1
JHTYTGKYWLL9,UNIVERSITY OF MARYLAND CENTER FOR ENVIRONMENTAL SCIENCE,CAMBRIDGE,MD,2016,National Science Foundation,2954051.0,13
JHTYTGKYWLL9,UNIVERSITY OF MARYLAND CENTER FOR ENVIRONMENTAL SCIENCE,CAMBRIDGE,MD,2017,National Science Foundation,6507544.0,13
JHTYTGKYWLL9,UNIVERSITY OF MARYLAND CENTER FOR ENVIRONMENTAL SCIENCE,CAMBRIDGE,MD,2018,National Science Foundation,2416812.0,10
JHTYTGKYWLL9,UNIVERSITY OF MARYLAND CENTER FOR ENVIRONMENTAL SCIENCE,CAMBRIDGE,MD,2019,National Institutes of Health,-15.0,0
JHTYTGKYWLL9,UNIVERSITY OF MARYLAND CENTER FOR ENVIRONMENTAL SCIENCE,CAMBRIDGE,MD,2019,National Science Foundation,3352095.0,5
JHTYTGKYWLL9,UNIVERSITY OF MARYLAND CENTER FOR ENVIRONMENTAL SCIENCE,CAMBRIDGE,MD,2020,National Science Foundation,4585787.0,5
JHTYTGKYWLL9,UNIVERSITY OF MARYLAND CENTER FOR ENVIRONMENTAL SCIENCE,CAMBRIDGE,MD,2021,National Science Foundation,5565627.0,10
JHTYTGKYWLL9,UNIVERSITY OF MARYLAND CENTER FOR ENVIRONMENTAL SCIENCE,CAMBRIDGE,MD,2022,National Institutes of Health,-0.5,0
JHTYTGKYWLL9,UNIVERSITY OF MARYLAND CENTER FOR ENVIRONMENTAL SCIENCE,CAMBRIDGE,MD,2022,National Science Foundation,3313292.0,6
JHTYTGKYWLL9,UNIVERSITY OF MARYLAND CENTER FOR ENVIRONMENTAL SCIENCE,CAMBRIDGE,MD,2023,National Science Foundation,12560049.0,8
JHTYTGKYWLL9,UNIVERSITY OF MARYLAND CENTER FOR ENVIRONMENTAL SCIENCE,CAMBRIDGE,MD,2024,National Science Foundation,5032692.0,9
JHTYTGKYWLL9,UNIVERSITY OF MARYLAND CENTER FOR ENVIRONMENTAL SCIENCE,CAMBRIDGE,MD,2025,National Science Foundation,10440398.0,4
JHTYTGKYWLL9,UNIVERSITY OF MARYLAND CENTER FOR ENVIRONMENTAL SCIENCE,CAMBRIDGE,MD,2026,National Science Foundation,2135487.0,0
JJ6CN5Y5A2R5,THE TRUSTEES OF THE STEVENS INSTITUTE OF TECHNOLOGY,HOBOKEN,NJ,2016,National Institutes of Health,1291425.0,4
JJ6CN5Y5A2R5,THE TRUSTEES OF THE STEVENS INSTITUTE OF TECHNOLOGY,HOBOKEN,NJ,2016,National Science Foundation,5293122.0,25
JJ6CN5Y5A2R5,THE TRUSTEES OF THE STEVENS INSTITUTE OF TECHNOLOGY,HOBOKEN,NJ,2017,National Institutes of Health,1310498.0,5
JJ6CN5Y5A2R5,THE TRUSTEES OF THE STEVENS INSTITUTE OF TECHNOLOGY,HOBOKEN,NJ,2017,National Science Foundation,4618372.0,21
JJ6CN5Y5A2R5,THE TRUSTEES OF THE STEVENS INSTITUTE OF TECHNOLOGY,HOBOKEN,NJ,2018,National Institutes of Health,659380.0,1
JJ6CN5Y5A2R5,THE TRUSTEES OF THE STEVENS INSTITUTE OF TECHNOLOGY,HOBOKEN,NJ,2018,National Science Foundation,5369543.0,19
JJ6CN5Y5A2R5,THE TRUSTEES OF THE STEVENS INSTITUTE OF TECHNOLOGY,HOBOKEN,NJ,2019,National Institutes of Health,1714865.0,3
JJ6CN5Y5A2R5,THE TRUSTEES OF THE STEVENS INSTITUTE OF TECHNOLOGY,HOBOKEN,NJ,2019,National Science Foundation,5100136.0,22
JJ6CN5Y5A2R5,THE TRUSTEES OF THE STEVENS INSTITUTE OF TECHNOLOGY,HOBOKEN,NJ,2020,National Institutes of Health,3088028.0,5
JJ6CN5Y5A2R5,THE TRUSTEES OF THE STEVENS INSTITUTE OF TECHNOLOGY,HOBOKEN,NJ,2020,National Science Foundation,9350238.0,21
JJ6CN5Y5A2R5,THE TRUSTEES OF THE STEVENS INSTITUTE OF TECHNOLOGY,HOBOKEN,NJ,2021,National Institutes of Health,2185858.5300000003,3
JJ6CN5Y5A2R5,THE TRUSTEES OF THE STEVENS INSTITUTE OF TECHNOLOGY,HOBOKEN,NJ,2021,National Science Foundation,7311912.0,21
JJ6CN5Y5A2R5,THE TRUSTEES OF THE STEVENS INSTITUTE OF TECHNOLOGY,HOBOKEN,NJ,2022,National Institutes of Health,3007982.0,4
JJ6CN5Y5A2R5,THE TRUSTEES OF THE STEVENS INSTITUTE OF TECHNOLOGY,HOBOKEN,NJ,2022,National Science Foundation,4890643.0,21
JJ6CN5Y5A2R5,THE TRUSTEES OF THE STEVENS INSTITUTE OF TECHNOLOGY,HOBOKEN,NJ,2023,National Institutes of Health,2685936.79,1
JJ6CN5Y5A2R5,THE TRUSTEES OF THE STEVENS INSTITUTE OF TECHNOLOGY,HOBOKEN,NJ,2023,National Science Foundation,6692584.0,27
JJ6CN5Y5A2R5,THE TRUSTEES OF THE STEVENS INSTITUTE OF TECHNOLOGY,HOBOKEN,NJ,2024,National Institutes of Health,2486408.63,2
JJ6CN5Y5A2R5,THE TRUSTEES OF THE STEVENS INSTITUTE OF TECHNOLOGY,HOBOKEN,NJ,2024,National Science Foundation,9508636.0,28
JJ6CN5Y5A2R5,THE TRUSTEES OF THE STEVENS INSTITUTE OF TECHNOLOGY,HOBOKEN,NJ,2025,National Institutes of Health,1755373.6099999999,1
JJ6CN5Y5A2R5,THE TRUSTEES OF THE STEVENS INSTITUTE OF TECHNOLOGY,HOBOKEN,NJ,2025,National Science Foundation,8278769.0,24
JJ6CN5Y5A2R5,THE TRUSTEES OF THE STEVENS INSTITUTE OF TECHNOLOGY,HOBOKEN,NJ,2026,National Institutes of Health,1698169.3200000003,4
JJ6CN5Y5A2R5,THE TRUSTEES OF THE STEVENS INSTITUTE OF TECHNOLOGY,HOBOKEN,NJ,2026,National Science Foundation,2630904.0,10
JJDYK36PRTL5,CENTRAL MICHIGAN UNIVERSITY,MOUNT PLEASANT,MI,2016,National Institutes of Health,1424073.0,3
JJDYK36PRTL5,CENTRAL MICHIGAN UNIVERSITY,MOUNT PLEASANT,MI,2016,National Science Foundation,725670.0,7
JJDYK36PRTL5,CENTRAL MICHIGAN UNIVERSITY,MOUNT PLEASANT,MI,2017,National Institutes of Health,769232.0,2
JJDYK36PRTL5,CENTRAL MICHIGAN UNIVERSITY,MOUNT PLEASANT,MI,2017,National Science Foundation,1856685.0,7
JJDYK36PRTL5,CENTRAL MICHIGAN UNIVERSITY,MOUNT PLEASANT,MI,2018,National Institutes of Health,2129088.0,5
JJDYK36PRTL5,CENTRAL MICHIGAN UNIVERSITY,MOUNT PLEASANT,MI,2018,National Science Foundation,785723.0,3
JJDYK36PRTL5,CENTRAL MICHIGAN UNIVERSITY,MOUNT PLEASANT,MI,2019,National Institutes of Health,1511586.0,3
JJDYK36PRTL5,CENTRAL MICHIGAN UNIVERSITY,MOUNT PLEASANT,MI,2019,National Science Foundation,1446744.0,5
JJDYK36PRTL5,CENTRAL MICHIGAN UNIVERSITY,MOUNT PLEASANT,MI,2020,National Institutes of Health,585362.0,2
JJDYK36PRTL5,CENTRAL MICHIGAN UNIVERSITY,MOUNT PLEASANT,MI,2020,National Science Foundation,932756.0,3
JJDYK36PRTL5,CENTRAL MICHIGAN UNIVERSITY,MOUNT PLEASANT,MI,2021,National Institutes of Health,6638920.3100000005,4
JJDYK36PRTL5,CENTRAL MICHIGAN UNIVERSITY,MOUNT PLEASANT,MI,2021,National Science Foundation,1399321.0,7
JJDYK36PRTL5,CENTRAL MICHIGAN UNIVERSITY,MOUNT PLEASANT,MI,2022,National Institutes of Health,2343099.83,5
JJDYK36PRTL5,CENTRAL MICHIGAN UNIVERSITY,MOUNT PLEASANT,MI,2022,National Science Foundation,707759.0,3
JJDYK36PRTL5,CENTRAL MICHIGAN UNIVERSITY,MOUNT PLEASANT,MI,2023,National Institutes of Health,3245994.1100000003,5
JJDYK36PRTL5,CENTRAL MICHIGAN UNIVERSITY,MOUNT PLEASANT,MI,2023,National Science Foundation,2713606.0,7
JJDYK36PRTL5,CENTRAL MICHIGAN UNIVERSITY,MOUNT PLEASANT,MI,2024,National Institutes of Health,1903515.1800000002,3
JJDYK36PRTL5,CENTRAL MICHIGAN UNIVERSITY,MOUNT PLEASANT,MI,2024,National Science Foundation,3098605.0,7
JJDYK36PRTL5,CENTRAL MICHIGAN UNIVERSITY,MOUNT PLEASANT,MI,2025,National Institutes of Health,1288529.6500000001,2
JJDYK36PRTL5,CENTRAL MICHIGAN UNIVERSITY,MOUNT PLEASANT,MI,2025,National Science Foundation,1311799.0,1
JJDYK36PRTL5,CENTRAL MICHIGAN UNIVERSITY,MOUNT PLEASANT,MI,2026,National Institutes of Health,3536526.3200000003,4
JJDYK36PRTL5,CENTRAL MICHIGAN UNIVERSITY,MOUNT PLEASANT,MI,2026,National Science Foundation,723992.0,1
JJG6HU8PA4S5,RECTOR & VISITORS OF THE UNIVERSITY OF VIRGINIA,CHARLOTTESVILLE,VA,2016,National Institutes of Health,142715019.0,318
JJG6HU8PA4S5,RECTOR & VISITORS OF THE UNIVERSITY OF VIRGINIA,CHARLOTTESVILLE,VA,2016,National Science Foundation,19558203.0,93
JJG6HU8PA4S5,RECTOR & VISITORS OF THE UNIVERSITY OF VIRGINIA,CHARLOTTESVILLE,VA,2017,National Institutes of Health,141870299.0,196
JJG6HU8PA4S5,RECTOR & VISITORS OF THE UNIVERSITY OF VIRGINIA,CHARLOTTESVILLE,VA,2017,National Science Foundation,28020872.0,82
JJG6HU8PA4S5,RECTOR & VISITORS OF THE UNIVERSITY OF VIRGINIA,CHARLOTTESVILLE,VA,2018,National Institutes of Health,146130843.0,120
JJG6HU8PA4S5,RECTOR & VISITORS OF THE UNIVERSITY OF VIRGINIA,CHARLOTTESVILLE,VA,2018,National Science Foundation,33945106.0,83
JJG6HU8PA4S5,RECTOR & VISITORS OF THE UNIVERSITY OF VIRGINIA,CHARLOTTESVILLE,VA,2019,National Institutes of Health,173825346.0,125
JJG6HU8PA4S5,RECTOR & VISITORS OF THE UNIVERSITY OF VIRGINIA,CHARLOTTESVILLE,VA,2019,National Science Foundation,39401971.0,86
JJG6HU8PA4S5,RECTOR & VISITORS OF THE UNIVERSITY OF VIRGINIA,CHARLOTTESVILLE,VA,2020,National Institutes of Health,173508494.0,112
JJG6HU8PA4S5,RECTOR & VISITORS OF THE UNIVERSITY OF VIRGINIA,CHARLOTTESVILLE,VA,2020,National Science Foundation,41678287.0,93
JJG6HU8PA4S5,RECTOR & VISITORS OF THE UNIVERSITY OF VIRGINIA,CHARLOTTESVILLE,VA,2021,National Institutes of Health,168947971.76,112
JJG6HU8PA4S5,RECTOR & VISITORS OF THE UNIVERSITY OF VIRGINIA,CHARLOTTESVILLE,VA,2021,National Science Foundation,37862495.0,61
JJG6HU8PA4S5,RECTOR & VISITORS OF THE UNIVERSITY OF VIRGINIA,CHARLOTTESVILLE,VA,2022,National Institutes of Health,191085913.60999998,118
JJG6HU8PA4S5,RECTOR & VISITORS OF THE UNIVERSITY OF VIRGINIA,CHARLOTTESVILLE,VA,2022,National Science Foundation,40245163.0,71
JJG6HU8PA4S5,RECTOR & VISITORS OF THE UNIVERSITY OF VIRGINIA,CHARLOTTESVILLE,VA,2023,National Institutes of Health,200025662.85999995,115
JJG6HU8PA4S5,RECTOR & VISITORS OF THE UNIVERSITY OF VIRGINIA,CHARLOTTESVILLE,VA,2023,National Science Foundation,35597562.0,70
JJG6HU8PA4S5,RECTOR & VISITORS OF THE UNIVERSITY OF VIRGINIA,CHARLOTTESVILLE,VA,2024,National Institutes of Health,195761034.54999998,122
JJG6HU8PA4S5,RECTOR & VISITORS OF THE UNIVERSITY OF VIRGINIA,CHARLOTTESVILLE,VA,2024,National Science Foundation,35133792.0,65
JJG6HU8PA4S5,RECTOR & VISITORS OF THE UNIVERSITY OF VIRGINIA,CHARLOTTESVILLE,VA,2025,National Institutes of Health,230200912.66,105
JJG6HU8PA4S5,RECTOR & VISITORS OF THE UNIVERSITY OF VIRGINIA,CHARLOTTESVILLE,VA,2025,National Science Foundation,35073828.0,53
JJG6HU8PA4S5,RECTOR & VISITORS OF THE UNIVERSITY OF VIRGINIA,CHARLOTTESVILLE,VA,2026,National Institutes of Health,193908814.95999998,99
JJG6HU8PA4S5,RECTOR & VISITORS OF THE UNIVERSITY OF VIRGINIA,CHARLOTTESVILLE,VA,2026,National Science Foundation,8593212.0,18
JJHCMK4NT5N3,RESEARCH TRIANGLE INSTITUTE,RESEARCH TRIANGLE PARK,NC,2016,National Institutes of Health,38858097.0,51
JJHCMK4NT5N3,RESEARCH TRIANGLE INSTITUTE,RESEARCH TRIANGLE PARK,NC,2016,National Science Foundation,160663.0,2
JJHCMK4NT5N3,RESEARCH TRIANGLE INSTITUTE,RESEARCH TRIANGLE PARK,NC,2017,National Institutes of Health,40789925.0,30
JJHCMK4NT5N3,RESEARCH TRIANGLE INSTITUTE,RESEARCH TRIANGLE PARK,NC,2018,National Institutes of Health,49130701.0,28
JJHCMK4NT5N3,RESEARCH TRIANGLE INSTITUTE,RESEARCH TRIANGLE PARK,NC,2018,National Science Foundation,35000.0,1
JJHCMK4NT5N3,RESEARCH TRIANGLE INSTITUTE,RESEARCH TRIANGLE PARK,NC,2019,National Institutes of Health,98041385.0,20
JJHCMK4NT5N3,RESEARCH TRIANGLE INSTITUTE,RESEARCH TRIANGLE PARK,NC,2019,National Science Foundation,342167.0,2
JJHCMK4NT5N3,RESEARCH TRIANGLE INSTITUTE,RESEARCH TRIANGLE PARK,NC,2020,National Institutes of Health,68401858.0,30
JJHCMK4NT5N3,RESEARCH TRIANGLE INSTITUTE,RESEARCH TRIANGLE PARK,NC,2020,National Science Foundation,1282614.0,2
JJHCMK4NT5N3,RESEARCH TRIANGLE INSTITUTE,RESEARCH TRIANGLE PARK,NC,2021,National Institutes of Health,10039358.31,0
JJHCMK4NT5N3,RESEARCH TRIANGLE INSTITUTE,RESEARCH TRIANGLE PARK,NC,2021,National Science Foundation,404005.0,1
JJHCMK4NT5N3,RESEARCH TRIANGLE INSTITUTE,RESEARCH TRIANGLE PARK,NC,2022,National Institutes of Health,69972003.28999999,28
JJHCMK4NT5N3,RESEARCH TRIANGLE INSTITUTE,RESEARCH TRIANGLE PARK,NC,2022,National Science Foundation,308264.0,1
JJHCMK4NT5N3,RESEARCH TRIANGLE INSTITUTE,RESEARCH TRIANGLE PARK,NC,2023,National Institutes of Health,79596151.03999999,13
JJHCMK4NT5N3,RESEARCH TRIANGLE INSTITUTE,RESEARCH TRIANGLE PARK,NC,2024,National Institutes of Health,70398201.47,21
JJHCMK4NT5N3,RESEARCH TRIANGLE INSTITUTE,RESEARCH TRIANGLE PARK,NC,2024,National Science Foundation,299999.0,1
JJHCMK4NT5N3,RESEARCH TRIANGLE INSTITUTE,RESEARCH TRIANGLE PARK,NC,2025,National Institutes of Health,59666107.07,13
JJHCMK4NT5N3,RESEARCH TRIANGLE INSTITUTE,RESEARCH TRIANGLE PARK,NC,2025,National Science Foundation,0.0,0
JJHCMK4NT5N3,RESEARCH TRIANGLE INSTITUTE,RESEARCH TRIANGLE PARK,NC,2026,National Institutes of Health,53135079.230000004,7
JKKNZLNYLJ19,WICHITA STATE UNIVERSITY,WICHITA,KS,2016,National Institutes of Health,415340.0,1
JKKNZLNYLJ19,WICHITA STATE UNIVERSITY,WICHITA,KS,2016,National Science Foundation,1849678.0,11
JKKNZLNYLJ19,WICHITA STATE UNIVERSITY,WICHITA,KS,2017,National Institutes of Health,1801381.0,1
JKKNZLNYLJ19,WICHITA STATE UNIVERSITY,WICHITA,KS,2017,National Science Foundation,1704425.0,10
JKKNZLNYLJ19,WICHITA STATE UNIVERSITY,WICHITA,KS,2018,National Institutes of Health,1691954.0,0
JKKNZLNYLJ19,WICHITA STATE UNIVERSITY,WICHITA,KS,2018,National Science Foundation,-1542450.0,4
JKKNZLNYLJ19,WICHITA STATE UNIVERSITY,WICHITA,KS,2019,National Institutes of Health,1709158.0,0
JKKNZLNYLJ19,WICHITA STATE UNIVERSITY,WICHITA,KS,2019,National Science Foundation,1007122.0,8
JKKNZLNYLJ19,WICHITA STATE UNIVERSITY,WICHITA,KS,2020,National Institutes of Health,1709158.0,0
JKKNZLNYLJ19,WICHITA STATE UNIVERSITY,WICHITA,KS,2020,National Science Foundation,2133262.0,6
JKKNZLNYLJ19,WICHITA STATE UNIVERSITY,WICHITA,KS,2021,National Institutes of Health,2145519.0,1
JKKNZLNYLJ19,WICHITA STATE UNIVERSITY,WICHITA,KS,2021,National Science Foundation,1704086.0,7
JKKNZLNYLJ19,WICHITA STATE UNIVERSITY,WICHITA,KS,2022,National Institutes of Health,1428194.95,2
JKKNZLNYLJ19,WICHITA STATE UNIVERSITY,WICHITA,KS,2022,National Science Foundation,3538458.0,13
JKKNZLNYLJ19,WICHITA STATE UNIVERSITY,WICHITA,KS,2023,National Institutes of Health,2656471.0,1
JKKNZLNYLJ19,WICHITA STATE UNIVERSITY,WICHITA,KS,2023,National Science Foundation,4080352.0,7
JKKNZLNYLJ19,WICHITA STATE UNIVERSITY,WICHITA,KS,2024,National Institutes of Health,2303495.0,1
JKKNZLNYLJ19,WICHITA STATE UNIVERSITY,WICHITA,KS,2024,National Science Foundation,1244371.0,7
JKKNZLNYLJ19,WICHITA STATE UNIVERSITY,WICHITA,KS,2025,National Institutes of Health,2257120.0,0
JKKNZLNYLJ19,WICHITA STATE UNIVERSITY,WICHITA,KS,2025,National Science Foundation,4467253.0,6
JKKNZLNYLJ19,WICHITA STATE UNIVERSITY,WICHITA,KS,2026,National Institutes of Health,3349069.1,1
JKKNZLNYLJ19,WICHITA STATE UNIVERSITY,WICHITA,KS,2026,National Science Foundation,231120.0,2
JL4JHE9SDRR3,ST JUDE CHILDREN'S RESEARCH HOSPITAL INC,MEMPHIS,TN,2016,National Institutes of Health,54281176.0,96
JL4JHE9SDRR3,ST JUDE CHILDREN'S RESEARCH HOSPITAL INC,MEMPHIS,TN,2017,National Institutes of Health,55900240.0,41
JL4JHE9SDRR3,ST JUDE CHILDREN'S RESEARCH HOSPITAL INC,MEMPHIS,TN,2018,National Institutes of Health,67737743.0,25
JL4JHE9SDRR3,ST JUDE CHILDREN'S RESEARCH HOSPITAL INC,MEMPHIS,TN,2019,National Institutes of Health,83288570.0,36
JL4JHE9SDRR3,ST JUDE CHILDREN'S RESEARCH HOSPITAL INC,MEMPHIS,TN,2020,National Institutes of Health,91935278.0,35
JL4JHE9SDRR3,ST JUDE CHILDREN'S RESEARCH HOSPITAL INC,MEMPHIS,TN,2020,National Science Foundation,1999179.0,1
JL4JHE9SDRR3,ST JUDE CHILDREN'S RESEARCH HOSPITAL INC,MEMPHIS,TN,2021,National Institutes of Health,88730760.24,40
JL4JHE9SDRR3,ST JUDE CHILDREN'S RESEARCH HOSPITAL INC,MEMPHIS,TN,2022,National Institutes of Health,87744545.82,29
JL4JHE9SDRR3,ST JUDE CHILDREN'S RESEARCH HOSPITAL INC,MEMPHIS,TN,2023,National Institutes of Health,93299966.46,35
JL4JHE9SDRR3,ST JUDE CHILDREN'S RESEARCH HOSPITAL INC,MEMPHIS,TN,2024,National Institutes of Health,94246541.36,38
JL4JHE9SDRR3,ST JUDE CHILDREN'S RESEARCH HOSPITAL INC,MEMPHIS,TN,2024,National Science Foundation,2899342.0,2
JL4JHE9SDRR3,ST JUDE CHILDREN'S RESEARCH HOSPITAL INC,MEMPHIS,TN,2025,National Institutes of Health,115875954.75000001,39
JL4JHE9SDRR3,ST JUDE CHILDREN'S RESEARCH HOSPITAL INC,MEMPHIS,TN,2025,National Science Foundation,614415.0,2
JL4JHE9SDRR3,ST JUDE CHILDREN'S RESEARCH HOSPITAL INC,MEMPHIS,TN,2026,National Institutes of Health,85579185.73,34
JL4JHE9SDRR3,ST JUDE CHILDREN'S RESEARCH HOSPITAL INC,MEMPHIS,TN,2026,National Science Foundation,-1963534.0,0
JMGMMM7BMBT6,CAL POLY POMONA FOUNDATION INC,POMONA,CA,2016,National Institutes of Health,795193.0,3
JMGMMM7BMBT6,CAL POLY POMONA FOUNDATION INC,POMONA,CA,2016,National Science Foundation,3133182.0,9
JMGMMM7BMBT6,CAL POLY POMONA FOUNDATION INC,POMONA,CA,2017,National Institutes of Health,860073.0,0
JMGMMM7BMBT6,CAL POLY POMONA FOUNDATION INC,POMONA,CA,2017,National Science Foundation,888631.0,2
JMGMMM7BMBT6,CAL POLY POMONA FOUNDATION INC,POMONA,CA,2018,National Institutes of Health,655131.0,1
JMGMMM7BMBT6,CAL POLY POMONA FOUNDATION INC,POMONA,CA,2018,National Science Foundation,7250708.0,8
JMGMMM7BMBT6,CAL POLY POMONA FOUNDATION INC,POMONA,CA,2019,National Institutes of Health,916580.0,2
JMGMMM7BMBT6,CAL POLY POMONA FOUNDATION INC,POMONA,CA,2019,National Science Foundation,1602550.0,5
JMGMMM7BMBT6,CAL POLY POMONA FOUNDATION INC,POMONA,CA,2020,National Institutes of Health,416388.0,1
JMGMMM7BMBT6,CAL POLY POMONA FOUNDATION INC,POMONA,CA,2020,National Science Foundation,1833902.0,3
JMGMMM7BMBT6,CAL POLY POMONA FOUNDATION INC,POMONA,CA,2021,National Institutes of Health,441000.0,0
JMGMMM7BMBT6,CAL POLY POMONA FOUNDATION INC,POMONA,CA,2021,National Science Foundation,3090936.0,6
JMGMMM7BMBT6,CAL POLY POMONA FOUNDATION INC,POMONA,CA,2022,National Institutes of Health,652442.16,2
JMGMMM7BMBT6,CAL POLY POMONA FOUNDATION INC,POMONA,CA,2022,National Science Foundation,3942609.0,8
JMGMMM7BMBT6,CAL POLY POMONA FOUNDATION INC,POMONA,CA,2023,National Institutes of Health,1358960.16,2
JMGMMM7BMBT6,CAL POLY POMONA FOUNDATION INC,POMONA,CA,2023,National Science Foundation,5329945.0,7
JMGMMM7BMBT6,CAL POLY POMONA FOUNDATION INC,POMONA,CA,2024,National Institutes of Health,1081883.29,1
JMGMMM7BMBT6,CAL POLY POMONA FOUNDATION INC,POMONA,CA,2024,National Science Foundation,3635060.0,7
JMGMMM7BMBT6,CAL POLY POMONA FOUNDATION INC,POMONA,CA,2025,National Institutes of Health,890835.0,0
JMGMMM7BMBT6,CAL POLY POMONA FOUNDATION INC,POMONA,CA,2025,National Science Foundation,9188661.0,6
JMGMMM7BMBT6,CAL POLY POMONA FOUNDATION INC,POMONA,CA,2026,National Institutes of Health,759606.0,1
JMGMMM7BMBT6,CAL POLY POMONA FOUNDATION INC,POMONA,CA,2026,National Science Foundation,500000.0,0
JNBLLTBTLLD8,SAINT LOUIS UNIVERSITY,SAINT LOUIS,MO,2016,National Institutes of Health,16043220.0,50
JNBLLTBTLLD8,SAINT LOUIS UNIVERSITY,SAINT LOUIS,MO,2016,National Science Foundation,5517566.0,20
JNBLLTBTLLD8,SAINT LOUIS UNIVERSITY,SAINT LOUIS,MO,2017,National Institutes of Health,12831512.0,28
JNBLLTBTLLD8,SAINT LOUIS UNIVERSITY,SAINT LOUIS,MO,2017,National Science Foundation,2641637.0,7
JNBLLTBTLLD8,SAINT LOUIS UNIVERSITY,SAINT LOUIS,MO,2018,National Institutes of Health,16806577.0,23
JNBLLTBTLLD8,SAINT LOUIS UNIVERSITY,SAINT LOUIS,MO,2018,National Science Foundation,2499507.0,5
JNBLLTBTLLD8,SAINT LOUIS UNIVERSITY,SAINT LOUIS,MO,2019,National Institutes of Health,17403997.0,18
JNBLLTBTLLD8,SAINT LOUIS UNIVERSITY,SAINT LOUIS,MO,2019,National Science Foundation,5051097.0,13
JNBLLTBTLLD8,SAINT LOUIS UNIVERSITY,SAINT LOUIS,MO,2020,National Institutes of Health,31200479.0,25
JNBLLTBTLLD8,SAINT LOUIS UNIVERSITY,SAINT LOUIS,MO,2020,National Science Foundation,1759020.0,6
JNBLLTBTLLD8,SAINT LOUIS UNIVERSITY,SAINT LOUIS,MO,2021,National Institutes of Health,29730355.779999997,8
JNBLLTBTLLD8,SAINT LOUIS UNIVERSITY,SAINT LOUIS,MO,2021,National Science Foundation,1552800.0,7
JNBLLTBTLLD8,SAINT LOUIS UNIVERSITY,SAINT LOUIS,MO,2022,National Institutes of Health,25628386.49,26
JNBLLTBTLLD8,SAINT LOUIS UNIVERSITY,SAINT LOUIS,MO,2022,National Science Foundation,3470272.0,7
JNBLLTBTLLD8,SAINT LOUIS UNIVERSITY,SAINT LOUIS,MO,2023,National Institutes of Health,23872400.94,18
JNBLLTBTLLD8,SAINT LOUIS UNIVERSITY,SAINT LOUIS,MO,2023,National Science Foundation,2656308.0,7
JNBLLTBTLLD8,SAINT LOUIS UNIVERSITY,SAINT LOUIS,MO,2024,National Institutes of Health,20292780.44,22
JNBLLTBTLLD8,SAINT LOUIS UNIVERSITY,SAINT LOUIS,MO,2024,National Science Foundation,7093687.0,15
JNBLLTBTLLD8,SAINT LOUIS UNIVERSITY,SAINT LOUIS,MO,2025,National Institutes of Health,10315242.32,8
JNBLLTBTLLD8,SAINT LOUIS UNIVERSITY,SAINT LOUIS,MO,2025,National Science Foundation,4893617.0,8
JNBLLTBTLLD8,SAINT LOUIS UNIVERSITY,SAINT LOUIS,MO,2026,National Institutes of Health,17413773.32,14
JNBLLTBTLLD8,SAINT LOUIS UNIVERSITY,SAINT LOUIS,MO,2026,National Science Foundation,649919.0,5
JQH2GEMCAVN5,GEISINGER CLINIC,DANVILLE,PA,2016,National Institutes of Health,6790624.0,11
JQH2GEMCAVN5,GEISINGER CLINIC,DANVILLE,PA,2017,National Institutes of Health,5592675.0,5
JQH2GEMCAVN5,GEISINGER CLINIC,DANVILLE,PA,2018,National Institutes of Health,8195504.0,1
JQH2GEMCAVN5,GEISINGER CLINIC,DANVILLE,PA,2019,National Institutes of Health,9721202.0,4
JQH2GEMCAVN5,GEISINGER CLINIC,DANVILLE,PA,2020,National Institutes of Health,9289790.0,4
JQH2GEMCAVN5,GEISINGER CLINIC,DANVILLE,PA,2021,National Institutes of Health,8792087.45,1
JQH2GEMCAVN5,GEISINGER CLINIC,DANVILLE,PA,2022,National Institutes of Health,10374123.65,3
JQH2GEMCAVN5,GEISINGER CLINIC,DANVILLE,PA,2023,National Institutes of Health,10246723.85,2
JQH2GEMCAVN5,GEISINGER CLINIC,DANVILLE,PA,2024,National Institutes of Health,8949751.350000001,3
JQH2GEMCAVN5,GEISINGER CLINIC,DANVILLE,PA,2025,National Institutes of Health,10489543.14,3
JQH2GEMCAVN5,GEISINGER CLINIC,DANVILLE,PA,2026,National Institutes of Health,7021753.0,1
JTFKX11JLHS8,UNIVERSITY OF THE VIRGIN ISLANDS,ST THOMAS,VI,2016,National Institutes of Health,1383174.0,2
JTFKX11JLHS8,UNIVERSITY OF THE VIRGIN ISLANDS,ST THOMAS,VI,2016,National Science Foundation,6665638.0,4
JTFKX11JLHS8,UNIVERSITY OF THE VIRGIN ISLANDS,ST THOMAS,VI,2017,National Institutes of Health,240047.0,2
JTFKX11JLHS8,UNIVERSITY OF THE VIRGIN ISLANDS,ST THOMAS,VI,2017,National Science Foundation,5108544.0,3
JTFKX11JLHS8,UNIVERSITY OF THE VIRGIN ISLANDS,ST THOMAS,VI,2018,National Institutes of Health,554007.0,0
JTFKX11JLHS8,UNIVERSITY OF THE VIRGIN ISLANDS,ST THOMAS,VI,2018,National Science Foundation,6303647.0,6
JTFKX11JLHS8,UNIVERSITY OF THE VIRGIN ISLANDS,ST THOMAS,VI,2019,National Institutes of Health,-447227.0,0
JTFKX11JLHS8,UNIVERSITY OF THE VIRGIN ISLANDS,ST THOMAS,VI,2019,National Science Foundation,2781846.0,3
JTFKX11JLHS8,UNIVERSITY OF THE VIRGIN ISLANDS,ST THOMAS,VI,2020,National Institutes of Health,403329.0,0
JTFKX11JLHS8,UNIVERSITY OF THE VIRGIN ISLANDS,ST THOMAS,VI,2020,National Science Foundation,8009931.0,3
JTFKX11JLHS8,UNIVERSITY OF THE VIRGIN ISLANDS,ST THOMAS,VI,2021,National Institutes of Health,566437.0,1
JTFKX11JLHS8,UNIVERSITY OF THE VIRGIN ISLANDS,ST THOMAS,VI,2021,National Science Foundation,8726001.0,1
JTFKX11JLHS8,UNIVERSITY OF THE VIRGIN ISLANDS,ST THOMAS,VI,2022,National Institutes of Health,549154.0,0
JTFKX11JLHS8,UNIVERSITY OF THE VIRGIN ISLANDS,ST THOMAS,VI,2022,National Science Foundation,9631284.0,4
JTFKX11JLHS8,UNIVERSITY OF THE VIRGIN ISLANDS,ST THOMAS,VI,2023,National Institutes of Health,554031.6,1
JTFKX11JLHS8,UNIVERSITY OF THE VIRGIN ISLANDS,ST THOMAS,VI,2023,National Science Foundation,8859957.0,4
JTFKX11JLHS8,UNIVERSITY OF THE VIRGIN ISLANDS,ST THOMAS,VI,2024,National Institutes of Health,396007.52,0
JTFKX11JLHS8,UNIVERSITY OF THE VIRGIN ISLANDS,ST THOMAS,VI,2024,National Science Foundation,2537446.0,2
JTFKX11JLHS8,UNIVERSITY OF THE VIRGIN ISLANDS,ST THOMAS,VI,2025,National Institutes of Health,440086.33,1
JTFKX11JLHS8,UNIVERSITY OF THE VIRGIN ISLANDS,ST THOMAS,VI,2025,National Science Foundation,5865344.0,3
JTFKX11JLHS8,UNIVERSITY OF THE VIRGIN ISLANDS,ST THOMAS,VI,2026,National Institutes of Health,-61361.67,0
JTFKX11JLHS8,UNIVERSITY OF THE VIRGIN ISLANDS,ST THOMAS,VI,2026,National Science Foundation,125756.0,0
JW2NGMP4NMA3,TRUSTEES OF THE COLORADO SCHOOL OF MINES,GOLDEN,CO,2016,National Institutes of Health,774627.0,3
JW2NGMP4NMA3,TRUSTEES OF THE COLORADO SCHOOL OF MINES,GOLDEN,CO,2016,National Science Foundation,9652886.0,53
JW2NGMP4NMA3,TRUSTEES OF THE COLORADO SCHOOL OF MINES,GOLDEN,CO,2017,National Institutes of Health,1175863.0,2
JW2NGMP4NMA3,TRUSTEES OF THE COLORADO SCHOOL OF MINES,GOLDEN,CO,2017,National Science Foundation,9635029.0,37
JW2NGMP4NMA3,TRUSTEES OF THE COLORADO SCHOOL OF MINES,GOLDEN,CO,2018,National Institutes of Health,2060116.0,4
JW2NGMP4NMA3,TRUSTEES OF THE COLORADO SCHOOL OF MINES,GOLDEN,CO,2018,National Science Foundation,15916790.0,38
JW2NGMP4NMA3,TRUSTEES OF THE COLORADO SCHOOL OF MINES,GOLDEN,CO,2019,National Institutes of Health,482734.0,1
JW2NGMP4NMA3,TRUSTEES OF THE COLORADO SCHOOL OF MINES,GOLDEN,CO,2019,National Science Foundation,20686836.0,45
JW2NGMP4NMA3,TRUSTEES OF THE COLORADO SCHOOL OF MINES,GOLDEN,CO,2020,National Institutes of Health,2209491.0,3
JW2NGMP4NMA3,TRUSTEES OF THE COLORADO SCHOOL OF MINES,GOLDEN,CO,2020,National Science Foundation,10884765.0,27
JW2NGMP4NMA3,TRUSTEES OF THE COLORADO SCHOOL OF MINES,GOLDEN,CO,2021,National Institutes of Health,1185157.0,0
JW2NGMP4NMA3,TRUSTEES OF THE COLORADO SCHOOL OF MINES,GOLDEN,CO,2021,National Science Foundation,22089899.0,35
JW2NGMP4NMA3,TRUSTEES OF THE COLORADO SCHOOL OF MINES,GOLDEN,CO,2022,National Institutes of Health,2096501.41,4
JW2NGMP4NMA3,TRUSTEES OF THE COLORADO SCHOOL OF MINES,GOLDEN,CO,2022,National Science Foundation,21604485.0,25
JW2NGMP4NMA3,TRUSTEES OF THE COLORADO SCHOOL OF MINES,GOLDEN,CO,2023,National Institutes of Health,195871.72999999998,3
JW2NGMP4NMA3,TRUSTEES OF THE COLORADO SCHOOL OF MINES,GOLDEN,CO,2023,National Science Foundation,17598134.0,30
JW2NGMP4NMA3,TRUSTEES OF THE COLORADO SCHOOL OF MINES,GOLDEN,CO,2024,National Institutes of Health,1630024.8,4
JW2NGMP4NMA3,TRUSTEES OF THE COLORADO SCHOOL OF MINES,GOLDEN,CO,2024,National Science Foundation,13869933.0,25
JW2NGMP4NMA3,TRUSTEES OF THE COLORADO SCHOOL OF MINES,GOLDEN,CO,2025,National Institutes of Health,5053120.0,5
JW2NGMP4NMA3,TRUSTEES OF THE COLORADO SCHOOL OF MINES,GOLDEN,CO,2025,National Science Foundation,19233282.0,27
JW2NGMP4NMA3,TRUSTEES OF THE COLORADO SCHOOL OF MINES,GOLDEN,CO,2026,National Institutes of Health,1741464.3900000001,0
JW2NGMP4NMA3,TRUSTEES OF THE COLORADO SCHOOL OF MINES,GOLDEN,CO,2026,National Science Foundation,3886500.0,9
JWSYC7RUMJD1,BRIGHAM YOUNG UNIVERSITY,PROVO,UT,2016,National Institutes of Health,8818954.0,15
JWSYC7RUMJD1,BRIGHAM YOUNG UNIVERSITY,PROVO,UT,2016,National Science Foundation,7014688.0,35
JWSYC7RUMJD1,BRIGHAM YOUNG UNIVERSITY,PROVO,UT,2017,National Institutes of Health,3126789.0,4
JWSYC7RUMJD1,BRIGHAM YOUNG UNIVERSITY,PROVO,UT,2017,National Science Foundation,8827239.0,30
JWSYC7RUMJD1,BRIGHAM YOUNG UNIVERSITY,PROVO,UT,2018,National Institutes of Health,4431982.0,6
JWSYC7RUMJD1,BRIGHAM YOUNG UNIVERSITY,PROVO,UT,2018,National Science Foundation,9852190.0,19
JWSYC7RUMJD1,BRIGHAM YOUNG UNIVERSITY,PROVO,UT,2019,National Institutes of Health,6435839.0,9
JWSYC7RUMJD1,BRIGHAM YOUNG UNIVERSITY,PROVO,UT,2019,National Science Foundation,6938736.0,21
JWSYC7RUMJD1,BRIGHAM YOUNG UNIVERSITY,PROVO,UT,2020,National Institutes of Health,6689616.0,7
JWSYC7RUMJD1,BRIGHAM YOUNG UNIVERSITY,PROVO,UT,2020,National Science Foundation,6632926.0,18
JWSYC7RUMJD1,BRIGHAM YOUNG UNIVERSITY,PROVO,UT,2021,National Institutes of Health,4901189.84,2
JWSYC7RUMJD1,BRIGHAM YOUNG UNIVERSITY,PROVO,UT,2021,National Science Foundation,6902756.0,15
JWSYC7RUMJD1,BRIGHAM YOUNG UNIVERSITY,PROVO,UT,2022,National Institutes of Health,5482644.55,9
JWSYC7RUMJD1,BRIGHAM YOUNG UNIVERSITY,PROVO,UT,2022,National Science Foundation,8016357.0,24
JWSYC7RUMJD1,BRIGHAM YOUNG UNIVERSITY,PROVO,UT,2023,National Institutes of Health,4089933.37,3
JWSYC7RUMJD1,BRIGHAM YOUNG UNIVERSITY,PROVO,UT,2023,National Science Foundation,5417034.0,12
JWSYC7RUMJD1,BRIGHAM YOUNG UNIVERSITY,PROVO,UT,2024,National Institutes of Health,5518498.11,7
JWSYC7RUMJD1,BRIGHAM YOUNG UNIVERSITY,PROVO,UT,2024,National Science Foundation,9330500.0,19
JWSYC7RUMJD1,BRIGHAM YOUNG UNIVERSITY,PROVO,UT,2025,National Institutes of Health,9772930.46,9
JWSYC7RUMJD1,BRIGHAM YOUNG UNIVERSITY,PROVO,UT,2025,National Science Foundation,5110400.0,13
JWSYC7RUMJD1,BRIGHAM YOUNG UNIVERSITY,PROVO,UT,2026,National Institutes of Health,5178967.74,6
JWSYC7RUMJD1,BRIGHAM YOUNG UNIVERSITY,PROVO,UT,2026,National Science Foundation,362521.0,3
JZ8RQC4EMDZ5,BOSTON MEDICAL CENTER CORPORATION,BOSTON,MA,2016,National Institutes of Health,26885753.0,65
JZ8RQC4EMDZ5,BOSTON MEDICAL CENTER CORPORATION,BOSTON,MA,2017,National Institutes of Health,26859814.0,39
JZ8RQC4EMDZ5,BOSTON MEDICAL CENTER CORPORATION,BOSTON,MA,2018,National Institutes of Health,34418033.0,33
JZ8RQC4EMDZ5,BOSTON MEDICAL CENTER CORPORATION,BOSTON,MA,2019,National Institutes of Health,53603831.0,13
JZ8RQC4EMDZ5,BOSTON MEDICAL CENTER CORPORATION,BOSTON,MA,2020,National Institutes of Health,59836335.0,18
JZ8RQC4EMDZ5,BOSTON MEDICAL CENTER CORPORATION,BOSTON,MA,2021,National Institutes of Health,53022002.25,18
JZ8RQC4EMDZ5,BOSTON MEDICAL CENTER CORPORATION,BOSTON,MA,2022,National Institutes of Health,34252450.9,18
JZ8RQC4EMDZ5,BOSTON MEDICAL CENTER CORPORATION,BOSTON,MA,2023,National Institutes of Health,16602111.23,11
JZ8RQC4EMDZ5,BOSTON MEDICAL CENTER CORPORATION,BOSTON,MA,2024,National Institutes of Health,22492243.85,21
JZ8RQC4EMDZ5,BOSTON MEDICAL CENTER CORPORATION,BOSTON,MA,2025,National Institutes of Health,27620328.529999997,17
JZ8RQC4EMDZ5,BOSTON MEDICAL CENTER CORPORATION,BOSTON,MA,2026,National Institutes of Health,31243599.139999997,13
JZD1HLM2ZU83,CHILDRENS HOSPITAL MEDICAL CENTER,CINCINNATI,OH,2016,National Institutes of Health,108583665.0,255
JZD1HLM2ZU83,CHILDRENS HOSPITAL MEDICAL CENTER,CINCINNATI,OH,2017,National Institutes of Health,105726933.0,118
JZD1HLM2ZU83,CHILDRENS HOSPITAL MEDICAL CENTER,CINCINNATI,OH,2017,National Science Foundation,850000.0,1
JZD1HLM2ZU83,CHILDRENS HOSPITAL MEDICAL CENTER,CINCINNATI,OH,2018,National Institutes of Health,117701329.0,92
JZD1HLM2ZU83,CHILDRENS HOSPITAL MEDICAL CENTER,CINCINNATI,OH,2019,National Institutes of Health,139566992.0,83
JZD1HLM2ZU83,CHILDRENS HOSPITAL MEDICAL CENTER,CINCINNATI,OH,2020,National Institutes of Health,165628065.0,83
JZD1HLM2ZU83,CHILDRENS HOSPITAL MEDICAL CENTER,CINCINNATI,OH,2021,National Institutes of Health,162251618.76,77
JZD1HLM2ZU83,CHILDRENS HOSPITAL MEDICAL CENTER,CINCINNATI,OH,2021,National Science Foundation,709377.0,1
JZD1HLM2ZU83,CHILDRENS HOSPITAL MEDICAL CENTER,CINCINNATI,OH,2022,National Institutes of Health,162397296.74000004,70
JZD1HLM2ZU83,CHILDRENS HOSPITAL MEDICAL CENTER,CINCINNATI,OH,2022,National Science Foundation,201299.0,1
JZD1HLM2ZU83,CHILDRENS HOSPITAL MEDICAL CENTER,CINCINNATI,OH,2023,National Institutes of Health,165693199.1,67
JZD1HLM2ZU83,CHILDRENS HOSPITAL MEDICAL CENTER,CINCINNATI,OH,2023,National Science Foundation,362516.0,0
JZD1HLM2ZU83,CHILDRENS HOSPITAL MEDICAL CENTER,CINCINNATI,OH,2024,National Institutes of Health,153315565.8,66
JZD1HLM2ZU83,CHILDRENS HOSPITAL MEDICAL CENTER,CINCINNATI,OH,2025,National Institutes of Health,167395673.57999998,69
JZD1HLM2ZU83,CHILDRENS HOSPITAL MEDICAL CENTER,CINCINNATI,OH,2026,National Institutes of Health,144318941.64,54
JZD1HLM2ZU83,CHILDRENS HOSPITAL MEDICAL CENTER,CINCINNATI,OH,2026,National Science Foundation,600000.0,1
JZDRNT166LE4,"VERSITI BLOOD HEALTH, INC.",MILWAUKEE,WI,2016,National Institutes of Health,9302909.0,20
JZDRNT166LE4,"VERSITI BLOOD HEALTH, INC.",MILWAUKEE,WI,2017,National Institutes of Health,9719382.0,8
JZDRNT166LE4,"VERSITI BLOOD HEALTH, INC.",MILWAUKEE,WI,2018,National Institutes of Health,10593047.0,7
JZDRNT166LE4,"VERSITI BLOOD HEALTH, INC.",MILWAUKEE,WI,2019,National Institutes of Health,12595583.0,5
JZDRNT166LE4,"VERSITI BLOOD HEALTH, INC.",MILWAUKEE,WI,2020,National Institutes of Health,12398113.0,5
JZDRNT166LE4,"VERSITI BLOOD HEALTH, INC.",MILWAUKEE,WI,2021,National Institutes of Health,15117873.07,5
JZDRNT166LE4,"VERSITI BLOOD HEALTH, INC.",MILWAUKEE,WI,2022,National Institutes of Health,16740065.189999998,6
JZDRNT166LE4,"VERSITI BLOOD HEALTH, INC.",MILWAUKEE,WI,2023,National Institutes of Health,14661788.56,3
JZDRNT166LE4,"VERSITI BLOOD HEALTH, INC.",MILWAUKEE,WI,2024,National Institutes of Health,18346029.14,10
JZDRNT166LE4,"VERSITI BLOOD HEALTH, INC.",MILWAUKEE,WI,2025,National Institutes of Health,18148767.48,6
JZDRNT166LE4,"VERSITI BLOOD HEALTH, INC.",MILWAUKEE,WI,2026,National Institutes of Health,11339593.370000001,4
K3YFW6S3YQ67,ADVENTIST HEALTH SYSTEM/SUNBELT INC,ORLANDO,FL,2016,National Institutes of Health,763285.0,2
K3YFW6S3YQ67,ADVENTIST HEALTH SYSTEM/SUNBELT INC,ORLANDO,FL,2017,National Institutes of Health,613815.0,1
K3YFW6S3YQ67,ADVENTIST HEALTH SYSTEM/SUNBELT INC,ORLANDO,FL,2018,National Institutes of Health,2067385.0,2
K3YFW6S3YQ67,ADVENTIST HEALTH SYSTEM/SUNBELT INC,ORLANDO,FL,2019,National Institutes of Health,2488151.0,1
K3YFW6S3YQ67,ADVENTIST HEALTH SYSTEM/SUNBELT INC,ORLANDO,FL,2020,National Institutes of Health,3771232.0,2
K3YFW6S3YQ67,ADVENTIST HEALTH SYSTEM/SUNBELT INC,ORLANDO,FL,2021,National Institutes of Health,2326384.0,1
K3YFW6S3YQ67,ADVENTIST HEALTH SYSTEM/SUNBELT INC,ORLANDO,FL,2022,National Institutes of Health,2728383.25,2
K3YFW6S3YQ67,ADVENTIST HEALTH SYSTEM/SUNBELT INC,ORLANDO,FL,2023,National Institutes of Health,6079822.67,3
K3YFW6S3YQ67,ADVENTIST HEALTH SYSTEM/SUNBELT INC,ORLANDO,FL,2024,National Institutes of Health,7837010.0,5
K3YFW6S3YQ67,ADVENTIST HEALTH SYSTEM/SUNBELT INC,ORLANDO,FL,2025,National Institutes of Health,9393188.0,3
K3YFW6S3YQ67,ADVENTIST HEALTH SYSTEM/SUNBELT INC,ORLANDO,FL,2026,National Institutes of Health,8544146.0,5
K49BLGJHG935,CPWR: THE CENTER FOR CONSTRUCTION RESEARCH AND TRAINING,SILVER SPRING,MD,2016,National Institutes of Health,4712386.0,2
K49BLGJHG935,CPWR: THE CENTER FOR CONSTRUCTION RESEARCH AND TRAINING,SILVER SPRING,MD,2017,National Institutes of Health,4669402.0,0
K49BLGJHG935,CPWR: THE CENTER FOR CONSTRUCTION RESEARCH AND TRAINING,SILVER SPRING,MD,2018,National Institutes of Health,4677563.0,0
K49BLGJHG935,CPWR: THE CENTER FOR CONSTRUCTION RESEARCH AND TRAINING,SILVER SPRING,MD,2019,National Institutes of Health,4778265.0,0
K49BLGJHG935,CPWR: THE CENTER FOR CONSTRUCTION RESEARCH AND TRAINING,SILVER SPRING,MD,2020,National Institutes of Health,7071002.0,0
K49BLGJHG935,CPWR: THE CENTER FOR CONSTRUCTION RESEARCH AND TRAINING,SILVER SPRING,MD,2021,National Institutes of Health,6771002.0,0
K49BLGJHG935,CPWR: THE CENTER FOR CONSTRUCTION RESEARCH AND TRAINING,SILVER SPRING,MD,2022,National Institutes of Health,6363481.51,0
K49BLGJHG935,CPWR: THE CENTER FOR CONSTRUCTION RESEARCH AND TRAINING,SILVER SPRING,MD,2023,National Institutes of Health,6286402.0,0
K49BLGJHG935,CPWR: THE CENTER FOR CONSTRUCTION RESEARCH AND TRAINING,SILVER SPRING,MD,2024,National Institutes of Health,6086763.0,0
K49BLGJHG935,CPWR: THE CENTER FOR CONSTRUCTION RESEARCH AND TRAINING,SILVER SPRING,MD,2025,National Institutes of Health,6384428.0,0
K49BLGJHG935,CPWR: THE CENTER FOR CONSTRUCTION RESEARCH AND TRAINING,SILVER SPRING,MD,2026,National Institutes of Health,4046810.0,0
K4FYB2EJVL32,ARKANSAS CHILDREN'S RESEARCH INSTITUTE,LITTLE ROCK,AR,2016,National Institutes of Health,5936865.0,8
K4FYB2EJVL32,ARKANSAS CHILDREN'S RESEARCH INSTITUTE,LITTLE ROCK,AR,2017,National Institutes of Health,6436311.0,6
K4FYB2EJVL32,ARKANSAS CHILDREN'S RESEARCH INSTITUTE,LITTLE ROCK,AR,2017,National Science Foundation,1105412.0,1
K4FYB2EJVL32,ARKANSAS CHILDREN'S RESEARCH INSTITUTE,LITTLE ROCK,AR,2018,National Institutes of Health,6086605.0,1
K4FYB2EJVL32,ARKANSAS CHILDREN'S RESEARCH INSTITUTE,LITTLE ROCK,AR,2018,National Science Foundation,387106.0,0
K4FYB2EJVL32,ARKANSAS CHILDREN'S RESEARCH INSTITUTE,LITTLE ROCK,AR,2019,National Institutes of Health,6287617.0,3
K4FYB2EJVL32,ARKANSAS CHILDREN'S RESEARCH INSTITUTE,LITTLE ROCK,AR,2020,National Institutes of Health,7669908.0,2
K4FYB2EJVL32,ARKANSAS CHILDREN'S RESEARCH INSTITUTE,LITTLE ROCK,AR,2020,National Science Foundation,-1324016.0,0
K4FYB2EJVL32,ARKANSAS CHILDREN'S RESEARCH INSTITUTE,LITTLE ROCK,AR,2021,National Institutes of Health,9217304.83,3
K4FYB2EJVL32,ARKANSAS CHILDREN'S RESEARCH INSTITUTE,LITTLE ROCK,AR,2022,National Institutes of Health,14240390.66,6
K4FYB2EJVL32,ARKANSAS CHILDREN'S RESEARCH INSTITUTE,LITTLE ROCK,AR,2023,National Institutes of Health,13866302.8,2
K4FYB2EJVL32,ARKANSAS CHILDREN'S RESEARCH INSTITUTE,LITTLE ROCK,AR,2023,National Science Foundation,264424.0,1
K4FYB2EJVL32,ARKANSAS CHILDREN'S RESEARCH INSTITUTE,LITTLE ROCK,AR,2024,National Institutes of Health,13969070.010000002,9
K4FYB2EJVL32,ARKANSAS CHILDREN'S RESEARCH INSTITUTE,LITTLE ROCK,AR,2025,National Institutes of Health,16508702.2,5
K4FYB2EJVL32,ARKANSAS CHILDREN'S RESEARCH INSTITUTE,LITTLE ROCK,AR,2026,National Institutes of Health,12105331.379999999,5
K51LECU1G8N3,WILLIAM MARSH RICE UNIVERSITY,HOUSTON,TX,2016,National Institutes of Health,14599058.0,49
K51LECU1G8N3,WILLIAM MARSH RICE UNIVERSITY,HOUSTON,TX,2016,National Science Foundation,35230086.0,114
K51LECU1G8N3,WILLIAM MARSH RICE UNIVERSITY,HOUSTON,TX,2017,National Institutes of Health,10018329.0,26
K51LECU1G8N3,WILLIAM MARSH RICE UNIVERSITY,HOUSTON,TX,2017,National Science Foundation,28527510.0,65
K51LECU1G8N3,WILLIAM MARSH RICE UNIVERSITY,HOUSTON,TX,2018,National Institutes of Health,13293533.0,14
K51LECU1G8N3,WILLIAM MARSH RICE UNIVERSITY,HOUSTON,TX,2018,National Science Foundation,38372249.0,78
K51LECU1G8N3,WILLIAM MARSH RICE UNIVERSITY,HOUSTON,TX,2019,National Institutes of Health,14042938.0,10
K51LECU1G8N3,WILLIAM MARSH RICE UNIVERSITY,HOUSTON,TX,2019,National Science Foundation,40354253.0,60
K51LECU1G8N3,WILLIAM MARSH RICE UNIVERSITY,HOUSTON,TX,2020,National Institutes of Health,18225126.0,20
K51LECU1G8N3,WILLIAM MARSH RICE UNIVERSITY,HOUSTON,TX,2020,National Science Foundation,35472085.0,65
K51LECU1G8N3,WILLIAM MARSH RICE UNIVERSITY,HOUSTON,TX,2021,National Institutes of Health,20287856.740000002,23
K51LECU1G8N3,WILLIAM MARSH RICE UNIVERSITY,HOUSTON,TX,2021,National Science Foundation,40450202.0,64
K51LECU1G8N3,WILLIAM MARSH RICE UNIVERSITY,HOUSTON,TX,2022,National Institutes of Health,24339069.87,15
K51LECU1G8N3,WILLIAM MARSH RICE UNIVERSITY,HOUSTON,TX,2022,National Science Foundation,40588876.0,71
K51LECU1G8N3,WILLIAM MARSH RICE UNIVERSITY,HOUSTON,TX,2023,National Institutes of Health,49632683.88,22
K51LECU1G8N3,WILLIAM MARSH RICE UNIVERSITY,HOUSTON,TX,2023,National Science Foundation,37104095.0,71
K51LECU1G8N3,WILLIAM MARSH RICE UNIVERSITY,HOUSTON,TX,2024,National Institutes of Health,24531160.369999997,25
K51LECU1G8N3,WILLIAM MARSH RICE UNIVERSITY,HOUSTON,TX,2024,National Science Foundation,47320194.0,53
K51LECU1G8N3,WILLIAM MARSH RICE UNIVERSITY,HOUSTON,TX,2025,National Institutes of Health,31088372.16,13
K51LECU1G8N3,WILLIAM MARSH RICE UNIVERSITY,HOUSTON,TX,2025,National Science Foundation,55536985.0,57
K51LECU1G8N3,WILLIAM MARSH RICE UNIVERSITY,HOUSTON,TX,2026,National Institutes of Health,32322355.48,15
K51LECU1G8N3,WILLIAM MARSH RICE UNIVERSITY,HOUSTON,TX,2026,National Science Foundation,8254501.0,19
KABJZBBJ4B54,REGENTS OF THE UNIVERSITY OF MINNESOTA,MINNEAPOLIS,MN,2016,National Institutes of Health,236442293.0,540
KABJZBBJ4B54,REGENTS OF THE UNIVERSITY OF MINNESOTA,MINNEAPOLIS,MN,2016,National Science Foundation,67402621.0,250
KABJZBBJ4B54,REGENTS OF THE UNIVERSITY OF MINNESOTA,MINNEAPOLIS,MN,2017,National Institutes of Health,232170295.0,340
KABJZBBJ4B54,REGENTS OF THE UNIVERSITY OF MINNESOTA,MINNEAPOLIS,MN,2017,National Science Foundation,81214117.0,168
KABJZBBJ4B54,REGENTS OF THE UNIVERSITY OF MINNESOTA,MINNEAPOLIS,MN,2018,National Institutes of Health,266855086.0,190
KABJZBBJ4B54,REGENTS OF THE UNIVERSITY OF MINNESOTA,MINNEAPOLIS,MN,2018,National Science Foundation,70515303.0,124
KABJZBBJ4B54,REGENTS OF THE UNIVERSITY OF MINNESOTA,MINNEAPOLIS,MN,2019,National Institutes of Health,300457960.0,181
KABJZBBJ4B54,REGENTS OF THE UNIVERSITY OF MINNESOTA,MINNEAPOLIS,MN,2019,National Science Foundation,78438523.0,147
KABJZBBJ4B54,REGENTS OF THE UNIVERSITY OF MINNESOTA,MINNEAPOLIS,MN,2020,National Institutes of Health,335268037.0,194
KABJZBBJ4B54,REGENTS OF THE UNIVERSITY OF MINNESOTA,MINNEAPOLIS,MN,2020,National Science Foundation,73467019.0,136
KABJZBBJ4B54,REGENTS OF THE UNIVERSITY OF MINNESOTA,MINNEAPOLIS,MN,2021,National Institutes of Health,323336460.93,185
KABJZBBJ4B54,REGENTS OF THE UNIVERSITY OF MINNESOTA,MINNEAPOLIS,MN,2021,National Science Foundation,65150932.0,100
KABJZBBJ4B54,REGENTS OF THE UNIVERSITY OF MINNESOTA,MINNEAPOLIS,MN,2022,National Institutes of Health,423139473.82,194
KABJZBBJ4B54,REGENTS OF THE UNIVERSITY OF MINNESOTA,MINNEAPOLIS,MN,2022,National Science Foundation,77492619.0,108
KABJZBBJ4B54,REGENTS OF THE UNIVERSITY OF MINNESOTA,MINNEAPOLIS,MN,2023,National Institutes of Health,369744483.64,180
KABJZBBJ4B54,REGENTS OF THE UNIVERSITY OF MINNESOTA,MINNEAPOLIS,MN,2023,National Science Foundation,78385017.0,119
KABJZBBJ4B54,REGENTS OF THE UNIVERSITY OF MINNESOTA,MINNEAPOLIS,MN,2024,National Institutes of Health,370850272.15999997,170
KABJZBBJ4B54,REGENTS OF THE UNIVERSITY OF MINNESOTA,MINNEAPOLIS,MN,2024,National Science Foundation,74236895.0,124
KABJZBBJ4B54,REGENTS OF THE UNIVERSITY OF MINNESOTA,MINNEAPOLIS,MN,2025,National Institutes of Health,366427087.88,144
KABJZBBJ4B54,REGENTS OF THE UNIVERSITY OF MINNESOTA,MINNEAPOLIS,MN,2025,National Science Foundation,66523722.0,87
KABJZBBJ4B54,REGENTS OF THE UNIVERSITY OF MINNESOTA,MINNEAPOLIS,MN,2026,National Institutes of Health,279400258.06999993,120
KABJZBBJ4B54,REGENTS OF THE UNIVERSITY OF MINNESOTA,MINNEAPOLIS,MN,2026,National Science Foundation,14365962.0,24
KD5TGBT7AKC9,THE MIRIAM HOSPITAL,PROVIDENCE,RI,2016,National Institutes of Health,11027570.0,30
KD5TGBT7AKC9,THE MIRIAM HOSPITAL,PROVIDENCE,RI,2017,National Institutes of Health,10458611.0,19
KD5TGBT7AKC9,THE MIRIAM HOSPITAL,PROVIDENCE,RI,2018,National Institutes of Health,14670729.0,18
KD5TGBT7AKC9,THE MIRIAM HOSPITAL,PROVIDENCE,RI,2019,National Institutes of Health,15503290.0,9
KD5TGBT7AKC9,THE MIRIAM HOSPITAL,PROVIDENCE,RI,2020,National Institutes of Health,17740757.0,10
KD5TGBT7AKC9,THE MIRIAM HOSPITAL,PROVIDENCE,RI,2021,National Institutes of Health,17464906.23,6
KD5TGBT7AKC9,THE MIRIAM HOSPITAL,PROVIDENCE,RI,2022,National Institutes of Health,16328068.86,9
KD5TGBT7AKC9,THE MIRIAM HOSPITAL,PROVIDENCE,RI,2023,National Institutes of Health,16779914.79,6
KD5TGBT7AKC9,THE MIRIAM HOSPITAL,PROVIDENCE,RI,2024,National Institutes of Health,18790355.349999998,9
KD5TGBT7AKC9,THE MIRIAM HOSPITAL,PROVIDENCE,RI,2025,National Institutes of Health,17106084.16,7
KD5TGBT7AKC9,THE MIRIAM HOSPITAL,PROVIDENCE,RI,2026,National Institutes of Health,14427091.120000001,3
KG76WYENL5K1,NORTHWESTERN UNIVERSITY,EVANSTON,IL,2016,National Institutes of Health,259959813.0,554
KG76WYENL5K1,NORTHWESTERN UNIVERSITY,EVANSTON,IL,2016,National Science Foundation,450395.0,3
KG76WYENL5K1,NORTHWESTERN UNIVERSITY,EVANSTON,IL,2017,National Institutes of Health,246791352.0,246
KG76WYENL5K1,NORTHWESTERN UNIVERSITY,EVANSTON,IL,2017,National Science Foundation,250982.0,1
KG76WYENL5K1,NORTHWESTERN UNIVERSITY,EVANSTON,IL,2018,National Institutes of Health,296342797.0,184
KG76WYENL5K1,NORTHWESTERN UNIVERSITY,EVANSTON,IL,2018,National Science Foundation,309027.0,2
KG76WYENL5K1,NORTHWESTERN UNIVERSITY,EVANSTON,IL,2019,National Institutes of Health,309420335.0,151
KG76WYENL5K1,NORTHWESTERN UNIVERSITY,EVANSTON,IL,2019,National Science Foundation,613471.0,1
KG76WYENL5K1,NORTHWESTERN UNIVERSITY,EVANSTON,IL,2020,National Institutes of Health,344851921.0,175
KG76WYENL5K1,NORTHWESTERN UNIVERSITY,EVANSTON,IL,2020,National Science Foundation,205564.0,2
KG76WYENL5K1,NORTHWESTERN UNIVERSITY,EVANSTON,IL,2021,National Institutes of Health,342674047.11,160
KG76WYENL5K1,NORTHWESTERN UNIVERSITY,EVANSTON,IL,2021,National Science Foundation,31718.0,0
KG76WYENL5K1,NORTHWESTERN UNIVERSITY,EVANSTON,IL,2022,National Institutes of Health,370947442.44000006,180
KG76WYENL5K1,NORTHWESTERN UNIVERSITY,EVANSTON,IL,2022,National Science Foundation,200611.0,1
KG76WYENL5K1,NORTHWESTERN UNIVERSITY,EVANSTON,IL,2023,National Institutes of Health,402772770.9799999,165
KG76WYENL5K1,NORTHWESTERN UNIVERSITY,EVANSTON,IL,2023,National Science Foundation,340185.0,2
KG76WYENL5K1,NORTHWESTERN UNIVERSITY,EVANSTON,IL,2024,National Institutes of Health,395258578.88000005,178
KG76WYENL5K1,NORTHWESTERN UNIVERSITY,EVANSTON,IL,2024,National Science Foundation,1971272.0,4
KG76WYENL5K1,NORTHWESTERN UNIVERSITY,EVANSTON,IL,2025,National Institutes of Health,393543204.06,176
KG76WYENL5K1,NORTHWESTERN UNIVERSITY,EVANSTON,IL,2025,National Science Foundation,14687976.0,27
KG76WYENL5K1,NORTHWESTERN UNIVERSITY,EVANSTON,IL,2026,National Institutes of Health,333485781.68,171
KG76WYENL5K1,NORTHWESTERN UNIVERSITY,EVANSTON,IL,2026,National Science Foundation,4883383.0,26
KH6NJ6ND8737,J.DAVID GLADSTONE INSTITUTES,SAN FRANCISCO,CA,2016,National Institutes of Health,32819783.0,55
KH6NJ6ND8737,J.DAVID GLADSTONE INSTITUTES,SAN FRANCISCO,CA,2016,National Science Foundation,1010000.0,2
KH6NJ6ND8737,J.DAVID GLADSTONE INSTITUTES,SAN FRANCISCO,CA,2017,National Institutes of Health,31922063.0,23
KH6NJ6ND8737,J.DAVID GLADSTONE INSTITUTES,SAN FRANCISCO,CA,2017,National Science Foundation,399999.0,1
KH6NJ6ND8737,J.DAVID GLADSTONE INSTITUTES,SAN FRANCISCO,CA,2018,National Institutes of Health,26793565.0,13
KH6NJ6ND8737,J.DAVID GLADSTONE INSTITUTES,SAN FRANCISCO,CA,2018,National Science Foundation,1092285.0,1
KH6NJ6ND8737,J.DAVID GLADSTONE INSTITUTES,SAN FRANCISCO,CA,2019,National Institutes of Health,45270833.0,20
KH6NJ6ND8737,J.DAVID GLADSTONE INSTITUTES,SAN FRANCISCO,CA,2020,National Institutes of Health,30648653.0,14
KH6NJ6ND8737,J.DAVID GLADSTONE INSTITUTES,SAN FRANCISCO,CA,2020,National Science Foundation,149698.0,0
KH6NJ6ND8737,J.DAVID GLADSTONE INSTITUTES,SAN FRANCISCO,CA,2021,National Institutes of Health,45667241.87,20
KH6NJ6ND8737,J.DAVID GLADSTONE INSTITUTES,SAN FRANCISCO,CA,2021,National Science Foundation,457936.0,0
KH6NJ6ND8737,J.DAVID GLADSTONE INSTITUTES,SAN FRANCISCO,CA,2022,National Institutes of Health,45958222.980000004,16
KH6NJ6ND8737,J.DAVID GLADSTONE INSTITUTES,SAN FRANCISCO,CA,2022,National Science Foundation,1148427.0,1
KH6NJ6ND8737,J.DAVID GLADSTONE INSTITUTES,SAN FRANCISCO,CA,2023,National Institutes of Health,40364957.48,9
KH6NJ6ND8737,J.DAVID GLADSTONE INSTITUTES,SAN FRANCISCO,CA,2023,National Science Foundation,138428.0,1
KH6NJ6ND8737,J.DAVID GLADSTONE INSTITUTES,SAN FRANCISCO,CA,2024,National Institutes of Health,39403251.06,15
KH6NJ6ND8737,J.DAVID GLADSTONE INSTITUTES,SAN FRANCISCO,CA,2025,National Institutes of Health,47598198.129999995,25
KH6NJ6ND8737,J.DAVID GLADSTONE INSTITUTES,SAN FRANCISCO,CA,2025,National Science Foundation,1500004.0,1
KH6NJ6ND8737,J.DAVID GLADSTONE INSTITUTES,SAN FRANCISCO,CA,2026,National Institutes of Health,35659346.0,12
KMH5K9V7S518,"REGENTS OF THE UNIVERSITY OF CALIFORNIA, SAN FRANCISCO, THE",SAN FRANCISCO,CA,2016,National Institutes of Health,575720109.0,1188
KMH5K9V7S518,"REGENTS OF THE UNIVERSITY OF CALIFORNIA, SAN FRANCISCO, THE",SAN FRANCISCO,CA,2016,National Science Foundation,13332997.0,25
KMH5K9V7S518,"REGENTS OF THE UNIVERSITY OF CALIFORNIA, SAN FRANCISCO, THE",SAN FRANCISCO,CA,2017,National Institutes of Health,584115406.0,654
KMH5K9V7S518,"REGENTS OF THE UNIVERSITY OF CALIFORNIA, SAN FRANCISCO, THE",SAN FRANCISCO,CA,2017,National Science Foundation,11703157.0,8
KMH5K9V7S518,"REGENTS OF THE UNIVERSITY OF CALIFORNIA, SAN FRANCISCO, THE",SAN FRANCISCO,CA,2018,National Institutes of Health,631360578.0,391
KMH5K9V7S518,"REGENTS OF THE UNIVERSITY OF CALIFORNIA, SAN FRANCISCO, THE",SAN FRANCISCO,CA,2018,National Science Foundation,11731392.0,11
KMH5K9V7S518,"REGENTS OF THE UNIVERSITY OF CALIFORNIA, SAN FRANCISCO, THE",SAN FRANCISCO,CA,2019,National Institutes of Health,671722474.0,326
KMH5K9V7S518,"REGENTS OF THE UNIVERSITY OF CALIFORNIA, SAN FRANCISCO, THE",SAN FRANCISCO,CA,2019,National Science Foundation,13222721.0,6
KMH5K9V7S518,"REGENTS OF THE UNIVERSITY OF CALIFORNIA, SAN FRANCISCO, THE",SAN FRANCISCO,CA,2020,National Institutes of Health,680008259.0,339
KMH5K9V7S518,"REGENTS OF THE UNIVERSITY OF CALIFORNIA, SAN FRANCISCO, THE",SAN FRANCISCO,CA,2020,National Science Foundation,15756178.0,12
KMH5K9V7S518,"REGENTS OF THE UNIVERSITY OF CALIFORNIA, SAN FRANCISCO, THE",SAN FRANCISCO,CA,2021,National Institutes of Health,694052671.3199999,354
KMH5K9V7S518,"REGENTS OF THE UNIVERSITY OF CALIFORNIA, SAN FRANCISCO, THE",SAN FRANCISCO,CA,2021,National Science Foundation,12850835.0,4
KMH5K9V7S518,"REGENTS OF THE UNIVERSITY OF CALIFORNIA, SAN FRANCISCO, THE",SAN FRANCISCO,CA,2022,National Institutes of Health,812636303.28,348
KMH5K9V7S518,"REGENTS OF THE UNIVERSITY OF CALIFORNIA, SAN FRANCISCO, THE",SAN FRANCISCO,CA,2022,National Science Foundation,13102027.0,9
KMH5K9V7S518,"REGENTS OF THE UNIVERSITY OF CALIFORNIA, SAN FRANCISCO, THE",SAN FRANCISCO,CA,2023,National Institutes of Health,771331748.7800002,314
KMH5K9V7S518,"REGENTS OF THE UNIVERSITY OF CALIFORNIA, SAN FRANCISCO, THE",SAN FRANCISCO,CA,2023,National Science Foundation,16253400.0,11
KMH5K9V7S518,"REGENTS OF THE UNIVERSITY OF CALIFORNIA, SAN FRANCISCO, THE",SAN FRANCISCO,CA,2024,National Institutes of Health,811324870.35,318
KMH5K9V7S518,"REGENTS OF THE UNIVERSITY OF CALIFORNIA, SAN FRANCISCO, THE",SAN FRANCISCO,CA,2024,National Science Foundation,10278437.0,6
KMH5K9V7S518,"REGENTS OF THE UNIVERSITY OF CALIFORNIA, SAN FRANCISCO, THE",SAN FRANCISCO,CA,2025,National Institutes of Health,806411356.8300002,294
KMH5K9V7S518,"REGENTS OF THE UNIVERSITY OF CALIFORNIA, SAN FRANCISCO, THE",SAN FRANCISCO,CA,2025,National Science Foundation,12150818.0,8
KMH5K9V7S518,"REGENTS OF THE UNIVERSITY OF CALIFORNIA, SAN FRANCISCO, THE",SAN FRANCISCO,CA,2026,National Institutes of Health,631756932.4700001,238
KMH5K9V7S518,"REGENTS OF THE UNIVERSITY OF CALIFORNIA, SAN FRANCISCO, THE",SAN FRANCISCO,CA,2026,National Science Foundation,3943141.0,1
KMZBB7SJBP72,"CONSORTIUM FOR OCEAN LEADERSHIP, INC.",WASHINGTON,DC,2016,National Science Foundation,52224460.0,3
KMZBB7SJBP72,"CONSORTIUM FOR OCEAN LEADERSHIP, INC.",WASHINGTON,DC,2017,National Science Foundation,1036114.0,5
KMZBB7SJBP72,"CONSORTIUM FOR OCEAN LEADERSHIP, INC.",WASHINGTON,DC,2018,National Science Foundation,32484031.0,2
KMZBB7SJBP72,"CONSORTIUM FOR OCEAN LEADERSHIP, INC.",WASHINGTON,DC,2019,National Science Foundation,-1581514.0,2
KMZBB7SJBP72,"CONSORTIUM FOR OCEAN LEADERSHIP, INC.",WASHINGTON,DC,2020,National Science Foundation,180000.0,0
KMZBB7SJBP72,"CONSORTIUM FOR OCEAN LEADERSHIP, INC.",WASHINGTON,DC,2021,National Science Foundation,239586.0,2
KMZBB7SJBP72,"CONSORTIUM FOR OCEAN LEADERSHIP, INC.",WASHINGTON,DC,2022,National Science Foundation,-5000.0,0
KMZBB7SJBP72,"CONSORTIUM FOR OCEAN LEADERSHIP, INC.",WASHINGTON,DC,2023,National Science Foundation,-142557.0,0
KNSQZPJ3K775,STOWERS INSTITUTE FOR MEDICAL RESEARCH,KANSAS CITY,MO,2016,National Institutes of Health,3610279.0,12
KNSQZPJ3K775,STOWERS INSTITUTE FOR MEDICAL RESEARCH,KANSAS CITY,MO,2017,National Institutes of Health,4627476.0,9
KNSQZPJ3K775,STOWERS INSTITUTE FOR MEDICAL RESEARCH,KANSAS CITY,MO,2018,National Institutes of Health,8419785.0,8
KNSQZPJ3K775,STOWERS INSTITUTE FOR MEDICAL RESEARCH,KANSAS CITY,MO,2019,National Institutes of Health,5014943.0,4
KNSQZPJ3K775,STOWERS INSTITUTE FOR MEDICAL RESEARCH,KANSAS CITY,MO,2020,National Institutes of Health,7605203.0,7
KNSQZPJ3K775,STOWERS INSTITUTE FOR MEDICAL RESEARCH,KANSAS CITY,MO,2021,National Institutes of Health,3723023.8,7
KNSQZPJ3K775,STOWERS INSTITUTE FOR MEDICAL RESEARCH,KANSAS CITY,MO,2022,National Institutes of Health,4618961.65,5
KNSQZPJ3K775,STOWERS INSTITUTE FOR MEDICAL RESEARCH,KANSAS CITY,MO,2023,National Institutes of Health,4297294.47,6
KNSQZPJ3K775,STOWERS INSTITUTE FOR MEDICAL RESEARCH,KANSAS CITY,MO,2024,National Institutes of Health,5224081.37,5
KNSQZPJ3K775,STOWERS INSTITUTE FOR MEDICAL RESEARCH,KANSAS CITY,MO,2025,National Institutes of Health,2701812.5700000003,1
KNSQZPJ3K775,STOWERS INSTITUTE FOR MEDICAL RESEARCH,KANSAS CITY,MO,2026,National Institutes of Health,2980231.99,2
KNSQZPJ3K775,STOWERS INSTITUTE FOR MEDICAL RESEARCH,KANSAS CITY,MO,2026,National Science Foundation,1385455.0,2
KSJKE3KVNBB4,HAMPTON UNIVERSITY,HAMPTON,VA,2016,National Institutes of Health,4486495.0,9
KSJKE3KVNBB4,HAMPTON UNIVERSITY,HAMPTON,VA,2016,National Science Foundation,3880665.0,14
KSJKE3KVNBB4,HAMPTON UNIVERSITY,HAMPTON,VA,2017,National Institutes of Health,3640924.0,1
KSJKE3KVNBB4,HAMPTON UNIVERSITY,HAMPTON,VA,2017,National Science Foundation,1393896.0,6
KSJKE3KVNBB4,HAMPTON UNIVERSITY,HAMPTON,VA,2018,National Institutes of Health,877305.0,3
KSJKE3KVNBB4,HAMPTON UNIVERSITY,HAMPTON,VA,2018,National Science Foundation,3233995.0,6
KSJKE3KVNBB4,HAMPTON UNIVERSITY,HAMPTON,VA,2019,National Institutes of Health,1219156.0,1
KSJKE3KVNBB4,HAMPTON UNIVERSITY,HAMPTON,VA,2019,National Science Foundation,2846577.0,7
KSJKE3KVNBB4,HAMPTON UNIVERSITY,HAMPTON,VA,2020,National Institutes of Health,1170610.0,2
KSJKE3KVNBB4,HAMPTON UNIVERSITY,HAMPTON,VA,2020,National Science Foundation,2357868.0,6
KSJKE3KVNBB4,HAMPTON UNIVERSITY,HAMPTON,VA,2021,National Institutes of Health,1020588.38,1
KSJKE3KVNBB4,HAMPTON UNIVERSITY,HAMPTON,VA,2021,National Science Foundation,6474186.0,7
KSJKE3KVNBB4,HAMPTON UNIVERSITY,HAMPTON,VA,2022,National Institutes of Health,2107241.66,1
KSJKE3KVNBB4,HAMPTON UNIVERSITY,HAMPTON,VA,2022,National Science Foundation,1671500.0,3
KSJKE3KVNBB4,HAMPTON UNIVERSITY,HAMPTON,VA,2023,National Institutes of Health,1439843.2,0
KSJKE3KVNBB4,HAMPTON UNIVERSITY,HAMPTON,VA,2023,National Science Foundation,1269734.0,2
KSJKE3KVNBB4,HAMPTON UNIVERSITY,HAMPTON,VA,2024,National Institutes of Health,-662037.68,2
KSJKE3KVNBB4,HAMPTON UNIVERSITY,HAMPTON,VA,2024,National Science Foundation,2880808.0,9
KSJKE3KVNBB4,HAMPTON UNIVERSITY,HAMPTON,VA,2025,National Institutes of Health,306158.94000000006,2
KSJKE3KVNBB4,HAMPTON UNIVERSITY,HAMPTON,VA,2025,National Science Foundation,1802712.0,2
KSJKE3KVNBB4,HAMPTON UNIVERSITY,HAMPTON,VA,2026,National Institutes of Health,-59925.810000000005,0
KSJKE3KVNBB4,HAMPTON UNIVERSITY,HAMPTON,VA,2026,National Science Foundation,0.0,0
KU3DCFJJTVN3,TEXAS A&M AGRILIFE RESEARCH,COLLEGE STATION,TX,2016,National Institutes of Health,13618904.0,45
KU3DCFJJTVN3,TEXAS A&M AGRILIFE RESEARCH,COLLEGE STATION,TX,2016,National Science Foundation,4946662.0,22
KU3DCFJJTVN3,TEXAS A&M AGRILIFE RESEARCH,COLLEGE STATION,TX,2017,National Institutes of Health,14604553.0,19
KU3DCFJJTVN3,TEXAS A&M AGRILIFE RESEARCH,COLLEGE STATION,TX,2017,National Science Foundation,5279614.0,10
KU3DCFJJTVN3,TEXAS A&M AGRILIFE RESEARCH,COLLEGE STATION,TX,2018,National Institutes of Health,18117952.0,18
KU3DCFJJTVN3,TEXAS A&M AGRILIFE RESEARCH,COLLEGE STATION,TX,2018,National Science Foundation,4058336.0,10
KU3DCFJJTVN3,TEXAS A&M AGRILIFE RESEARCH,COLLEGE STATION,TX,2019,National Institutes of Health,19516110.0,17
KU3DCFJJTVN3,TEXAS A&M AGRILIFE RESEARCH,COLLEGE STATION,TX,2019,National Science Foundation,4331927.0,6
KU3DCFJJTVN3,TEXAS A&M AGRILIFE RESEARCH,COLLEGE STATION,TX,2020,National Institutes of Health,20069183.0,10
KU3DCFJJTVN3,TEXAS A&M AGRILIFE RESEARCH,COLLEGE STATION,TX,2020,National Science Foundation,4942445.0,8
KU3DCFJJTVN3,TEXAS A&M AGRILIFE RESEARCH,COLLEGE STATION,TX,2021,National Institutes of Health,23777798.07,15
KU3DCFJJTVN3,TEXAS A&M AGRILIFE RESEARCH,COLLEGE STATION,TX,2021,National Science Foundation,2729466.0,6
KU3DCFJJTVN3,TEXAS A&M AGRILIFE RESEARCH,COLLEGE STATION,TX,2022,National Institutes of Health,21202676.03,9
KU3DCFJJTVN3,TEXAS A&M AGRILIFE RESEARCH,COLLEGE STATION,TX,2022,National Science Foundation,5001475.0,12
KU3DCFJJTVN3,TEXAS A&M AGRILIFE RESEARCH,COLLEGE STATION,TX,2023,National Institutes of Health,18247195.51,11
KU3DCFJJTVN3,TEXAS A&M AGRILIFE RESEARCH,COLLEGE STATION,TX,2023,National Science Foundation,2333491.0,6
KU3DCFJJTVN3,TEXAS A&M AGRILIFE RESEARCH,COLLEGE STATION,TX,2024,National Institutes of Health,14198938.42,12
KU3DCFJJTVN3,TEXAS A&M AGRILIFE RESEARCH,COLLEGE STATION,TX,2024,National Science Foundation,1566803.0,4
KU3DCFJJTVN3,TEXAS A&M AGRILIFE RESEARCH,COLLEGE STATION,TX,2025,National Institutes of Health,17207742.869999997,14
KU3DCFJJTVN3,TEXAS A&M AGRILIFE RESEARCH,COLLEGE STATION,TX,2025,National Science Foundation,4957627.0,7
KU3DCFJJTVN3,TEXAS A&M AGRILIFE RESEARCH,COLLEGE STATION,TX,2026,National Institutes of Health,17864675.81,8
KU3DCFJJTVN3,TEXAS A&M AGRILIFE RESEARCH,COLLEGE STATION,TX,2026,National Science Foundation,-483607.0,0
KUKXRCZ6NZC2,SLOAN-KETTERING INSTITUTE FOR CANCER RESEARCH,NEW YORK,NY,2016,National Institutes of Health,132028526.0,258
KUKXRCZ6NZC2,SLOAN-KETTERING INSTITUTE FOR CANCER RESEARCH,NEW YORK,NY,2016,National Science Foundation,920275.0,4
KUKXRCZ6NZC2,SLOAN-KETTERING INSTITUTE FOR CANCER RESEARCH,NEW YORK,NY,2017,National Institutes of Health,142763059.0,133
KUKXRCZ6NZC2,SLOAN-KETTERING INSTITUTE FOR CANCER RESEARCH,NEW YORK,NY,2017,National Science Foundation,507537.0,2
KUKXRCZ6NZC2,SLOAN-KETTERING INSTITUTE FOR CANCER RESEARCH,NEW YORK,NY,2018,National Institutes of Health,159044243.0,98
KUKXRCZ6NZC2,SLOAN-KETTERING INSTITUTE FOR CANCER RESEARCH,NEW YORK,NY,2018,National Science Foundation,639214.0,1
KUKXRCZ6NZC2,SLOAN-KETTERING INSTITUTE FOR CANCER RESEARCH,NEW YORK,NY,2019,National Institutes of Health,171376529.0,66
KUKXRCZ6NZC2,SLOAN-KETTERING INSTITUTE FOR CANCER RESEARCH,NEW YORK,NY,2019,National Science Foundation,255000.0,1
KUKXRCZ6NZC2,SLOAN-KETTERING INSTITUTE FOR CANCER RESEARCH,NEW YORK,NY,2020,National Institutes of Health,183456073.0,75
KUKXRCZ6NZC2,SLOAN-KETTERING INSTITUTE FOR CANCER RESEARCH,NEW YORK,NY,2020,National Science Foundation,199999.0,1
KUKXRCZ6NZC2,SLOAN-KETTERING INSTITUTE FOR CANCER RESEARCH,NEW YORK,NY,2021,National Institutes of Health,183137974.48000002,82
KUKXRCZ6NZC2,SLOAN-KETTERING INSTITUTE FOR CANCER RESEARCH,NEW YORK,NY,2022,National Institutes of Health,266121298.35000002,81
KUKXRCZ6NZC2,SLOAN-KETTERING INSTITUTE FOR CANCER RESEARCH,NEW YORK,NY,2022,National Science Foundation,240084.0,1
KUKXRCZ6NZC2,SLOAN-KETTERING INSTITUTE FOR CANCER RESEARCH,NEW YORK,NY,2023,National Institutes of Health,203322142.29999995,92
KUKXRCZ6NZC2,SLOAN-KETTERING INSTITUTE FOR CANCER RESEARCH,NEW YORK,NY,2023,National Science Foundation,147000.0,0
KUKXRCZ6NZC2,SLOAN-KETTERING INSTITUTE FOR CANCER RESEARCH,NEW YORK,NY,2024,National Institutes of Health,200724813.95000002,61
KUKXRCZ6NZC2,SLOAN-KETTERING INSTITUTE FOR CANCER RESEARCH,NEW YORK,NY,2024,National Science Foundation,219688.0,1
KUKXRCZ6NZC2,SLOAN-KETTERING INSTITUTE FOR CANCER RESEARCH,NEW YORK,NY,2025,National Institutes of Health,236017036.42999995,54
KUKXRCZ6NZC2,SLOAN-KETTERING INSTITUTE FOR CANCER RESEARCH,NEW YORK,NY,2025,National Science Foundation,443312.0,0
KUKXRCZ6NZC2,SLOAN-KETTERING INSTITUTE FOR CANCER RESEARCH,NEW YORK,NY,2026,National Institutes of Health,168877934.94,52
KULSKCCZJT27,MORGAN STATE UNIVERSITY,BALTIMORE,MD,2016,National Institutes of Health,5385928.0,4
KULSKCCZJT27,MORGAN STATE UNIVERSITY,BALTIMORE,MD,2016,National Science Foundation,1334432.0,8
KULSKCCZJT27,MORGAN STATE UNIVERSITY,BALTIMORE,MD,2017,National Institutes of Health,5418974.0,1
KULSKCCZJT27,MORGAN STATE UNIVERSITY,BALTIMORE,MD,2017,National Science Foundation,797775.0,4
KULSKCCZJT27,MORGAN STATE UNIVERSITY,BALTIMORE,MD,2018,National Institutes of Health,5206632.0,2
KULSKCCZJT27,MORGAN STATE UNIVERSITY,BALTIMORE,MD,2018,National Science Foundation,2982488.0,7
KULSKCCZJT27,MORGAN STATE UNIVERSITY,BALTIMORE,MD,2019,National Institutes of Health,8461184.0,3
KULSKCCZJT27,MORGAN STATE UNIVERSITY,BALTIMORE,MD,2019,National Science Foundation,3227058.0,6
KULSKCCZJT27,MORGAN STATE UNIVERSITY,BALTIMORE,MD,2020,National Institutes of Health,7375636.0,1
KULSKCCZJT27,MORGAN STATE UNIVERSITY,BALTIMORE,MD,2020,National Science Foundation,6299787.0,13
KULSKCCZJT27,MORGAN STATE UNIVERSITY,BALTIMORE,MD,2021,National Institutes of Health,7123948.0,0
KULSKCCZJT27,MORGAN STATE UNIVERSITY,BALTIMORE,MD,2021,National Science Foundation,9330827.0,17
KULSKCCZJT27,MORGAN STATE UNIVERSITY,BALTIMORE,MD,2022,National Institutes of Health,6934384.85,2
KULSKCCZJT27,MORGAN STATE UNIVERSITY,BALTIMORE,MD,2022,National Science Foundation,4219559.0,12
KULSKCCZJT27,MORGAN STATE UNIVERSITY,BALTIMORE,MD,2023,National Institutes of Health,5617280.22,1
KULSKCCZJT27,MORGAN STATE UNIVERSITY,BALTIMORE,MD,2023,National Science Foundation,12182357.0,16
KULSKCCZJT27,MORGAN STATE UNIVERSITY,BALTIMORE,MD,2024,National Institutes of Health,4322753.21,2
KULSKCCZJT27,MORGAN STATE UNIVERSITY,BALTIMORE,MD,2024,National Science Foundation,4680561.0,9
KULSKCCZJT27,MORGAN STATE UNIVERSITY,BALTIMORE,MD,2025,National Institutes of Health,4474915.350000001,0
KULSKCCZJT27,MORGAN STATE UNIVERSITY,BALTIMORE,MD,2025,National Science Foundation,6399594.0,11
KULSKCCZJT27,MORGAN STATE UNIVERSITY,BALTIMORE,MD,2026,National Institutes of Health,2760197.2900000005,2
KULSKCCZJT27,MORGAN STATE UNIVERSITY,BALTIMORE,MD,2026,National Science Foundation,0.0,0
KWTAB1GYM4L9,UNIVERSITY OF PUERTO RICO MEDICAL SCIENCES CAMPUS,SAN JUAN,PR,2016,National Institutes of Health,23526490.0,33
KWTAB1GYM4L9,UNIVERSITY OF PUERTO RICO MEDICAL SCIENCES CAMPUS,SAN JUAN,PR,2016,National Science Foundation,1560780.0,3
KWTAB1GYM4L9,UNIVERSITY OF PUERTO RICO MEDICAL SCIENCES CAMPUS,SAN JUAN,PR,2017,National Institutes of Health,25131309.0,16
KWTAB1GYM4L9,UNIVERSITY OF PUERTO RICO MEDICAL SCIENCES CAMPUS,SAN JUAN,PR,2017,National Science Foundation,828809.0,1
KWTAB1GYM4L9,UNIVERSITY OF PUERTO RICO MEDICAL SCIENCES CAMPUS,SAN JUAN,PR,2018,National Institutes of Health,33001806.0,13
KWTAB1GYM4L9,UNIVERSITY OF PUERTO RICO MEDICAL SCIENCES CAMPUS,SAN JUAN,PR,2018,National Science Foundation,1842404.0,0
KWTAB1GYM4L9,UNIVERSITY OF PUERTO RICO MEDICAL SCIENCES CAMPUS,SAN JUAN,PR,2019,National Institutes of Health,27945955.0,4
KWTAB1GYM4L9,UNIVERSITY OF PUERTO RICO MEDICAL SCIENCES CAMPUS,SAN JUAN,PR,2019,National Science Foundation,73007.0,0
KWTAB1GYM4L9,UNIVERSITY OF PUERTO RICO MEDICAL SCIENCES CAMPUS,SAN JUAN,PR,2020,National Institutes of Health,25205906.0,10
KWTAB1GYM4L9,UNIVERSITY OF PUERTO RICO MEDICAL SCIENCES CAMPUS,SAN JUAN,PR,2020,National Science Foundation,4619911.0,1
KWTAB1GYM4L9,UNIVERSITY OF PUERTO RICO MEDICAL SCIENCES CAMPUS,SAN JUAN,PR,2021,National Institutes of Health,30259862.970000003,7
KWTAB1GYM4L9,UNIVERSITY OF PUERTO RICO MEDICAL SCIENCES CAMPUS,SAN JUAN,PR,2021,National Science Foundation,259815.0,0
KWTAB1GYM4L9,UNIVERSITY OF PUERTO RICO MEDICAL SCIENCES CAMPUS,SAN JUAN,PR,2022,National Institutes of Health,29485423.68,10
KWTAB1GYM4L9,UNIVERSITY OF PUERTO RICO MEDICAL SCIENCES CAMPUS,SAN JUAN,PR,2022,National Science Foundation,767024.0,2
KWTAB1GYM4L9,UNIVERSITY OF PUERTO RICO MEDICAL SCIENCES CAMPUS,SAN JUAN,PR,2023,National Institutes of Health,27895945.95,7
KWTAB1GYM4L9,UNIVERSITY OF PUERTO RICO MEDICAL SCIENCES CAMPUS,SAN JUAN,PR,2023,National Science Foundation,1035462.0,3
KWTAB1GYM4L9,UNIVERSITY OF PUERTO RICO MEDICAL SCIENCES CAMPUS,SAN JUAN,PR,2024,National Institutes of Health,29250860.49,6
KWTAB1GYM4L9,UNIVERSITY OF PUERTO RICO MEDICAL SCIENCES CAMPUS,SAN JUAN,PR,2024,National Science Foundation,0.0,0
KWTAB1GYM4L9,UNIVERSITY OF PUERTO RICO MEDICAL SCIENCES CAMPUS,SAN JUAN,PR,2025,National Institutes of Health,27278630.230000004,5
KWTAB1GYM4L9,UNIVERSITY OF PUERTO RICO MEDICAL SCIENCES CAMPUS,SAN JUAN,PR,2025,National Science Foundation,105692.0,1
KWTAB1GYM4L9,UNIVERSITY OF PUERTO RICO MEDICAL SCIENCES CAMPUS,SAN JUAN,PR,2026,National Institutes of Health,19217374.41,7
KXN7HGCF6K91,UNIVERSITY OF MIAMI,MIAMI,FL,2016,National Institutes of Health,532655.0,1
KXN7HGCF6K91,UNIVERSITY OF MIAMI,MIAMI,FL,2016,National Science Foundation,7091030.0,19
KXN7HGCF6K91,UNIVERSITY OF MIAMI,MIAMI,FL,2017,National Institutes of Health,516371.0,0
KXN7HGCF6K91,UNIVERSITY OF MIAMI,MIAMI,FL,2017,National Science Foundation,4529407.0,10
KXN7HGCF6K91,UNIVERSITY OF MIAMI,MIAMI,FL,2018,National Institutes of Health,554444.0,0
KXN7HGCF6K91,UNIVERSITY OF MIAMI,MIAMI,FL,2018,National Science Foundation,9327487.0,17
KXN7HGCF6K91,UNIVERSITY OF MIAMI,MIAMI,FL,2019,National Institutes of Health,646323.0,0
KXN7HGCF6K91,UNIVERSITY OF MIAMI,MIAMI,FL,2019,National Science Foundation,7931672.0,10
KXN7HGCF6K91,UNIVERSITY OF MIAMI,MIAMI,FL,2020,National Institutes of Health,938814.0,0
KXN7HGCF6K91,UNIVERSITY OF MIAMI,MIAMI,FL,2020,National Science Foundation,6729933.0,11
KXN7HGCF6K91,UNIVERSITY OF MIAMI,MIAMI,FL,2021,National Institutes of Health,824408.0,0
KXN7HGCF6K91,UNIVERSITY OF MIAMI,MIAMI,FL,2021,National Science Foundation,7022852.0,13
KXN7HGCF6K91,UNIVERSITY OF MIAMI,MIAMI,FL,2022,National Institutes of Health,565533.0,0
KXN7HGCF6K91,UNIVERSITY OF MIAMI,MIAMI,FL,2022,National Science Foundation,9289785.0,11
KXN7HGCF6K91,UNIVERSITY OF MIAMI,MIAMI,FL,2023,National Institutes of Health,565533.0,0
KXN7HGCF6K91,UNIVERSITY OF MIAMI,MIAMI,FL,2023,National Science Foundation,14184013.0,18
KXN7HGCF6K91,UNIVERSITY OF MIAMI,MIAMI,FL,2024,National Institutes of Health,919240.0,0
KXN7HGCF6K91,UNIVERSITY OF MIAMI,MIAMI,FL,2024,National Science Foundation,8107986.0,5
KXN7HGCF6K91,UNIVERSITY OF MIAMI,MIAMI,FL,2025,National Institutes of Health,770682.0,0
KXN7HGCF6K91,UNIVERSITY OF MIAMI,MIAMI,FL,2025,National Science Foundation,8429325.0,10
KXN7HGCF6K91,UNIVERSITY OF MIAMI,MIAMI,FL,2026,National Institutes of Health,776339.0,0
KXN7HGCF6K91,UNIVERSITY OF MIAMI,MIAMI,FL,2026,National Science Foundation,1944648.0,3
KXNVA7JCC5K6,KENT STATE UNIVERSITY,KENT,OH,2016,National Institutes of Health,3023634.0,7
KXNVA7JCC5K6,KENT STATE UNIVERSITY,KENT,OH,2016,National Science Foundation,2290320.0,21
KXNVA7JCC5K6,KENT STATE UNIVERSITY,KENT,OH,2017,National Institutes of Health,4052201.0,8
KXNVA7JCC5K6,KENT STATE UNIVERSITY,KENT,OH,2017,National Science Foundation,3699615.0,15
KXNVA7JCC5K6,KENT STATE UNIVERSITY,KENT,OH,2018,National Institutes of Health,5629034.0,12
KXNVA7JCC5K6,KENT STATE UNIVERSITY,KENT,OH,2018,National Science Foundation,3700149.0,13
KXNVA7JCC5K6,KENT STATE UNIVERSITY,KENT,OH,2019,National Institutes of Health,4993028.0,9
KXNVA7JCC5K6,KENT STATE UNIVERSITY,KENT,OH,2019,National Science Foundation,8299246.0,20
KXNVA7JCC5K6,KENT STATE UNIVERSITY,KENT,OH,2020,National Institutes of Health,5057519.0,7
KXNVA7JCC5K6,KENT STATE UNIVERSITY,KENT,OH,2020,National Science Foundation,3563797.0,14
KXNVA7JCC5K6,KENT STATE UNIVERSITY,KENT,OH,2021,National Institutes of Health,2578555.12,4
KXNVA7JCC5K6,KENT STATE UNIVERSITY,KENT,OH,2021,National Science Foundation,5913264.0,17
KXNVA7JCC5K6,KENT STATE UNIVERSITY,KENT,OH,2022,National Institutes of Health,3280718.52,3
KXNVA7JCC5K6,KENT STATE UNIVERSITY,KENT,OH,2022,National Science Foundation,4861410.0,15
KXNVA7JCC5K6,KENT STATE UNIVERSITY,KENT,OH,2023,National Institutes of Health,5197187.63,10
KXNVA7JCC5K6,KENT STATE UNIVERSITY,KENT,OH,2023,National Science Foundation,4275581.0,10
KXNVA7JCC5K6,KENT STATE UNIVERSITY,KENT,OH,2024,National Institutes of Health,4837943.129999999,6
KXNVA7JCC5K6,KENT STATE UNIVERSITY,KENT,OH,2024,National Science Foundation,3654642.0,7
KXNVA7JCC5K6,KENT STATE UNIVERSITY,KENT,OH,2025,National Institutes of Health,3130046.79,3
KXNVA7JCC5K6,KENT STATE UNIVERSITY,KENT,OH,2025,National Science Foundation,7447900.0,9
KXNVA7JCC5K6,KENT STATE UNIVERSITY,KENT,OH,2026,National Institutes of Health,1262344.65,1
KXNVA7JCC5K6,KENT STATE UNIVERSITY,KENT,OH,2026,National Science Foundation,1585396.0,2
L1DXXP1KGP77,NORTH CAROLINA CENTRAL UNIVERSITY,DURHAM,NC,2016,National Institutes of Health,4248237.0,8
L1DXXP1KGP77,NORTH CAROLINA CENTRAL UNIVERSITY,DURHAM,NC,2016,National Science Foundation,4270933.0,10
L1DXXP1KGP77,NORTH CAROLINA CENTRAL UNIVERSITY,DURHAM,NC,2017,National Institutes of Health,7708855.0,7
L1DXXP1KGP77,NORTH CAROLINA CENTRAL UNIVERSITY,DURHAM,NC,2017,National Science Foundation,2720472.0,4
L1DXXP1KGP77,NORTH CAROLINA CENTRAL UNIVERSITY,DURHAM,NC,2018,National Institutes of Health,8166320.0,1
L1DXXP1KGP77,NORTH CAROLINA CENTRAL UNIVERSITY,DURHAM,NC,2018,National Science Foundation,6471736.0,9
L1DXXP1KGP77,NORTH CAROLINA CENTRAL UNIVERSITY,DURHAM,NC,2019,National Institutes of Health,8760679.0,6
L1DXXP1KGP77,NORTH CAROLINA CENTRAL UNIVERSITY,DURHAM,NC,2019,National Science Foundation,3290733.0,7
L1DXXP1KGP77,NORTH CAROLINA CENTRAL UNIVERSITY,DURHAM,NC,2020,National Institutes of Health,7276821.0,4
L1DXXP1KGP77,NORTH CAROLINA CENTRAL UNIVERSITY,DURHAM,NC,2020,National Science Foundation,3105710.0,7
L1DXXP1KGP77,NORTH CAROLINA CENTRAL UNIVERSITY,DURHAM,NC,2021,National Institutes of Health,10489594.15,2
L1DXXP1KGP77,NORTH CAROLINA CENTRAL UNIVERSITY,DURHAM,NC,2021,National Science Foundation,2180115.0,5
L1DXXP1KGP77,NORTH CAROLINA CENTRAL UNIVERSITY,DURHAM,NC,2022,National Institutes of Health,9205220.84,7
L1DXXP1KGP77,NORTH CAROLINA CENTRAL UNIVERSITY,DURHAM,NC,2022,National Science Foundation,2329707.0,4
L1DXXP1KGP77,NORTH CAROLINA CENTRAL UNIVERSITY,DURHAM,NC,2023,National Institutes of Health,5694526.6,0
L1DXXP1KGP77,NORTH CAROLINA CENTRAL UNIVERSITY,DURHAM,NC,2023,National Science Foundation,3357759.0,4
L1DXXP1KGP77,NORTH CAROLINA CENTRAL UNIVERSITY,DURHAM,NC,2024,National Institutes of Health,6490098.33,4
L1DXXP1KGP77,NORTH CAROLINA CENTRAL UNIVERSITY,DURHAM,NC,2024,National Science Foundation,2409225.0,5
L1DXXP1KGP77,NORTH CAROLINA CENTRAL UNIVERSITY,DURHAM,NC,2025,National Institutes of Health,6262969.45,2
L1DXXP1KGP77,NORTH CAROLINA CENTRAL UNIVERSITY,DURHAM,NC,2025,National Science Foundation,2288908.0,1
L1DXXP1KGP77,NORTH CAROLINA CENTRAL UNIVERSITY,DURHAM,NC,2026,National Institutes of Health,4641538.51,0
L3ATVUT2KNK7,THE UNIVERSITY OF TEXAS RIO GRANDE VALLEY,EDINBURG,TX,2016,National Institutes of Health,9841099.0,20
L3ATVUT2KNK7,THE UNIVERSITY OF TEXAS RIO GRANDE VALLEY,EDINBURG,TX,2016,National Science Foundation,2219583.0,11
L3ATVUT2KNK7,THE UNIVERSITY OF TEXAS RIO GRANDE VALLEY,EDINBURG,TX,2017,National Institutes of Health,4644402.0,2
L3ATVUT2KNK7,THE UNIVERSITY OF TEXAS RIO GRANDE VALLEY,EDINBURG,TX,2017,National Science Foundation,2998786.0,8
L3ATVUT2KNK7,THE UNIVERSITY OF TEXAS RIO GRANDE VALLEY,EDINBURG,TX,2018,National Institutes of Health,5557829.0,7
L3ATVUT2KNK7,THE UNIVERSITY OF TEXAS RIO GRANDE VALLEY,EDINBURG,TX,2018,National Science Foundation,4667888.0,11
L3ATVUT2KNK7,THE UNIVERSITY OF TEXAS RIO GRANDE VALLEY,EDINBURG,TX,2019,National Institutes of Health,3144261.0,4
L3ATVUT2KNK7,THE UNIVERSITY OF TEXAS RIO GRANDE VALLEY,EDINBURG,TX,2019,National Science Foundation,3236109.0,10
L3ATVUT2KNK7,THE UNIVERSITY OF TEXAS RIO GRANDE VALLEY,EDINBURG,TX,2020,National Institutes of Health,8150045.0,11
L3ATVUT2KNK7,THE UNIVERSITY OF TEXAS RIO GRANDE VALLEY,EDINBURG,TX,2020,National Science Foundation,3327433.0,7
L3ATVUT2KNK7,THE UNIVERSITY OF TEXAS RIO GRANDE VALLEY,EDINBURG,TX,2021,National Institutes of Health,8015159.71,7
L3ATVUT2KNK7,THE UNIVERSITY OF TEXAS RIO GRANDE VALLEY,EDINBURG,TX,2021,National Science Foundation,9140660.0,11
L3ATVUT2KNK7,THE UNIVERSITY OF TEXAS RIO GRANDE VALLEY,EDINBURG,TX,2022,National Institutes of Health,7532016.83,9
L3ATVUT2KNK7,THE UNIVERSITY OF TEXAS RIO GRANDE VALLEY,EDINBURG,TX,2022,National Science Foundation,7224035.0,11
L3ATVUT2KNK7,THE UNIVERSITY OF TEXAS RIO GRANDE VALLEY,EDINBURG,TX,2023,National Institutes of Health,11227778.78,8
L3ATVUT2KNK7,THE UNIVERSITY OF TEXAS RIO GRANDE VALLEY,EDINBURG,TX,2023,National Science Foundation,9487989.0,15
L3ATVUT2KNK7,THE UNIVERSITY OF TEXAS RIO GRANDE VALLEY,EDINBURG,TX,2024,National Institutes of Health,14092343.090000002,6
L3ATVUT2KNK7,THE UNIVERSITY OF TEXAS RIO GRANDE VALLEY,EDINBURG,TX,2024,National Science Foundation,11258143.0,24
L3ATVUT2KNK7,THE UNIVERSITY OF TEXAS RIO GRANDE VALLEY,EDINBURG,TX,2025,National Institutes of Health,9634364.01,2
L3ATVUT2KNK7,THE UNIVERSITY OF TEXAS RIO GRANDE VALLEY,EDINBURG,TX,2025,National Science Foundation,5769926.0,16
L3ATVUT2KNK7,THE UNIVERSITY OF TEXAS RIO GRANDE VALLEY,EDINBURG,TX,2026,National Institutes of Health,7141271.85,3
L3ATVUT2KNK7,THE UNIVERSITY OF TEXAS RIO GRANDE VALLEY,EDINBURG,TX,2026,National Science Foundation,986184.0,4
L4EEW9SQX2F6,"PUBLIC HEALTH FOUNDATION ENTERPRISES, INC.",LA PUENTE,CA,2016,National Institutes of Health,5061523.0,12
L4EEW9SQX2F6,"PUBLIC HEALTH FOUNDATION ENTERPRISES, INC.",LA PUENTE,CA,2017,National Institutes of Health,4245871.0,3
L4EEW9SQX2F6,"PUBLIC HEALTH FOUNDATION ENTERPRISES, INC.",LA PUENTE,CA,2018,National Institutes of Health,4800063.0,7
L4EEW9SQX2F6,"PUBLIC HEALTH FOUNDATION ENTERPRISES, INC.",LA PUENTE,CA,2019,National Institutes of Health,5904690.0,2
L4EEW9SQX2F6,"PUBLIC HEALTH FOUNDATION ENTERPRISES, INC.",LA PUENTE,CA,2020,National Institutes of Health,8286860.0,6
L4EEW9SQX2F6,"PUBLIC HEALTH FOUNDATION ENTERPRISES, INC.",LA PUENTE,CA,2021,National Institutes of Health,6903453.0,0
L4EEW9SQX2F6,"PUBLIC HEALTH FOUNDATION ENTERPRISES, INC.",LA PUENTE,CA,2022,National Institutes of Health,4551496.42,2
L4EEW9SQX2F6,"PUBLIC HEALTH FOUNDATION ENTERPRISES, INC.",LA PUENTE,CA,2023,National Institutes of Health,5299310.67,4
L4EEW9SQX2F6,"PUBLIC HEALTH FOUNDATION ENTERPRISES, INC.",LA PUENTE,CA,2024,National Institutes of Health,3886423.33,0
L4EEW9SQX2F6,"PUBLIC HEALTH FOUNDATION ENTERPRISES, INC.",LA PUENTE,CA,2025,National Institutes of Health,4703731.2700000005,2
L4EEW9SQX2F6,"PUBLIC HEALTH FOUNDATION ENTERPRISES, INC.",LA PUENTE,CA,2026,National Institutes of Health,4296999.0,2
L6NFUM28LQM5,"WASHINGTON UNIVERSITY, THE",SAINT LOUIS,MO,2016,National Institutes of Health,396107569.0,855
L6NFUM28LQM5,"WASHINGTON UNIVERSITY, THE",SAINT LOUIS,MO,2016,National Science Foundation,23388881.0,89
L6NFUM28LQM5,"WASHINGTON UNIVERSITY, THE",SAINT LOUIS,MO,2017,National Institutes of Health,428800038.0,487
L6NFUM28LQM5,"WASHINGTON UNIVERSITY, THE",SAINT LOUIS,MO,2017,National Science Foundation,17509887.0,58
L6NFUM28LQM5,"WASHINGTON UNIVERSITY, THE",SAINT LOUIS,MO,2018,National Institutes of Health,480964495.0,273
L6NFUM28LQM5,"WASHINGTON UNIVERSITY, THE",SAINT LOUIS,MO,2018,National Science Foundation,20225716.0,57
L6NFUM28LQM5,"WASHINGTON UNIVERSITY, THE",SAINT LOUIS,MO,2019,National Institutes of Health,517582370.0,260
L6NFUM28LQM5,"WASHINGTON UNIVERSITY, THE",SAINT LOUIS,MO,2019,National Science Foundation,19936616.0,50
L6NFUM28LQM5,"WASHINGTON UNIVERSITY, THE",SAINT LOUIS,MO,2020,National Institutes of Health,530300303.0,252
L6NFUM28LQM5,"WASHINGTON UNIVERSITY, THE",SAINT LOUIS,MO,2020,National Science Foundation,21447330.0,59
L6NFUM28LQM5,"WASHINGTON UNIVERSITY, THE",SAINT LOUIS,MO,2021,National Institutes of Health,486250691.67,257
L6NFUM28LQM5,"WASHINGTON UNIVERSITY, THE",SAINT LOUIS,MO,2021,National Science Foundation,19570395.0,61
L6NFUM28LQM5,"WASHINGTON UNIVERSITY, THE",SAINT LOUIS,MO,2022,National Institutes of Health,614336687.4900001,336
L6NFUM28LQM5,"WASHINGTON UNIVERSITY, THE",SAINT LOUIS,MO,2022,National Science Foundation,29162658.0,54
L6NFUM28LQM5,"WASHINGTON UNIVERSITY, THE",SAINT LOUIS,MO,2023,National Institutes of Health,626815929.0599998,292
L6NFUM28LQM5,"WASHINGTON UNIVERSITY, THE",SAINT LOUIS,MO,2023,National Science Foundation,33802925.0,67
L6NFUM28LQM5,"WASHINGTON UNIVERSITY, THE",SAINT LOUIS,MO,2024,National Institutes of Health,719079529.8799999,299
L6NFUM28LQM5,"WASHINGTON UNIVERSITY, THE",SAINT LOUIS,MO,2024,National Science Foundation,30332989.0,49
L6NFUM28LQM5,"WASHINGTON UNIVERSITY, THE",SAINT LOUIS,MO,2025,National Institutes of Health,706265756.3,224
L6NFUM28LQM5,"WASHINGTON UNIVERSITY, THE",SAINT LOUIS,MO,2025,National Science Foundation,33630285.0,48
L6NFUM28LQM5,"WASHINGTON UNIVERSITY, THE",SAINT LOUIS,MO,2026,National Institutes of Health,560831769.6999999,199
L6NFUM28LQM5,"WASHINGTON UNIVERSITY, THE",SAINT LOUIS,MO,2026,National Science Foundation,10363758.0,20
L8RJFGJXXS36,MAX PLANCK FLORIDA CORP,JUPITER,FL,2016,National Institutes of Health,4540831.0,10
L8RJFGJXXS36,MAX PLANCK FLORIDA CORP,JUPITER,FL,2017,National Institutes of Health,4382121.0,3
L8RJFGJXXS36,MAX PLANCK FLORIDA CORP,JUPITER,FL,2018,National Institutes of Health,5291514.0,5
L8RJFGJXXS36,MAX PLANCK FLORIDA CORP,JUPITER,FL,2019,National Institutes of Health,3836956.0,1
L8RJFGJXXS36,MAX PLANCK FLORIDA CORP,JUPITER,FL,2020,National Institutes of Health,4681788.0,4
L8RJFGJXXS36,MAX PLANCK FLORIDA CORP,JUPITER,FL,2021,National Institutes of Health,1900366.1099999999,4
L8RJFGJXXS36,MAX PLANCK FLORIDA CORP,JUPITER,FL,2022,National Institutes of Health,4241994.98,2
L8RJFGJXXS36,MAX PLANCK FLORIDA CORP,JUPITER,FL,2023,National Institutes of Health,4964770.42,2
L8RJFGJXXS36,MAX PLANCK FLORIDA CORP,JUPITER,FL,2024,National Institutes of Health,8230470.77,5
L8RJFGJXXS36,MAX PLANCK FLORIDA CORP,JUPITER,FL,2025,National Institutes of Health,6781913.66,0
L8RJFGJXXS36,MAX PLANCK FLORIDA CORP,JUPITER,FL,2026,National Institutes of Health,5326671.970000001,2
L952KGDMSLV5,RESEARCH FOUNDATION OF THE CITY UNIVERSITY OF NEW YORK,NEW YORK,NY,2016,National Institutes of Health,11339382.0,33
L952KGDMSLV5,RESEARCH FOUNDATION OF THE CITY UNIVERSITY OF NEW YORK,NEW YORK,NY,2016,National Science Foundation,6785596.0,31
L952KGDMSLV5,RESEARCH FOUNDATION OF THE CITY UNIVERSITY OF NEW YORK,NEW YORK,NY,2017,National Institutes of Health,9597725.0,19
L952KGDMSLV5,RESEARCH FOUNDATION OF THE CITY UNIVERSITY OF NEW YORK,NEW YORK,NY,2017,National Science Foundation,11366966.0,32
L952KGDMSLV5,RESEARCH FOUNDATION OF THE CITY UNIVERSITY OF NEW YORK,NEW YORK,NY,2018,National Institutes of Health,7062399.0,8
L952KGDMSLV5,RESEARCH FOUNDATION OF THE CITY UNIVERSITY OF NEW YORK,NEW YORK,NY,2018,National Science Foundation,15711337.0,31
L952KGDMSLV5,RESEARCH FOUNDATION OF THE CITY UNIVERSITY OF NEW YORK,NEW YORK,NY,2019,National Institutes of Health,7785130.0,8
L952KGDMSLV5,RESEARCH FOUNDATION OF THE CITY UNIVERSITY OF NEW YORK,NEW YORK,NY,2019,National Science Foundation,8844262.0,26
L952KGDMSLV5,RESEARCH FOUNDATION OF THE CITY UNIVERSITY OF NEW YORK,NEW YORK,NY,2020,National Institutes of Health,10533106.0,7
L952KGDMSLV5,RESEARCH FOUNDATION OF THE CITY UNIVERSITY OF NEW YORK,NEW YORK,NY,2020,National Science Foundation,11296159.0,23
L952KGDMSLV5,RESEARCH FOUNDATION OF THE CITY UNIVERSITY OF NEW YORK,NEW YORK,NY,2021,National Institutes of Health,10191784.4,9
L952KGDMSLV5,RESEARCH FOUNDATION OF THE CITY UNIVERSITY OF NEW YORK,NEW YORK,NY,2021,National Science Foundation,10882130.0,11
L952KGDMSLV5,RESEARCH FOUNDATION OF THE CITY UNIVERSITY OF NEW YORK,NEW YORK,NY,2022,National Institutes of Health,11980636.2,9
L952KGDMSLV5,RESEARCH FOUNDATION OF THE CITY UNIVERSITY OF NEW YORK,NEW YORK,NY,2022,National Science Foundation,10491137.0,18
L952KGDMSLV5,RESEARCH FOUNDATION OF THE CITY UNIVERSITY OF NEW YORK,NEW YORK,NY,2023,National Institutes of Health,12821670.49,6
L952KGDMSLV5,RESEARCH FOUNDATION OF THE CITY UNIVERSITY OF NEW YORK,NEW YORK,NY,2023,National Science Foundation,13115302.0,17
L952KGDMSLV5,RESEARCH FOUNDATION OF THE CITY UNIVERSITY OF NEW YORK,NEW YORK,NY,2024,National Institutes of Health,11507291.32,3
L952KGDMSLV5,RESEARCH FOUNDATION OF THE CITY UNIVERSITY OF NEW YORK,NEW YORK,NY,2024,National Science Foundation,6887230.0,16
L952KGDMSLV5,RESEARCH FOUNDATION OF THE CITY UNIVERSITY OF NEW YORK,NEW YORK,NY,2025,National Institutes of Health,12747533.870000001,2
L952KGDMSLV5,RESEARCH FOUNDATION OF THE CITY UNIVERSITY OF NEW YORK,NEW YORK,NY,2025,National Science Foundation,4551296.0,9
L952KGDMSLV5,RESEARCH FOUNDATION OF THE CITY UNIVERSITY OF NEW YORK,NEW YORK,NY,2026,National Institutes of Health,9498347.4,3
L952KGDMSLV5,RESEARCH FOUNDATION OF THE CITY UNIVERSITY OF NEW YORK,NEW YORK,NY,2026,National Science Foundation,4488130.0,7
LAGNHMC58DF3,THE UNIVERSITY CORPORATION,NORTHRIDGE,CA,2016,National Institutes of Health,7070358.0,14
LAGNHMC58DF3,THE UNIVERSITY CORPORATION,NORTHRIDGE,CA,2016,National Science Foundation,3853860.0,19
LAGNHMC58DF3,THE UNIVERSITY CORPORATION,NORTHRIDGE,CA,2017,National Institutes of Health,7954280.0,10
LAGNHMC58DF3,THE UNIVERSITY CORPORATION,NORTHRIDGE,CA,2017,National Science Foundation,2784110.0,8
LAGNHMC58DF3,THE UNIVERSITY CORPORATION,NORTHRIDGE,CA,2018,National Institutes of Health,8616958.0,9
LAGNHMC58DF3,THE UNIVERSITY CORPORATION,NORTHRIDGE,CA,2018,National Science Foundation,5979453.0,15
LAGNHMC58DF3,THE UNIVERSITY CORPORATION,NORTHRIDGE,CA,2019,National Institutes of Health,8184064.0,3
LAGNHMC58DF3,THE UNIVERSITY CORPORATION,NORTHRIDGE,CA,2019,National Science Foundation,5658963.0,12
LAGNHMC58DF3,THE UNIVERSITY CORPORATION,NORTHRIDGE,CA,2020,National Institutes of Health,6800287.0,5
LAGNHMC58DF3,THE UNIVERSITY CORPORATION,NORTHRIDGE,CA,2020,National Science Foundation,3263910.0,8
LAGNHMC58DF3,THE UNIVERSITY CORPORATION,NORTHRIDGE,CA,2021,National Institutes of Health,6640849.2,3
LAGNHMC58DF3,THE UNIVERSITY CORPORATION,NORTHRIDGE,CA,2021,National Science Foundation,6753850.0,14
LAGNHMC58DF3,THE UNIVERSITY CORPORATION,NORTHRIDGE,CA,2022,National Institutes of Health,8286537.02,9
LAGNHMC58DF3,THE UNIVERSITY CORPORATION,NORTHRIDGE,CA,2022,National Science Foundation,8775275.0,15
LAGNHMC58DF3,THE UNIVERSITY CORPORATION,NORTHRIDGE,CA,2023,National Institutes of Health,7585272.03,2
LAGNHMC58DF3,THE UNIVERSITY CORPORATION,NORTHRIDGE,CA,2023,National Science Foundation,4888869.0,13
LAGNHMC58DF3,THE UNIVERSITY CORPORATION,NORTHRIDGE,CA,2024,National Institutes of Health,4873758.19,2
LAGNHMC58DF3,THE UNIVERSITY CORPORATION,NORTHRIDGE,CA,2024,National Science Foundation,6240814.0,14
LAGNHMC58DF3,THE UNIVERSITY CORPORATION,NORTHRIDGE,CA,2025,National Institutes of Health,3046778.2600000002,0
LAGNHMC58DF3,THE UNIVERSITY CORPORATION,NORTHRIDGE,CA,2025,National Science Foundation,1723058.0,6
LAGNHMC58DF3,THE UNIVERSITY CORPORATION,NORTHRIDGE,CA,2026,National Institutes of Health,-383613.1399999999,2
LAGNHMC58DF3,THE UNIVERSITY CORPORATION,NORTHRIDGE,CA,2026,National Science Foundation,1194629.0,3
LCLSJAGTNZQ7,UNIVERSITY OF WISCONSIN SYSTEM,MADISON,WI,2016,National Institutes of Health,281749238.0,594
LCLSJAGTNZQ7,UNIVERSITY OF WISCONSIN SYSTEM,MADISON,WI,2016,National Science Foundation,81702896.0,266
LCLSJAGTNZQ7,UNIVERSITY OF WISCONSIN SYSTEM,MADISON,WI,2017,National Institutes of Health,291996312.0,254
LCLSJAGTNZQ7,UNIVERSITY OF WISCONSIN SYSTEM,MADISON,WI,2017,National Science Foundation,94996069.0,174
LCLSJAGTNZQ7,UNIVERSITY OF WISCONSIN SYSTEM,MADISON,WI,2018,National Institutes of Health,314106918.0,195
LCLSJAGTNZQ7,UNIVERSITY OF WISCONSIN SYSTEM,MADISON,WI,2018,National Science Foundation,77740371.0,169
LCLSJAGTNZQ7,UNIVERSITY OF WISCONSIN SYSTEM,MADISON,WI,2019,National Institutes of Health,303985283.0,151
LCLSJAGTNZQ7,UNIVERSITY OF WISCONSIN SYSTEM,MADISON,WI,2019,National Science Foundation,97273572.0,144
LCLSJAGTNZQ7,UNIVERSITY OF WISCONSIN SYSTEM,MADISON,WI,2020,National Institutes of Health,340914443.0,169
LCLSJAGTNZQ7,UNIVERSITY OF WISCONSIN SYSTEM,MADISON,WI,2020,National Science Foundation,100867885.0,149
LCLSJAGTNZQ7,UNIVERSITY OF WISCONSIN SYSTEM,MADISON,WI,2021,National Institutes of Health,358413791.92999995,167
LCLSJAGTNZQ7,UNIVERSITY OF WISCONSIN SYSTEM,MADISON,WI,2021,National Science Foundation,92176029.0,130
LCLSJAGTNZQ7,UNIVERSITY OF WISCONSIN SYSTEM,MADISON,WI,2022,National Institutes of Health,360436899.21000004,150
LCLSJAGTNZQ7,UNIVERSITY OF WISCONSIN SYSTEM,MADISON,WI,2022,National Science Foundation,108806857.0,125
LCLSJAGTNZQ7,UNIVERSITY OF WISCONSIN SYSTEM,MADISON,WI,2023,National Institutes of Health,442558065.1399999,175
LCLSJAGTNZQ7,UNIVERSITY OF WISCONSIN SYSTEM,MADISON,WI,2023,National Science Foundation,125958514.0,164
LCLSJAGTNZQ7,UNIVERSITY OF WISCONSIN SYSTEM,MADISON,WI,2024,National Institutes of Health,403209805.70000005,152
LCLSJAGTNZQ7,UNIVERSITY OF WISCONSIN SYSTEM,MADISON,WI,2024,National Science Foundation,93934527.0,130
LCLSJAGTNZQ7,UNIVERSITY OF WISCONSIN SYSTEM,MADISON,WI,2025,National Institutes of Health,389736547.83000004,141
LCLSJAGTNZQ7,UNIVERSITY OF WISCONSIN SYSTEM,MADISON,WI,2025,National Science Foundation,99866718.0,124
LCLSJAGTNZQ7,UNIVERSITY OF WISCONSIN SYSTEM,MADISON,WI,2026,National Institutes of Health,359875834.75,117
LCLSJAGTNZQ7,UNIVERSITY OF WISCONSIN SYSTEM,MADISON,WI,2026,National Science Foundation,28433367.0,51
LF77GRM3FWG5,BOARD OF REGENTS OF UNIVERSITY OF NEBRASKA,LINCOLN,NE,2016,National Science Foundation,4000000.0,1
LF77GRM3FWG5,BOARD OF REGENTS OF UNIVERSITY OF NEBRASKA,LINCOLN,NE,2017,National Science Foundation,5279032.0,0
LF77GRM3FWG5,BOARD OF REGENTS OF UNIVERSITY OF NEBRASKA,LINCOLN,NE,2018,National Science Foundation,2720968.0,0
LF77GRM3FWG5,BOARD OF REGENTS OF UNIVERSITY OF NEBRASKA,LINCOLN,NE,2019,National Science Foundation,4000000.0,0
LF77GRM3FWG5,BOARD OF REGENTS OF UNIVERSITY OF NEBRASKA,LINCOLN,NE,2020,National Science Foundation,4000000.0,0
LF77GRM3FWG5,BOARD OF REGENTS OF UNIVERSITY OF NEBRASKA,LINCOLN,NE,2021,National Science Foundation,4564068.0,1
LF77GRM3FWG5,BOARD OF REGENTS OF UNIVERSITY OF NEBRASKA,LINCOLN,NE,2022,National Science Foundation,7969367.0,0
LF77GRM3FWG5,BOARD OF REGENTS OF UNIVERSITY OF NEBRASKA,LINCOLN,NE,2023,National Science Foundation,4472001.0,1
LF77GRM3FWG5,BOARD OF REGENTS OF UNIVERSITY OF NEBRASKA,LINCOLN,NE,2025,National Science Foundation,3760029.0,0
LFDKLGTB62C4,"ASSOCIATION OF UNIVERSITIES FOR RESEARCH IN ASTRONOMY, INC.",TUCSON,AZ,2016,National Science Foundation,186815967.0,11
LFDKLGTB62C4,"ASSOCIATION OF UNIVERSITIES FOR RESEARCH IN ASTRONOMY, INC.",TUCSON,AZ,2017,National Science Foundation,151220545.0,5
LFDKLGTB62C4,"ASSOCIATION OF UNIVERSITIES FOR RESEARCH IN ASTRONOMY, INC.",TUCSON,AZ,2018,National Science Foundation,198263763.0,6
LFDKLGTB62C4,"ASSOCIATION OF UNIVERSITIES FOR RESEARCH IN ASTRONOMY, INC.",TUCSON,AZ,2019,National Science Foundation,164899310.0,2
LFDKLGTB62C4,"ASSOCIATION OF UNIVERSITIES FOR RESEARCH IN ASTRONOMY, INC.",TUCSON,AZ,2020,National Science Foundation,139177301.0,2
LFDKLGTB62C4,"ASSOCIATION OF UNIVERSITIES FOR RESEARCH IN ASTRONOMY, INC.",TUCSON,AZ,2021,National Science Foundation,151394329.0,0
LFDKLGTB62C4,"ASSOCIATION OF UNIVERSITIES FOR RESEARCH IN ASTRONOMY, INC.",TUCSON,AZ,2022,National Science Foundation,149566102.0,3
LFDKLGTB62C4,"ASSOCIATION OF UNIVERSITIES FOR RESEARCH IN ASTRONOMY, INC.",TUCSON,AZ,2023,National Science Foundation,161003468.0,2
LFDKLGTB62C4,"ASSOCIATION OF UNIVERSITIES FOR RESEARCH IN ASTRONOMY, INC.",TUCSON,AZ,2024,National Science Foundation,114293705.0,4
LFDKLGTB62C4,"ASSOCIATION OF UNIVERSITIES FOR RESEARCH IN ASTRONOMY, INC.",TUCSON,AZ,2025,National Science Foundation,168217958.0,3
LFDKLGTB62C4,"ASSOCIATION OF UNIVERSITIES FOR RESEARCH IN ASTRONOMY, INC.",TUCSON,AZ,2026,National Science Foundation,108844609.0,0
LGHBJMLVD8H3,"THE HOSPITAL FOR SPECIAL SURGERY FUND, INC.",NEW YORK,NY,2016,National Institutes of Health,8576901.0,26
LGHBJMLVD8H3,"THE HOSPITAL FOR SPECIAL SURGERY FUND, INC.",NEW YORK,NY,2017,National Institutes of Health,8355634.0,5
LGHBJMLVD8H3,"THE HOSPITAL FOR SPECIAL SURGERY FUND, INC.",NEW YORK,NY,2017,National Science Foundation,80001.0,1
LGHBJMLVD8H3,"THE HOSPITAL FOR SPECIAL SURGERY FUND, INC.",NEW YORK,NY,2018,National Institutes of Health,8939246.0,3
LGHBJMLVD8H3,"THE HOSPITAL FOR SPECIAL SURGERY FUND, INC.",NEW YORK,NY,2018,National Science Foundation,-396056.0,0
LGHBJMLVD8H3,"THE HOSPITAL FOR SPECIAL SURGERY FUND, INC.",NEW YORK,NY,2019,National Institutes of Health,9286035.0,5
LGHBJMLVD8H3,"THE HOSPITAL FOR SPECIAL SURGERY FUND, INC.",NEW YORK,NY,2020,National Institutes of Health,9232113.0,5
LGHBJMLVD8H3,"THE HOSPITAL FOR SPECIAL SURGERY FUND, INC.",NEW YORK,NY,2021,National Institutes of Health,9360246.0,4
LGHBJMLVD8H3,"THE HOSPITAL FOR SPECIAL SURGERY FUND, INC.",NEW YORK,NY,2022,National Institutes of Health,10227472.0,5
LGHBJMLVD8H3,"THE HOSPITAL FOR SPECIAL SURGERY FUND, INC.",NEW YORK,NY,2023,National Institutes of Health,11657967.0,3
LGHBJMLVD8H3,"THE HOSPITAL FOR SPECIAL SURGERY FUND, INC.",NEW YORK,NY,2024,National Institutes of Health,10560774.620000001,7
LGHBJMLVD8H3,"THE HOSPITAL FOR SPECIAL SURGERY FUND, INC.",NEW YORK,NY,2025,National Institutes of Health,13300631.0,4
LGHBJMLVD8H3,"THE HOSPITAL FOR SPECIAL SURGERY FUND, INC.",NEW YORK,NY,2026,National Institutes of Health,9108903.379999999,2
LHGDNJMZ64Y1,ROCKEFELLER UNIVERSITY,NEW YORK,NY,2016,National Institutes of Health,64769648.0,118
LHGDNJMZ64Y1,ROCKEFELLER UNIVERSITY,NEW YORK,NY,2016,National Science Foundation,982758.0,5
LHGDNJMZ64Y1,ROCKEFELLER UNIVERSITY,NEW YORK,NY,2017,National Institutes of Health,71221462.0,66
LHGDNJMZ64Y1,ROCKEFELLER UNIVERSITY,NEW YORK,NY,2017,National Science Foundation,555734.0,0
LHGDNJMZ64Y1,ROCKEFELLER UNIVERSITY,NEW YORK,NY,2018,National Institutes of Health,74563401.0,45
LHGDNJMZ64Y1,ROCKEFELLER UNIVERSITY,NEW YORK,NY,2018,National Science Foundation,835888.0,2
LHGDNJMZ64Y1,ROCKEFELLER UNIVERSITY,NEW YORK,NY,2019,National Institutes of Health,78139531.0,43
LHGDNJMZ64Y1,ROCKEFELLER UNIVERSITY,NEW YORK,NY,2019,National Science Foundation,1249621.0,3
LHGDNJMZ64Y1,ROCKEFELLER UNIVERSITY,NEW YORK,NY,2020,National Institutes of Health,79003490.0,33
LHGDNJMZ64Y1,ROCKEFELLER UNIVERSITY,NEW YORK,NY,2020,National Science Foundation,844826.0,1
LHGDNJMZ64Y1,ROCKEFELLER UNIVERSITY,NEW YORK,NY,2021,National Institutes of Health,76141291.02,33
LHGDNJMZ64Y1,ROCKEFELLER UNIVERSITY,NEW YORK,NY,2021,National Science Foundation,1223013.0,1
LHGDNJMZ64Y1,ROCKEFELLER UNIVERSITY,NEW YORK,NY,2022,National Institutes of Health,89559348.23,29
LHGDNJMZ64Y1,ROCKEFELLER UNIVERSITY,NEW YORK,NY,2022,National Science Foundation,501848.0,0
LHGDNJMZ64Y1,ROCKEFELLER UNIVERSITY,NEW YORK,NY,2023,National Institutes of Health,79598049.69,29
LHGDNJMZ64Y1,ROCKEFELLER UNIVERSITY,NEW YORK,NY,2023,National Science Foundation,906017.0,1
LHGDNJMZ64Y1,ROCKEFELLER UNIVERSITY,NEW YORK,NY,2024,National Institutes of Health,68720022.16,19
LHGDNJMZ64Y1,ROCKEFELLER UNIVERSITY,NEW YORK,NY,2024,National Science Foundation,726656.0,1
LHGDNJMZ64Y1,ROCKEFELLER UNIVERSITY,NEW YORK,NY,2025,National Institutes of Health,63099214.39,18
LHGDNJMZ64Y1,ROCKEFELLER UNIVERSITY,NEW YORK,NY,2025,National Science Foundation,1154000.0,0
LHGDNJMZ64Y1,ROCKEFELLER UNIVERSITY,NEW YORK,NY,2026,National Institutes of Health,50382223.730000004,18
LJBXV5VF2BT9,SAN JOSE STATE UNIVERSITY RESEARCH FOUNDATION,SAN JOSE,CA,2016,National Institutes of Health,1346989.0,8
LJBXV5VF2BT9,SAN JOSE STATE UNIVERSITY RESEARCH FOUNDATION,SAN JOSE,CA,2016,National Science Foundation,3087420.0,18
LJBXV5VF2BT9,SAN JOSE STATE UNIVERSITY RESEARCH FOUNDATION,SAN JOSE,CA,2017,National Institutes of Health,1339263.0,2
LJBXV5VF2BT9,SAN JOSE STATE UNIVERSITY RESEARCH FOUNDATION,SAN JOSE,CA,2017,National Science Foundation,3826943.0,16
LJBXV5VF2BT9,SAN JOSE STATE UNIVERSITY RESEARCH FOUNDATION,SAN JOSE,CA,2018,National Institutes of Health,1885661.0,3
LJBXV5VF2BT9,SAN JOSE STATE UNIVERSITY RESEARCH FOUNDATION,SAN JOSE,CA,2018,National Science Foundation,2838017.0,12
LJBXV5VF2BT9,SAN JOSE STATE UNIVERSITY RESEARCH FOUNDATION,SAN JOSE,CA,2019,National Institutes of Health,1923751.0,4
LJBXV5VF2BT9,SAN JOSE STATE UNIVERSITY RESEARCH FOUNDATION,SAN JOSE,CA,2019,National Science Foundation,4278441.0,19
LJBXV5VF2BT9,SAN JOSE STATE UNIVERSITY RESEARCH FOUNDATION,SAN JOSE,CA,2020,National Institutes of Health,2724035.0,4
LJBXV5VF2BT9,SAN JOSE STATE UNIVERSITY RESEARCH FOUNDATION,SAN JOSE,CA,2020,National Science Foundation,4169573.0,7
LJBXV5VF2BT9,SAN JOSE STATE UNIVERSITY RESEARCH FOUNDATION,SAN JOSE,CA,2021,National Institutes of Health,1785692.0,3
LJBXV5VF2BT9,SAN JOSE STATE UNIVERSITY RESEARCH FOUNDATION,SAN JOSE,CA,2021,National Science Foundation,5425029.0,17
LJBXV5VF2BT9,SAN JOSE STATE UNIVERSITY RESEARCH FOUNDATION,SAN JOSE,CA,2022,National Institutes of Health,2309795.17,6
LJBXV5VF2BT9,SAN JOSE STATE UNIVERSITY RESEARCH FOUNDATION,SAN JOSE,CA,2022,National Science Foundation,6318256.0,16
LJBXV5VF2BT9,SAN JOSE STATE UNIVERSITY RESEARCH FOUNDATION,SAN JOSE,CA,2023,National Institutes of Health,1993381.8599999999,5
LJBXV5VF2BT9,SAN JOSE STATE UNIVERSITY RESEARCH FOUNDATION,SAN JOSE,CA,2023,National Science Foundation,10606578.0,22
LJBXV5VF2BT9,SAN JOSE STATE UNIVERSITY RESEARCH FOUNDATION,SAN JOSE,CA,2024,National Institutes of Health,2320899.67,6
LJBXV5VF2BT9,SAN JOSE STATE UNIVERSITY RESEARCH FOUNDATION,SAN JOSE,CA,2024,National Science Foundation,4902842.0,14
LJBXV5VF2BT9,SAN JOSE STATE UNIVERSITY RESEARCH FOUNDATION,SAN JOSE,CA,2025,National Institutes of Health,2654386.93,4
LJBXV5VF2BT9,SAN JOSE STATE UNIVERSITY RESEARCH FOUNDATION,SAN JOSE,CA,2025,National Science Foundation,4170554.0,7
LJBXV5VF2BT9,SAN JOSE STATE UNIVERSITY RESEARCH FOUNDATION,SAN JOSE,CA,2026,National Institutes of Health,2149937.54,3
LJBXV5VF2BT9,SAN JOSE STATE UNIVERSITY RESEARCH FOUNDATION,SAN JOSE,CA,2026,National Science Foundation,481497.0,2
LL8GLEVH6MG3,UNIVERSITY OF UTAH,SALT LAKE CITY,UT,2016,National Institutes of Health,144053026.0,358
LL8GLEVH6MG3,UNIVERSITY OF UTAH,SALT LAKE CITY,UT,2016,National Science Foundation,39077671.0,156
LL8GLEVH6MG3,UNIVERSITY OF UTAH,SALT LAKE CITY,UT,2017,National Institutes of Health,165365112.0,231
LL8GLEVH6MG3,UNIVERSITY OF UTAH,SALT LAKE CITY,UT,2017,National Science Foundation,32011929.0,80
LL8GLEVH6MG3,UNIVERSITY OF UTAH,SALT LAKE CITY,UT,2018,National Institutes of Health,188588136.0,164
LL8GLEVH6MG3,UNIVERSITY OF UTAH,SALT LAKE CITY,UT,2018,National Science Foundation,38885431.0,87
LL8GLEVH6MG3,UNIVERSITY OF UTAH,SALT LAKE CITY,UT,2019,National Institutes of Health,193764852.0,128
LL8GLEVH6MG3,UNIVERSITY OF UTAH,SALT LAKE CITY,UT,2019,National Science Foundation,38432177.0,92
LL8GLEVH6MG3,UNIVERSITY OF UTAH,SALT LAKE CITY,UT,2020,National Institutes of Health,217973837.0,137
LL8GLEVH6MG3,UNIVERSITY OF UTAH,SALT LAKE CITY,UT,2020,National Science Foundation,43019127.0,96
LL8GLEVH6MG3,UNIVERSITY OF UTAH,SALT LAKE CITY,UT,2021,National Institutes of Health,219266416.72,141
LL8GLEVH6MG3,UNIVERSITY OF UTAH,SALT LAKE CITY,UT,2021,National Science Foundation,48802528.0,86
LL8GLEVH6MG3,UNIVERSITY OF UTAH,SALT LAKE CITY,UT,2022,National Institutes of Health,224593952.30000004,132
LL8GLEVH6MG3,UNIVERSITY OF UTAH,SALT LAKE CITY,UT,2022,National Science Foundation,54221453.0,92
LL8GLEVH6MG3,UNIVERSITY OF UTAH,SALT LAKE CITY,UT,2023,National Institutes of Health,254662456.11,170
LL8GLEVH6MG3,UNIVERSITY OF UTAH,SALT LAKE CITY,UT,2023,National Science Foundation,51575363.0,99
LL8GLEVH6MG3,UNIVERSITY OF UTAH,SALT LAKE CITY,UT,2024,National Institutes of Health,259778013.19,143
LL8GLEVH6MG3,UNIVERSITY OF UTAH,SALT LAKE CITY,UT,2024,National Science Foundation,48674226.0,62
LL8GLEVH6MG3,UNIVERSITY OF UTAH,SALT LAKE CITY,UT,2025,National Institutes of Health,255283888.46000004,104
LL8GLEVH6MG3,UNIVERSITY OF UTAH,SALT LAKE CITY,UT,2025,National Science Foundation,44480203.0,75
LL8GLEVH6MG3,UNIVERSITY OF UTAH,SALT LAKE CITY,UT,2026,National Institutes of Health,213753887.65000004,107
LL8GLEVH6MG3,UNIVERSITY OF UTAH,SALT LAKE CITY,UT,2026,National Science Foundation,11938606.0,22
LLABHNB9ABM4,UNIVERSITY OF PUERTO RICO,SAN JUAN,PR,2016,National Institutes of Health,5446398.0,2
LLABHNB9ABM4,UNIVERSITY OF PUERTO RICO,SAN JUAN,PR,2016,National Science Foundation,3866142.0,3
LLABHNB9ABM4,UNIVERSITY OF PUERTO RICO,SAN JUAN,PR,2017,National Institutes of Health,4608451.0,0
LLABHNB9ABM4,UNIVERSITY OF PUERTO RICO,SAN JUAN,PR,2017,National Science Foundation,-2796761.0,0
LLABHNB9ABM4,UNIVERSITY OF PUERTO RICO,SAN JUAN,PR,2018,National Institutes of Health,1303900.0,0
LLABHNB9ABM4,UNIVERSITY OF PUERTO RICO,SAN JUAN,PR,2018,National Science Foundation,1900658.0,1
LLABHNB9ABM4,UNIVERSITY OF PUERTO RICO,SAN JUAN,PR,2019,National Institutes of Health,5350367.0,0
LLABHNB9ABM4,UNIVERSITY OF PUERTO RICO,SAN JUAN,PR,2019,National Science Foundation,3896680.0,1
LLABHNB9ABM4,UNIVERSITY OF PUERTO RICO,SAN JUAN,PR,2020,National Institutes of Health,3911367.0,0
LLABHNB9ABM4,UNIVERSITY OF PUERTO RICO,SAN JUAN,PR,2020,National Science Foundation,5481577.0,2
LLABHNB9ABM4,UNIVERSITY OF PUERTO RICO,SAN JUAN,PR,2021,National Institutes of Health,0.0,0
LLABHNB9ABM4,UNIVERSITY OF PUERTO RICO,SAN JUAN,PR,2021,National Science Foundation,3344652.0,0
LLABHNB9ABM4,UNIVERSITY OF PUERTO RICO,SAN JUAN,PR,2022,National Institutes of Health,-3063829.53,0
LLABHNB9ABM4,UNIVERSITY OF PUERTO RICO,SAN JUAN,PR,2022,National Science Foundation,3660754.0,0
LLABHNB9ABM4,UNIVERSITY OF PUERTO RICO,SAN JUAN,PR,2023,National Institutes of Health,7897996.0,1
LLABHNB9ABM4,UNIVERSITY OF PUERTO RICO,SAN JUAN,PR,2023,National Science Foundation,5149836.0,0
LLABHNB9ABM4,UNIVERSITY OF PUERTO RICO,SAN JUAN,PR,2024,National Institutes of Health,-689112.01,0
LLABHNB9ABM4,UNIVERSITY OF PUERTO RICO,SAN JUAN,PR,2024,National Science Foundation,225079.0,0
LLABHNB9ABM4,UNIVERSITY OF PUERTO RICO,SAN JUAN,PR,2025,National Institutes of Health,0.0,0
LLABHNB9ABM4,UNIVERSITY OF PUERTO RICO,SAN JUAN,PR,2025,National Science Foundation,0.0,0
LLLYTJ6LYD21,DARTMOUTH-HITCHCOCK CLINIC,LEBANON,NH,2019,National Institutes of Health,16982969.0,35
LLLYTJ6LYD21,DARTMOUTH-HITCHCOCK CLINIC,LEBANON,NH,2020,National Institutes of Health,8663452.0,8
LLLYTJ6LYD21,DARTMOUTH-HITCHCOCK CLINIC,LEBANON,NH,2021,National Institutes of Health,6969774.4399999995,7
LLLYTJ6LYD21,DARTMOUTH-HITCHCOCK CLINIC,LEBANON,NH,2022,National Institutes of Health,6558771.710000001,7
LLLYTJ6LYD21,DARTMOUTH-HITCHCOCK CLINIC,LEBANON,NH,2023,National Institutes of Health,13476692.32,13
LLLYTJ6LYD21,DARTMOUTH-HITCHCOCK CLINIC,LEBANON,NH,2024,National Institutes of Health,19965535.78,15
LLLYTJ6LYD21,DARTMOUTH-HITCHCOCK CLINIC,LEBANON,NH,2025,National Institutes of Health,20541128.78,8
LLLYTJ6LYD21,DARTMOUTH-HITCHCOCK CLINIC,LEBANON,NH,2026,National Institutes of Health,19367056.310000002,9
LMCJKRFW5R81,THE RESEARCH FOUNDATION FOR THE STATE UNIVERSITY OF NEW YORK,BUFFALO,NY,2016,National Institutes of Health,54764665.0,160
LMCJKRFW5R81,THE RESEARCH FOUNDATION FOR THE STATE UNIVERSITY OF NEW YORK,BUFFALO,NY,2016,National Science Foundation,30894717.0,106
LMCJKRFW5R81,THE RESEARCH FOUNDATION FOR THE STATE UNIVERSITY OF NEW YORK,BUFFALO,NY,2017,National Institutes of Health,57436191.0,103
LMCJKRFW5R81,THE RESEARCH FOUNDATION FOR THE STATE UNIVERSITY OF NEW YORK,BUFFALO,NY,2017,National Science Foundation,25335555.0,72
LMCJKRFW5R81,THE RESEARCH FOUNDATION FOR THE STATE UNIVERSITY OF NEW YORK,BUFFALO,NY,2018,National Institutes of Health,61428806.0,60
LMCJKRFW5R81,THE RESEARCH FOUNDATION FOR THE STATE UNIVERSITY OF NEW YORK,BUFFALO,NY,2018,National Science Foundation,21798701.0,70
LMCJKRFW5R81,THE RESEARCH FOUNDATION FOR THE STATE UNIVERSITY OF NEW YORK,BUFFALO,NY,2019,National Institutes of Health,64933320.0,50
LMCJKRFW5R81,THE RESEARCH FOUNDATION FOR THE STATE UNIVERSITY OF NEW YORK,BUFFALO,NY,2019,National Science Foundation,27884635.0,70
LMCJKRFW5R81,THE RESEARCH FOUNDATION FOR THE STATE UNIVERSITY OF NEW YORK,BUFFALO,NY,2020,National Institutes of Health,70126074.0,68
LMCJKRFW5R81,THE RESEARCH FOUNDATION FOR THE STATE UNIVERSITY OF NEW YORK,BUFFALO,NY,2020,National Science Foundation,32231733.0,54
LMCJKRFW5R81,THE RESEARCH FOUNDATION FOR THE STATE UNIVERSITY OF NEW YORK,BUFFALO,NY,2021,National Institutes of Health,69580501.42999999,54
LMCJKRFW5R81,THE RESEARCH FOUNDATION FOR THE STATE UNIVERSITY OF NEW YORK,BUFFALO,NY,2021,National Science Foundation,31287519.0,67
LMCJKRFW5R81,THE RESEARCH FOUNDATION FOR THE STATE UNIVERSITY OF NEW YORK,BUFFALO,NY,2022,National Institutes of Health,74241463.72,63
LMCJKRFW5R81,THE RESEARCH FOUNDATION FOR THE STATE UNIVERSITY OF NEW YORK,BUFFALO,NY,2022,National Science Foundation,44981677.0,61
LMCJKRFW5R81,THE RESEARCH FOUNDATION FOR THE STATE UNIVERSITY OF NEW YORK,BUFFALO,NY,2023,National Institutes of Health,80894965.9,55
LMCJKRFW5R81,THE RESEARCH FOUNDATION FOR THE STATE UNIVERSITY OF NEW YORK,BUFFALO,NY,2023,National Science Foundation,35069138.0,53
LMCJKRFW5R81,THE RESEARCH FOUNDATION FOR THE STATE UNIVERSITY OF NEW YORK,BUFFALO,NY,2024,National Institutes of Health,86487327.28999999,50
LMCJKRFW5R81,THE RESEARCH FOUNDATION FOR THE STATE UNIVERSITY OF NEW YORK,BUFFALO,NY,2024,National Science Foundation,15985763.0,54
LMCJKRFW5R81,THE RESEARCH FOUNDATION FOR THE STATE UNIVERSITY OF NEW YORK,BUFFALO,NY,2025,National Institutes of Health,89204436.94999999,63
LMCJKRFW5R81,THE RESEARCH FOUNDATION FOR THE STATE UNIVERSITY OF NEW YORK,BUFFALO,NY,2025,National Science Foundation,27022529.0,39
LMCJKRFW5R81,THE RESEARCH FOUNDATION FOR THE STATE UNIVERSITY OF NEW YORK,BUFFALO,NY,2026,National Institutes of Health,83575556.15,36
LMCJKRFW5R81,THE RESEARCH FOUNDATION FOR THE STATE UNIVERSITY OF NEW YORK,BUFFALO,NY,2026,National Science Foundation,2849710.0,7
LMF5HEYNM148,PONCE MEDICAL SCHOOL FOUNDATION INC,PONCE,PR,2016,National Institutes of Health,6354375.0,12
LMF5HEYNM148,PONCE MEDICAL SCHOOL FOUNDATION INC,PONCE,PR,2017,National Institutes of Health,4666028.0,1
LMF5HEYNM148,PONCE MEDICAL SCHOOL FOUNDATION INC,PONCE,PR,2018,National Institutes of Health,6753071.0,6
LMF5HEYNM148,PONCE MEDICAL SCHOOL FOUNDATION INC,PONCE,PR,2019,National Institutes of Health,11635349.0,5
LMF5HEYNM148,PONCE MEDICAL SCHOOL FOUNDATION INC,PONCE,PR,2020,National Institutes of Health,9331481.0,2
LMF5HEYNM148,PONCE MEDICAL SCHOOL FOUNDATION INC,PONCE,PR,2021,National Institutes of Health,8748708.59,1
LMF5HEYNM148,PONCE MEDICAL SCHOOL FOUNDATION INC,PONCE,PR,2022,National Institutes of Health,6987908.1,3
LMF5HEYNM148,PONCE MEDICAL SCHOOL FOUNDATION INC,PONCE,PR,2023,National Institutes of Health,7856274.91,2
LMF5HEYNM148,PONCE MEDICAL SCHOOL FOUNDATION INC,PONCE,PR,2024,National Institutes of Health,8719390.65,2
LMF5HEYNM148,PONCE MEDICAL SCHOOL FOUNDATION INC,PONCE,PR,2025,National Institutes of Health,12629715.45,1
LMF5HEYNM148,PONCE MEDICAL SCHOOL FOUNDATION INC,PONCE,PR,2026,National Institutes of Health,2559335.99,1
LMLUKUPJJ9N3,UNIVERSITY OF TEXAS AT ARLINGTON,ARLINGTON,TX,2016,National Institutes of Health,4189762.0,12
LMLUKUPJJ9N3,UNIVERSITY OF TEXAS AT ARLINGTON,ARLINGTON,TX,2016,National Science Foundation,8674019.0,55
LMLUKUPJJ9N3,UNIVERSITY OF TEXAS AT ARLINGTON,ARLINGTON,TX,2017,National Institutes of Health,5461400.0,8
LMLUKUPJJ9N3,UNIVERSITY OF TEXAS AT ARLINGTON,ARLINGTON,TX,2017,National Science Foundation,8926245.0,41
LMLUKUPJJ9N3,UNIVERSITY OF TEXAS AT ARLINGTON,ARLINGTON,TX,2018,National Institutes of Health,5105419.0,10
LMLUKUPJJ9N3,UNIVERSITY OF TEXAS AT ARLINGTON,ARLINGTON,TX,2018,National Science Foundation,6935684.0,26
LMLUKUPJJ9N3,UNIVERSITY OF TEXAS AT ARLINGTON,ARLINGTON,TX,2019,National Institutes of Health,6664895.0,16
LMLUKUPJJ9N3,UNIVERSITY OF TEXAS AT ARLINGTON,ARLINGTON,TX,2019,National Science Foundation,4168193.0,25
LMLUKUPJJ9N3,UNIVERSITY OF TEXAS AT ARLINGTON,ARLINGTON,TX,2020,National Institutes of Health,5793732.0,4
LMLUKUPJJ9N3,UNIVERSITY OF TEXAS AT ARLINGTON,ARLINGTON,TX,2020,National Science Foundation,8205040.0,31
LMLUKUPJJ9N3,UNIVERSITY OF TEXAS AT ARLINGTON,ARLINGTON,TX,2021,National Institutes of Health,7931174.57,11
LMLUKUPJJ9N3,UNIVERSITY OF TEXAS AT ARLINGTON,ARLINGTON,TX,2021,National Science Foundation,10966796.0,27
LMLUKUPJJ9N3,UNIVERSITY OF TEXAS AT ARLINGTON,ARLINGTON,TX,2022,National Institutes of Health,11478960.71,17
LMLUKUPJJ9N3,UNIVERSITY OF TEXAS AT ARLINGTON,ARLINGTON,TX,2022,National Science Foundation,16507211.0,32
LMLUKUPJJ9N3,UNIVERSITY OF TEXAS AT ARLINGTON,ARLINGTON,TX,2023,National Institutes of Health,11173727.66,15
LMLUKUPJJ9N3,UNIVERSITY OF TEXAS AT ARLINGTON,ARLINGTON,TX,2023,National Science Foundation,11006777.0,25
LMLUKUPJJ9N3,UNIVERSITY OF TEXAS AT ARLINGTON,ARLINGTON,TX,2024,National Institutes of Health,8559562.24,4
LMLUKUPJJ9N3,UNIVERSITY OF TEXAS AT ARLINGTON,ARLINGTON,TX,2024,National Science Foundation,10704712.0,39
LMLUKUPJJ9N3,UNIVERSITY OF TEXAS AT ARLINGTON,ARLINGTON,TX,2025,National Institutes of Health,12817335.24,11
LMLUKUPJJ9N3,UNIVERSITY OF TEXAS AT ARLINGTON,ARLINGTON,TX,2025,National Science Foundation,13105557.0,27
LMLUKUPJJ9N3,UNIVERSITY OF TEXAS AT ARLINGTON,ARLINGTON,TX,2026,National Institutes of Health,13513074.389999999,14
LMLUKUPJJ9N3,UNIVERSITY OF TEXAS AT ARLINGTON,ARLINGTON,TX,2026,National Science Foundation,8636400.0,16
LN53LCFJFL45,PRESIDENT AND FELLOWS OF HARVARD COLLEGE,CAMBRIDGE,MA,2016,National Institutes of Health,60839283.0,128
LN53LCFJFL45,PRESIDENT AND FELLOWS OF HARVARD COLLEGE,CAMBRIDGE,MA,2016,National Science Foundation,65860113.0,159
LN53LCFJFL45,PRESIDENT AND FELLOWS OF HARVARD COLLEGE,CAMBRIDGE,MA,2017,National Institutes of Health,68580010.0,91
LN53LCFJFL45,PRESIDENT AND FELLOWS OF HARVARD COLLEGE,CAMBRIDGE,MA,2017,National Science Foundation,43964465.0,90
LN53LCFJFL45,PRESIDENT AND FELLOWS OF HARVARD COLLEGE,CAMBRIDGE,MA,2018,National Institutes of Health,78647353.0,57
LN53LCFJFL45,PRESIDENT AND FELLOWS OF HARVARD COLLEGE,CAMBRIDGE,MA,2018,National Science Foundation,60411420.0,99
LN53LCFJFL45,PRESIDENT AND FELLOWS OF HARVARD COLLEGE,CAMBRIDGE,MA,2019,National Institutes of Health,84233400.0,45
LN53LCFJFL45,PRESIDENT AND FELLOWS OF HARVARD COLLEGE,CAMBRIDGE,MA,2019,National Science Foundation,50863985.0,101
LN53LCFJFL45,PRESIDENT AND FELLOWS OF HARVARD COLLEGE,CAMBRIDGE,MA,2020,National Institutes of Health,84570350.0,51
LN53LCFJFL45,PRESIDENT AND FELLOWS OF HARVARD COLLEGE,CAMBRIDGE,MA,2020,National Science Foundation,63900878.0,81
LN53LCFJFL45,PRESIDENT AND FELLOWS OF HARVARD COLLEGE,CAMBRIDGE,MA,2021,National Institutes of Health,76820777.96000001,39
LN53LCFJFL45,PRESIDENT AND FELLOWS OF HARVARD COLLEGE,CAMBRIDGE,MA,2021,National Science Foundation,51268611.0,65
LN53LCFJFL45,PRESIDENT AND FELLOWS OF HARVARD COLLEGE,CAMBRIDGE,MA,2022,National Institutes of Health,76497164.58999999,38
LN53LCFJFL45,PRESIDENT AND FELLOWS OF HARVARD COLLEGE,CAMBRIDGE,MA,2022,National Science Foundation,50163209.0,69
LN53LCFJFL45,PRESIDENT AND FELLOWS OF HARVARD COLLEGE,CAMBRIDGE,MA,2023,National Institutes of Health,83089937.85,37
LN53LCFJFL45,PRESIDENT AND FELLOWS OF HARVARD COLLEGE,CAMBRIDGE,MA,2023,National Science Foundation,57346568.0,60
LN53LCFJFL45,PRESIDENT AND FELLOWS OF HARVARD COLLEGE,CAMBRIDGE,MA,2024,National Institutes of Health,75446309.82,39
LN53LCFJFL45,PRESIDENT AND FELLOWS OF HARVARD COLLEGE,CAMBRIDGE,MA,2024,National Science Foundation,50347413.0,67
LN53LCFJFL45,PRESIDENT AND FELLOWS OF HARVARD COLLEGE,CAMBRIDGE,MA,2025,National Institutes of Health,65797066.5,21
LN53LCFJFL45,PRESIDENT AND FELLOWS OF HARVARD COLLEGE,CAMBRIDGE,MA,2025,National Science Foundation,25078747.0,20
LN53LCFJFL45,PRESIDENT AND FELLOWS OF HARVARD COLLEGE,CAMBRIDGE,MA,2026,National Institutes of Health,58294453.59,31
LN53LCFJFL45,PRESIDENT AND FELLOWS OF HARVARD COLLEGE,CAMBRIDGE,MA,2026,National Science Foundation,23454935.0,26
LNGXAKMH8J26,AVERA MCKENNAN,SIOUX FALLS,SD,2018,National Institutes of Health,7594258.0,4
LNGXAKMH8J26,AVERA MCKENNAN,SIOUX FALLS,SD,2019,National Institutes of Health,4275629.0,1
LNGXAKMH8J26,AVERA MCKENNAN,SIOUX FALLS,SD,2020,National Institutes of Health,5355563.0,1
LNGXAKMH8J26,AVERA MCKENNAN,SIOUX FALLS,SD,2021,National Institutes of Health,5377095.0,1
LNGXAKMH8J26,AVERA MCKENNAN,SIOUX FALLS,SD,2022,National Institutes of Health,5315219.0,1
LNGXAKMH8J26,AVERA MCKENNAN,SIOUX FALLS,SD,2023,National Institutes of Health,8888663.0,1
LNGXAKMH8J26,AVERA MCKENNAN,SIOUX FALLS,SD,2024,National Institutes of Health,7972901.0,0
LNGXAKMH8J26,AVERA MCKENNAN,SIOUX FALLS,SD,2025,National Institutes of Health,7093316.0,0
LNGXAKMH8J26,AVERA MCKENNAN,SIOUX FALLS,SD,2026,National Institutes of Health,8022740.0,0
LQK1DD1EYZK9,"HEALTH RESEARCH, INC.",ALBANY,NY,2016,National Institutes of Health,10123982.0,23
LQK1DD1EYZK9,"HEALTH RESEARCH, INC.",ALBANY,NY,2017,National Institutes of Health,11010207.0,21
LQK1DD1EYZK9,"HEALTH RESEARCH, INC.",ALBANY,NY,2018,National Institutes of Health,12839455.0,12
LQK1DD1EYZK9,"HEALTH RESEARCH, INC.",ALBANY,NY,2019,National Institutes of Health,13464980.0,8
LQK1DD1EYZK9,"HEALTH RESEARCH, INC.",ALBANY,NY,2020,National Institutes of Health,7937457.0,7
LQK1DD1EYZK9,"HEALTH RESEARCH, INC.",ALBANY,NY,2021,National Institutes of Health,3918570.71,5
LQK1DD1EYZK9,"HEALTH RESEARCH, INC.",ALBANY,NY,2022,National Institutes of Health,5110746.32,4
LQK1DD1EYZK9,"HEALTH RESEARCH, INC.",ALBANY,NY,2023,National Institutes of Health,8021847.8100000005,1
LQK1DD1EYZK9,"HEALTH RESEARCH, INC.",ALBANY,NY,2024,National Institutes of Health,4818915.45,2
LQK1DD1EYZK9,"HEALTH RESEARCH, INC.",ALBANY,NY,2025,National Institutes of Health,3228367.6999999997,1
LQK1DD1EYZK9,"HEALTH RESEARCH, INC.",ALBANY,NY,2026,National Institutes of Health,3993521.17,2
LT8YKFJDVKJ3,CHESTNUT HEALTH SYSTEMS INC,BLOOMINGTON,IL,2016,National Institutes of Health,1745085.0,3
LT8YKFJDVKJ3,CHESTNUT HEALTH SYSTEMS INC,BLOOMINGTON,IL,2017,National Institutes of Health,2946958.0,4
LT8YKFJDVKJ3,CHESTNUT HEALTH SYSTEMS INC,BLOOMINGTON,IL,2018,National Institutes of Health,2459300.0,0
LT8YKFJDVKJ3,CHESTNUT HEALTH SYSTEMS INC,BLOOMINGTON,IL,2019,National Institutes of Health,4585638.0,2
LT8YKFJDVKJ3,CHESTNUT HEALTH SYSTEMS INC,BLOOMINGTON,IL,2020,National Institutes of Health,3055530.0,0
LT8YKFJDVKJ3,CHESTNUT HEALTH SYSTEMS INC,BLOOMINGTON,IL,2021,National Institutes of Health,2956238.0,0
LT8YKFJDVKJ3,CHESTNUT HEALTH SYSTEMS INC,BLOOMINGTON,IL,2022,National Institutes of Health,3000588.0,0
LT8YKFJDVKJ3,CHESTNUT HEALTH SYSTEMS INC,BLOOMINGTON,IL,2023,National Institutes of Health,7827388.0,7
LT8YKFJDVKJ3,CHESTNUT HEALTH SYSTEMS INC,BLOOMINGTON,IL,2024,National Institutes of Health,3206904.89,2
LT8YKFJDVKJ3,CHESTNUT HEALTH SYSTEMS INC,BLOOMINGTON,IL,2025,National Institutes of Health,6307141.0,5
LT8YKFJDVKJ3,CHESTNUT HEALTH SYSTEMS INC,BLOOMINGTON,IL,2026,National Institutes of Health,4877670.0,2
LT9CXX8L19G1,COLORADO STATE UNIVERSITY,FORT COLLINS,CO,2016,National Institutes of Health,28651281.0,98
LT9CXX8L19G1,COLORADO STATE UNIVERSITY,FORT COLLINS,CO,2016,National Science Foundation,29759037.0,116
LT9CXX8L19G1,COLORADO STATE UNIVERSITY,FORT COLLINS,CO,2017,National Institutes of Health,31327377.0,68
LT9CXX8L19G1,COLORADO STATE UNIVERSITY,FORT COLLINS,CO,2017,National Science Foundation,28362129.0,77
LT9CXX8L19G1,COLORADO STATE UNIVERSITY,FORT COLLINS,CO,2018,National Institutes of Health,32108262.0,36
LT9CXX8L19G1,COLORADO STATE UNIVERSITY,FORT COLLINS,CO,2018,National Science Foundation,29107669.0,70
LT9CXX8L19G1,COLORADO STATE UNIVERSITY,FORT COLLINS,CO,2019,National Institutes of Health,33863816.0,30
LT9CXX8L19G1,COLORADO STATE UNIVERSITY,FORT COLLINS,CO,2019,National Science Foundation,27239814.0,65
LT9CXX8L19G1,COLORADO STATE UNIVERSITY,FORT COLLINS,CO,2020,National Institutes of Health,39096634.0,33
LT9CXX8L19G1,COLORADO STATE UNIVERSITY,FORT COLLINS,CO,2020,National Science Foundation,33872591.0,65
LT9CXX8L19G1,COLORADO STATE UNIVERSITY,FORT COLLINS,CO,2021,National Institutes of Health,49383685.61,37
LT9CXX8L19G1,COLORADO STATE UNIVERSITY,FORT COLLINS,CO,2021,National Science Foundation,29453545.0,69
LT9CXX8L19G1,COLORADO STATE UNIVERSITY,FORT COLLINS,CO,2022,National Institutes of Health,43773279.31,35
LT9CXX8L19G1,COLORADO STATE UNIVERSITY,FORT COLLINS,CO,2022,National Science Foundation,37298716.0,64
LT9CXX8L19G1,COLORADO STATE UNIVERSITY,FORT COLLINS,CO,2023,National Institutes of Health,47435960.71,32
LT9CXX8L19G1,COLORADO STATE UNIVERSITY,FORT COLLINS,CO,2023,National Science Foundation,41745062.0,73
LT9CXX8L19G1,COLORADO STATE UNIVERSITY,FORT COLLINS,CO,2024,National Institutes of Health,53873391.29,39
LT9CXX8L19G1,COLORADO STATE UNIVERSITY,FORT COLLINS,CO,2024,National Science Foundation,29363435.0,59
LT9CXX8L19G1,COLORADO STATE UNIVERSITY,FORT COLLINS,CO,2025,National Institutes of Health,60564198.03,30
LT9CXX8L19G1,COLORADO STATE UNIVERSITY,FORT COLLINS,CO,2025,National Science Foundation,22728311.0,41
LT9CXX8L19G1,COLORADO STATE UNIVERSITY,FORT COLLINS,CO,2026,National Institutes of Health,40621257.51,18
LT9CXX8L19G1,COLORADO STATE UNIVERSITY,FORT COLLINS,CO,2026,National Science Foundation,5331653.0,11
LTJVF4QSFCP9,LUNDQUIST INSTITUTE FOR BIOMEDICAL INNOVATION AT HARBOR-UCLA MEDICAL CENTER,TORRANCE,CA,2016,National Institutes of Health,6392644.0,16
LTJVF4QSFCP9,LUNDQUIST INSTITUTE FOR BIOMEDICAL INNOVATION AT HARBOR-UCLA MEDICAL CENTER,TORRANCE,CA,2017,National Institutes of Health,7680549.0,14
LTJVF4QSFCP9,LUNDQUIST INSTITUTE FOR BIOMEDICAL INNOVATION AT HARBOR-UCLA MEDICAL CENTER,TORRANCE,CA,2018,National Institutes of Health,9428856.0,8
LTJVF4QSFCP9,LUNDQUIST INSTITUTE FOR BIOMEDICAL INNOVATION AT HARBOR-UCLA MEDICAL CENTER,TORRANCE,CA,2019,National Institutes of Health,11865004.0,10
LTJVF4QSFCP9,LUNDQUIST INSTITUTE FOR BIOMEDICAL INNOVATION AT HARBOR-UCLA MEDICAL CENTER,TORRANCE,CA,2020,National Institutes of Health,10869985.0,6
LTJVF4QSFCP9,LUNDQUIST INSTITUTE FOR BIOMEDICAL INNOVATION AT HARBOR-UCLA MEDICAL CENTER,TORRANCE,CA,2021,National Institutes of Health,12696689.67,7
LTJVF4QSFCP9,LUNDQUIST INSTITUTE FOR BIOMEDICAL INNOVATION AT HARBOR-UCLA MEDICAL CENTER,TORRANCE,CA,2022,National Institutes of Health,13480054.350000001,9
LTJVF4QSFCP9,LUNDQUIST INSTITUTE FOR BIOMEDICAL INNOVATION AT HARBOR-UCLA MEDICAL CENTER,TORRANCE,CA,2023,National Institutes of Health,11655838.76,4
LTJVF4QSFCP9,LUNDQUIST INSTITUTE FOR BIOMEDICAL INNOVATION AT HARBOR-UCLA MEDICAL CENTER,TORRANCE,CA,2024,National Institutes of Health,11889443.81,11
LTJVF4QSFCP9,LUNDQUIST INSTITUTE FOR BIOMEDICAL INNOVATION AT HARBOR-UCLA MEDICAL CENTER,TORRANCE,CA,2025,National Institutes of Health,13586083.309999999,6
LTJVF4QSFCP9,LUNDQUIST INSTITUTE FOR BIOMEDICAL INNOVATION AT HARBOR-UCLA MEDICAL CENTER,TORRANCE,CA,2026,National Institutes of Health,13330411.36,7
LTNVSTJ3R6D5,UNIVERSITY OF MASSACHUSETTS LOWELL,LOWELL,MA,2016,National Institutes of Health,3126402.0,7
LTNVSTJ3R6D5,UNIVERSITY OF MASSACHUSETTS LOWELL,LOWELL,MA,2016,National Science Foundation,5917718.0,29
LTNVSTJ3R6D5,UNIVERSITY OF MASSACHUSETTS LOWELL,LOWELL,MA,2017,National Institutes of Health,3928677.0,8
LTNVSTJ3R6D5,UNIVERSITY OF MASSACHUSETTS LOWELL,LOWELL,MA,2017,National Science Foundation,7397870.0,27
LTNVSTJ3R6D5,UNIVERSITY OF MASSACHUSETTS LOWELL,LOWELL,MA,2018,National Institutes of Health,7738368.0,10
LTNVSTJ3R6D5,UNIVERSITY OF MASSACHUSETTS LOWELL,LOWELL,MA,2018,National Science Foundation,3632606.0,16
LTNVSTJ3R6D5,UNIVERSITY OF MASSACHUSETTS LOWELL,LOWELL,MA,2019,National Institutes of Health,7600447.0,5
LTNVSTJ3R6D5,UNIVERSITY OF MASSACHUSETTS LOWELL,LOWELL,MA,2019,National Science Foundation,6458899.0,24
LTNVSTJ3R6D5,UNIVERSITY OF MASSACHUSETTS LOWELL,LOWELL,MA,2020,National Institutes of Health,7809150.0,5
LTNVSTJ3R6D5,UNIVERSITY OF MASSACHUSETTS LOWELL,LOWELL,MA,2020,National Science Foundation,7936761.0,22
LTNVSTJ3R6D5,UNIVERSITY OF MASSACHUSETTS LOWELL,LOWELL,MA,2021,National Institutes of Health,10648933.0,10
LTNVSTJ3R6D5,UNIVERSITY OF MASSACHUSETTS LOWELL,LOWELL,MA,2021,National Science Foundation,9538669.0,21
LTNVSTJ3R6D5,UNIVERSITY OF MASSACHUSETTS LOWELL,LOWELL,MA,2022,National Institutes of Health,7439540.890000001,4
LTNVSTJ3R6D5,UNIVERSITY OF MASSACHUSETTS LOWELL,LOWELL,MA,2022,National Science Foundation,11940274.0,17
LTNVSTJ3R6D5,UNIVERSITY OF MASSACHUSETTS LOWELL,LOWELL,MA,2023,National Institutes of Health,11970310.97,11
LTNVSTJ3R6D5,UNIVERSITY OF MASSACHUSETTS LOWELL,LOWELL,MA,2023,National Science Foundation,8085332.0,18
LTNVSTJ3R6D5,UNIVERSITY OF MASSACHUSETTS LOWELL,LOWELL,MA,2024,National Institutes of Health,8304518.74,7
LTNVSTJ3R6D5,UNIVERSITY OF MASSACHUSETTS LOWELL,LOWELL,MA,2024,National Science Foundation,5781714.0,19
LTNVSTJ3R6D5,UNIVERSITY OF MASSACHUSETTS LOWELL,LOWELL,MA,2025,National Institutes of Health,9530486.39,5
LTNVSTJ3R6D5,UNIVERSITY OF MASSACHUSETTS LOWELL,LOWELL,MA,2025,National Science Foundation,5257609.0,13
LTNVSTJ3R6D5,UNIVERSITY OF MASSACHUSETTS LOWELL,LOWELL,MA,2026,National Institutes of Health,11342184.280000001,6
LTNVSTJ3R6D5,UNIVERSITY OF MASSACHUSETTS LOWELL,LOWELL,MA,2026,National Science Foundation,1653835.0,6
LV8GL8MLU9A3,HMH HOSPITALS CORPORATION,EDISON,NJ,2016,National Institutes of Health,509668.0,2
LV8GL8MLU9A3,HMH HOSPITALS CORPORATION,EDISON,NJ,2017,National Institutes of Health,739920.0,1
LV8GL8MLU9A3,HMH HOSPITALS CORPORATION,EDISON,NJ,2018,National Institutes of Health,5832229.0,7
LV8GL8MLU9A3,HMH HOSPITALS CORPORATION,EDISON,NJ,2019,National Institutes of Health,23051082.0,12
LV8GL8MLU9A3,HMH HOSPITALS CORPORATION,EDISON,NJ,2020,National Institutes of Health,21447777.0,6
LV8GL8MLU9A3,HMH HOSPITALS CORPORATION,EDISON,NJ,2021,National Institutes of Health,18265969.18,1
LV8GL8MLU9A3,HMH HOSPITALS CORPORATION,EDISON,NJ,2022,National Institutes of Health,84811055.57,7
LV8GL8MLU9A3,HMH HOSPITALS CORPORATION,EDISON,NJ,2023,National Institutes of Health,21832052.0,11
LV8GL8MLU9A3,HMH HOSPITALS CORPORATION,EDISON,NJ,2024,National Institutes of Health,17744554.78,6
LV8GL8MLU9A3,HMH HOSPITALS CORPORATION,EDISON,NJ,2025,National Institutes of Health,32541792.0,8
LV8GL8MLU9A3,HMH HOSPITALS CORPORATION,EDISON,NJ,2026,National Institutes of Health,16702301.81,4
LWLJAPATKEL8,SIMONS LAUFER MATHEMATICAL SCIENCES INSTITUTE,BERKELEY,CA,2016,National Science Foundation,4680721.0,3
LWLJAPATKEL8,SIMONS LAUFER MATHEMATICAL SCIENCES INSTITUTE,BERKELEY,CA,2017,National Science Foundation,9674805.0,2
LWLJAPATKEL8,SIMONS LAUFER MATHEMATICAL SCIENCES INSTITUTE,BERKELEY,CA,2018,National Science Foundation,4816263.0,3
LWLJAPATKEL8,SIMONS LAUFER MATHEMATICAL SCIENCES INSTITUTE,BERKELEY,CA,2019,National Science Foundation,355249.0,2
LWLJAPATKEL8,SIMONS LAUFER MATHEMATICAL SCIENCES INSTITUTE,BERKELEY,CA,2020,National Science Foundation,5739363.0,3
LWLJAPATKEL8,SIMONS LAUFER MATHEMATICAL SCIENCES INSTITUTE,BERKELEY,CA,2021,National Science Foundation,7797261.0,1
LWLJAPATKEL8,SIMONS LAUFER MATHEMATICAL SCIENCES INSTITUTE,BERKELEY,CA,2022,National Science Foundation,3612619.0,1
LWLJAPATKEL8,SIMONS LAUFER MATHEMATICAL SCIENCES INSTITUTE,BERKELEY,CA,2023,National Science Foundation,6864586.0,0
LWLJAPATKEL8,SIMONS LAUFER MATHEMATICAL SCIENCES INSTITUTE,BERKELEY,CA,2024,National Science Foundation,3190250.0,1
LWLJAPATKEL8,SIMONS LAUFER MATHEMATICAL SCIENCES INSTITUTE,BERKELEY,CA,2025,National Science Foundation,8111705.0,1
LWLJAPATKEL8,SIMONS LAUFER MATHEMATICAL SCIENCES INSTITUTE,BERKELEY,CA,2026,National Science Foundation,2054515.0,0
LXCNYLGGX6N7,"NEW YORK BLOOD CENTER, INC",NEW YORK,NY,2016,National Institutes of Health,6447563.0,12
LXCNYLGGX6N7,"NEW YORK BLOOD CENTER, INC",NEW YORK,NY,2017,National Institutes of Health,8661975.0,11
LXCNYLGGX6N7,"NEW YORK BLOOD CENTER, INC",NEW YORK,NY,2018,National Institutes of Health,7642961.0,4
LXCNYLGGX6N7,"NEW YORK BLOOD CENTER, INC",NEW YORK,NY,2019,National Institutes of Health,6924352.0,3
LXCNYLGGX6N7,"NEW YORK BLOOD CENTER, INC",NEW YORK,NY,2020,National Institutes of Health,12119234.0,4
LXCNYLGGX6N7,"NEW YORK BLOOD CENTER, INC",NEW YORK,NY,2021,National Institutes of Health,10097521.0,2
LXCNYLGGX6N7,"NEW YORK BLOOD CENTER, INC",NEW YORK,NY,2022,National Institutes of Health,7083849.8100000005,2
LXCNYLGGX6N7,"NEW YORK BLOOD CENTER, INC",NEW YORK,NY,2023,National Institutes of Health,8144531.8100000005,6
LXCNYLGGX6N7,"NEW YORK BLOOD CENTER, INC",NEW YORK,NY,2024,National Institutes of Health,7330050.78,2
LXCNYLGGX6N7,"NEW YORK BLOOD CENTER, INC",NEW YORK,NY,2025,National Institutes of Health,8380382.5200000005,6
LXCNYLGGX6N7,"NEW YORK BLOOD CENTER, INC",NEW YORK,NY,2026,National Institutes of Health,6241882.27,1
LXEJEU58YZG6,BUTLER HOSPITAL,PROVIDENCE,RI,2016,National Institutes of Health,9649781.0,25
LXEJEU58YZG6,BUTLER HOSPITAL,PROVIDENCE,RI,2017,National Institutes of Health,7746201.0,15
LXEJEU58YZG6,BUTLER HOSPITAL,PROVIDENCE,RI,2018,National Institutes of Health,7518676.0,10
LXEJEU58YZG6,BUTLER HOSPITAL,PROVIDENCE,RI,2019,National Institutes of Health,7145190.0,4
LXEJEU58YZG6,BUTLER HOSPITAL,PROVIDENCE,RI,2020,National Institutes of Health,7923604.0,3
LXEJEU58YZG6,BUTLER HOSPITAL,PROVIDENCE,RI,2021,National Institutes of Health,6918094.920000001,6
LXEJEU58YZG6,BUTLER HOSPITAL,PROVIDENCE,RI,2022,National Institutes of Health,8017087.0,5
LXEJEU58YZG6,BUTLER HOSPITAL,PROVIDENCE,RI,2023,National Institutes of Health,9172727.030000001,4
LXEJEU58YZG6,BUTLER HOSPITAL,PROVIDENCE,RI,2024,National Institutes of Health,7611748.420000001,3
LXEJEU58YZG6,BUTLER HOSPITAL,PROVIDENCE,RI,2025,National Institutes of Health,5677913.1,3
LXEJEU58YZG6,BUTLER HOSPITAL,PROVIDENCE,RI,2026,National Institutes of Health,4624211.9399999995,1
LXHMMWRKN5N8,OHIO UNIVERSITY,ATHENS,OH,2016,National Institutes of Health,4025962.0,11
LXHMMWRKN5N8,OHIO UNIVERSITY,ATHENS,OH,2016,National Science Foundation,669641.0,16
LXHMMWRKN5N8,OHIO UNIVERSITY,ATHENS,OH,2017,National Institutes of Health,3463184.0,13
LXHMMWRKN5N8,OHIO UNIVERSITY,ATHENS,OH,2017,National Science Foundation,3508613.0,17
LXHMMWRKN5N8,OHIO UNIVERSITY,ATHENS,OH,2018,National Institutes of Health,4303022.0,10
LXHMMWRKN5N8,OHIO UNIVERSITY,ATHENS,OH,2018,National Science Foundation,4723619.0,12
LXHMMWRKN5N8,OHIO UNIVERSITY,ATHENS,OH,2019,National Institutes of Health,5685132.0,14
LXHMMWRKN5N8,OHIO UNIVERSITY,ATHENS,OH,2019,National Science Foundation,2815993.0,7
LXHMMWRKN5N8,OHIO UNIVERSITY,ATHENS,OH,2020,National Institutes of Health,5540678.0,8
LXHMMWRKN5N8,OHIO UNIVERSITY,ATHENS,OH,2020,National Science Foundation,5867845.0,7
LXHMMWRKN5N8,OHIO UNIVERSITY,ATHENS,OH,2021,National Institutes of Health,4934509.01,6
LXHMMWRKN5N8,OHIO UNIVERSITY,ATHENS,OH,2021,National Science Foundation,2019327.0,8
LXHMMWRKN5N8,OHIO UNIVERSITY,ATHENS,OH,2022,National Institutes of Health,6312939.74,7
LXHMMWRKN5N8,OHIO UNIVERSITY,ATHENS,OH,2022,National Science Foundation,1715325.0,3
LXHMMWRKN5N8,OHIO UNIVERSITY,ATHENS,OH,2023,National Institutes of Health,7397073.83,7
LXHMMWRKN5N8,OHIO UNIVERSITY,ATHENS,OH,2023,National Science Foundation,3667189.0,7
LXHMMWRKN5N8,OHIO UNIVERSITY,ATHENS,OH,2024,National Institutes of Health,13000439.649999999,5
LXHMMWRKN5N8,OHIO UNIVERSITY,ATHENS,OH,2024,National Science Foundation,2298714.0,7
LXHMMWRKN5N8,OHIO UNIVERSITY,ATHENS,OH,2025,National Institutes of Health,4642847.97,1
LXHMMWRKN5N8,OHIO UNIVERSITY,ATHENS,OH,2025,National Science Foundation,1691933.0,3
LXHMMWRKN5N8,OHIO UNIVERSITY,ATHENS,OH,2026,National Institutes of Health,7346244.6899999995,7
LXHMMWRKN5N8,OHIO UNIVERSITY,ATHENS,OH,2026,National Science Foundation,129072.0,2
LZYFSK879778,"ALBERT EINSTEIN COLLEGE OF MEDICINE, INC.",BRONX,NY,2016,National Institutes of Health,192823849.0,373
LZYFSK879778,"ALBERT EINSTEIN COLLEGE OF MEDICINE, INC.",BRONX,NY,2016,National Science Foundation,728414.0,2
LZYFSK879778,"ALBERT EINSTEIN COLLEGE OF MEDICINE, INC.",BRONX,NY,2017,National Institutes of Health,167443389.0,125
LZYFSK879778,"ALBERT EINSTEIN COLLEGE OF MEDICINE, INC.",BRONX,NY,2017,National Science Foundation,33200.0,2
LZYFSK879778,"ALBERT EINSTEIN COLLEGE OF MEDICINE, INC.",BRONX,NY,2018,National Institutes of Health,167516774.0,97
LZYFSK879778,"ALBERT EINSTEIN COLLEGE OF MEDICINE, INC.",BRONX,NY,2018,National Science Foundation,33200.0,0
LZYFSK879778,"ALBERT EINSTEIN COLLEGE OF MEDICINE, INC.",BRONX,NY,2019,National Institutes of Health,-109982405.0,36
LZYFSK879778,"ALBERT EINSTEIN COLLEGE OF MEDICINE, INC.",BRONX,NY,2020,National Institutes of Health,-3587919.0,4
LZYFSK879778,"ALBERT EINSTEIN COLLEGE OF MEDICINE, INC.",BRONX,NY,2021,National Institutes of Health,-141596.0,0
LZYFSK879778,"ALBERT EINSTEIN COLLEGE OF MEDICINE, INC.",BRONX,NY,2022,National Institutes of Health,-325.68,0
LZYFSK879778,"ALBERT EINSTEIN COLLEGE OF MEDICINE, INC.",BRONX,NY,2025,National Institutes of Health,-11459.11,0
M1K8LJAET5R1,THE UNIVERSITY OF SOUTHERN MISSISSIPPI,HATTIESBURG,MS,2016,National Institutes of Health,4482201.0,4
M1K8LJAET5R1,THE UNIVERSITY OF SOUTHERN MISSISSIPPI,HATTIESBURG,MS,2016,National Science Foundation,7420310.0,19
M1K8LJAET5R1,THE UNIVERSITY OF SOUTHERN MISSISSIPPI,HATTIESBURG,MS,2017,National Institutes of Health,4697267.0,3
M1K8LJAET5R1,THE UNIVERSITY OF SOUTHERN MISSISSIPPI,HATTIESBURG,MS,2017,National Science Foundation,2939835.0,10
M1K8LJAET5R1,THE UNIVERSITY OF SOUTHERN MISSISSIPPI,HATTIESBURG,MS,2018,National Institutes of Health,5426449.0,3
M1K8LJAET5R1,THE UNIVERSITY OF SOUTHERN MISSISSIPPI,HATTIESBURG,MS,2018,National Science Foundation,1409143.0,8
M1K8LJAET5R1,THE UNIVERSITY OF SOUTHERN MISSISSIPPI,HATTIESBURG,MS,2019,National Institutes of Health,4492386.0,4
M1K8LJAET5R1,THE UNIVERSITY OF SOUTHERN MISSISSIPPI,HATTIESBURG,MS,2019,National Science Foundation,2388840.0,8
M1K8LJAET5R1,THE UNIVERSITY OF SOUTHERN MISSISSIPPI,HATTIESBURG,MS,2020,National Institutes of Health,4104507.0,1
M1K8LJAET5R1,THE UNIVERSITY OF SOUTHERN MISSISSIPPI,HATTIESBURG,MS,2020,National Science Foundation,1898726.0,7
M1K8LJAET5R1,THE UNIVERSITY OF SOUTHERN MISSISSIPPI,HATTIESBURG,MS,2021,National Institutes of Health,4201683.96,2
M1K8LJAET5R1,THE UNIVERSITY OF SOUTHERN MISSISSIPPI,HATTIESBURG,MS,2021,National Science Foundation,1435539.0,3
M1K8LJAET5R1,THE UNIVERSITY OF SOUTHERN MISSISSIPPI,HATTIESBURG,MS,2022,National Institutes of Health,5804171.25,5
M1K8LJAET5R1,THE UNIVERSITY OF SOUTHERN MISSISSIPPI,HATTIESBURG,MS,2022,National Science Foundation,2763414.0,7
M1K8LJAET5R1,THE UNIVERSITY OF SOUTHERN MISSISSIPPI,HATTIESBURG,MS,2023,National Institutes of Health,5531149.89,4
M1K8LJAET5R1,THE UNIVERSITY OF SOUTHERN MISSISSIPPI,HATTIESBURG,MS,2023,National Science Foundation,6831700.0,11
M1K8LJAET5R1,THE UNIVERSITY OF SOUTHERN MISSISSIPPI,HATTIESBURG,MS,2024,National Institutes of Health,4831279.430000001,1
M1K8LJAET5R1,THE UNIVERSITY OF SOUTHERN MISSISSIPPI,HATTIESBURG,MS,2024,National Science Foundation,9492341.0,13
M1K8LJAET5R1,THE UNIVERSITY OF SOUTHERN MISSISSIPPI,HATTIESBURG,MS,2025,National Institutes of Health,6244321.68,5
M1K8LJAET5R1,THE UNIVERSITY OF SOUTHERN MISSISSIPPI,HATTIESBURG,MS,2025,National Science Foundation,8820016.0,10
M1K8LJAET5R1,THE UNIVERSITY OF SOUTHERN MISSISSIPPI,HATTIESBURG,MS,2026,National Institutes of Health,1298404.08,2
M1K8LJAET5R1,THE UNIVERSITY OF SOUTHERN MISSISSIPPI,HATTIESBURG,MS,2026,National Science Foundation,716174.0,2
M1LVPE5GLSD9,"RUTGERS, THE STATE UNIVERSITY",NEW BRUNSWICK,NJ,2016,National Institutes of Health,51186228.0,120
M1LVPE5GLSD9,"RUTGERS, THE STATE UNIVERSITY",NEW BRUNSWICK,NJ,2016,National Science Foundation,50107832.0,164
M1LVPE5GLSD9,"RUTGERS, THE STATE UNIVERSITY",NEW BRUNSWICK,NJ,2017,National Institutes of Health,53467161.0,67
M1LVPE5GLSD9,"RUTGERS, THE STATE UNIVERSITY",NEW BRUNSWICK,NJ,2017,National Science Foundation,38645235.0,112
M1LVPE5GLSD9,"RUTGERS, THE STATE UNIVERSITY",NEW BRUNSWICK,NJ,2018,National Institutes of Health,52471030.0,48
M1LVPE5GLSD9,"RUTGERS, THE STATE UNIVERSITY",NEW BRUNSWICK,NJ,2018,National Science Foundation,46412404.0,125
M1LVPE5GLSD9,"RUTGERS, THE STATE UNIVERSITY",NEW BRUNSWICK,NJ,2019,National Institutes of Health,67456097.0,31
M1LVPE5GLSD9,"RUTGERS, THE STATE UNIVERSITY",NEW BRUNSWICK,NJ,2019,National Science Foundation,36365090.0,92
M1LVPE5GLSD9,"RUTGERS, THE STATE UNIVERSITY",NEW BRUNSWICK,NJ,2020,National Institutes of Health,62295042.0,32
M1LVPE5GLSD9,"RUTGERS, THE STATE UNIVERSITY",NEW BRUNSWICK,NJ,2020,National Science Foundation,48424544.0,89
M1LVPE5GLSD9,"RUTGERS, THE STATE UNIVERSITY",NEW BRUNSWICK,NJ,2021,National Institutes of Health,69970688.46000001,33
M1LVPE5GLSD9,"RUTGERS, THE STATE UNIVERSITY",NEW BRUNSWICK,NJ,2021,National Science Foundation,51062149.0,81
M1LVPE5GLSD9,"RUTGERS, THE STATE UNIVERSITY",NEW BRUNSWICK,NJ,2022,National Institutes of Health,63215011.20999999,26
M1LVPE5GLSD9,"RUTGERS, THE STATE UNIVERSITY",NEW BRUNSWICK,NJ,2022,National Science Foundation,40386527.0,70
M1LVPE5GLSD9,"RUTGERS, THE STATE UNIVERSITY",NEW BRUNSWICK,NJ,2023,National Institutes of Health,52574008.61,33
M1LVPE5GLSD9,"RUTGERS, THE STATE UNIVERSITY",NEW BRUNSWICK,NJ,2023,National Science Foundation,56720436.0,96
M1LVPE5GLSD9,"RUTGERS, THE STATE UNIVERSITY",NEW BRUNSWICK,NJ,2024,National Institutes of Health,53530164.96000001,41
M1LVPE5GLSD9,"RUTGERS, THE STATE UNIVERSITY",NEW BRUNSWICK,NJ,2024,National Science Foundation,36610395.0,72
M1LVPE5GLSD9,"RUTGERS, THE STATE UNIVERSITY",NEW BRUNSWICK,NJ,2025,National Institutes of Health,43047679.559999995,19
M1LVPE5GLSD9,"RUTGERS, THE STATE UNIVERSITY",NEW BRUNSWICK,NJ,2025,National Science Foundation,52518684.0,66
M1LVPE5GLSD9,"RUTGERS, THE STATE UNIVERSITY",NEW BRUNSWICK,NJ,2026,National Institutes of Health,34444697.95,14
M1LVPE5GLSD9,"RUTGERS, THE STATE UNIVERSITY",NEW BRUNSWICK,NJ,2026,National Science Foundation,6943915.0,20
M2EEE68GGCY9,NORTHERN ILLINOIS UNIVERSITY,DEKALB,IL,2016,National Institutes of Health,173089.0,1
M2EEE68GGCY9,NORTHERN ILLINOIS UNIVERSITY,DEKALB,IL,2016,National Science Foundation,1505286.0,10
M2EEE68GGCY9,NORTHERN ILLINOIS UNIVERSITY,DEKALB,IL,2017,National Institutes of Health,195788.0,6
M2EEE68GGCY9,NORTHERN ILLINOIS UNIVERSITY,DEKALB,IL,2017,National Science Foundation,2988384.0,11
M2EEE68GGCY9,NORTHERN ILLINOIS UNIVERSITY,DEKALB,IL,2018,National Institutes of Health,1063882.0,4
M2EEE68GGCY9,NORTHERN ILLINOIS UNIVERSITY,DEKALB,IL,2018,National Science Foundation,3281001.0,12
M2EEE68GGCY9,NORTHERN ILLINOIS UNIVERSITY,DEKALB,IL,2019,National Institutes of Health,420177.0,4
M2EEE68GGCY9,NORTHERN ILLINOIS UNIVERSITY,DEKALB,IL,2019,National Science Foundation,1914578.0,5
M2EEE68GGCY9,NORTHERN ILLINOIS UNIVERSITY,DEKALB,IL,2020,National Institutes of Health,2050335.0,4
M2EEE68GGCY9,NORTHERN ILLINOIS UNIVERSITY,DEKALB,IL,2020,National Science Foundation,4090606.0,14
M2EEE68GGCY9,NORTHERN ILLINOIS UNIVERSITY,DEKALB,IL,2021,National Institutes of Health,337697.0,2
M2EEE68GGCY9,NORTHERN ILLINOIS UNIVERSITY,DEKALB,IL,2021,National Science Foundation,2605709.0,8
M2EEE68GGCY9,NORTHERN ILLINOIS UNIVERSITY,DEKALB,IL,2022,National Institutes of Health,303256.0,0
M2EEE68GGCY9,NORTHERN ILLINOIS UNIVERSITY,DEKALB,IL,2022,National Science Foundation,3408334.0,7
M2EEE68GGCY9,NORTHERN ILLINOIS UNIVERSITY,DEKALB,IL,2023,National Institutes of Health,25486.139999999996,1
M2EEE68GGCY9,NORTHERN ILLINOIS UNIVERSITY,DEKALB,IL,2023,National Science Foundation,4099158.0,15
M2EEE68GGCY9,NORTHERN ILLINOIS UNIVERSITY,DEKALB,IL,2024,National Institutes of Health,588399.89,2
M2EEE68GGCY9,NORTHERN ILLINOIS UNIVERSITY,DEKALB,IL,2024,National Science Foundation,8871227.0,12
M2EEE68GGCY9,NORTHERN ILLINOIS UNIVERSITY,DEKALB,IL,2025,National Institutes of Health,1752947.44,3
M2EEE68GGCY9,NORTHERN ILLINOIS UNIVERSITY,DEKALB,IL,2025,National Science Foundation,3803432.0,11
M2EEE68GGCY9,NORTHERN ILLINOIS UNIVERSITY,DEKALB,IL,2026,National Institutes of Health,-98.64,0
M2EEE68GGCY9,NORTHERN ILLINOIS UNIVERSITY,DEKALB,IL,2026,National Science Foundation,-929027.0,0
M2XKLRTA9G44,THE MARINE BIOLOGICAL LABORATORY,WOODS HOLE,MA,2016,National Institutes of Health,4455378.0,19
M2XKLRTA9G44,THE MARINE BIOLOGICAL LABORATORY,WOODS HOLE,MA,2016,National Science Foundation,3865864.0,19
M2XKLRTA9G44,THE MARINE BIOLOGICAL LABORATORY,WOODS HOLE,MA,2017,National Institutes of Health,4935922.0,2
M2XKLRTA9G44,THE MARINE BIOLOGICAL LABORATORY,WOODS HOLE,MA,2017,National Science Foundation,4615643.0,9
M2XKLRTA9G44,THE MARINE BIOLOGICAL LABORATORY,WOODS HOLE,MA,2018,National Institutes of Health,5125317.0,5
M2XKLRTA9G44,THE MARINE BIOLOGICAL LABORATORY,WOODS HOLE,MA,2018,National Science Foundation,2493198.0,5
M2XKLRTA9G44,THE MARINE BIOLOGICAL LABORATORY,WOODS HOLE,MA,2019,National Institutes of Health,6256486.0,3
M2XKLRTA9G44,THE MARINE BIOLOGICAL LABORATORY,WOODS HOLE,MA,2019,National Science Foundation,2734811.0,1
M2XKLRTA9G44,THE MARINE BIOLOGICAL LABORATORY,WOODS HOLE,MA,2020,National Institutes of Health,6714860.0,5
M2XKLRTA9G44,THE MARINE BIOLOGICAL LABORATORY,WOODS HOLE,MA,2020,National Science Foundation,5085982.0,8
M2XKLRTA9G44,THE MARINE BIOLOGICAL LABORATORY,WOODS HOLE,MA,2021,National Institutes of Health,12631947.41,4
M2XKLRTA9G44,THE MARINE BIOLOGICAL LABORATORY,WOODS HOLE,MA,2021,National Science Foundation,5559438.0,4
M2XKLRTA9G44,THE MARINE BIOLOGICAL LABORATORY,WOODS HOLE,MA,2022,National Institutes of Health,7515168.079999999,5
M2XKLRTA9G44,THE MARINE BIOLOGICAL LABORATORY,WOODS HOLE,MA,2022,National Science Foundation,4731587.0,11
M2XKLRTA9G44,THE MARINE BIOLOGICAL LABORATORY,WOODS HOLE,MA,2023,National Institutes of Health,5702246.03,2
M2XKLRTA9G44,THE MARINE BIOLOGICAL LABORATORY,WOODS HOLE,MA,2023,National Science Foundation,2707213.0,4
M2XKLRTA9G44,THE MARINE BIOLOGICAL LABORATORY,WOODS HOLE,MA,2024,National Institutes of Health,5567551.01,3
M2XKLRTA9G44,THE MARINE BIOLOGICAL LABORATORY,WOODS HOLE,MA,2024,National Science Foundation,4463706.0,4
M2XKLRTA9G44,THE MARINE BIOLOGICAL LABORATORY,WOODS HOLE,MA,2025,National Institutes of Health,9824366.1,6
M2XKLRTA9G44,THE MARINE BIOLOGICAL LABORATORY,WOODS HOLE,MA,2025,National Science Foundation,5786716.0,4
M2XKLRTA9G44,THE MARINE BIOLOGICAL LABORATORY,WOODS HOLE,MA,2026,National Institutes of Health,4979886.98,1
M2XKLRTA9G44,THE MARINE BIOLOGICAL LABORATORY,WOODS HOLE,MA,2026,National Science Foundation,1250907.0,1
M3GAQBN4BWH6,HUDSONALPHA INSTITUTE FOR BIOTECHNOLOGY,HUNTSVILLE,AL,2016,National Institutes of Health,11286683.0,8
M3GAQBN4BWH6,HUDSONALPHA INSTITUTE FOR BIOTECHNOLOGY,HUNTSVILLE,AL,2017,National Institutes of Health,14887122.0,6
M3GAQBN4BWH6,HUDSONALPHA INSTITUTE FOR BIOTECHNOLOGY,HUNTSVILLE,AL,2018,National Institutes of Health,13369450.0,2
M3GAQBN4BWH6,HUDSONALPHA INSTITUTE FOR BIOTECHNOLOGY,HUNTSVILLE,AL,2018,National Science Foundation,1972373.0,1
M3GAQBN4BWH6,HUDSONALPHA INSTITUTE FOR BIOTECHNOLOGY,HUNTSVILLE,AL,2019,National Institutes of Health,12184102.0,0
M3GAQBN4BWH6,HUDSONALPHA INSTITUTE FOR BIOTECHNOLOGY,HUNTSVILLE,AL,2020,National Institutes of Health,10832933.0,1
M3GAQBN4BWH6,HUDSONALPHA INSTITUTE FOR BIOTECHNOLOGY,HUNTSVILLE,AL,2020,National Science Foundation,2075947.0,1
M3GAQBN4BWH6,HUDSONALPHA INSTITUTE FOR BIOTECHNOLOGY,HUNTSVILLE,AL,2021,National Institutes of Health,12999106.0,2
M3GAQBN4BWH6,HUDSONALPHA INSTITUTE FOR BIOTECHNOLOGY,HUNTSVILLE,AL,2021,National Science Foundation,897758.0,1
M3GAQBN4BWH6,HUDSONALPHA INSTITUTE FOR BIOTECHNOLOGY,HUNTSVILLE,AL,2022,National Institutes of Health,3896232.16,0
M3GAQBN4BWH6,HUDSONALPHA INSTITUTE FOR BIOTECHNOLOGY,HUNTSVILLE,AL,2022,National Science Foundation,998656.0,1
M3GAQBN4BWH6,HUDSONALPHA INSTITUTE FOR BIOTECHNOLOGY,HUNTSVILLE,AL,2023,National Institutes of Health,857849.3200000001,1
M3GAQBN4BWH6,HUDSONALPHA INSTITUTE FOR BIOTECHNOLOGY,HUNTSVILLE,AL,2023,National Science Foundation,3086914.0,4
M3GAQBN4BWH6,HUDSONALPHA INSTITUTE FOR BIOTECHNOLOGY,HUNTSVILLE,AL,2024,National Institutes of Health,1886299.22,4
M3GAQBN4BWH6,HUDSONALPHA INSTITUTE FOR BIOTECHNOLOGY,HUNTSVILLE,AL,2024,National Science Foundation,1668309.0,2
M3GAQBN4BWH6,HUDSONALPHA INSTITUTE FOR BIOTECHNOLOGY,HUNTSVILLE,AL,2025,National Institutes of Health,1924257.9100000001,0
M3GAQBN4BWH6,HUDSONALPHA INSTITUTE FOR BIOTECHNOLOGY,HUNTSVILLE,AL,2025,National Science Foundation,309560.0,0
M3GAQBN4BWH6,HUDSONALPHA INSTITUTE FOR BIOTECHNOLOGY,HUNTSVILLE,AL,2026,National Institutes of Health,1969681.99,0
M3GAQBN4BWH6,HUDSONALPHA INSTITUTE FOR BIOTECHNOLOGY,HUNTSVILLE,AL,2026,National Science Foundation,7494144.0,1
M3KHEEYRM1S6,CHILDREN'S RESEARCH INSTITUTE,WASHINGTON,DC,2016,National Institutes of Health,25415216.0,64
M3KHEEYRM1S6,CHILDREN'S RESEARCH INSTITUTE,WASHINGTON,DC,2016,National Science Foundation,27999.0,1
M3KHEEYRM1S6,CHILDREN'S RESEARCH INSTITUTE,WASHINGTON,DC,2017,National Institutes of Health,29236828.0,44
M3KHEEYRM1S6,CHILDREN'S RESEARCH INSTITUTE,WASHINGTON,DC,2018,National Institutes of Health,33888897.0,21
M3KHEEYRM1S6,CHILDREN'S RESEARCH INSTITUTE,WASHINGTON,DC,2018,National Science Foundation,230000.0,1
M3KHEEYRM1S6,CHILDREN'S RESEARCH INSTITUTE,WASHINGTON,DC,2019,National Institutes of Health,32709874.0,23
M3KHEEYRM1S6,CHILDREN'S RESEARCH INSTITUTE,WASHINGTON,DC,2020,National Institutes of Health,35484674.0,29
M3KHEEYRM1S6,CHILDREN'S RESEARCH INSTITUTE,WASHINGTON,DC,2020,National Science Foundation,215971.0,1
M3KHEEYRM1S6,CHILDREN'S RESEARCH INSTITUTE,WASHINGTON,DC,2021,National Institutes of Health,46070700.5,29
M3KHEEYRM1S6,CHILDREN'S RESEARCH INSTITUTE,WASHINGTON,DC,2021,National Science Foundation,57792.0,1
M3KHEEYRM1S6,CHILDREN'S RESEARCH INSTITUTE,WASHINGTON,DC,2022,National Institutes of Health,38024826.9,20
M3KHEEYRM1S6,CHILDREN'S RESEARCH INSTITUTE,WASHINGTON,DC,2022,National Science Foundation,-98074.0,0
M3KHEEYRM1S6,CHILDREN'S RESEARCH INSTITUTE,WASHINGTON,DC,2023,National Institutes of Health,28141010.349999998,22
M3KHEEYRM1S6,CHILDREN'S RESEARCH INSTITUTE,WASHINGTON,DC,2023,National Science Foundation,0.0,0
M3KHEEYRM1S6,CHILDREN'S RESEARCH INSTITUTE,WASHINGTON,DC,2024,National Institutes of Health,30352116.17,22
M3KHEEYRM1S6,CHILDREN'S RESEARCH INSTITUTE,WASHINGTON,DC,2024,National Science Foundation,50000.0,1
M3KHEEYRM1S6,CHILDREN'S RESEARCH INSTITUTE,WASHINGTON,DC,2025,National Institutes of Health,20713038.269999996,11
M3KHEEYRM1S6,CHILDREN'S RESEARCH INSTITUTE,WASHINGTON,DC,2026,National Institutes of Health,20340742.9,12
M5QFLTCTSQN6,CLEVELAND CLINIC LERNER COLLEGE OF MEDICINE OF CASE WESTERN RESERVE UNIVERSITY,CLEVELAND,OH,2016,National Institutes of Health,95791049.0,212
M5QFLTCTSQN6,CLEVELAND CLINIC LERNER COLLEGE OF MEDICINE OF CASE WESTERN RESERVE UNIVERSITY,CLEVELAND,OH,2017,National Institutes of Health,98759142.0,105
M5QFLTCTSQN6,CLEVELAND CLINIC LERNER COLLEGE OF MEDICINE OF CASE WESTERN RESERVE UNIVERSITY,CLEVELAND,OH,2018,National Institutes of Health,94947533.0,59
M5QFLTCTSQN6,CLEVELAND CLINIC LERNER COLLEGE OF MEDICINE OF CASE WESTERN RESERVE UNIVERSITY,CLEVELAND,OH,2019,National Institutes of Health,98770355.0,55
M5QFLTCTSQN6,CLEVELAND CLINIC LERNER COLLEGE OF MEDICINE OF CASE WESTERN RESERVE UNIVERSITY,CLEVELAND,OH,2020,National Institutes of Health,107202653.0,53
M5QFLTCTSQN6,CLEVELAND CLINIC LERNER COLLEGE OF MEDICINE OF CASE WESTERN RESERVE UNIVERSITY,CLEVELAND,OH,2021,National Institutes of Health,117271140.53,92
M5QFLTCTSQN6,CLEVELAND CLINIC LERNER COLLEGE OF MEDICINE OF CASE WESTERN RESERVE UNIVERSITY,CLEVELAND,OH,2022,National Institutes of Health,121913144.44999999,59
M5QFLTCTSQN6,CLEVELAND CLINIC LERNER COLLEGE OF MEDICINE OF CASE WESTERN RESERVE UNIVERSITY,CLEVELAND,OH,2023,National Institutes of Health,134701113.46,54
M5QFLTCTSQN6,CLEVELAND CLINIC LERNER COLLEGE OF MEDICINE OF CASE WESTERN RESERVE UNIVERSITY,CLEVELAND,OH,2024,National Institutes of Health,119302220.58,49
M5QFLTCTSQN6,CLEVELAND CLINIC LERNER COLLEGE OF MEDICINE OF CASE WESTERN RESERVE UNIVERSITY,CLEVELAND,OH,2025,National Institutes of Health,116881465.19,57
M5QFLTCTSQN6,CLEVELAND CLINIC LERNER COLLEGE OF MEDICINE OF CASE WESTERN RESERVE UNIVERSITY,CLEVELAND,OH,2026,National Institutes of Health,86865671.75,28
M5SZJ6VHUHN8,NEW YORK UNIVERSITY,NEW YORK,NY,2016,National Institutes of Health,188793206.0,423
M5SZJ6VHUHN8,NEW YORK UNIVERSITY,NEW YORK,NY,2016,National Science Foundation,1770584.0,5
M5SZJ6VHUHN8,NEW YORK UNIVERSITY,NEW YORK,NY,2017,National Institutes of Health,233626641.0,224
M5SZJ6VHUHN8,NEW YORK UNIVERSITY,NEW YORK,NY,2017,National Science Foundation,320000.0,0
M5SZJ6VHUHN8,NEW YORK UNIVERSITY,NEW YORK,NY,2018,National Institutes of Health,259579978.0,168
M5SZJ6VHUHN8,NEW YORK UNIVERSITY,NEW YORK,NY,2018,National Science Foundation,2070560.0,5
M5SZJ6VHUHN8,NEW YORK UNIVERSITY,NEW YORK,NY,2019,National Institutes of Health,313476223.0,141
M5SZJ6VHUHN8,NEW YORK UNIVERSITY,NEW YORK,NY,2019,National Science Foundation,7294083.0,5
M5SZJ6VHUHN8,NEW YORK UNIVERSITY,NEW YORK,NY,2020,National Institutes of Health,324382350.0,144
M5SZJ6VHUHN8,NEW YORK UNIVERSITY,NEW YORK,NY,2020,National Science Foundation,1291463.0,3
M5SZJ6VHUHN8,NEW YORK UNIVERSITY,NEW YORK,NY,2021,National Institutes of Health,344664995.63,127
M5SZJ6VHUHN8,NEW YORK UNIVERSITY,NEW YORK,NY,2021,National Science Foundation,1167704.0,1
M5SZJ6VHUHN8,NEW YORK UNIVERSITY,NEW YORK,NY,2022,National Institutes of Health,342993952.54999995,159
M5SZJ6VHUHN8,NEW YORK UNIVERSITY,NEW YORK,NY,2022,National Science Foundation,1188210.0,1
M5SZJ6VHUHN8,NEW YORK UNIVERSITY,NEW YORK,NY,2023,National Institutes of Health,361813995.0,151
M5SZJ6VHUHN8,NEW YORK UNIVERSITY,NEW YORK,NY,2023,National Science Foundation,3507428.0,5
M5SZJ6VHUHN8,NEW YORK UNIVERSITY,NEW YORK,NY,2024,National Institutes of Health,378213741.10999995,166
M5SZJ6VHUHN8,NEW YORK UNIVERSITY,NEW YORK,NY,2024,National Science Foundation,3685245.0,6
M5SZJ6VHUHN8,NEW YORK UNIVERSITY,NEW YORK,NY,2025,National Institutes of Health,422709516.5,134
M5SZJ6VHUHN8,NEW YORK UNIVERSITY,NEW YORK,NY,2025,National Science Foundation,3106000.0,0
M5SZJ6VHUHN8,NEW YORK UNIVERSITY,NEW YORK,NY,2026,National Institutes of Health,347077546.38,118
M5SZJ6VHUHN8,NEW YORK UNIVERSITY,NEW YORK,NY,2026,National Science Foundation,106000.0,0
M6K6NTJ2MNE5,WAYNE STATE UNIVERSITY,DETROIT,MI,2016,National Institutes of Health,55738012.0,142
M6K6NTJ2MNE5,WAYNE STATE UNIVERSITY,DETROIT,MI,2016,National Science Foundation,10712194.0,38
M6K6NTJ2MNE5,WAYNE STATE UNIVERSITY,DETROIT,MI,2017,National Institutes of Health,51947210.0,101
M6K6NTJ2MNE5,WAYNE STATE UNIVERSITY,DETROIT,MI,2017,National Science Foundation,8344359.0,29
M6K6NTJ2MNE5,WAYNE STATE UNIVERSITY,DETROIT,MI,2018,National Institutes of Health,57005156.0,48
M6K6NTJ2MNE5,WAYNE STATE UNIVERSITY,DETROIT,MI,2018,National Science Foundation,6951654.0,21
M6K6NTJ2MNE5,WAYNE STATE UNIVERSITY,DETROIT,MI,2019,National Institutes of Health,59935899.0,43
M6K6NTJ2MNE5,WAYNE STATE UNIVERSITY,DETROIT,MI,2019,National Science Foundation,7686729.0,25
M6K6NTJ2MNE5,WAYNE STATE UNIVERSITY,DETROIT,MI,2020,National Institutes of Health,58311015.0,36
M6K6NTJ2MNE5,WAYNE STATE UNIVERSITY,DETROIT,MI,2020,National Science Foundation,12571353.0,28
M6K6NTJ2MNE5,WAYNE STATE UNIVERSITY,DETROIT,MI,2021,National Institutes of Health,65098914.599999994,57
M6K6NTJ2MNE5,WAYNE STATE UNIVERSITY,DETROIT,MI,2021,National Science Foundation,7175942.0,23
M6K6NTJ2MNE5,WAYNE STATE UNIVERSITY,DETROIT,MI,2022,National Institutes of Health,67664321.03000002,38
M6K6NTJ2MNE5,WAYNE STATE UNIVERSITY,DETROIT,MI,2022,National Science Foundation,6924085.0,22
M6K6NTJ2MNE5,WAYNE STATE UNIVERSITY,DETROIT,MI,2023,National Institutes of Health,76005983.67,46
M6K6NTJ2MNE5,WAYNE STATE UNIVERSITY,DETROIT,MI,2023,National Science Foundation,10490729.0,30
M6K6NTJ2MNE5,WAYNE STATE UNIVERSITY,DETROIT,MI,2024,National Institutes of Health,71556458.63,35
M6K6NTJ2MNE5,WAYNE STATE UNIVERSITY,DETROIT,MI,2024,National Science Foundation,6329685.0,14
M6K6NTJ2MNE5,WAYNE STATE UNIVERSITY,DETROIT,MI,2025,National Institutes of Health,73195733.28,29
M6K6NTJ2MNE5,WAYNE STATE UNIVERSITY,DETROIT,MI,2025,National Science Foundation,4591618.0,9
M6K6NTJ2MNE5,WAYNE STATE UNIVERSITY,DETROIT,MI,2026,National Institutes of Health,51948823.91,27
M6K6NTJ2MNE5,WAYNE STATE UNIVERSITY,DETROIT,MI,2026,National Science Foundation,1679639.0,6
M746VC6XMNH9,THE RESEARCH FOUNDATION FOR THE STATE UNIVERSITY OF NEW YORK,STONY BROOK,NY,2016,National Institutes of Health,63741126.0,191
M746VC6XMNH9,THE RESEARCH FOUNDATION FOR THE STATE UNIVERSITY OF NEW YORK,STONY BROOK,NY,2016,National Science Foundation,34560212.0,147
M746VC6XMNH9,THE RESEARCH FOUNDATION FOR THE STATE UNIVERSITY OF NEW YORK,STONY BROOK,NY,2017,National Institutes of Health,61163385.0,100
M746VC6XMNH9,THE RESEARCH FOUNDATION FOR THE STATE UNIVERSITY OF NEW YORK,STONY BROOK,NY,2017,National Science Foundation,33927864.0,87
M746VC6XMNH9,THE RESEARCH FOUNDATION FOR THE STATE UNIVERSITY OF NEW YORK,STONY BROOK,NY,2018,National Institutes of Health,60582095.0,66
M746VC6XMNH9,THE RESEARCH FOUNDATION FOR THE STATE UNIVERSITY OF NEW YORK,STONY BROOK,NY,2018,National Science Foundation,41391719.0,75
M746VC6XMNH9,THE RESEARCH FOUNDATION FOR THE STATE UNIVERSITY OF NEW YORK,STONY BROOK,NY,2019,National Institutes of Health,77784347.0,42
M746VC6XMNH9,THE RESEARCH FOUNDATION FOR THE STATE UNIVERSITY OF NEW YORK,STONY BROOK,NY,2019,National Science Foundation,42429588.0,78
M746VC6XMNH9,THE RESEARCH FOUNDATION FOR THE STATE UNIVERSITY OF NEW YORK,STONY BROOK,NY,2020,National Institutes of Health,77800418.0,52
M746VC6XMNH9,THE RESEARCH FOUNDATION FOR THE STATE UNIVERSITY OF NEW YORK,STONY BROOK,NY,2020,National Science Foundation,43570729.0,77
M746VC6XMNH9,THE RESEARCH FOUNDATION FOR THE STATE UNIVERSITY OF NEW YORK,STONY BROOK,NY,2021,National Institutes of Health,72759593.42999999,53
M746VC6XMNH9,THE RESEARCH FOUNDATION FOR THE STATE UNIVERSITY OF NEW YORK,STONY BROOK,NY,2021,National Science Foundation,46349993.0,72
M746VC6XMNH9,THE RESEARCH FOUNDATION FOR THE STATE UNIVERSITY OF NEW YORK,STONY BROOK,NY,2022,National Institutes of Health,81181951.38,42
M746VC6XMNH9,THE RESEARCH FOUNDATION FOR THE STATE UNIVERSITY OF NEW YORK,STONY BROOK,NY,2022,National Science Foundation,40974857.0,63
M746VC6XMNH9,THE RESEARCH FOUNDATION FOR THE STATE UNIVERSITY OF NEW YORK,STONY BROOK,NY,2023,National Institutes of Health,65764742.95999999,45
M746VC6XMNH9,THE RESEARCH FOUNDATION FOR THE STATE UNIVERSITY OF NEW YORK,STONY BROOK,NY,2023,National Science Foundation,28537364.0,57
M746VC6XMNH9,THE RESEARCH FOUNDATION FOR THE STATE UNIVERSITY OF NEW YORK,STONY BROOK,NY,2024,National Institutes of Health,61752487.32000001,50
M746VC6XMNH9,THE RESEARCH FOUNDATION FOR THE STATE UNIVERSITY OF NEW YORK,STONY BROOK,NY,2024,National Science Foundation,32196200.0,43
M746VC6XMNH9,THE RESEARCH FOUNDATION FOR THE STATE UNIVERSITY OF NEW YORK,STONY BROOK,NY,2025,National Institutes of Health,76364815.35,47
M746VC6XMNH9,THE RESEARCH FOUNDATION FOR THE STATE UNIVERSITY OF NEW YORK,STONY BROOK,NY,2025,National Science Foundation,48082400.0,41
M746VC6XMNH9,THE RESEARCH FOUNDATION FOR THE STATE UNIVERSITY OF NEW YORK,STONY BROOK,NY,2026,National Institutes of Health,69832458.69,45
M746VC6XMNH9,THE RESEARCH FOUNDATION FOR THE STATE UNIVERSITY OF NEW YORK,STONY BROOK,NY,2026,National Science Foundation,21526196.0,11
M7KCJ79FAVH5,LOUISIANA STATE UNIVERSITY HEALTH SCIENCES CENTER NEW ORLEANS,NEW ORLEANS,LA,2016,National Institutes of Health,19931633.0,57
M7KCJ79FAVH5,LOUISIANA STATE UNIVERSITY HEALTH SCIENCES CENTER NEW ORLEANS,NEW ORLEANS,LA,2016,National Science Foundation,37040.0,1
M7KCJ79FAVH5,LOUISIANA STATE UNIVERSITY HEALTH SCIENCES CENTER NEW ORLEANS,NEW ORLEANS,LA,2017,National Institutes of Health,20732967.0,36
M7KCJ79FAVH5,LOUISIANA STATE UNIVERSITY HEALTH SCIENCES CENTER NEW ORLEANS,NEW ORLEANS,LA,2017,National Science Foundation,376052.0,4
M7KCJ79FAVH5,LOUISIANA STATE UNIVERSITY HEALTH SCIENCES CENTER NEW ORLEANS,NEW ORLEANS,LA,2018,National Institutes of Health,23729732.0,28
M7KCJ79FAVH5,LOUISIANA STATE UNIVERSITY HEALTH SCIENCES CENTER NEW ORLEANS,NEW ORLEANS,LA,2018,National Science Foundation,115264.0,0
M7KCJ79FAVH5,LOUISIANA STATE UNIVERSITY HEALTH SCIENCES CENTER NEW ORLEANS,NEW ORLEANS,LA,2019,National Institutes of Health,22741548.0,20
M7KCJ79FAVH5,LOUISIANA STATE UNIVERSITY HEALTH SCIENCES CENTER NEW ORLEANS,NEW ORLEANS,LA,2019,National Science Foundation,100224.0,0
M7KCJ79FAVH5,LOUISIANA STATE UNIVERSITY HEALTH SCIENCES CENTER NEW ORLEANS,NEW ORLEANS,LA,2020,National Institutes of Health,26309539.0,19
M7KCJ79FAVH5,LOUISIANA STATE UNIVERSITY HEALTH SCIENCES CENTER NEW ORLEANS,NEW ORLEANS,LA,2020,National Science Foundation,414258.0,1
M7KCJ79FAVH5,LOUISIANA STATE UNIVERSITY HEALTH SCIENCES CENTER NEW ORLEANS,NEW ORLEANS,LA,2021,National Institutes of Health,25214884.03,14
M7KCJ79FAVH5,LOUISIANA STATE UNIVERSITY HEALTH SCIENCES CENTER NEW ORLEANS,NEW ORLEANS,LA,2021,National Science Foundation,328827.0,1
M7KCJ79FAVH5,LOUISIANA STATE UNIVERSITY HEALTH SCIENCES CENTER NEW ORLEANS,NEW ORLEANS,LA,2022,National Institutes of Health,27977792.17,21
M7KCJ79FAVH5,LOUISIANA STATE UNIVERSITY HEALTH SCIENCES CENTER NEW ORLEANS,NEW ORLEANS,LA,2023,National Institutes of Health,25216271.740000002,19
M7KCJ79FAVH5,LOUISIANA STATE UNIVERSITY HEALTH SCIENCES CENTER NEW ORLEANS,NEW ORLEANS,LA,2023,National Science Foundation,52658.0,0
M7KCJ79FAVH5,LOUISIANA STATE UNIVERSITY HEALTH SCIENCES CENTER NEW ORLEANS,NEW ORLEANS,LA,2024,National Institutes of Health,19301513.46,12
M7KCJ79FAVH5,LOUISIANA STATE UNIVERSITY HEALTH SCIENCES CENTER NEW ORLEANS,NEW ORLEANS,LA,2024,National Science Foundation,849071.0,2
M7KCJ79FAVH5,LOUISIANA STATE UNIVERSITY HEALTH SCIENCES CENTER NEW ORLEANS,NEW ORLEANS,LA,2025,National Institutes of Health,20414948.450000003,10
M7KCJ79FAVH5,LOUISIANA STATE UNIVERSITY HEALTH SCIENCES CENTER NEW ORLEANS,NEW ORLEANS,LA,2025,National Science Foundation,7818357.0,2
M7KCJ79FAVH5,LOUISIANA STATE UNIVERSITY HEALTH SCIENCES CENTER NEW ORLEANS,NEW ORLEANS,LA,2026,National Institutes of Health,13852700.62,13
M7PNRH24BBM8,WEST VIRGINIA UNIVERSITY RESEARCH CORPORATION,MORGANTOWN,WV,2016,National Institutes of Health,17888844.0,54
M7PNRH24BBM8,WEST VIRGINIA UNIVERSITY RESEARCH CORPORATION,MORGANTOWN,WV,2016,National Science Foundation,10286782.0,46
M7PNRH24BBM8,WEST VIRGINIA UNIVERSITY RESEARCH CORPORATION,MORGANTOWN,WV,2017,National Institutes of Health,20311361.0,30
M7PNRH24BBM8,WEST VIRGINIA UNIVERSITY RESEARCH CORPORATION,MORGANTOWN,WV,2017,National Science Foundation,10607354.0,36
M7PNRH24BBM8,WEST VIRGINIA UNIVERSITY RESEARCH CORPORATION,MORGANTOWN,WV,2018,National Institutes of Health,25705641.0,27
M7PNRH24BBM8,WEST VIRGINIA UNIVERSITY RESEARCH CORPORATION,MORGANTOWN,WV,2018,National Science Foundation,8726133.0,28
M7PNRH24BBM8,WEST VIRGINIA UNIVERSITY RESEARCH CORPORATION,MORGANTOWN,WV,2019,National Institutes of Health,23623701.0,21
M7PNRH24BBM8,WEST VIRGINIA UNIVERSITY RESEARCH CORPORATION,MORGANTOWN,WV,2019,National Science Foundation,9950477.0,21
M7PNRH24BBM8,WEST VIRGINIA UNIVERSITY RESEARCH CORPORATION,MORGANTOWN,WV,2020,National Institutes of Health,33438293.0,27
M7PNRH24BBM8,WEST VIRGINIA UNIVERSITY RESEARCH CORPORATION,MORGANTOWN,WV,2020,National Science Foundation,13214273.0,29
M7PNRH24BBM8,WEST VIRGINIA UNIVERSITY RESEARCH CORPORATION,MORGANTOWN,WV,2021,National Institutes of Health,37313565.8,25
M7PNRH24BBM8,WEST VIRGINIA UNIVERSITY RESEARCH CORPORATION,MORGANTOWN,WV,2021,National Science Foundation,17488400.0,31
M7PNRH24BBM8,WEST VIRGINIA UNIVERSITY RESEARCH CORPORATION,MORGANTOWN,WV,2022,National Institutes of Health,38708972.089999996,21
M7PNRH24BBM8,WEST VIRGINIA UNIVERSITY RESEARCH CORPORATION,MORGANTOWN,WV,2022,National Science Foundation,11057910.0,23
M7PNRH24BBM8,WEST VIRGINIA UNIVERSITY RESEARCH CORPORATION,MORGANTOWN,WV,2023,National Institutes of Health,43576818.58,13
M7PNRH24BBM8,WEST VIRGINIA UNIVERSITY RESEARCH CORPORATION,MORGANTOWN,WV,2023,National Science Foundation,16203380.0,33
M7PNRH24BBM8,WEST VIRGINIA UNIVERSITY RESEARCH CORPORATION,MORGANTOWN,WV,2024,National Institutes of Health,38657902.599999994,16
M7PNRH24BBM8,WEST VIRGINIA UNIVERSITY RESEARCH CORPORATION,MORGANTOWN,WV,2024,National Science Foundation,13066595.0,38
M7PNRH24BBM8,WEST VIRGINIA UNIVERSITY RESEARCH CORPORATION,MORGANTOWN,WV,2025,National Institutes of Health,34559688.05,13
M7PNRH24BBM8,WEST VIRGINIA UNIVERSITY RESEARCH CORPORATION,MORGANTOWN,WV,2025,National Science Foundation,11532935.0,22
M7PNRH24BBM8,WEST VIRGINIA UNIVERSITY RESEARCH CORPORATION,MORGANTOWN,WV,2026,National Institutes of Health,26048082.89,10
M7PNRH24BBM8,WEST VIRGINIA UNIVERSITY RESEARCH CORPORATION,MORGANTOWN,WV,2026,National Science Foundation,13366411.0,5
M9ACC5DQCNL6,UNIVERSITY OF TOLEDO,TOLEDO,OH,2016,National Institutes of Health,8946764.0,21
M9ACC5DQCNL6,UNIVERSITY OF TOLEDO,TOLEDO,OH,2017,National Institutes of Health,5638064.0,18
M9ACC5DQCNL6,UNIVERSITY OF TOLEDO,TOLEDO,OH,2017,National Science Foundation,50000.0,1
M9ACC5DQCNL6,UNIVERSITY OF TOLEDO,TOLEDO,OH,2018,National Institutes of Health,9494407.0,12
M9ACC5DQCNL6,UNIVERSITY OF TOLEDO,TOLEDO,OH,2019,National Institutes of Health,8192944.0,13
M9ACC5DQCNL6,UNIVERSITY OF TOLEDO,TOLEDO,OH,2019,National Science Foundation,545650.0,1
M9ACC5DQCNL6,UNIVERSITY OF TOLEDO,TOLEDO,OH,2020,National Institutes of Health,8158838.0,9
M9ACC5DQCNL6,UNIVERSITY OF TOLEDO,TOLEDO,OH,2021,National Institutes of Health,8816266.46,11
M9ACC5DQCNL6,UNIVERSITY OF TOLEDO,TOLEDO,OH,2022,National Institutes of Health,12599622.75,17
M9ACC5DQCNL6,UNIVERSITY OF TOLEDO,TOLEDO,OH,2022,National Science Foundation,800000.0,1
M9ACC5DQCNL6,UNIVERSITY OF TOLEDO,TOLEDO,OH,2023,National Institutes of Health,12399152.420000002,8
M9ACC5DQCNL6,UNIVERSITY OF TOLEDO,TOLEDO,OH,2024,National Institutes of Health,11879602.16,9
M9ACC5DQCNL6,UNIVERSITY OF TOLEDO,TOLEDO,OH,2024,National Science Foundation,519645.0,1
M9ACC5DQCNL6,UNIVERSITY OF TOLEDO,TOLEDO,OH,2025,National Institutes of Health,11737168.93,11
M9ACC5DQCNL6,UNIVERSITY OF TOLEDO,TOLEDO,OH,2026,National Institutes of Health,6563208.63,1
MAYKB1LWD5U9,MAINEHEALTH,PORTLAND,ME,2016,National Institutes of Health,7344689.0,15
MAYKB1LWD5U9,MAINEHEALTH,PORTLAND,ME,2017,National Institutes of Health,12767710.0,14
MAYKB1LWD5U9,MAINEHEALTH,PORTLAND,ME,2018,National Institutes of Health,12347284.0,5
MAYKB1LWD5U9,MAINEHEALTH,PORTLAND,ME,2019,National Institutes of Health,13958025.0,7
MAYKB1LWD5U9,MAINEHEALTH,PORTLAND,ME,2020,National Institutes of Health,12617308.0,5
MAYKB1LWD5U9,MAINEHEALTH,PORTLAND,ME,2021,National Institutes of Health,16532989.559999999,6
MAYKB1LWD5U9,MAINEHEALTH,PORTLAND,ME,2022,National Institutes of Health,12909840.02,2
MAYKB1LWD5U9,MAINEHEALTH,PORTLAND,ME,2023,National Institutes of Health,19906780.939999998,4
MAYKB1LWD5U9,MAINEHEALTH,PORTLAND,ME,2024,National Institutes of Health,16664568.93,4
MAYKB1LWD5U9,MAINEHEALTH,PORTLAND,ME,2025,National Institutes of Health,19588944.72,4
MAYKB1LWD5U9,MAINEHEALTH,PORTLAND,ME,2026,National Institutes of Health,8638178.17,3
MBBKNBU5DCC6,VENATORX PHARMACEUTICALS INC,CHADDS FORD,PA,2016,National Institutes of Health,3509652.0,5
MBBKNBU5DCC6,VENATORX PHARMACEUTICALS INC,CHADDS FORD,PA,2017,National Institutes of Health,4264208.0,3
MBBKNBU5DCC6,VENATORX PHARMACEUTICALS INC,CHADDS FORD,PA,2018,National Institutes of Health,5326412.0,4
MBBKNBU5DCC6,VENATORX PHARMACEUTICALS INC,CHADDS FORD,PA,2019,National Institutes of Health,5824920.0,2
MBBKNBU5DCC6,VENATORX PHARMACEUTICALS INC,CHADDS FORD,PA,2020,National Institutes of Health,4867580.0,1
MBBKNBU5DCC6,VENATORX PHARMACEUTICALS INC,CHADDS FORD,PA,2021,National Institutes of Health,7026662.0,3
MBBKNBU5DCC6,VENATORX PHARMACEUTICALS INC,CHADDS FORD,PA,2022,National Institutes of Health,6438285.21,1
MBBKNBU5DCC6,VENATORX PHARMACEUTICALS INC,CHADDS FORD,PA,2023,National Institutes of Health,6077750.89,2
MBBKNBU5DCC6,VENATORX PHARMACEUTICALS INC,CHADDS FORD,PA,2024,National Institutes of Health,4498121.25,1
MBBKNBU5DCC6,VENATORX PHARMACEUTICALS INC,CHADDS FORD,PA,2025,National Institutes of Health,3220772.98,0
MBBKNBU5DCC6,VENATORX PHARMACEUTICALS INC,CHADDS FORD,PA,2026,National Institutes of Health,-1194622.5999999999,0
MBD2CZMR5N48,"UNAVCO, INC",BOULDER,CO,2016,National Science Foundation,15398210.0,8
MBD2CZMR5N48,"UNAVCO, INC",BOULDER,CO,2017,National Science Foundation,16961125.0,5
MBD2CZMR5N48,"UNAVCO, INC",BOULDER,CO,2018,National Science Foundation,14930401.0,9
MBD2CZMR5N48,"UNAVCO, INC",BOULDER,CO,2019,National Science Foundation,8902990.0,2
MBD2CZMR5N48,"UNAVCO, INC",BOULDER,CO,2020,National Science Foundation,15251010.0,3
MBD2CZMR5N48,"UNAVCO, INC",BOULDER,CO,2021,National Science Foundation,16946831.0,2
MBD2CZMR5N48,"UNAVCO, INC",BOULDER,CO,2022,National Science Foundation,16806903.0,1
MBD2CZMR5N48,"UNAVCO, INC",BOULDER,CO,2023,National Science Foundation,-7650466.0,1
MBKKNQM9QME3,ENDEAVOR HEALTH CLINICAL OPERATIONS,EVANSTON,IL,2016,National Institutes of Health,4741809.0,13
MBKKNQM9QME3,ENDEAVOR HEALTH CLINICAL OPERATIONS,EVANSTON,IL,2017,National Institutes of Health,3961683.0,7
MBKKNQM9QME3,ENDEAVOR HEALTH CLINICAL OPERATIONS,EVANSTON,IL,2018,National Institutes of Health,7447800.0,9
MBKKNQM9QME3,ENDEAVOR HEALTH CLINICAL OPERATIONS,EVANSTON,IL,2019,National Institutes of Health,9280492.0,6
MBKKNQM9QME3,ENDEAVOR HEALTH CLINICAL OPERATIONS,EVANSTON,IL,2020,National Institutes of Health,9808908.0,3
MBKKNQM9QME3,ENDEAVOR HEALTH CLINICAL OPERATIONS,EVANSTON,IL,2021,National Institutes of Health,9850097.629999999,3
MBKKNQM9QME3,ENDEAVOR HEALTH CLINICAL OPERATIONS,EVANSTON,IL,2022,National Institutes of Health,8840787.51,4
MBKKNQM9QME3,ENDEAVOR HEALTH CLINICAL OPERATIONS,EVANSTON,IL,2023,National Institutes of Health,9247649.99,5
MBKKNQM9QME3,ENDEAVOR HEALTH CLINICAL OPERATIONS,EVANSTON,IL,2024,National Institutes of Health,9697689.0,4
MBKKNQM9QME3,ENDEAVOR HEALTH CLINICAL OPERATIONS,EVANSTON,IL,2025,National Institutes of Health,4913070.88,0
MBKKNQM9QME3,ENDEAVOR HEALTH CLINICAL OPERATIONS,EVANSTON,IL,2026,National Institutes of Health,5536251.13,2
MBT9RXJJ7428,LOVELACE BIOMEDICAL RESEARCH INSTITUTE,ALBUQUERQUE,NM,2021,National Institutes of Health,7445704.2,3
MBT9RXJJ7428,LOVELACE BIOMEDICAL RESEARCH INSTITUTE,ALBUQUERQUE,NM,2022,National Institutes of Health,7426676.0,9
MBT9RXJJ7428,LOVELACE BIOMEDICAL RESEARCH INSTITUTE,ALBUQUERQUE,NM,2023,National Institutes of Health,6881649.93,5
MBT9RXJJ7428,LOVELACE BIOMEDICAL RESEARCH INSTITUTE,ALBUQUERQUE,NM,2024,National Institutes of Health,7258752.4399999995,2
MBT9RXJJ7428,LOVELACE BIOMEDICAL RESEARCH INSTITUTE,ALBUQUERQUE,NM,2025,National Institutes of Health,10349203.22,5
MBT9RXJJ7428,LOVELACE BIOMEDICAL RESEARCH INSTITUTE,ALBUQUERQUE,NM,2025,National Science Foundation,2612688.0,1
MBT9RXJJ7428,LOVELACE BIOMEDICAL RESEARCH INSTITUTE,ALBUQUERQUE,NM,2026,National Institutes of Health,7001124.859999999,0
MBU6HCLNZ431,WAKE FOREST UNIVERSITY,WINSTON SALEM,NC,2016,National Institutes of Health,2667497.0,5
MBU6HCLNZ431,WAKE FOREST UNIVERSITY,WINSTON SALEM,NC,2016,National Science Foundation,2188496.0,11
MBU6HCLNZ431,WAKE FOREST UNIVERSITY,WINSTON SALEM,NC,2017,National Institutes of Health,1477898.0,3
MBU6HCLNZ431,WAKE FOREST UNIVERSITY,WINSTON SALEM,NC,2017,National Science Foundation,3740037.0,10
MBU6HCLNZ431,WAKE FOREST UNIVERSITY,WINSTON SALEM,NC,2018,National Institutes of Health,1771337.0,1
MBU6HCLNZ431,WAKE FOREST UNIVERSITY,WINSTON SALEM,NC,2018,National Science Foundation,2255010.0,7
MBU6HCLNZ431,WAKE FOREST UNIVERSITY,WINSTON SALEM,NC,2019,National Institutes of Health,2210644.0,3
MBU6HCLNZ431,WAKE FOREST UNIVERSITY,WINSTON SALEM,NC,2019,National Science Foundation,189146.0,4
MBU6HCLNZ431,WAKE FOREST UNIVERSITY,WINSTON SALEM,NC,2020,National Institutes of Health,2966077.0,5
MBU6HCLNZ431,WAKE FOREST UNIVERSITY,WINSTON SALEM,NC,2020,National Science Foundation,412079.0,3
MBU6HCLNZ431,WAKE FOREST UNIVERSITY,WINSTON SALEM,NC,2021,National Institutes of Health,1755999.6099999999,0
MBU6HCLNZ431,WAKE FOREST UNIVERSITY,WINSTON SALEM,NC,2021,National Science Foundation,2866538.0,9
MBU6HCLNZ431,WAKE FOREST UNIVERSITY,WINSTON SALEM,NC,2022,National Institutes of Health,4604852.0,5
MBU6HCLNZ431,WAKE FOREST UNIVERSITY,WINSTON SALEM,NC,2022,National Science Foundation,2856507.0,8
MBU6HCLNZ431,WAKE FOREST UNIVERSITY,WINSTON SALEM,NC,2023,National Institutes of Health,7817386.37,4
MBU6HCLNZ431,WAKE FOREST UNIVERSITY,WINSTON SALEM,NC,2023,National Science Foundation,2362877.0,9
MBU6HCLNZ431,WAKE FOREST UNIVERSITY,WINSTON SALEM,NC,2024,National Institutes of Health,6840588.77,3
MBU6HCLNZ431,WAKE FOREST UNIVERSITY,WINSTON SALEM,NC,2024,National Science Foundation,2518522.0,8
MBU6HCLNZ431,WAKE FOREST UNIVERSITY,WINSTON SALEM,NC,2025,National Institutes of Health,6245763.38,2
MBU6HCLNZ431,WAKE FOREST UNIVERSITY,WINSTON SALEM,NC,2025,National Science Foundation,1427854.0,4
MBU6HCLNZ431,WAKE FOREST UNIVERSITY,WINSTON SALEM,NC,2026,National Institutes of Health,6196981.78,4
MBU6HCLNZ431,WAKE FOREST UNIVERSITY,WINSTON SALEM,NC,2026,National Science Foundation,1629073.0,2
MC4RJJM9XLT5,CAL POLY CORPORATION,SAN LUIS OBISPO,CA,2016,National Institutes of Health,1877946.0,3
MC4RJJM9XLT5,CAL POLY CORPORATION,SAN LUIS OBISPO,CA,2016,National Science Foundation,3507809.0,20
MC4RJJM9XLT5,CAL POLY CORPORATION,SAN LUIS OBISPO,CA,2017,National Institutes of Health,1092217.0,1
MC4RJJM9XLT5,CAL POLY CORPORATION,SAN LUIS OBISPO,CA,2017,National Science Foundation,3578080.0,15
MC4RJJM9XLT5,CAL POLY CORPORATION,SAN LUIS OBISPO,CA,2018,National Institutes of Health,1352184.0,5
MC4RJJM9XLT5,CAL POLY CORPORATION,SAN LUIS OBISPO,CA,2018,National Science Foundation,5584566.0,9
MC4RJJM9XLT5,CAL POLY CORPORATION,SAN LUIS OBISPO,CA,2019,National Institutes of Health,1378161.0,0
MC4RJJM9XLT5,CAL POLY CORPORATION,SAN LUIS OBISPO,CA,2019,National Science Foundation,5677753.0,14
MC4RJJM9XLT5,CAL POLY CORPORATION,SAN LUIS OBISPO,CA,2020,National Institutes of Health,1172819.0,1
MC4RJJM9XLT5,CAL POLY CORPORATION,SAN LUIS OBISPO,CA,2020,National Science Foundation,4029859.0,13
MC4RJJM9XLT5,CAL POLY CORPORATION,SAN LUIS OBISPO,CA,2021,National Institutes of Health,14100.0,0
MC4RJJM9XLT5,CAL POLY CORPORATION,SAN LUIS OBISPO,CA,2021,National Science Foundation,4316423.0,7
MC4RJJM9XLT5,CAL POLY CORPORATION,SAN LUIS OBISPO,CA,2022,National Institutes of Health,896225.8400000001,3
MC4RJJM9XLT5,CAL POLY CORPORATION,SAN LUIS OBISPO,CA,2022,National Science Foundation,4879052.0,14
MC4RJJM9XLT5,CAL POLY CORPORATION,SAN LUIS OBISPO,CA,2023,National Institutes of Health,1475225.77,1
MC4RJJM9XLT5,CAL POLY CORPORATION,SAN LUIS OBISPO,CA,2023,National Science Foundation,7432936.0,13
MC4RJJM9XLT5,CAL POLY CORPORATION,SAN LUIS OBISPO,CA,2024,National Institutes of Health,1856496.56,2
MC4RJJM9XLT5,CAL POLY CORPORATION,SAN LUIS OBISPO,CA,2024,National Science Foundation,5015754.0,19
MC4RJJM9XLT5,CAL POLY CORPORATION,SAN LUIS OBISPO,CA,2025,National Institutes of Health,2047237.0,0
MC4RJJM9XLT5,CAL POLY CORPORATION,SAN LUIS OBISPO,CA,2025,National Science Foundation,2086755.0,4
MC4RJJM9XLT5,CAL POLY CORPORATION,SAN LUIS OBISPO,CA,2026,National Institutes of Health,1578188.0,0
MC4RJJM9XLT5,CAL POLY CORPORATION,SAN LUIS OBISPO,CA,2026,National Science Foundation,3638433.0,5
MCKWJYCWNVN3,THE MCLEAN HOSPITAL CORPORATION,BELMONT,MA,2016,National Institutes of Health,26063247.0,71
MCKWJYCWNVN3,THE MCLEAN HOSPITAL CORPORATION,BELMONT,MA,2017,National Institutes of Health,21693683.0,31
MCKWJYCWNVN3,THE MCLEAN HOSPITAL CORPORATION,BELMONT,MA,2018,National Institutes of Health,26245142.0,17
MCKWJYCWNVN3,THE MCLEAN HOSPITAL CORPORATION,BELMONT,MA,2019,National Institutes of Health,49270541.0,32
MCKWJYCWNVN3,THE MCLEAN HOSPITAL CORPORATION,BELMONT,MA,2020,National Institutes of Health,41195336.0,22
MCKWJYCWNVN3,THE MCLEAN HOSPITAL CORPORATION,BELMONT,MA,2020,National Science Foundation,74959.0,1
MCKWJYCWNVN3,THE MCLEAN HOSPITAL CORPORATION,BELMONT,MA,2021,National Institutes of Health,43398779.11,16
MCKWJYCWNVN3,THE MCLEAN HOSPITAL CORPORATION,BELMONT,MA,2021,National Science Foundation,1542276.0,2
MCKWJYCWNVN3,THE MCLEAN HOSPITAL CORPORATION,BELMONT,MA,2022,National Institutes of Health,30119625.889999997,13
MCKWJYCWNVN3,THE MCLEAN HOSPITAL CORPORATION,BELMONT,MA,2022,National Science Foundation,741720.0,0
MCKWJYCWNVN3,THE MCLEAN HOSPITAL CORPORATION,BELMONT,MA,2023,National Institutes of Health,40578702.849999994,16
MCKWJYCWNVN3,THE MCLEAN HOSPITAL CORPORATION,BELMONT,MA,2023,National Science Foundation,562554.0,0
MCKWJYCWNVN3,THE MCLEAN HOSPITAL CORPORATION,BELMONT,MA,2024,National Institutes of Health,31969505.94,11
MCKWJYCWNVN3,THE MCLEAN HOSPITAL CORPORATION,BELMONT,MA,2024,National Science Foundation,191495.0,0
MCKWJYCWNVN3,THE MCLEAN HOSPITAL CORPORATION,BELMONT,MA,2025,National Institutes of Health,41298856.65,8
MCKWJYCWNVN3,THE MCLEAN HOSPITAL CORPORATION,BELMONT,MA,2026,National Institutes of Health,26725950.11,13
MECEHTM8DB17,UNIVERSITY OF ARKANSAS,FAYETTEVILLE,AR,2016,National Institutes of Health,2131768.0,8
MECEHTM8DB17,UNIVERSITY OF ARKANSAS,FAYETTEVILLE,AR,2016,National Science Foundation,8699471.0,41
MECEHTM8DB17,UNIVERSITY OF ARKANSAS,FAYETTEVILLE,AR,2017,National Institutes of Health,2001847.0,14
MECEHTM8DB17,UNIVERSITY OF ARKANSAS,FAYETTEVILLE,AR,2017,National Science Foundation,11483932.0,37
MECEHTM8DB17,UNIVERSITY OF ARKANSAS,FAYETTEVILLE,AR,2018,National Institutes of Health,1579239.0,5
MECEHTM8DB17,UNIVERSITY OF ARKANSAS,FAYETTEVILLE,AR,2018,National Science Foundation,15884006.0,41
MECEHTM8DB17,UNIVERSITY OF ARKANSAS,FAYETTEVILLE,AR,2019,National Institutes of Health,3443091.0,7
MECEHTM8DB17,UNIVERSITY OF ARKANSAS,FAYETTEVILLE,AR,2019,National Science Foundation,14999798.0,32
MECEHTM8DB17,UNIVERSITY OF ARKANSAS,FAYETTEVILLE,AR,2020,National Institutes of Health,4217915.0,10
MECEHTM8DB17,UNIVERSITY OF ARKANSAS,FAYETTEVILLE,AR,2020,National Science Foundation,16185215.0,37
MECEHTM8DB17,UNIVERSITY OF ARKANSAS,FAYETTEVILLE,AR,2021,National Institutes of Health,7692907.95,8
MECEHTM8DB17,UNIVERSITY OF ARKANSAS,FAYETTEVILLE,AR,2021,National Science Foundation,22730264.0,40
MECEHTM8DB17,UNIVERSITY OF ARKANSAS,FAYETTEVILLE,AR,2022,National Institutes of Health,8901686.25,11
MECEHTM8DB17,UNIVERSITY OF ARKANSAS,FAYETTEVILLE,AR,2022,National Science Foundation,18421139.0,27
MECEHTM8DB17,UNIVERSITY OF ARKANSAS,FAYETTEVILLE,AR,2023,National Institutes of Health,7965495.130000001,7
MECEHTM8DB17,UNIVERSITY OF ARKANSAS,FAYETTEVILLE,AR,2023,National Science Foundation,16272384.0,35
MECEHTM8DB17,UNIVERSITY OF ARKANSAS,FAYETTEVILLE,AR,2024,National Institutes of Health,12006157.3,14
MECEHTM8DB17,UNIVERSITY OF ARKANSAS,FAYETTEVILLE,AR,2024,National Science Foundation,21155042.0,35
MECEHTM8DB17,UNIVERSITY OF ARKANSAS,FAYETTEVILLE,AR,2025,National Institutes of Health,10339667.690000001,9
MECEHTM8DB17,UNIVERSITY OF ARKANSAS,FAYETTEVILLE,AR,2025,National Science Foundation,20996706.0,29
MECEHTM8DB17,UNIVERSITY OF ARKANSAS,FAYETTEVILLE,AR,2026,National Institutes of Health,10349282.43,5
MECEHTM8DB17,UNIVERSITY OF ARKANSAS,FAYETTEVILLE,AR,2026,National Science Foundation,4508556.0,11
MG5BM5RM42J9,"RUTGERS, THE STATE UNIVERSITY",PISCATAWAY,NJ,2016,National Institutes of Health,27546951.0,64
MG5BM5RM42J9,"RUTGERS, THE STATE UNIVERSITY",PISCATAWAY,NJ,2017,National Institutes of Health,22699152.0,23
MG5BM5RM42J9,"RUTGERS, THE STATE UNIVERSITY",PISCATAWAY,NJ,2017,National Science Foundation,365600.0,3
MG5BM5RM42J9,"RUTGERS, THE STATE UNIVERSITY",PISCATAWAY,NJ,2018,National Institutes of Health,16033217.0,14
MG5BM5RM42J9,"RUTGERS, THE STATE UNIVERSITY",PISCATAWAY,NJ,2018,National Science Foundation,707190.0,2
MG5BM5RM42J9,"RUTGERS, THE STATE UNIVERSITY",PISCATAWAY,NJ,2019,National Institutes of Health,25150813.0,24
MG5BM5RM42J9,"RUTGERS, THE STATE UNIVERSITY",PISCATAWAY,NJ,2019,National Science Foundation,112290.0,0
MG5BM5RM42J9,"RUTGERS, THE STATE UNIVERSITY",PISCATAWAY,NJ,2020,National Institutes of Health,28304441.0,26
MG5BM5RM42J9,"RUTGERS, THE STATE UNIVERSITY",PISCATAWAY,NJ,2020,National Science Foundation,25000.0,1
MG5BM5RM42J9,"RUTGERS, THE STATE UNIVERSITY",PISCATAWAY,NJ,2021,National Institutes of Health,33751940.980000004,32
MG5BM5RM42J9,"RUTGERS, THE STATE UNIVERSITY",PISCATAWAY,NJ,2021,National Science Foundation,1318798.0,2
MG5BM5RM42J9,"RUTGERS, THE STATE UNIVERSITY",PISCATAWAY,NJ,2022,National Institutes of Health,27942279.259999998,18
MG5BM5RM42J9,"RUTGERS, THE STATE UNIVERSITY",PISCATAWAY,NJ,2023,National Institutes of Health,-4479921.24,1
MG5BM5RM42J9,"RUTGERS, THE STATE UNIVERSITY",PISCATAWAY,NJ,2024,National Institutes of Health,-6272638.26,0
MG5BM5RM42J9,"RUTGERS, THE STATE UNIVERSITY",PISCATAWAY,NJ,2025,National Institutes of Health,-1071848.12,0
MGUCX773RNJ8,"SCRIPPS RESEARCH INSTITUTE, THE",JUPITER,FL,2016,National Institutes of Health,39090472.0,84
MGUCX773RNJ8,"SCRIPPS RESEARCH INSTITUTE, THE",JUPITER,FL,2017,National Institutes of Health,42321035.0,37
MGUCX773RNJ8,"SCRIPPS RESEARCH INSTITUTE, THE",JUPITER,FL,2018,National Institutes of Health,49537058.0,27
MGUCX773RNJ8,"SCRIPPS RESEARCH INSTITUTE, THE",JUPITER,FL,2019,National Institutes of Health,39148064.0,21
MGUCX773RNJ8,"SCRIPPS RESEARCH INSTITUTE, THE",JUPITER,FL,2020,National Institutes of Health,44866780.0,23
MGUCX773RNJ8,"SCRIPPS RESEARCH INSTITUTE, THE",JUPITER,FL,2021,National Institutes of Health,43121070.199999996,25
MGUCX773RNJ8,"SCRIPPS RESEARCH INSTITUTE, THE",JUPITER,FL,2022,National Institutes of Health,-10956166.569999998,8
MGUCX773RNJ8,"SCRIPPS RESEARCH INSTITUTE, THE",JUPITER,FL,2023,National Institutes of Health,-5894620.4,0
MJ3JH8CRJBZ7,TRUSTEES OF BOSTON COLLEGE,CHESTNUT HILL,MA,2016,National Institutes of Health,14207333.0,33
MJ3JH8CRJBZ7,TRUSTEES OF BOSTON COLLEGE,CHESTNUT HILL,MA,2016,National Science Foundation,7657145.0,40
MJ3JH8CRJBZ7,TRUSTEES OF BOSTON COLLEGE,CHESTNUT HILL,MA,2017,National Institutes of Health,14727190.0,19
MJ3JH8CRJBZ7,TRUSTEES OF BOSTON COLLEGE,CHESTNUT HILL,MA,2017,National Science Foundation,5823734.0,24
MJ3JH8CRJBZ7,TRUSTEES OF BOSTON COLLEGE,CHESTNUT HILL,MA,2018,National Institutes of Health,19570192.0,18
MJ3JH8CRJBZ7,TRUSTEES OF BOSTON COLLEGE,CHESTNUT HILL,MA,2018,National Science Foundation,8167571.0,22
MJ3JH8CRJBZ7,TRUSTEES OF BOSTON COLLEGE,CHESTNUT HILL,MA,2019,National Institutes of Health,17603137.0,12
MJ3JH8CRJBZ7,TRUSTEES OF BOSTON COLLEGE,CHESTNUT HILL,MA,2019,National Science Foundation,8175775.0,28
MJ3JH8CRJBZ7,TRUSTEES OF BOSTON COLLEGE,CHESTNUT HILL,MA,2020,National Institutes of Health,14719411.0,15
MJ3JH8CRJBZ7,TRUSTEES OF BOSTON COLLEGE,CHESTNUT HILL,MA,2020,National Science Foundation,8092367.0,23
MJ3JH8CRJBZ7,TRUSTEES OF BOSTON COLLEGE,CHESTNUT HILL,MA,2021,National Institutes of Health,16206758.220000003,11
MJ3JH8CRJBZ7,TRUSTEES OF BOSTON COLLEGE,CHESTNUT HILL,MA,2021,National Science Foundation,11835044.0,24
MJ3JH8CRJBZ7,TRUSTEES OF BOSTON COLLEGE,CHESTNUT HILL,MA,2022,National Institutes of Health,17049009.05,13
MJ3JH8CRJBZ7,TRUSTEES OF BOSTON COLLEGE,CHESTNUT HILL,MA,2022,National Science Foundation,5487201.0,19
MJ3JH8CRJBZ7,TRUSTEES OF BOSTON COLLEGE,CHESTNUT HILL,MA,2023,National Institutes of Health,17450685.51,12
MJ3JH8CRJBZ7,TRUSTEES OF BOSTON COLLEGE,CHESTNUT HILL,MA,2023,National Science Foundation,8875135.0,22
MJ3JH8CRJBZ7,TRUSTEES OF BOSTON COLLEGE,CHESTNUT HILL,MA,2024,National Institutes of Health,18517705.9,18
MJ3JH8CRJBZ7,TRUSTEES OF BOSTON COLLEGE,CHESTNUT HILL,MA,2024,National Science Foundation,10891855.0,21
MJ3JH8CRJBZ7,TRUSTEES OF BOSTON COLLEGE,CHESTNUT HILL,MA,2025,National Institutes of Health,19868556.0,10
MJ3JH8CRJBZ7,TRUSTEES OF BOSTON COLLEGE,CHESTNUT HILL,MA,2025,National Science Foundation,11399360.0,23
MJ3JH8CRJBZ7,TRUSTEES OF BOSTON COLLEGE,CHESTNUT HILL,MA,2026,National Institutes of Health,16205001.86,8
MJ3JH8CRJBZ7,TRUSTEES OF BOSTON COLLEGE,CHESTNUT HILL,MA,2026,National Science Foundation,2380912.0,4
MJC5FCYQTPE6,UNIVERSITY OF CALIFORNIA IRVINE,IRVINE,CA,2016,National Institutes of Health,112522687.0,287
MJC5FCYQTPE6,UNIVERSITY OF CALIFORNIA IRVINE,IRVINE,CA,2016,National Science Foundation,49025111.0,135
MJC5FCYQTPE6,UNIVERSITY OF CALIFORNIA IRVINE,IRVINE,CA,2017,National Institutes of Health,115009806.0,157
MJC5FCYQTPE6,UNIVERSITY OF CALIFORNIA IRVINE,IRVINE,CA,2017,National Science Foundation,45198270.0,120
MJC5FCYQTPE6,UNIVERSITY OF CALIFORNIA IRVINE,IRVINE,CA,2018,National Institutes of Health,151526216.0,100
MJC5FCYQTPE6,UNIVERSITY OF CALIFORNIA IRVINE,IRVINE,CA,2018,National Science Foundation,59760667.0,115
MJC5FCYQTPE6,UNIVERSITY OF CALIFORNIA IRVINE,IRVINE,CA,2019,National Institutes of Health,157239707.0,107
MJC5FCYQTPE6,UNIVERSITY OF CALIFORNIA IRVINE,IRVINE,CA,2019,National Science Foundation,54974581.0,116
MJC5FCYQTPE6,UNIVERSITY OF CALIFORNIA IRVINE,IRVINE,CA,2020,National Institutes of Health,176614892.0,107
MJC5FCYQTPE6,UNIVERSITY OF CALIFORNIA IRVINE,IRVINE,CA,2020,National Science Foundation,57653733.0,115
MJC5FCYQTPE6,UNIVERSITY OF CALIFORNIA IRVINE,IRVINE,CA,2021,National Institutes of Health,172658223.42,114
MJC5FCYQTPE6,UNIVERSITY OF CALIFORNIA IRVINE,IRVINE,CA,2021,National Science Foundation,52894396.0,97
MJC5FCYQTPE6,UNIVERSITY OF CALIFORNIA IRVINE,IRVINE,CA,2022,National Institutes of Health,203778007.66,124
MJC5FCYQTPE6,UNIVERSITY OF CALIFORNIA IRVINE,IRVINE,CA,2022,National Science Foundation,52458733.0,95
MJC5FCYQTPE6,UNIVERSITY OF CALIFORNIA IRVINE,IRVINE,CA,2023,National Institutes of Health,215132603.49,109
MJC5FCYQTPE6,UNIVERSITY OF CALIFORNIA IRVINE,IRVINE,CA,2023,National Science Foundation,55975453.0,85
MJC5FCYQTPE6,UNIVERSITY OF CALIFORNIA IRVINE,IRVINE,CA,2024,National Institutes of Health,253491641.55999994,117
MJC5FCYQTPE6,UNIVERSITY OF CALIFORNIA IRVINE,IRVINE,CA,2024,National Science Foundation,56144758.0,76
MJC5FCYQTPE6,UNIVERSITY OF CALIFORNIA IRVINE,IRVINE,CA,2025,National Institutes of Health,229234514.81000003,86
MJC5FCYQTPE6,UNIVERSITY OF CALIFORNIA IRVINE,IRVINE,CA,2025,National Science Foundation,45716463.0,68
MJC5FCYQTPE6,UNIVERSITY OF CALIFORNIA IRVINE,IRVINE,CA,2026,National Institutes of Health,185727465.9,76
MJC5FCYQTPE6,UNIVERSITY OF CALIFORNIA IRVINE,IRVINE,CA,2026,National Science Foundation,22176746.0,24
MJL7LEL4B6M6,NORTHEAST OHIO MEDICAL UNIVERSITY,ROOTSTOWN,OH,2016,National Institutes of Health,10341592.0,29
MJL7LEL4B6M6,NORTHEAST OHIO MEDICAL UNIVERSITY,ROOTSTOWN,OH,2016,National Science Foundation,258993.0,1
MJL7LEL4B6M6,NORTHEAST OHIO MEDICAL UNIVERSITY,ROOTSTOWN,OH,2017,National Institutes of Health,9912535.0,13
MJL7LEL4B6M6,NORTHEAST OHIO MEDICAL UNIVERSITY,ROOTSTOWN,OH,2018,National Institutes of Health,10416419.0,5
MJL7LEL4B6M6,NORTHEAST OHIO MEDICAL UNIVERSITY,ROOTSTOWN,OH,2018,National Science Foundation,211202.0,1
MJL7LEL4B6M6,NORTHEAST OHIO MEDICAL UNIVERSITY,ROOTSTOWN,OH,2019,National Institutes of Health,8413924.0,6
MJL7LEL4B6M6,NORTHEAST OHIO MEDICAL UNIVERSITY,ROOTSTOWN,OH,2020,National Institutes of Health,9217116.0,4
MJL7LEL4B6M6,NORTHEAST OHIO MEDICAL UNIVERSITY,ROOTSTOWN,OH,2020,National Science Foundation,397001.0,2
MJL7LEL4B6M6,NORTHEAST OHIO MEDICAL UNIVERSITY,ROOTSTOWN,OH,2021,National Institutes of Health,8284111.309999999,4
MJL7LEL4B6M6,NORTHEAST OHIO MEDICAL UNIVERSITY,ROOTSTOWN,OH,2021,National Science Foundation,124803.0,0
MJL7LEL4B6M6,NORTHEAST OHIO MEDICAL UNIVERSITY,ROOTSTOWN,OH,2022,National Institutes of Health,7287884.43,5
MJL7LEL4B6M6,NORTHEAST OHIO MEDICAL UNIVERSITY,ROOTSTOWN,OH,2022,National Science Foundation,551413.0,1
MJL7LEL4B6M6,NORTHEAST OHIO MEDICAL UNIVERSITY,ROOTSTOWN,OH,2023,National Institutes of Health,7514862.540000001,6
MJL7LEL4B6M6,NORTHEAST OHIO MEDICAL UNIVERSITY,ROOTSTOWN,OH,2023,National Science Foundation,74053.0,1
MJL7LEL4B6M6,NORTHEAST OHIO MEDICAL UNIVERSITY,ROOTSTOWN,OH,2024,National Institutes of Health,6325440.720000001,7
MJL7LEL4B6M6,NORTHEAST OHIO MEDICAL UNIVERSITY,ROOTSTOWN,OH,2025,National Institutes of Health,4109999.8200000003,4
MJL7LEL4B6M6,NORTHEAST OHIO MEDICAL UNIVERSITY,ROOTSTOWN,OH,2026,National Institutes of Health,4081889.19,5
MKAGLD59JRL1,UNIVERSITY OF PITTSBURGH - OF THE COMMONWEALTH SYSTEM OF HIGHER EDUCATION,PITTSBURGH,PA,2016,National Institutes of Health,475328420.0,1009
MKAGLD59JRL1,UNIVERSITY OF PITTSBURGH - OF THE COMMONWEALTH SYSTEM OF HIGHER EDUCATION,PITTSBURGH,PA,2016,National Science Foundation,28794622.0,127
MKAGLD59JRL1,UNIVERSITY OF PITTSBURGH - OF THE COMMONWEALTH SYSTEM OF HIGHER EDUCATION,PITTSBURGH,PA,2017,National Institutes of Health,474699754.0,532
MKAGLD59JRL1,UNIVERSITY OF PITTSBURGH - OF THE COMMONWEALTH SYSTEM OF HIGHER EDUCATION,PITTSBURGH,PA,2017,National Science Foundation,29048548.0,97
MKAGLD59JRL1,UNIVERSITY OF PITTSBURGH - OF THE COMMONWEALTH SYSTEM OF HIGHER EDUCATION,PITTSBURGH,PA,2018,National Institutes of Health,525612846.0,344
MKAGLD59JRL1,UNIVERSITY OF PITTSBURGH - OF THE COMMONWEALTH SYSTEM OF HIGHER EDUCATION,PITTSBURGH,PA,2018,National Science Foundation,18436913.0,75
MKAGLD59JRL1,UNIVERSITY OF PITTSBURGH - OF THE COMMONWEALTH SYSTEM OF HIGHER EDUCATION,PITTSBURGH,PA,2019,National Institutes of Health,526591637.0,292
MKAGLD59JRL1,UNIVERSITY OF PITTSBURGH - OF THE COMMONWEALTH SYSTEM OF HIGHER EDUCATION,PITTSBURGH,PA,2019,National Science Foundation,35583111.0,76
MKAGLD59JRL1,UNIVERSITY OF PITTSBURGH - OF THE COMMONWEALTH SYSTEM OF HIGHER EDUCATION,PITTSBURGH,PA,2020,National Institutes of Health,554381160.0,298
MKAGLD59JRL1,UNIVERSITY OF PITTSBURGH - OF THE COMMONWEALTH SYSTEM OF HIGHER EDUCATION,PITTSBURGH,PA,2020,National Science Foundation,32083209.0,82
MKAGLD59JRL1,UNIVERSITY OF PITTSBURGH - OF THE COMMONWEALTH SYSTEM OF HIGHER EDUCATION,PITTSBURGH,PA,2021,National Institutes of Health,570040449.8499999,307
MKAGLD59JRL1,UNIVERSITY OF PITTSBURGH - OF THE COMMONWEALTH SYSTEM OF HIGHER EDUCATION,PITTSBURGH,PA,2021,National Science Foundation,39196091.0,57
MKAGLD59JRL1,UNIVERSITY OF PITTSBURGH - OF THE COMMONWEALTH SYSTEM OF HIGHER EDUCATION,PITTSBURGH,PA,2022,National Institutes of Health,652588998.34,336
MKAGLD59JRL1,UNIVERSITY OF PITTSBURGH - OF THE COMMONWEALTH SYSTEM OF HIGHER EDUCATION,PITTSBURGH,PA,2022,National Science Foundation,30558060.0,58
MKAGLD59JRL1,UNIVERSITY OF PITTSBURGH - OF THE COMMONWEALTH SYSTEM OF HIGHER EDUCATION,PITTSBURGH,PA,2023,National Institutes of Health,625974211.0499998,285
MKAGLD59JRL1,UNIVERSITY OF PITTSBURGH - OF THE COMMONWEALTH SYSTEM OF HIGHER EDUCATION,PITTSBURGH,PA,2023,National Science Foundation,31654816.0,69
MKAGLD59JRL1,UNIVERSITY OF PITTSBURGH - OF THE COMMONWEALTH SYSTEM OF HIGHER EDUCATION,PITTSBURGH,PA,2024,National Institutes of Health,628865396.9,273
MKAGLD59JRL1,UNIVERSITY OF PITTSBURGH - OF THE COMMONWEALTH SYSTEM OF HIGHER EDUCATION,PITTSBURGH,PA,2024,National Science Foundation,28418008.0,65
MKAGLD59JRL1,UNIVERSITY OF PITTSBURGH - OF THE COMMONWEALTH SYSTEM OF HIGHER EDUCATION,PITTSBURGH,PA,2025,National Institutes of Health,656116837.3,229
MKAGLD59JRL1,UNIVERSITY OF PITTSBURGH - OF THE COMMONWEALTH SYSTEM OF HIGHER EDUCATION,PITTSBURGH,PA,2025,National Science Foundation,17243230.0,31
MKAGLD59JRL1,UNIVERSITY OF PITTSBURGH - OF THE COMMONWEALTH SYSTEM OF HIGHER EDUCATION,PITTSBURGH,PA,2026,National Institutes of Health,506953043.45,208
MKAGLD59JRL1,UNIVERSITY OF PITTSBURGH - OF THE COMMONWEALTH SYSTEM OF HIGHER EDUCATION,PITTSBURGH,PA,2026,National Science Foundation,6641144.0,18
MLQFL4JSSAA9,VIRGINIA COMMONWEALTH UNIVERSITY,RICHMOND,VA,2016,National Institutes of Health,74790535.0,215
MLQFL4JSSAA9,VIRGINIA COMMONWEALTH UNIVERSITY,RICHMOND,VA,2016,National Science Foundation,4977490.0,35
MLQFL4JSSAA9,VIRGINIA COMMONWEALTH UNIVERSITY,RICHMOND,VA,2017,National Institutes of Health,75084933.0,136
MLQFL4JSSAA9,VIRGINIA COMMONWEALTH UNIVERSITY,RICHMOND,VA,2017,National Science Foundation,7744357.0,26
MLQFL4JSSAA9,VIRGINIA COMMONWEALTH UNIVERSITY,RICHMOND,VA,2018,National Institutes of Health,81133416.0,79
MLQFL4JSSAA9,VIRGINIA COMMONWEALTH UNIVERSITY,RICHMOND,VA,2018,National Science Foundation,6681524.0,18
MLQFL4JSSAA9,VIRGINIA COMMONWEALTH UNIVERSITY,RICHMOND,VA,2019,National Institutes of Health,86529974.0,68
MLQFL4JSSAA9,VIRGINIA COMMONWEALTH UNIVERSITY,RICHMOND,VA,2019,National Science Foundation,6110417.0,21
MLQFL4JSSAA9,VIRGINIA COMMONWEALTH UNIVERSITY,RICHMOND,VA,2020,National Institutes of Health,87467377.0,55
MLQFL4JSSAA9,VIRGINIA COMMONWEALTH UNIVERSITY,RICHMOND,VA,2020,National Science Foundation,6611865.0,25
MLQFL4JSSAA9,VIRGINIA COMMONWEALTH UNIVERSITY,RICHMOND,VA,2021,National Institutes of Health,88142712.97,55
MLQFL4JSSAA9,VIRGINIA COMMONWEALTH UNIVERSITY,RICHMOND,VA,2021,National Science Foundation,7155102.0,14
MLQFL4JSSAA9,VIRGINIA COMMONWEALTH UNIVERSITY,RICHMOND,VA,2022,National Institutes of Health,103913502.6,96
MLQFL4JSSAA9,VIRGINIA COMMONWEALTH UNIVERSITY,RICHMOND,VA,2022,National Science Foundation,7668444.0,18
MLQFL4JSSAA9,VIRGINIA COMMONWEALTH UNIVERSITY,RICHMOND,VA,2023,National Institutes of Health,104240611.46,84
MLQFL4JSSAA9,VIRGINIA COMMONWEALTH UNIVERSITY,RICHMOND,VA,2023,National Science Foundation,6069824.0,17
MLQFL4JSSAA9,VIRGINIA COMMONWEALTH UNIVERSITY,RICHMOND,VA,2024,National Institutes of Health,110146150.61,74
MLQFL4JSSAA9,VIRGINIA COMMONWEALTH UNIVERSITY,RICHMOND,VA,2024,National Science Foundation,6991333.0,16
MLQFL4JSSAA9,VIRGINIA COMMONWEALTH UNIVERSITY,RICHMOND,VA,2025,National Institutes of Health,113012182.07000002,52
MLQFL4JSSAA9,VIRGINIA COMMONWEALTH UNIVERSITY,RICHMOND,VA,2025,National Science Foundation,6010715.0,15
MLQFL4JSSAA9,VIRGINIA COMMONWEALTH UNIVERSITY,RICHMOND,VA,2026,National Institutes of Health,85050457.29,38
MLQFL4JSSAA9,VIRGINIA COMMONWEALTH UNIVERSITY,RICHMOND,VA,2026,National Science Foundation,1898165.0,5
MND6UJJX4PB3,PACIFIC INSTITUTE FOR RESEARCH & EVALUATION,BELTSVILLE,MD,2016,National Institutes of Health,11449230.0,22
MND6UJJX4PB3,PACIFIC INSTITUTE FOR RESEARCH & EVALUATION,BELTSVILLE,MD,2017,National Institutes of Health,7854941.0,17
MND6UJJX4PB3,PACIFIC INSTITUTE FOR RESEARCH & EVALUATION,BELTSVILLE,MD,2018,National Institutes of Health,6280043.0,9
MND6UJJX4PB3,PACIFIC INSTITUTE FOR RESEARCH & EVALUATION,BELTSVILLE,MD,2019,National Institutes of Health,5095969.0,1
MND6UJJX4PB3,PACIFIC INSTITUTE FOR RESEARCH & EVALUATION,BELTSVILLE,MD,2020,National Institutes of Health,3911685.0,0
MND6UJJX4PB3,PACIFIC INSTITUTE FOR RESEARCH & EVALUATION,BELTSVILLE,MD,2021,National Institutes of Health,3823790.83,4
MND6UJJX4PB3,PACIFIC INSTITUTE FOR RESEARCH & EVALUATION,BELTSVILLE,MD,2022,National Institutes of Health,4250127.35,0
MND6UJJX4PB3,PACIFIC INSTITUTE FOR RESEARCH & EVALUATION,BELTSVILLE,MD,2023,National Institutes of Health,3842774.05,2
MND6UJJX4PB3,PACIFIC INSTITUTE FOR RESEARCH & EVALUATION,BELTSVILLE,MD,2024,National Institutes of Health,4437483.2,1
MND6UJJX4PB3,PACIFIC INSTITUTE FOR RESEARCH & EVALUATION,BELTSVILLE,MD,2025,National Institutes of Health,4611373.0,1
MND6UJJX4PB3,PACIFIC INSTITUTE FOR RESEARCH & EVALUATION,BELTSVILLE,MD,2026,National Institutes of Health,5720960.43,1
MNJ3PQ7MXFN6,"RUTGERS, THE STATE UNIVERSITY",PISCATAWAY,NJ,2016,National Institutes of Health,5172931.0,11
MNJ3PQ7MXFN6,"RUTGERS, THE STATE UNIVERSITY",PISCATAWAY,NJ,2017,National Institutes of Health,4694699.0,4
MNJ3PQ7MXFN6,"RUTGERS, THE STATE UNIVERSITY",PISCATAWAY,NJ,2018,National Institutes of Health,14956618.0,11
MNJ3PQ7MXFN6,"RUTGERS, THE STATE UNIVERSITY",PISCATAWAY,NJ,2019,National Institutes of Health,11675205.0,2
MNJ3PQ7MXFN6,"RUTGERS, THE STATE UNIVERSITY",PISCATAWAY,NJ,2020,National Institutes of Health,12406500.0,3
MNJ3PQ7MXFN6,"RUTGERS, THE STATE UNIVERSITY",PISCATAWAY,NJ,2021,National Institutes of Health,10775958.81,7
MNJ3PQ7MXFN6,"RUTGERS, THE STATE UNIVERSITY",PISCATAWAY,NJ,2022,National Institutes of Health,6504681.170000001,4
MNJ3PQ7MXFN6,"RUTGERS, THE STATE UNIVERSITY",PISCATAWAY,NJ,2023,National Institutes of Health,-28775.920000000042,0
MNJ3PQ7MXFN6,"RUTGERS, THE STATE UNIVERSITY",PISCATAWAY,NJ,2024,National Institutes of Health,-1447361.02,0
MNJ3PQ7MXFN6,"RUTGERS, THE STATE UNIVERSITY",PISCATAWAY,NJ,2025,National Institutes of Health,-16294.55,0
MNJDKB4FXLM6,THE AMERICAN MUSEUM OF NATURAL HISTORY,NEW YORK,NY,2016,National Institutes of Health,199823.0,1
MNJDKB4FXLM6,THE AMERICAN MUSEUM OF NATURAL HISTORY,NEW YORK,NY,2016,National Science Foundation,3577352.0,17
MNJDKB4FXLM6,THE AMERICAN MUSEUM OF NATURAL HISTORY,NEW YORK,NY,2017,National Institutes of Health,185823.0,0
MNJDKB4FXLM6,THE AMERICAN MUSEUM OF NATURAL HISTORY,NEW YORK,NY,2017,National Science Foundation,1703219.0,6
MNJDKB4FXLM6,THE AMERICAN MUSEUM OF NATURAL HISTORY,NEW YORK,NY,2018,National Institutes of Health,182114.0,1
MNJDKB4FXLM6,THE AMERICAN MUSEUM OF NATURAL HISTORY,NEW YORK,NY,2018,National Science Foundation,3057324.0,11
MNJDKB4FXLM6,THE AMERICAN MUSEUM OF NATURAL HISTORY,NEW YORK,NY,2019,National Science Foundation,6441921.0,11
MNJDKB4FXLM6,THE AMERICAN MUSEUM OF NATURAL HISTORY,NEW YORK,NY,2020,National Institutes of Health,0.0,0
MNJDKB4FXLM6,THE AMERICAN MUSEUM OF NATURAL HISTORY,NEW YORK,NY,2020,National Science Foundation,6828096.0,17
MNJDKB4FXLM6,THE AMERICAN MUSEUM OF NATURAL HISTORY,NEW YORK,NY,2021,National Science Foundation,4105650.0,8
MNJDKB4FXLM6,THE AMERICAN MUSEUM OF NATURAL HISTORY,NEW YORK,NY,2022,National Science Foundation,2025074.0,4
MNJDKB4FXLM6,THE AMERICAN MUSEUM OF NATURAL HISTORY,NEW YORK,NY,2023,National Science Foundation,5421776.0,7
MNJDKB4FXLM6,THE AMERICAN MUSEUM OF NATURAL HISTORY,NEW YORK,NY,2024,National Science Foundation,4081855.0,10
MNJDKB4FXLM6,THE AMERICAN MUSEUM OF NATURAL HISTORY,NEW YORK,NY,2025,National Science Foundation,4229903.0,8
MNJDKB4FXLM6,THE AMERICAN MUSEUM OF NATURAL HISTORY,NEW YORK,NY,2026,National Science Foundation,2864885.0,4
MNMJWSC5Z4H1,INSTITUTE FOR ADVANCED STUDY - LOUIS BAMBERGER & MRS FELIX FULD FOUNDATION,PRINCETON,NJ,2016,National Science Foundation,4936601.0,10
MNMJWSC5Z4H1,INSTITUTE FOR ADVANCED STUDY - LOUIS BAMBERGER & MRS FELIX FULD FOUNDATION,PRINCETON,NJ,2017,National Science Foundation,5169107.0,3
MNMJWSC5Z4H1,INSTITUTE FOR ADVANCED STUDY - LOUIS BAMBERGER & MRS FELIX FULD FOUNDATION,PRINCETON,NJ,2018,National Science Foundation,4225361.0,2
MNMJWSC5Z4H1,INSTITUTE FOR ADVANCED STUDY - LOUIS BAMBERGER & MRS FELIX FULD FOUNDATION,PRINCETON,NJ,2019,National Science Foundation,7041504.0,7
MNMJWSC5Z4H1,INSTITUTE FOR ADVANCED STUDY - LOUIS BAMBERGER & MRS FELIX FULD FOUNDATION,PRINCETON,NJ,2020,National Science Foundation,3599896.0,3
MNMJWSC5Z4H1,INSTITUTE FOR ADVANCED STUDY - LOUIS BAMBERGER & MRS FELIX FULD FOUNDATION,PRINCETON,NJ,2021,National Science Foundation,3117045.0,0
MNMJWSC5Z4H1,INSTITUTE FOR ADVANCED STUDY - LOUIS BAMBERGER & MRS FELIX FULD FOUNDATION,PRINCETON,NJ,2022,National Science Foundation,5306434.0,4
MNMJWSC5Z4H1,INSTITUTE FOR ADVANCED STUDY - LOUIS BAMBERGER & MRS FELIX FULD FOUNDATION,PRINCETON,NJ,2023,National Science Foundation,2063409.0,0
MNMJWSC5Z4H1,INSTITUTE FOR ADVANCED STUDY - LOUIS BAMBERGER & MRS FELIX FULD FOUNDATION,PRINCETON,NJ,2024,National Science Foundation,4539057.0,3
MNMJWSC5Z4H1,INSTITUTE FOR ADVANCED STUDY - LOUIS BAMBERGER & MRS FELIX FULD FOUNDATION,PRINCETON,NJ,2025,National Science Foundation,4814860.0,2
MNMJWSC5Z4H1,INSTITUTE FOR ADVANCED STUDY - LOUIS BAMBERGER & MRS FELIX FULD FOUNDATION,PRINCETON,NJ,2026,National Science Foundation,1080000.0,0
MNS7B9CVKDN7,GEORGIA STATE UNIVERSITY RESEARCH FOUNDATION INC,ATLANTA,GA,2016,National Institutes of Health,35988961.0,82
MNS7B9CVKDN7,GEORGIA STATE UNIVERSITY RESEARCH FOUNDATION INC,ATLANTA,GA,2016,National Science Foundation,9596185.0,36
MNS7B9CVKDN7,GEORGIA STATE UNIVERSITY RESEARCH FOUNDATION INC,ATLANTA,GA,2017,National Institutes of Health,34357554.0,42
MNS7B9CVKDN7,GEORGIA STATE UNIVERSITY RESEARCH FOUNDATION INC,ATLANTA,GA,2017,National Science Foundation,6157862.0,27
MNS7B9CVKDN7,GEORGIA STATE UNIVERSITY RESEARCH FOUNDATION INC,ATLANTA,GA,2018,National Institutes of Health,37358901.0,34
MNS7B9CVKDN7,GEORGIA STATE UNIVERSITY RESEARCH FOUNDATION INC,ATLANTA,GA,2018,National Science Foundation,4009388.0,14
MNS7B9CVKDN7,GEORGIA STATE UNIVERSITY RESEARCH FOUNDATION INC,ATLANTA,GA,2019,National Institutes of Health,48817819.0,49
MNS7B9CVKDN7,GEORGIA STATE UNIVERSITY RESEARCH FOUNDATION INC,ATLANTA,GA,2019,National Science Foundation,12379745.0,36
MNS7B9CVKDN7,GEORGIA STATE UNIVERSITY RESEARCH FOUNDATION INC,ATLANTA,GA,2020,National Institutes of Health,45610564.0,22
MNS7B9CVKDN7,GEORGIA STATE UNIVERSITY RESEARCH FOUNDATION INC,ATLANTA,GA,2020,National Science Foundation,14687861.0,36
MNS7B9CVKDN7,GEORGIA STATE UNIVERSITY RESEARCH FOUNDATION INC,ATLANTA,GA,2021,National Institutes of Health,46755475.86,29
MNS7B9CVKDN7,GEORGIA STATE UNIVERSITY RESEARCH FOUNDATION INC,ATLANTA,GA,2021,National Science Foundation,13164562.0,30
MNS7B9CVKDN7,GEORGIA STATE UNIVERSITY RESEARCH FOUNDATION INC,ATLANTA,GA,2022,National Institutes of Health,39165699.36,19
MNS7B9CVKDN7,GEORGIA STATE UNIVERSITY RESEARCH FOUNDATION INC,ATLANTA,GA,2022,National Science Foundation,14914840.0,17
MNS7B9CVKDN7,GEORGIA STATE UNIVERSITY RESEARCH FOUNDATION INC,ATLANTA,GA,2023,National Institutes of Health,35732670.07000001,20
MNS7B9CVKDN7,GEORGIA STATE UNIVERSITY RESEARCH FOUNDATION INC,ATLANTA,GA,2023,National Science Foundation,18728240.0,23
MNS7B9CVKDN7,GEORGIA STATE UNIVERSITY RESEARCH FOUNDATION INC,ATLANTA,GA,2024,National Institutes of Health,30519078.25,23
MNS7B9CVKDN7,GEORGIA STATE UNIVERSITY RESEARCH FOUNDATION INC,ATLANTA,GA,2024,National Science Foundation,9971248.0,17
MNS7B9CVKDN7,GEORGIA STATE UNIVERSITY RESEARCH FOUNDATION INC,ATLANTA,GA,2025,National Institutes of Health,30454795.540000003,18
MNS7B9CVKDN7,GEORGIA STATE UNIVERSITY RESEARCH FOUNDATION INC,ATLANTA,GA,2025,National Science Foundation,8096914.0,13
MNS7B9CVKDN7,GEORGIA STATE UNIVERSITY RESEARCH FOUNDATION INC,ATLANTA,GA,2026,National Institutes of Health,21700175.97,10
MNS7B9CVKDN7,GEORGIA STATE UNIVERSITY RESEARCH FOUNDATION INC,ATLANTA,GA,2026,National Science Foundation,313209.0,2
MPYFY5UMSDP4,NATIONAL OPINION RESEARCH CENTER,CHICAGO,IL,2016,National Institutes of Health,6654763.0,10
MPYFY5UMSDP4,NATIONAL OPINION RESEARCH CENTER,CHICAGO,IL,2016,National Science Foundation,6559441.0,3
MPYFY5UMSDP4,NATIONAL OPINION RESEARCH CENTER,CHICAGO,IL,2017,National Institutes of Health,6230074.0,6
MPYFY5UMSDP4,NATIONAL OPINION RESEARCH CENTER,CHICAGO,IL,2017,National Science Foundation,3311330.0,0
MPYFY5UMSDP4,NATIONAL OPINION RESEARCH CENTER,CHICAGO,IL,2018,National Institutes of Health,5012774.0,0
MPYFY5UMSDP4,NATIONAL OPINION RESEARCH CENTER,CHICAGO,IL,2018,National Science Foundation,2045546.0,4
MPYFY5UMSDP4,NATIONAL OPINION RESEARCH CENTER,CHICAGO,IL,2019,National Institutes of Health,6000878.0,1
MPYFY5UMSDP4,NATIONAL OPINION RESEARCH CENTER,CHICAGO,IL,2019,National Science Foundation,6790754.0,3
MPYFY5UMSDP4,NATIONAL OPINION RESEARCH CENTER,CHICAGO,IL,2020,National Institutes of Health,11875970.0,1
MPYFY5UMSDP4,NATIONAL OPINION RESEARCH CENTER,CHICAGO,IL,2020,National Science Foundation,2803874.0,4
MPYFY5UMSDP4,NATIONAL OPINION RESEARCH CENTER,CHICAGO,IL,2021,National Institutes of Health,10892018.06,4
MPYFY5UMSDP4,NATIONAL OPINION RESEARCH CENTER,CHICAGO,IL,2021,National Science Foundation,7100984.0,2
MPYFY5UMSDP4,NATIONAL OPINION RESEARCH CENTER,CHICAGO,IL,2022,National Institutes of Health,5710248.949999999,1
MPYFY5UMSDP4,NATIONAL OPINION RESEARCH CENTER,CHICAGO,IL,2022,National Science Foundation,6419153.0,2
MPYFY5UMSDP4,NATIONAL OPINION RESEARCH CENTER,CHICAGO,IL,2023,National Institutes of Health,6610142.51,3
MPYFY5UMSDP4,NATIONAL OPINION RESEARCH CENTER,CHICAGO,IL,2023,National Science Foundation,5729920.0,2
MPYFY5UMSDP4,NATIONAL OPINION RESEARCH CENTER,CHICAGO,IL,2024,National Institutes of Health,10901282.370000001,1
MPYFY5UMSDP4,NATIONAL OPINION RESEARCH CENTER,CHICAGO,IL,2024,National Science Foundation,3099189.0,4
MPYFY5UMSDP4,NATIONAL OPINION RESEARCH CENTER,CHICAGO,IL,2025,National Institutes of Health,12405614.75,3
MPYFY5UMSDP4,NATIONAL OPINION RESEARCH CENTER,CHICAGO,IL,2025,National Science Foundation,8359728.0,3
MPYFY5UMSDP4,NATIONAL OPINION RESEARCH CENTER,CHICAGO,IL,2026,National Institutes of Health,25258290.0,1
MPYFY5UMSDP4,NATIONAL OPINION RESEARCH CENTER,CHICAGO,IL,2026,National Science Foundation,-831995.0,0
MQE2JHHJW9Q8,UNIVERSITY OF MASSACHUSETTS MEDICAL SCHOOL,WORCESTER,MA,2016,National Institutes of Health,151818806.0,339
MQE2JHHJW9Q8,UNIVERSITY OF MASSACHUSETTS MEDICAL SCHOOL,WORCESTER,MA,2016,National Science Foundation,610526.0,4
MQE2JHHJW9Q8,UNIVERSITY OF MASSACHUSETTS MEDICAL SCHOOL,WORCESTER,MA,2017,National Institutes of Health,151974773.0,153
MQE2JHHJW9Q8,UNIVERSITY OF MASSACHUSETTS MEDICAL SCHOOL,WORCESTER,MA,2017,National Science Foundation,430490.0,3
MQE2JHHJW9Q8,UNIVERSITY OF MASSACHUSETTS MEDICAL SCHOOL,WORCESTER,MA,2018,National Institutes of Health,156383811.0,114
MQE2JHHJW9Q8,UNIVERSITY OF MASSACHUSETTS MEDICAL SCHOOL,WORCESTER,MA,2018,National Science Foundation,673692.0,4
MQE2JHHJW9Q8,UNIVERSITY OF MASSACHUSETTS MEDICAL SCHOOL,WORCESTER,MA,2019,National Institutes of Health,151977737.0,82
MQE2JHHJW9Q8,UNIVERSITY OF MASSACHUSETTS MEDICAL SCHOOL,WORCESTER,MA,2019,National Science Foundation,1067893.0,2
MQE2JHHJW9Q8,UNIVERSITY OF MASSACHUSETTS MEDICAL SCHOOL,WORCESTER,MA,2020,National Institutes of Health,289751899.0,93
MQE2JHHJW9Q8,UNIVERSITY OF MASSACHUSETTS MEDICAL SCHOOL,WORCESTER,MA,2020,National Science Foundation,1962269.0,5
MQE2JHHJW9Q8,UNIVERSITY OF MASSACHUSETTS MEDICAL SCHOOL,WORCESTER,MA,2021,National Institutes of Health,166007045.78,72
MQE2JHHJW9Q8,UNIVERSITY OF MASSACHUSETTS MEDICAL SCHOOL,WORCESTER,MA,2021,National Science Foundation,374943.0,0
MQE2JHHJW9Q8,UNIVERSITY OF MASSACHUSETTS MEDICAL SCHOOL,WORCESTER,MA,2022,National Institutes of Health,177320183.99,77
MQE2JHHJW9Q8,UNIVERSITY OF MASSACHUSETTS MEDICAL SCHOOL,WORCESTER,MA,2022,National Science Foundation,1026798.0,1
MQE2JHHJW9Q8,UNIVERSITY OF MASSACHUSETTS MEDICAL SCHOOL,WORCESTER,MA,2023,National Institutes of Health,183129405.76,95
MQE2JHHJW9Q8,UNIVERSITY OF MASSACHUSETTS MEDICAL SCHOOL,WORCESTER,MA,2023,National Science Foundation,640414.0,1
MQE2JHHJW9Q8,UNIVERSITY OF MASSACHUSETTS MEDICAL SCHOOL,WORCESTER,MA,2024,National Institutes of Health,193691561.39999998,92
MQE2JHHJW9Q8,UNIVERSITY OF MASSACHUSETTS MEDICAL SCHOOL,WORCESTER,MA,2024,National Science Foundation,802161.0,1
MQE2JHHJW9Q8,UNIVERSITY OF MASSACHUSETTS MEDICAL SCHOOL,WORCESTER,MA,2025,National Institutes of Health,192977769.01,84
MQE2JHHJW9Q8,UNIVERSITY OF MASSACHUSETTS MEDICAL SCHOOL,WORCESTER,MA,2025,National Science Foundation,5971279.0,4
MQE2JHHJW9Q8,UNIVERSITY OF MASSACHUSETTS MEDICAL SCHOOL,WORCESTER,MA,2026,National Institutes of Health,165226783.23,71
MQE2JHHJW9Q8,UNIVERSITY OF MASSACHUSETTS MEDICAL SCHOOL,WORCESTER,MA,2026,National Science Foundation,0.0,0
MR5QC5FCAVH5,REGENTS OF THE UNIVERSITY OF CALIFORNIA AT RIVERSIDE,RIVERSIDE,CA,2016,National Institutes of Health,20517551.0,63
MR5QC5FCAVH5,REGENTS OF THE UNIVERSITY OF CALIFORNIA AT RIVERSIDE,RIVERSIDE,CA,2016,National Science Foundation,32418938.0,117
MR5QC5FCAVH5,REGENTS OF THE UNIVERSITY OF CALIFORNIA AT RIVERSIDE,RIVERSIDE,CA,2017,National Institutes of Health,19565691.0,34
MR5QC5FCAVH5,REGENTS OF THE UNIVERSITY OF CALIFORNIA AT RIVERSIDE,RIVERSIDE,CA,2017,National Science Foundation,22922788.0,82
MR5QC5FCAVH5,REGENTS OF THE UNIVERSITY OF CALIFORNIA AT RIVERSIDE,RIVERSIDE,CA,2018,National Institutes of Health,29270091.0,33
MR5QC5FCAVH5,REGENTS OF THE UNIVERSITY OF CALIFORNIA AT RIVERSIDE,RIVERSIDE,CA,2018,National Science Foundation,28297498.0,85
MR5QC5FCAVH5,REGENTS OF THE UNIVERSITY OF CALIFORNIA AT RIVERSIDE,RIVERSIDE,CA,2019,National Institutes of Health,31368184.0,27
MR5QC5FCAVH5,REGENTS OF THE UNIVERSITY OF CALIFORNIA AT RIVERSIDE,RIVERSIDE,CA,2019,National Science Foundation,30230331.0,63
MR5QC5FCAVH5,REGENTS OF THE UNIVERSITY OF CALIFORNIA AT RIVERSIDE,RIVERSIDE,CA,2020,National Institutes of Health,41356558.0,31
MR5QC5FCAVH5,REGENTS OF THE UNIVERSITY OF CALIFORNIA AT RIVERSIDE,RIVERSIDE,CA,2020,National Science Foundation,30041861.0,76
MR5QC5FCAVH5,REGENTS OF THE UNIVERSITY OF CALIFORNIA AT RIVERSIDE,RIVERSIDE,CA,2021,National Institutes of Health,38213704.43,24
MR5QC5FCAVH5,REGENTS OF THE UNIVERSITY OF CALIFORNIA AT RIVERSIDE,RIVERSIDE,CA,2021,National Science Foundation,37568230.0,77
MR5QC5FCAVH5,REGENTS OF THE UNIVERSITY OF CALIFORNIA AT RIVERSIDE,RIVERSIDE,CA,2022,National Institutes of Health,40432114.44,18
MR5QC5FCAVH5,REGENTS OF THE UNIVERSITY OF CALIFORNIA AT RIVERSIDE,RIVERSIDE,CA,2022,National Science Foundation,40954438.0,62
MR5QC5FCAVH5,REGENTS OF THE UNIVERSITY OF CALIFORNIA AT RIVERSIDE,RIVERSIDE,CA,2023,National Institutes of Health,33546856.589999996,26
MR5QC5FCAVH5,REGENTS OF THE UNIVERSITY OF CALIFORNIA AT RIVERSIDE,RIVERSIDE,CA,2023,National Science Foundation,31230531.0,62
MR5QC5FCAVH5,REGENTS OF THE UNIVERSITY OF CALIFORNIA AT RIVERSIDE,RIVERSIDE,CA,2024,National Institutes of Health,36296042.07,33
MR5QC5FCAVH5,REGENTS OF THE UNIVERSITY OF CALIFORNIA AT RIVERSIDE,RIVERSIDE,CA,2024,National Science Foundation,26418686.0,49
MR5QC5FCAVH5,REGENTS OF THE UNIVERSITY OF CALIFORNIA AT RIVERSIDE,RIVERSIDE,CA,2025,National Institutes of Health,38995613.5,21
MR5QC5FCAVH5,REGENTS OF THE UNIVERSITY OF CALIFORNIA AT RIVERSIDE,RIVERSIDE,CA,2025,National Science Foundation,28779178.0,52
MR5QC5FCAVH5,REGENTS OF THE UNIVERSITY OF CALIFORNIA AT RIVERSIDE,RIVERSIDE,CA,2026,National Institutes of Health,31927044.83,15
MR5QC5FCAVH5,REGENTS OF THE UNIVERSITY OF CALIFORNIA AT RIVERSIDE,RIVERSIDE,CA,2026,National Science Foundation,4757916.0,12
MR7ZQXJSQKA5,U.S. CIVILIAN RESEARCH AND DEVELOPMENT FOUNDATION,ARLINGTON,VA,2016,National Science Foundation,4549642.0,1
MR7ZQXJSQKA5,U.S. CIVILIAN RESEARCH AND DEVELOPMENT FOUNDATION,ARLINGTON,VA,2017,National Science Foundation,95887.0,0
MR7ZQXJSQKA5,U.S. CIVILIAN RESEARCH AND DEVELOPMENT FOUNDATION,ARLINGTON,VA,2018,National Science Foundation,1644568.0,0
MR7ZQXJSQKA5,U.S. CIVILIAN RESEARCH AND DEVELOPMENT FOUNDATION,ARLINGTON,VA,2019,National Science Foundation,12968077.0,0
MR7ZQXJSQKA5,U.S. CIVILIAN RESEARCH AND DEVELOPMENT FOUNDATION,ARLINGTON,VA,2020,National Science Foundation,19597107.0,0
MR7ZQXJSQKA5,U.S. CIVILIAN RESEARCH AND DEVELOPMENT FOUNDATION,ARLINGTON,VA,2021,National Science Foundation,11961534.0,0
MR7ZQXJSQKA5,U.S. CIVILIAN RESEARCH AND DEVELOPMENT FOUNDATION,ARLINGTON,VA,2022,National Science Foundation,15284435.0,0
MR7ZQXJSQKA5,U.S. CIVILIAN RESEARCH AND DEVELOPMENT FOUNDATION,ARLINGTON,VA,2023,National Science Foundation,25635281.0,0
MR7ZQXJSQKA5,U.S. CIVILIAN RESEARCH AND DEVELOPMENT FOUNDATION,ARLINGTON,VA,2024,National Science Foundation,0.0,0
MS3QH9KM4EN5,INTERVEXION THERAPEUTICS LLC,LITTLE ROCK,AR,2016,National Institutes of Health,6118947.0,2
MS3QH9KM4EN5,INTERVEXION THERAPEUTICS LLC,LITTLE ROCK,AR,2017,National Institutes of Health,4796717.0,1
MS3QH9KM4EN5,INTERVEXION THERAPEUTICS LLC,LITTLE ROCK,AR,2018,National Institutes of Health,2735856.0,0
MS3QH9KM4EN5,INTERVEXION THERAPEUTICS LLC,LITTLE ROCK,AR,2019,National Institutes of Health,1668672.0,0
MS3QH9KM4EN5,INTERVEXION THERAPEUTICS LLC,LITTLE ROCK,AR,2020,National Institutes of Health,5633272.0,2
MS3QH9KM4EN5,INTERVEXION THERAPEUTICS LLC,LITTLE ROCK,AR,2021,National Institutes of Health,11513394.0,1
MS3QH9KM4EN5,INTERVEXION THERAPEUTICS LLC,LITTLE ROCK,AR,2022,National Institutes of Health,9798594.0,1
MS3QH9KM4EN5,INTERVEXION THERAPEUTICS LLC,LITTLE ROCK,AR,2023,National Institutes of Health,8790531.870000001,0
MS3QH9KM4EN5,INTERVEXION THERAPEUTICS LLC,LITTLE ROCK,AR,2024,National Institutes of Health,3970217.64,0
MS3QH9KM4EN5,INTERVEXION THERAPEUTICS LLC,LITTLE ROCK,AR,2025,National Institutes of Health,-192145.0,0
MS3QH9KM4EN5,INTERVEXION THERAPEUTICS LLC,LITTLE ROCK,AR,2026,National Institutes of Health,-12124705.83,0
MSPWVMXXMN76,UNIVERSITY OF TEXAS MEDICAL BRANCH AT GALVESTON,GALVESTON,TX,2016,National Institutes of Health,76350832.0,159
MSPWVMXXMN76,UNIVERSITY OF TEXAS MEDICAL BRANCH AT GALVESTON,GALVESTON,TX,2016,National Science Foundation,589583.0,2
MSPWVMXXMN76,UNIVERSITY OF TEXAS MEDICAL BRANCH AT GALVESTON,GALVESTON,TX,2017,National Institutes of Health,79371521.0,77
MSPWVMXXMN76,UNIVERSITY OF TEXAS MEDICAL BRANCH AT GALVESTON,GALVESTON,TX,2017,National Science Foundation,593075.0,1
MSPWVMXXMN76,UNIVERSITY OF TEXAS MEDICAL BRANCH AT GALVESTON,GALVESTON,TX,2018,National Institutes of Health,81830374.0,55
MSPWVMXXMN76,UNIVERSITY OF TEXAS MEDICAL BRANCH AT GALVESTON,GALVESTON,TX,2018,National Science Foundation,339018.0,2
MSPWVMXXMN76,UNIVERSITY OF TEXAS MEDICAL BRANCH AT GALVESTON,GALVESTON,TX,2019,National Institutes of Health,90618451.0,43
MSPWVMXXMN76,UNIVERSITY OF TEXAS MEDICAL BRANCH AT GALVESTON,GALVESTON,TX,2019,National Science Foundation,426600.0,1
MSPWVMXXMN76,UNIVERSITY OF TEXAS MEDICAL BRANCH AT GALVESTON,GALVESTON,TX,2020,National Institutes of Health,91029330.0,52
MSPWVMXXMN76,UNIVERSITY OF TEXAS MEDICAL BRANCH AT GALVESTON,GALVESTON,TX,2020,National Science Foundation,827464.0,2
MSPWVMXXMN76,UNIVERSITY OF TEXAS MEDICAL BRANCH AT GALVESTON,GALVESTON,TX,2021,National Institutes of Health,94102272.73,35
MSPWVMXXMN76,UNIVERSITY OF TEXAS MEDICAL BRANCH AT GALVESTON,GALVESTON,TX,2021,National Science Foundation,300000.0,1
MSPWVMXXMN76,UNIVERSITY OF TEXAS MEDICAL BRANCH AT GALVESTON,GALVESTON,TX,2022,National Institutes of Health,157894925.36,38
MSPWVMXXMN76,UNIVERSITY OF TEXAS MEDICAL BRANCH AT GALVESTON,GALVESTON,TX,2022,National Science Foundation,0.0,0
MSPWVMXXMN76,UNIVERSITY OF TEXAS MEDICAL BRANCH AT GALVESTON,GALVESTON,TX,2023,National Institutes of Health,106695865.16,35
MSPWVMXXMN76,UNIVERSITY OF TEXAS MEDICAL BRANCH AT GALVESTON,GALVESTON,TX,2023,National Science Foundation,62380.0,1
MSPWVMXXMN76,UNIVERSITY OF TEXAS MEDICAL BRANCH AT GALVESTON,GALVESTON,TX,2024,National Institutes of Health,120572461.06999996,41
MSPWVMXXMN76,UNIVERSITY OF TEXAS MEDICAL BRANCH AT GALVESTON,GALVESTON,TX,2024,National Science Foundation,494045.0,2
MSPWVMXXMN76,UNIVERSITY OF TEXAS MEDICAL BRANCH AT GALVESTON,GALVESTON,TX,2025,National Institutes of Health,85745368.39999998,39
MSPWVMXXMN76,UNIVERSITY OF TEXAS MEDICAL BRANCH AT GALVESTON,GALVESTON,TX,2025,National Science Foundation,138579.0,1
MSPWVMXXMN76,UNIVERSITY OF TEXAS MEDICAL BRANCH AT GALVESTON,GALVESTON,TX,2026,National Institutes of Health,31002098.61,24
MSPWVMXXMN76,UNIVERSITY OF TEXAS MEDICAL BRANCH AT GALVESTON,GALVESTON,TX,2026,National Science Foundation,0.0,0
MV9GTK4QFA99,HENNEPIN HEALTHCARE RESEARCH INSTITUTE,MINNEAPOLIS,MN,2016,National Institutes of Health,14918792.0,13
MV9GTK4QFA99,HENNEPIN HEALTHCARE RESEARCH INSTITUTE,MINNEAPOLIS,MN,2017,National Institutes of Health,14792183.0,6
MV9GTK4QFA99,HENNEPIN HEALTHCARE RESEARCH INSTITUTE,MINNEAPOLIS,MN,2018,National Institutes of Health,15775154.0,5
MV9GTK4QFA99,HENNEPIN HEALTHCARE RESEARCH INSTITUTE,MINNEAPOLIS,MN,2019,National Institutes of Health,24313629.0,8
MV9GTK4QFA99,HENNEPIN HEALTHCARE RESEARCH INSTITUTE,MINNEAPOLIS,MN,2020,National Institutes of Health,19461855.0,4
MV9GTK4QFA99,HENNEPIN HEALTHCARE RESEARCH INSTITUTE,MINNEAPOLIS,MN,2021,National Institutes of Health,23104907.889999997,2
MV9GTK4QFA99,HENNEPIN HEALTHCARE RESEARCH INSTITUTE,MINNEAPOLIS,MN,2022,National Institutes of Health,24845402.18,5
MV9GTK4QFA99,HENNEPIN HEALTHCARE RESEARCH INSTITUTE,MINNEAPOLIS,MN,2023,National Institutes of Health,17779472.46,3
MV9GTK4QFA99,HENNEPIN HEALTHCARE RESEARCH INSTITUTE,MINNEAPOLIS,MN,2024,National Institutes of Health,4538036.25,4
MV9GTK4QFA99,HENNEPIN HEALTHCARE RESEARCH INSTITUTE,MINNEAPOLIS,MN,2025,National Institutes of Health,5918438.0,4
MV9GTK4QFA99,HENNEPIN HEALTHCARE RESEARCH INSTITUTE,MINNEAPOLIS,MN,2026,National Institutes of Health,6314662.96,3
MVRJYL6A9VF1,DONALD DANFORTH PLANT SCIENCE CENTER,SAINT LOUIS,MO,2016,National Institutes of Health,330000.0,1
MVRJYL6A9VF1,DONALD DANFORTH PLANT SCIENCE CENTER,SAINT LOUIS,MO,2016,National Science Foundation,7962585.0,9
MVRJYL6A9VF1,DONALD DANFORTH PLANT SCIENCE CENTER,SAINT LOUIS,MO,2017,National Institutes of Health,330000.0,0
MVRJYL6A9VF1,DONALD DANFORTH PLANT SCIENCE CENTER,SAINT LOUIS,MO,2017,National Science Foundation,6036634.0,3
MVRJYL6A9VF1,DONALD DANFORTH PLANT SCIENCE CENTER,SAINT LOUIS,MO,2018,National Science Foundation,7925437.0,7
MVRJYL6A9VF1,DONALD DANFORTH PLANT SCIENCE CENTER,SAINT LOUIS,MO,2019,National Institutes of Health,0.0,0
MVRJYL6A9VF1,DONALD DANFORTH PLANT SCIENCE CENTER,SAINT LOUIS,MO,2019,National Science Foundation,5257318.0,7
MVRJYL6A9VF1,DONALD DANFORTH PLANT SCIENCE CENTER,SAINT LOUIS,MO,2020,National Science Foundation,3400275.0,6
MVRJYL6A9VF1,DONALD DANFORTH PLANT SCIENCE CENTER,SAINT LOUIS,MO,2021,National Science Foundation,8525260.0,7
MVRJYL6A9VF1,DONALD DANFORTH PLANT SCIENCE CENTER,SAINT LOUIS,MO,2022,National Science Foundation,5131877.0,8
MVRJYL6A9VF1,DONALD DANFORTH PLANT SCIENCE CENTER,SAINT LOUIS,MO,2023,National Institutes of Health,635590.0,1
MVRJYL6A9VF1,DONALD DANFORTH PLANT SCIENCE CENTER,SAINT LOUIS,MO,2023,National Science Foundation,10143373.0,7
MVRJYL6A9VF1,DONALD DANFORTH PLANT SCIENCE CENTER,SAINT LOUIS,MO,2024,National Institutes of Health,-620507.0,0
MVRJYL6A9VF1,DONALD DANFORTH PLANT SCIENCE CENTER,SAINT LOUIS,MO,2024,National Science Foundation,7796649.0,8
MVRJYL6A9VF1,DONALD DANFORTH PLANT SCIENCE CENTER,SAINT LOUIS,MO,2025,National Institutes of Health,0.0,0
MVRJYL6A9VF1,DONALD DANFORTH PLANT SCIENCE CENTER,SAINT LOUIS,MO,2025,National Science Foundation,8318219.0,5
MVRJYL6A9VF1,DONALD DANFORTH PLANT SCIENCE CENTER,SAINT LOUIS,MO,2026,National Science Foundation,612263.0,2
MW8JHK6ZYEX8,THE REGENTS OF THE UNIVERSITY OF COLORADO,AURORA,CO,2016,National Institutes of Health,205634249.0,562
MW8JHK6ZYEX8,THE REGENTS OF THE UNIVERSITY OF COLORADO,AURORA,CO,2016,National Science Foundation,3987580.0,14
MW8JHK6ZYEX8,THE REGENTS OF THE UNIVERSITY OF COLORADO,AURORA,CO,2017,National Institutes of Health,216709919.0,274
MW8JHK6ZYEX8,THE REGENTS OF THE UNIVERSITY OF COLORADO,AURORA,CO,2017,National Science Foundation,2074548.0,7
MW8JHK6ZYEX8,THE REGENTS OF THE UNIVERSITY OF COLORADO,AURORA,CO,2018,National Institutes of Health,235172863.0,201
MW8JHK6ZYEX8,THE REGENTS OF THE UNIVERSITY OF COLORADO,AURORA,CO,2018,National Science Foundation,1816509.0,4
MW8JHK6ZYEX8,THE REGENTS OF THE UNIVERSITY OF COLORADO,AURORA,CO,2019,National Institutes of Health,250317231.0,210
MW8JHK6ZYEX8,THE REGENTS OF THE UNIVERSITY OF COLORADO,AURORA,CO,2019,National Science Foundation,3892510.0,6
MW8JHK6ZYEX8,THE REGENTS OF THE UNIVERSITY OF COLORADO,AURORA,CO,2020,National Institutes of Health,287477072.0,218
MW8JHK6ZYEX8,THE REGENTS OF THE UNIVERSITY OF COLORADO,AURORA,CO,2020,National Science Foundation,3643759.0,5
MW8JHK6ZYEX8,THE REGENTS OF THE UNIVERSITY OF COLORADO,AURORA,CO,2021,National Institutes of Health,315284727.70000005,200
MW8JHK6ZYEX8,THE REGENTS OF THE UNIVERSITY OF COLORADO,AURORA,CO,2021,National Science Foundation,4231509.0,4
MW8JHK6ZYEX8,THE REGENTS OF THE UNIVERSITY OF COLORADO,AURORA,CO,2022,National Institutes of Health,323333947.74,197
MW8JHK6ZYEX8,THE REGENTS OF THE UNIVERSITY OF COLORADO,AURORA,CO,2022,National Science Foundation,4006834.0,3
MW8JHK6ZYEX8,THE REGENTS OF THE UNIVERSITY OF COLORADO,AURORA,CO,2023,National Institutes of Health,327360925.44,212
MW8JHK6ZYEX8,THE REGENTS OF THE UNIVERSITY OF COLORADO,AURORA,CO,2023,National Science Foundation,6174492.0,11
MW8JHK6ZYEX8,THE REGENTS OF THE UNIVERSITY OF COLORADO,AURORA,CO,2024,National Institutes of Health,342810789.42,219
MW8JHK6ZYEX8,THE REGENTS OF THE UNIVERSITY OF COLORADO,AURORA,CO,2024,National Science Foundation,5848526.0,10
MW8JHK6ZYEX8,THE REGENTS OF THE UNIVERSITY OF COLORADO,AURORA,CO,2025,National Institutes of Health,348284301.92,179
MW8JHK6ZYEX8,THE REGENTS OF THE UNIVERSITY OF COLORADO,AURORA,CO,2025,National Science Foundation,6939559.0,12
MW8JHK6ZYEX8,THE REGENTS OF THE UNIVERSITY OF COLORADO,AURORA,CO,2026,National Institutes of Health,273661778.19,142
MW8JHK6ZYEX8,THE REGENTS OF THE UNIVERSITY OF COLORADO,AURORA,CO,2026,National Science Foundation,1109492.0,3
MWYVQTQ32ME5,PENNINGTON BIOMEDICAL RESEARCH CENTER,BATON ROUGE,LA,2016,National Institutes of Health,13930997.0,32
MWYVQTQ32ME5,PENNINGTON BIOMEDICAL RESEARCH CENTER,BATON ROUGE,LA,2017,National Institutes of Health,17069750.0,20
MWYVQTQ32ME5,PENNINGTON BIOMEDICAL RESEARCH CENTER,BATON ROUGE,LA,2018,National Institutes of Health,16306719.0,6
MWYVQTQ32ME5,PENNINGTON BIOMEDICAL RESEARCH CENTER,BATON ROUGE,LA,2019,National Institutes of Health,17715532.0,4
MWYVQTQ32ME5,PENNINGTON BIOMEDICAL RESEARCH CENTER,BATON ROUGE,LA,2019,National Science Foundation,50000.0,1
MWYVQTQ32ME5,PENNINGTON BIOMEDICAL RESEARCH CENTER,BATON ROUGE,LA,2020,National Institutes of Health,22986869.0,12
MWYVQTQ32ME5,PENNINGTON BIOMEDICAL RESEARCH CENTER,BATON ROUGE,LA,2021,National Institutes of Health,27263240.98,6
MWYVQTQ32ME5,PENNINGTON BIOMEDICAL RESEARCH CENTER,BATON ROUGE,LA,2021,National Science Foundation,0.0,0
MWYVQTQ32ME5,PENNINGTON BIOMEDICAL RESEARCH CENTER,BATON ROUGE,LA,2022,National Institutes of Health,23009541.15,10
MWYVQTQ32ME5,PENNINGTON BIOMEDICAL RESEARCH CENTER,BATON ROUGE,LA,2023,National Institutes of Health,23913938.380000003,10
MWYVQTQ32ME5,PENNINGTON BIOMEDICAL RESEARCH CENTER,BATON ROUGE,LA,2024,National Institutes of Health,25257851.36,10
MWYVQTQ32ME5,PENNINGTON BIOMEDICAL RESEARCH CENTER,BATON ROUGE,LA,2025,National Institutes of Health,23170078.85,6
MWYVQTQ32ME5,PENNINGTON BIOMEDICAL RESEARCH CENTER,BATON ROUGE,LA,2026,National Institutes of Health,18188036.07,4
MX8ULDF6SDD6,"LAUREATE INSTITUTE FOR BRAIN RESEARCH, INC.",TULSA,OK,2016,National Institutes of Health,540503.0,3
MX8ULDF6SDD6,"LAUREATE INSTITUTE FOR BRAIN RESEARCH, INC.",TULSA,OK,2017,National Institutes of Health,2794849.0,2
MX8ULDF6SDD6,"LAUREATE INSTITUTE FOR BRAIN RESEARCH, INC.",TULSA,OK,2018,National Institutes of Health,3080716.0,3
MX8ULDF6SDD6,"LAUREATE INSTITUTE FOR BRAIN RESEARCH, INC.",TULSA,OK,2019,National Institutes of Health,3181120.0,0
MX8ULDF6SDD6,"LAUREATE INSTITUTE FOR BRAIN RESEARCH, INC.",TULSA,OK,2020,National Institutes of Health,5479413.0,2
MX8ULDF6SDD6,"LAUREATE INSTITUTE FOR BRAIN RESEARCH, INC.",TULSA,OK,2021,National Institutes of Health,7266869.0,4
MX8ULDF6SDD6,"LAUREATE INSTITUTE FOR BRAIN RESEARCH, INC.",TULSA,OK,2022,National Institutes of Health,4846907.0,1
MX8ULDF6SDD6,"LAUREATE INSTITUTE FOR BRAIN RESEARCH, INC.",TULSA,OK,2023,National Institutes of Health,10908933.08,6
MX8ULDF6SDD6,"LAUREATE INSTITUTE FOR BRAIN RESEARCH, INC.",TULSA,OK,2024,National Institutes of Health,11692476.0,3
MX8ULDF6SDD6,"LAUREATE INSTITUTE FOR BRAIN RESEARCH, INC.",TULSA,OK,2025,National Institutes of Health,9933014.0,2
MX8ULDF6SDD6,"LAUREATE INSTITUTE FOR BRAIN RESEARCH, INC.",TULSA,OK,2026,National Institutes of Health,7643408.9399999995,0
MXHAS3AKPRN1,NORTHERN ARIZONA UNIVERSITY,FLAGSTAFF,AZ,2016,National Institutes of Health,4048891.0,8
MXHAS3AKPRN1,NORTHERN ARIZONA UNIVERSITY,FLAGSTAFF,AZ,2016,National Science Foundation,11034152.0,29
MXHAS3AKPRN1,NORTHERN ARIZONA UNIVERSITY,FLAGSTAFF,AZ,2017,National Institutes of Health,7538301.0,5
MXHAS3AKPRN1,NORTHERN ARIZONA UNIVERSITY,FLAGSTAFF,AZ,2017,National Science Foundation,8561672.0,21
MXHAS3AKPRN1,NORTHERN ARIZONA UNIVERSITY,FLAGSTAFF,AZ,2018,National Institutes of Health,7814604.0,5
MXHAS3AKPRN1,NORTHERN ARIZONA UNIVERSITY,FLAGSTAFF,AZ,2018,National Science Foundation,10510383.0,30
MXHAS3AKPRN1,NORTHERN ARIZONA UNIVERSITY,FLAGSTAFF,AZ,2019,National Institutes of Health,9503321.0,6
MXHAS3AKPRN1,NORTHERN ARIZONA UNIVERSITY,FLAGSTAFF,AZ,2019,National Science Foundation,8911392.0,23
MXHAS3AKPRN1,NORTHERN ARIZONA UNIVERSITY,FLAGSTAFF,AZ,2020,National Institutes of Health,11069466.0,4
MXHAS3AKPRN1,NORTHERN ARIZONA UNIVERSITY,FLAGSTAFF,AZ,2020,National Science Foundation,9701483.0,28
MXHAS3AKPRN1,NORTHERN ARIZONA UNIVERSITY,FLAGSTAFF,AZ,2021,National Institutes of Health,13101307.629999999,11
MXHAS3AKPRN1,NORTHERN ARIZONA UNIVERSITY,FLAGSTAFF,AZ,2021,National Science Foundation,15377716.0,32
MXHAS3AKPRN1,NORTHERN ARIZONA UNIVERSITY,FLAGSTAFF,AZ,2022,National Institutes of Health,13901045.530000001,8
MXHAS3AKPRN1,NORTHERN ARIZONA UNIVERSITY,FLAGSTAFF,AZ,2022,National Science Foundation,14351266.0,21
MXHAS3AKPRN1,NORTHERN ARIZONA UNIVERSITY,FLAGSTAFF,AZ,2023,National Institutes of Health,11484572.43,2
MXHAS3AKPRN1,NORTHERN ARIZONA UNIVERSITY,FLAGSTAFF,AZ,2023,National Science Foundation,11031251.0,21
MXHAS3AKPRN1,NORTHERN ARIZONA UNIVERSITY,FLAGSTAFF,AZ,2024,National Institutes of Health,12400328.790000001,1
MXHAS3AKPRN1,NORTHERN ARIZONA UNIVERSITY,FLAGSTAFF,AZ,2024,National Science Foundation,15560454.0,25
MXHAS3AKPRN1,NORTHERN ARIZONA UNIVERSITY,FLAGSTAFF,AZ,2025,National Institutes of Health,9619413.979999999,0
MXHAS3AKPRN1,NORTHERN ARIZONA UNIVERSITY,FLAGSTAFF,AZ,2025,National Science Foundation,9030697.0,17
MXHAS3AKPRN1,NORTHERN ARIZONA UNIVERSITY,FLAGSTAFF,AZ,2026,National Institutes of Health,8216253.09,4
MXHAS3AKPRN1,NORTHERN ARIZONA UNIVERSITY,FLAGSTAFF,AZ,2026,National Science Foundation,1984125.0,3
MXLZGAMFEKN5,BRANDEIS UNIVERSITY,WALTHAM,MA,2016,National Institutes of Health,26320697.0,72
MXLZGAMFEKN5,BRANDEIS UNIVERSITY,WALTHAM,MA,2016,National Science Foundation,3675156.0,15
MXLZGAMFEKN5,BRANDEIS UNIVERSITY,WALTHAM,MA,2017,National Institutes of Health,27624548.0,44
MXLZGAMFEKN5,BRANDEIS UNIVERSITY,WALTHAM,MA,2017,National Science Foundation,5053475.0,13
MXLZGAMFEKN5,BRANDEIS UNIVERSITY,WALTHAM,MA,2018,National Institutes of Health,25669436.0,23
MXLZGAMFEKN5,BRANDEIS UNIVERSITY,WALTHAM,MA,2018,National Science Foundation,5558026.0,12
MXLZGAMFEKN5,BRANDEIS UNIVERSITY,WALTHAM,MA,2019,National Institutes of Health,31417219.0,22
MXLZGAMFEKN5,BRANDEIS UNIVERSITY,WALTHAM,MA,2019,National Science Foundation,7349494.0,15
MXLZGAMFEKN5,BRANDEIS UNIVERSITY,WALTHAM,MA,2020,National Institutes of Health,29443763.0,22
MXLZGAMFEKN5,BRANDEIS UNIVERSITY,WALTHAM,MA,2020,National Science Foundation,4604423.0,8
MXLZGAMFEKN5,BRANDEIS UNIVERSITY,WALTHAM,MA,2021,National Institutes of Health,26784950.82,7
MXLZGAMFEKN5,BRANDEIS UNIVERSITY,WALTHAM,MA,2021,National Science Foundation,5720357.0,12
MXLZGAMFEKN5,BRANDEIS UNIVERSITY,WALTHAM,MA,2022,National Institutes of Health,27742183.89,8
MXLZGAMFEKN5,BRANDEIS UNIVERSITY,WALTHAM,MA,2022,National Science Foundation,7672440.0,10
MXLZGAMFEKN5,BRANDEIS UNIVERSITY,WALTHAM,MA,2023,National Institutes of Health,38741734.99,26
MXLZGAMFEKN5,BRANDEIS UNIVERSITY,WALTHAM,MA,2023,National Science Foundation,8932981.0,11
MXLZGAMFEKN5,BRANDEIS UNIVERSITY,WALTHAM,MA,2024,National Institutes of Health,33100977.36,15
MXLZGAMFEKN5,BRANDEIS UNIVERSITY,WALTHAM,MA,2024,National Science Foundation,5382376.0,5
MXLZGAMFEKN5,BRANDEIS UNIVERSITY,WALTHAM,MA,2025,National Institutes of Health,28655801.36,15
MXLZGAMFEKN5,BRANDEIS UNIVERSITY,WALTHAM,MA,2025,National Science Foundation,4115150.0,6
MXLZGAMFEKN5,BRANDEIS UNIVERSITY,WALTHAM,MA,2026,National Institutes of Health,28414148.41,9
MXLZGAMFEKN5,BRANDEIS UNIVERSITY,WALTHAM,MA,2026,National Science Foundation,370052.0,1
MY2ERHGDV956,"TUFTS MEDICAL CENTER PARENT, INC.",BOSTON,MA,2016,National Institutes of Health,19794122.0,35
MY2ERHGDV956,"TUFTS MEDICAL CENTER PARENT, INC.",BOSTON,MA,2017,National Institutes of Health,17689907.0,25
MY2ERHGDV956,"TUFTS MEDICAL CENTER PARENT, INC.",BOSTON,MA,2017,National Science Foundation,91437.0,1
MY2ERHGDV956,"TUFTS MEDICAL CENTER PARENT, INC.",BOSTON,MA,2018,National Institutes of Health,20772700.0,17
MY2ERHGDV956,"TUFTS MEDICAL CENTER PARENT, INC.",BOSTON,MA,2019,National Institutes of Health,16187655.0,4
MY2ERHGDV956,"TUFTS MEDICAL CENTER PARENT, INC.",BOSTON,MA,2020,National Institutes of Health,17726284.0,12
MY2ERHGDV956,"TUFTS MEDICAL CENTER PARENT, INC.",BOSTON,MA,2021,National Institutes of Health,18487207.950000003,9
MY2ERHGDV956,"TUFTS MEDICAL CENTER PARENT, INC.",BOSTON,MA,2021,National Science Foundation,0.0,0
MY2ERHGDV956,"TUFTS MEDICAL CENTER PARENT, INC.",BOSTON,MA,2022,National Institutes of Health,19481889.86,12
MY2ERHGDV956,"TUFTS MEDICAL CENTER PARENT, INC.",BOSTON,MA,2023,National Institutes of Health,28809789.43,20
MY2ERHGDV956,"TUFTS MEDICAL CENTER PARENT, INC.",BOSTON,MA,2024,National Institutes of Health,22537840.2,13
MY2ERHGDV956,"TUFTS MEDICAL CENTER PARENT, INC.",BOSTON,MA,2025,National Institutes of Health,23021542.99,7
MY2ERHGDV956,"TUFTS MEDICAL CENTER PARENT, INC.",BOSTON,MA,2026,National Institutes of Health,23758993.87,6
MZ4DYXE1SL98,OREGON STATE UNIVERSITY,CORVALLIS,OR,2016,National Institutes of Health,12874275.0,40
MZ4DYXE1SL98,OREGON STATE UNIVERSITY,CORVALLIS,OR,2016,National Science Foundation,51821804.0,166
MZ4DYXE1SL98,OREGON STATE UNIVERSITY,CORVALLIS,OR,2017,National Institutes of Health,16334215.0,35
MZ4DYXE1SL98,OREGON STATE UNIVERSITY,CORVALLIS,OR,2017,National Science Foundation,167798671.0,102
MZ4DYXE1SL98,OREGON STATE UNIVERSITY,CORVALLIS,OR,2018,National Institutes of Health,15965201.0,22
MZ4DYXE1SL98,OREGON STATE UNIVERSITY,CORVALLIS,OR,2018,National Science Foundation,121563707.0,97
MZ4DYXE1SL98,OREGON STATE UNIVERSITY,CORVALLIS,OR,2019,National Institutes of Health,18858446.0,22
MZ4DYXE1SL98,OREGON STATE UNIVERSITY,CORVALLIS,OR,2019,National Science Foundation,150897365.0,87
MZ4DYXE1SL98,OREGON STATE UNIVERSITY,CORVALLIS,OR,2020,National Institutes of Health,20515572.0,17
MZ4DYXE1SL98,OREGON STATE UNIVERSITY,CORVALLIS,OR,2020,National Science Foundation,73011965.0,90
MZ4DYXE1SL98,OREGON STATE UNIVERSITY,CORVALLIS,OR,2021,National Institutes of Health,19097246.03,9
MZ4DYXE1SL98,OREGON STATE UNIVERSITY,CORVALLIS,OR,2021,National Science Foundation,75485294.0,79
MZ4DYXE1SL98,OREGON STATE UNIVERSITY,CORVALLIS,OR,2022,National Institutes of Health,20964933.64,15
MZ4DYXE1SL98,OREGON STATE UNIVERSITY,CORVALLIS,OR,2022,National Science Foundation,94436865.0,72
MZ4DYXE1SL98,OREGON STATE UNIVERSITY,CORVALLIS,OR,2023,National Institutes of Health,32437284.02,12
MZ4DYXE1SL98,OREGON STATE UNIVERSITY,CORVALLIS,OR,2023,National Science Foundation,61930076.0,69
MZ4DYXE1SL98,OREGON STATE UNIVERSITY,CORVALLIS,OR,2024,National Institutes of Health,19493479.939999998,11
MZ4DYXE1SL98,OREGON STATE UNIVERSITY,CORVALLIS,OR,2024,National Science Foundation,47584638.0,57
MZ4DYXE1SL98,OREGON STATE UNIVERSITY,CORVALLIS,OR,2025,National Institutes of Health,18566814.47,8
MZ4DYXE1SL98,OREGON STATE UNIVERSITY,CORVALLIS,OR,2025,National Science Foundation,55158550.0,54
MZ4DYXE1SL98,OREGON STATE UNIVERSITY,CORVALLIS,OR,2026,National Institutes of Health,18365602.71,4
MZ4DYXE1SL98,OREGON STATE UNIVERSITY,CORVALLIS,OR,2026,National Science Foundation,18001942.0,21
MZ9DFVC2J1B7,"ADA FORSYTH INSTITUTE, INC.",SOMERVILLE,MA,2016,National Institutes of Health,10347569.0,21
MZ9DFVC2J1B7,"ADA FORSYTH INSTITUTE, INC.",SOMERVILLE,MA,2017,National Institutes of Health,9364477.0,17
MZ9DFVC2J1B7,"ADA FORSYTH INSTITUTE, INC.",SOMERVILLE,MA,2018,National Institutes of Health,10501967.0,8
MZ9DFVC2J1B7,"ADA FORSYTH INSTITUTE, INC.",SOMERVILLE,MA,2019,National Institutes of Health,8648554.0,4
MZ9DFVC2J1B7,"ADA FORSYTH INSTITUTE, INC.",SOMERVILLE,MA,2020,National Institutes of Health,5973077.0,4
MZ9DFVC2J1B7,"ADA FORSYTH INSTITUTE, INC.",SOMERVILLE,MA,2021,National Institutes of Health,7910667.48,12
MZ9DFVC2J1B7,"ADA FORSYTH INSTITUTE, INC.",SOMERVILLE,MA,2022,National Institutes of Health,8664975.389999999,3
MZ9DFVC2J1B7,"ADA FORSYTH INSTITUTE, INC.",SOMERVILLE,MA,2023,National Institutes of Health,11345416.2,8
MZ9DFVC2J1B7,"ADA FORSYTH INSTITUTE, INC.",SOMERVILLE,MA,2023,National Science Foundation,667016.0,1
MZ9DFVC2J1B7,"ADA FORSYTH INSTITUTE, INC.",SOMERVILLE,MA,2024,National Institutes of Health,12420064.0,10
MZ9DFVC2J1B7,"ADA FORSYTH INSTITUTE, INC.",SOMERVILLE,MA,2025,National Institutes of Health,12602716.73,3
MZ9DFVC2J1B7,"ADA FORSYTH INSTITUTE, INC.",SOMERVILLE,MA,2026,National Institutes of Health,7741256.0,1
N4WWJC8T2593,"AUGUSTA UNIVERSITY RESEARCH INSTITUTE, INC",AUGUSTA,GA,2016,National Institutes of Health,46466746.0,119
N4WWJC8T2593,"AUGUSTA UNIVERSITY RESEARCH INSTITUTE, INC",AUGUSTA,GA,2016,National Science Foundation,545271.0,3
N4WWJC8T2593,"AUGUSTA UNIVERSITY RESEARCH INSTITUTE, INC",AUGUSTA,GA,2017,National Institutes of Health,45687765.0,60
N4WWJC8T2593,"AUGUSTA UNIVERSITY RESEARCH INSTITUTE, INC",AUGUSTA,GA,2017,National Science Foundation,449738.0,2
N4WWJC8T2593,"AUGUSTA UNIVERSITY RESEARCH INSTITUTE, INC",AUGUSTA,GA,2018,National Institutes of Health,40830945.0,33
N4WWJC8T2593,"AUGUSTA UNIVERSITY RESEARCH INSTITUTE, INC",AUGUSTA,GA,2018,National Science Foundation,-205311.0,1
N4WWJC8T2593,"AUGUSTA UNIVERSITY RESEARCH INSTITUTE, INC",AUGUSTA,GA,2019,National Institutes of Health,47776812.0,40
N4WWJC8T2593,"AUGUSTA UNIVERSITY RESEARCH INSTITUTE, INC",AUGUSTA,GA,2019,National Science Foundation,910444.0,2
N4WWJC8T2593,"AUGUSTA UNIVERSITY RESEARCH INSTITUTE, INC",AUGUSTA,GA,2020,National Institutes of Health,57114204.0,40
N4WWJC8T2593,"AUGUSTA UNIVERSITY RESEARCH INSTITUTE, INC",AUGUSTA,GA,2020,National Science Foundation,1238001.0,6
N4WWJC8T2593,"AUGUSTA UNIVERSITY RESEARCH INSTITUTE, INC",AUGUSTA,GA,2021,National Institutes of Health,53851657.760000005,35
N4WWJC8T2593,"AUGUSTA UNIVERSITY RESEARCH INSTITUTE, INC",AUGUSTA,GA,2021,National Science Foundation,2403817.0,4
N4WWJC8T2593,"AUGUSTA UNIVERSITY RESEARCH INSTITUTE, INC",AUGUSTA,GA,2022,National Institutes of Health,54390122.379999995,36
N4WWJC8T2593,"AUGUSTA UNIVERSITY RESEARCH INSTITUTE, INC",AUGUSTA,GA,2022,National Science Foundation,1766150.0,6
N4WWJC8T2593,"AUGUSTA UNIVERSITY RESEARCH INSTITUTE, INC",AUGUSTA,GA,2023,National Institutes of Health,62233348.730000004,45
N4WWJC8T2593,"AUGUSTA UNIVERSITY RESEARCH INSTITUTE, INC",AUGUSTA,GA,2023,National Science Foundation,2747841.0,7
N4WWJC8T2593,"AUGUSTA UNIVERSITY RESEARCH INSTITUTE, INC",AUGUSTA,GA,2024,National Institutes of Health,72988339.39000002,39
N4WWJC8T2593,"AUGUSTA UNIVERSITY RESEARCH INSTITUTE, INC",AUGUSTA,GA,2024,National Science Foundation,602588.0,4
N4WWJC8T2593,"AUGUSTA UNIVERSITY RESEARCH INSTITUTE, INC",AUGUSTA,GA,2025,National Institutes of Health,62284824.669999994,23
N4WWJC8T2593,"AUGUSTA UNIVERSITY RESEARCH INSTITUTE, INC",AUGUSTA,GA,2025,National Science Foundation,1427318.0,1
N4WWJC8T2593,"AUGUSTA UNIVERSITY RESEARCH INSTITUTE, INC",AUGUSTA,GA,2026,National Institutes of Health,44819260.61,16
N52NHWMBZNG5,CHILDRENS MERCY HOSPITAL,KANSAS CITY,MO,2016,National Institutes of Health,3322532.0,12
N52NHWMBZNG5,CHILDRENS MERCY HOSPITAL,KANSAS CITY,MO,2017,National Institutes of Health,4622251.0,5
N52NHWMBZNG5,CHILDRENS MERCY HOSPITAL,KANSAS CITY,MO,2018,National Institutes of Health,5791512.0,5
N52NHWMBZNG5,CHILDRENS MERCY HOSPITAL,KANSAS CITY,MO,2019,National Institutes of Health,7816825.0,5
N52NHWMBZNG5,CHILDRENS MERCY HOSPITAL,KANSAS CITY,MO,2020,National Institutes of Health,7748474.0,9
N52NHWMBZNG5,CHILDRENS MERCY HOSPITAL,KANSAS CITY,MO,2021,National Institutes of Health,7408239.32,1
N52NHWMBZNG5,CHILDRENS MERCY HOSPITAL,KANSAS CITY,MO,2022,National Institutes of Health,8062508.91,8
N52NHWMBZNG5,CHILDRENS MERCY HOSPITAL,KANSAS CITY,MO,2023,National Institutes of Health,8797620.0,6
N52NHWMBZNG5,CHILDRENS MERCY HOSPITAL,KANSAS CITY,MO,2024,National Institutes of Health,10456769.14,10
N52NHWMBZNG5,CHILDRENS MERCY HOSPITAL,KANSAS CITY,MO,2025,National Institutes of Health,12440717.0,9
N52NHWMBZNG5,CHILDRENS MERCY HOSPITAL,KANSAS CITY,MO,2026,National Institutes of Health,9987449.5,1
N58JMBDDUGU7,"UNIVERSITY ENTERPRISES, INC.",SACRAMENTO,CA,2016,National Institutes of Health,105750.0,1
N58JMBDDUGU7,"UNIVERSITY ENTERPRISES, INC.",SACRAMENTO,CA,2016,National Science Foundation,5320516.0,7
N58JMBDDUGU7,"UNIVERSITY ENTERPRISES, INC.",SACRAMENTO,CA,2017,National Institutes of Health,201044.0,2
N58JMBDDUGU7,"UNIVERSITY ENTERPRISES, INC.",SACRAMENTO,CA,2017,National Science Foundation,2257648.0,3
N58JMBDDUGU7,"UNIVERSITY ENTERPRISES, INC.",SACRAMENTO,CA,2018,National Institutes of Health,383994.0,0
N58JMBDDUGU7,"UNIVERSITY ENTERPRISES, INC.",SACRAMENTO,CA,2018,National Science Foundation,5520770.0,9
N58JMBDDUGU7,"UNIVERSITY ENTERPRISES, INC.",SACRAMENTO,CA,2019,National Institutes of Health,532345.0,1
N58JMBDDUGU7,"UNIVERSITY ENTERPRISES, INC.",SACRAMENTO,CA,2019,National Science Foundation,1584311.0,6
N58JMBDDUGU7,"UNIVERSITY ENTERPRISES, INC.",SACRAMENTO,CA,2020,National Institutes of Health,438060.0,0
N58JMBDDUGU7,"UNIVERSITY ENTERPRISES, INC.",SACRAMENTO,CA,2020,National Science Foundation,6627135.0,6
N58JMBDDUGU7,"UNIVERSITY ENTERPRISES, INC.",SACRAMENTO,CA,2021,National Institutes of Health,465498.0,0
N58JMBDDUGU7,"UNIVERSITY ENTERPRISES, INC.",SACRAMENTO,CA,2021,National Science Foundation,4240705.0,11
N58JMBDDUGU7,"UNIVERSITY ENTERPRISES, INC.",SACRAMENTO,CA,2022,National Institutes of Health,106500.0,0
N58JMBDDUGU7,"UNIVERSITY ENTERPRISES, INC.",SACRAMENTO,CA,2022,National Science Foundation,2008850.0,3
N58JMBDDUGU7,"UNIVERSITY ENTERPRISES, INC.",SACRAMENTO,CA,2023,National Institutes of Health,511247.0,2
N58JMBDDUGU7,"UNIVERSITY ENTERPRISES, INC.",SACRAMENTO,CA,2023,National Science Foundation,3748942.0,8
N58JMBDDUGU7,"UNIVERSITY ENTERPRISES, INC.",SACRAMENTO,CA,2024,National Institutes of Health,1194411.0,2
N58JMBDDUGU7,"UNIVERSITY ENTERPRISES, INC.",SACRAMENTO,CA,2024,National Science Foundation,1222825.0,4
N58JMBDDUGU7,"UNIVERSITY ENTERPRISES, INC.",SACRAMENTO,CA,2025,National Institutes of Health,1135679.35,2
N58JMBDDUGU7,"UNIVERSITY ENTERPRISES, INC.",SACRAMENTO,CA,2025,National Science Foundation,2196813.0,2
N58JMBDDUGU7,"UNIVERSITY ENTERPRISES, INC.",SACRAMENTO,CA,2026,National Institutes of Health,483513.0,1
N58JMBDDUGU7,"UNIVERSITY ENTERPRISES, INC.",SACRAMENTO,CA,2026,National Science Foundation,1096753.0,1
N63ZMY7UETA3,TENNESSEE STATE UNIVERSITY,NASHVILLE,TN,2016,National Institutes of Health,1264191.0,3
N63ZMY7UETA3,TENNESSEE STATE UNIVERSITY,NASHVILLE,TN,2016,National Science Foundation,3677887.0,11
N63ZMY7UETA3,TENNESSEE STATE UNIVERSITY,NASHVILLE,TN,2017,National Institutes of Health,1748269.0,2
N63ZMY7UETA3,TENNESSEE STATE UNIVERSITY,NASHVILLE,TN,2017,National Science Foundation,496097.0,0
N63ZMY7UETA3,TENNESSEE STATE UNIVERSITY,NASHVILLE,TN,2018,National Institutes of Health,1467874.0,0
N63ZMY7UETA3,TENNESSEE STATE UNIVERSITY,NASHVILLE,TN,2018,National Science Foundation,3114972.0,5
N63ZMY7UETA3,TENNESSEE STATE UNIVERSITY,NASHVILLE,TN,2019,National Institutes of Health,1399398.0,0
N63ZMY7UETA3,TENNESSEE STATE UNIVERSITY,NASHVILLE,TN,2019,National Science Foundation,4883982.0,8
N63ZMY7UETA3,TENNESSEE STATE UNIVERSITY,NASHVILLE,TN,2020,National Institutes of Health,1674933.0,1
N63ZMY7UETA3,TENNESSEE STATE UNIVERSITY,NASHVILLE,TN,2020,National Science Foundation,3770731.0,8
N63ZMY7UETA3,TENNESSEE STATE UNIVERSITY,NASHVILLE,TN,2021,National Institutes of Health,2953596.46,2
N63ZMY7UETA3,TENNESSEE STATE UNIVERSITY,NASHVILLE,TN,2021,National Science Foundation,2492678.0,7
N63ZMY7UETA3,TENNESSEE STATE UNIVERSITY,NASHVILLE,TN,2022,National Institutes of Health,567211.01,1
N63ZMY7UETA3,TENNESSEE STATE UNIVERSITY,NASHVILLE,TN,2022,National Science Foundation,3899904.0,12
N63ZMY7UETA3,TENNESSEE STATE UNIVERSITY,NASHVILLE,TN,2023,National Institutes of Health,1681300.7200000002,1
N63ZMY7UETA3,TENNESSEE STATE UNIVERSITY,NASHVILLE,TN,2023,National Science Foundation,2809516.0,9
N63ZMY7UETA3,TENNESSEE STATE UNIVERSITY,NASHVILLE,TN,2024,National Institutes of Health,2019258.3699999999,3
N63ZMY7UETA3,TENNESSEE STATE UNIVERSITY,NASHVILLE,TN,2024,National Science Foundation,4603990.0,10
N63ZMY7UETA3,TENNESSEE STATE UNIVERSITY,NASHVILLE,TN,2025,National Institutes of Health,1821872.79,0
N63ZMY7UETA3,TENNESSEE STATE UNIVERSITY,NASHVILLE,TN,2025,National Science Foundation,4536385.0,3
N63ZMY7UETA3,TENNESSEE STATE UNIVERSITY,NASHVILLE,TN,2026,National Institutes of Health,763592.0,0
N63ZMY7UETA3,TENNESSEE STATE UNIVERSITY,NASHVILLE,TN,2026,National Science Foundation,1088069.0,1
N876TLXYGCG4,RHODE ISLAND HOSPITAL,PROVIDENCE,RI,2016,National Institutes of Health,28064271.0,76
N876TLXYGCG4,RHODE ISLAND HOSPITAL,PROVIDENCE,RI,2017,National Institutes of Health,29762319.0,44
N876TLXYGCG4,RHODE ISLAND HOSPITAL,PROVIDENCE,RI,2017,National Science Foundation,503125.0,1
N876TLXYGCG4,RHODE ISLAND HOSPITAL,PROVIDENCE,RI,2018,National Institutes of Health,29545264.0,17
N876TLXYGCG4,RHODE ISLAND HOSPITAL,PROVIDENCE,RI,2019,National Institutes of Health,34736297.0,20
N876TLXYGCG4,RHODE ISLAND HOSPITAL,PROVIDENCE,RI,2019,National Science Foundation,-480625.0,0
N876TLXYGCG4,RHODE ISLAND HOSPITAL,PROVIDENCE,RI,2020,National Institutes of Health,42054037.0,16
N876TLXYGCG4,RHODE ISLAND HOSPITAL,PROVIDENCE,RI,2021,National Institutes of Health,40805773.39,23
N876TLXYGCG4,RHODE ISLAND HOSPITAL,PROVIDENCE,RI,2022,National Institutes of Health,34933001.85,29
N876TLXYGCG4,RHODE ISLAND HOSPITAL,PROVIDENCE,RI,2023,National Institutes of Health,38727376.83,22
N876TLXYGCG4,RHODE ISLAND HOSPITAL,PROVIDENCE,RI,2023,National Science Foundation,299708.0,1
N876TLXYGCG4,RHODE ISLAND HOSPITAL,PROVIDENCE,RI,2024,National Institutes of Health,31205622.89,15
N876TLXYGCG4,RHODE ISLAND HOSPITAL,PROVIDENCE,RI,2025,National Institutes of Health,37956679.15,25
N876TLXYGCG4,RHODE ISLAND HOSPITAL,PROVIDENCE,RI,2026,National Institutes of Health,31348921.02,8
NA7AKMLK2BM1,MASSACHUSETTS EYE AND EAR INFIRMARY,BOSTON,MA,2016,National Institutes of Health,19373452.0,48
NA7AKMLK2BM1,MASSACHUSETTS EYE AND EAR INFIRMARY,BOSTON,MA,2017,National Institutes of Health,24268611.0,20
NA7AKMLK2BM1,MASSACHUSETTS EYE AND EAR INFIRMARY,BOSTON,MA,2018,National Institutes of Health,24522037.0,15
NA7AKMLK2BM1,MASSACHUSETTS EYE AND EAR INFIRMARY,BOSTON,MA,2019,National Institutes of Health,26200014.0,17
NA7AKMLK2BM1,MASSACHUSETTS EYE AND EAR INFIRMARY,BOSTON,MA,2020,National Institutes of Health,32574707.0,17
NA7AKMLK2BM1,MASSACHUSETTS EYE AND EAR INFIRMARY,BOSTON,MA,2021,National Institutes of Health,33259914.11,13
NA7AKMLK2BM1,MASSACHUSETTS EYE AND EAR INFIRMARY,BOSTON,MA,2022,National Institutes of Health,38743722.94,9
NA7AKMLK2BM1,MASSACHUSETTS EYE AND EAR INFIRMARY,BOSTON,MA,2023,National Institutes of Health,31711042.71,3
NA7AKMLK2BM1,MASSACHUSETTS EYE AND EAR INFIRMARY,BOSTON,MA,2024,National Institutes of Health,36227997.03,18
NA7AKMLK2BM1,MASSACHUSETTS EYE AND EAR INFIRMARY,BOSTON,MA,2025,National Institutes of Health,32471250.470000003,10
NA7AKMLK2BM1,MASSACHUSETTS EYE AND EAR INFIRMARY,BOSTON,MA,2025,National Science Foundation,400000.0,1
NA7AKMLK2BM1,MASSACHUSETTS EYE AND EAR INFIRMARY,BOSTON,MA,2026,National Institutes of Health,34720306.28,13
NA7AKMLK2BM1,MASSACHUSETTS EYE AND EAR INFIRMARY,BOSTON,MA,2026,National Science Foundation,0.0,0
NCSMA19DF7E6,CEDARS-SINAI MEDICAL CENTER,LOS ANGELES,CA,2016,National Institutes of Health,47966984.0,100
NCSMA19DF7E6,CEDARS-SINAI MEDICAL CENTER,LOS ANGELES,CA,2016,National Science Foundation,266178.0,1
NCSMA19DF7E6,CEDARS-SINAI MEDICAL CENTER,LOS ANGELES,CA,2017,National Institutes of Health,57368049.0,78
NCSMA19DF7E6,CEDARS-SINAI MEDICAL CENTER,LOS ANGELES,CA,2017,National Science Foundation,362329.0,0
NCSMA19DF7E6,CEDARS-SINAI MEDICAL CENTER,LOS ANGELES,CA,2018,National Institutes of Health,64114724.0,36
NCSMA19DF7E6,CEDARS-SINAI MEDICAL CENTER,LOS ANGELES,CA,2019,National Institutes of Health,73233834.0,49
NCSMA19DF7E6,CEDARS-SINAI MEDICAL CENTER,LOS ANGELES,CA,2020,National Institutes of Health,89221525.0,45
NCSMA19DF7E6,CEDARS-SINAI MEDICAL CENTER,LOS ANGELES,CA,2021,National Institutes of Health,88161198.60000001,54
NCSMA19DF7E6,CEDARS-SINAI MEDICAL CENTER,LOS ANGELES,CA,2021,National Science Foundation,496476.0,1
NCSMA19DF7E6,CEDARS-SINAI MEDICAL CENTER,LOS ANGELES,CA,2022,National Institutes of Health,104924633.70000002,52
NCSMA19DF7E6,CEDARS-SINAI MEDICAL CENTER,LOS ANGELES,CA,2022,National Science Foundation,934850.0,1
NCSMA19DF7E6,CEDARS-SINAI MEDICAL CENTER,LOS ANGELES,CA,2023,National Institutes of Health,106334674.44000001,48
NCSMA19DF7E6,CEDARS-SINAI MEDICAL CENTER,LOS ANGELES,CA,2023,National Science Foundation,124119.0,0
NCSMA19DF7E6,CEDARS-SINAI MEDICAL CENTER,LOS ANGELES,CA,2024,National Institutes of Health,101137047.38000003,43
NCSMA19DF7E6,CEDARS-SINAI MEDICAL CENTER,LOS ANGELES,CA,2025,National Institutes of Health,113338776.37,47
NCSMA19DF7E6,CEDARS-SINAI MEDICAL CENTER,LOS ANGELES,CA,2026,National Institutes of Health,88698232.99000001,35
NCSMA19DF7E6,CEDARS-SINAI MEDICAL CENTER,LOS ANGELES,CA,2026,National Science Foundation,341053.0,1
NFHEUCKBFMU4,ALLEN INSTITUTE,SEATTLE,WA,2016,National Institutes of Health,4809645.0,5
NFHEUCKBFMU4,ALLEN INSTITUTE,SEATTLE,WA,2017,National Institutes of Health,31493188.0,7
NFHEUCKBFMU4,ALLEN INSTITUTE,SEATTLE,WA,2018,National Institutes of Health,23086921.0,1
NFHEUCKBFMU4,ALLEN INSTITUTE,SEATTLE,WA,2019,National Institutes of Health,26772774.0,4
NFHEUCKBFMU4,ALLEN INSTITUTE,SEATTLE,WA,2020,National Institutes of Health,34869877.0,7
NFHEUCKBFMU4,ALLEN INSTITUTE,SEATTLE,WA,2021,National Institutes of Health,58136412.0,14
NFHEUCKBFMU4,ALLEN INSTITUTE,SEATTLE,WA,2022,National Institutes of Health,65630647.51,10
NFHEUCKBFMU4,ALLEN INSTITUTE,SEATTLE,WA,2022,National Science Foundation,488725.0,1
NFHEUCKBFMU4,ALLEN INSTITUTE,SEATTLE,WA,2023,National Institutes of Health,66902242.410000004,7
NFHEUCKBFMU4,ALLEN INSTITUTE,SEATTLE,WA,2023,National Science Foundation,599472.0,1
NFHEUCKBFMU4,ALLEN INSTITUTE,SEATTLE,WA,2024,National Institutes of Health,59948177.67,5
NFHEUCKBFMU4,ALLEN INSTITUTE,SEATTLE,WA,2025,National Institutes of Health,76681718.31,6
NFHEUCKBFMU4,ALLEN INSTITUTE,SEATTLE,WA,2025,National Science Foundation,660000.0,1
NFHEUCKBFMU4,ALLEN INSTITUTE,SEATTLE,WA,2026,National Institutes of Health,55644248.95999999,3
NGCNCJ1X6XA4,OKLAHOMA MEDICAL RESEARCH FOUNDATION,OKLAHOMA CITY,OK,2016,National Institutes of Health,25813863.0,41
NGCNCJ1X6XA4,OKLAHOMA MEDICAL RESEARCH FOUNDATION,OKLAHOMA CITY,OK,2017,National Institutes of Health,23630679.0,18
NGCNCJ1X6XA4,OKLAHOMA MEDICAL RESEARCH FOUNDATION,OKLAHOMA CITY,OK,2017,National Science Foundation,1680518.0,1
NGCNCJ1X6XA4,OKLAHOMA MEDICAL RESEARCH FOUNDATION,OKLAHOMA CITY,OK,2018,National Institutes of Health,21867418.0,16
NGCNCJ1X6XA4,OKLAHOMA MEDICAL RESEARCH FOUNDATION,OKLAHOMA CITY,OK,2019,National Institutes of Health,23969405.0,8
NGCNCJ1X6XA4,OKLAHOMA MEDICAL RESEARCH FOUNDATION,OKLAHOMA CITY,OK,2020,National Institutes of Health,28546620.0,16
NGCNCJ1X6XA4,OKLAHOMA MEDICAL RESEARCH FOUNDATION,OKLAHOMA CITY,OK,2020,National Science Foundation,735690.0,1
NGCNCJ1X6XA4,OKLAHOMA MEDICAL RESEARCH FOUNDATION,OKLAHOMA CITY,OK,2021,National Institutes of Health,29631232.17,14
NGCNCJ1X6XA4,OKLAHOMA MEDICAL RESEARCH FOUNDATION,OKLAHOMA CITY,OK,2021,National Science Foundation,0.0,0
NGCNCJ1X6XA4,OKLAHOMA MEDICAL RESEARCH FOUNDATION,OKLAHOMA CITY,OK,2022,National Institutes of Health,34747998.839999996,17
NGCNCJ1X6XA4,OKLAHOMA MEDICAL RESEARCH FOUNDATION,OKLAHOMA CITY,OK,2023,National Institutes of Health,41687283.09,16
NGCNCJ1X6XA4,OKLAHOMA MEDICAL RESEARCH FOUNDATION,OKLAHOMA CITY,OK,2024,National Institutes of Health,39320289.2,13
NGCNCJ1X6XA4,OKLAHOMA MEDICAL RESEARCH FOUNDATION,OKLAHOMA CITY,OK,2024,National Science Foundation,765361.0,1
NGCNCJ1X6XA4,OKLAHOMA MEDICAL RESEARCH FOUNDATION,OKLAHOMA CITY,OK,2025,National Institutes of Health,44625510.25,15
NGCNCJ1X6XA4,OKLAHOMA MEDICAL RESEARCH FOUNDATION,OKLAHOMA CITY,OK,2026,National Institutes of Health,40259245.83,9
NH64NT271S93,CREIGHTON UNIVERSITY,OMAHA,NE,2016,National Institutes of Health,5988800.0,13
NH64NT271S93,CREIGHTON UNIVERSITY,OMAHA,NE,2017,National Institutes of Health,3084559.0,4
NH64NT271S93,CREIGHTON UNIVERSITY,OMAHA,NE,2017,National Science Foundation,132027.0,1
NH64NT271S93,CREIGHTON UNIVERSITY,OMAHA,NE,2018,National Institutes of Health,7610736.0,14
NH64NT271S93,CREIGHTON UNIVERSITY,OMAHA,NE,2019,National Institutes of Health,5744382.0,8
NH64NT271S93,CREIGHTON UNIVERSITY,OMAHA,NE,2020,National Institutes of Health,6975069.0,7
NH64NT271S93,CREIGHTON UNIVERSITY,OMAHA,NE,2020,National Science Foundation,122719.0,1
NH64NT271S93,CREIGHTON UNIVERSITY,OMAHA,NE,2021,National Institutes of Health,7216414.55,12
NH64NT271S93,CREIGHTON UNIVERSITY,OMAHA,NE,2021,National Science Foundation,676995.0,3
NH64NT271S93,CREIGHTON UNIVERSITY,OMAHA,NE,2022,National Institutes of Health,8498184.04,6
NH64NT271S93,CREIGHTON UNIVERSITY,OMAHA,NE,2022,National Science Foundation,617854.0,3
NH64NT271S93,CREIGHTON UNIVERSITY,OMAHA,NE,2023,National Institutes of Health,8542503.870000001,7
NH64NT271S93,CREIGHTON UNIVERSITY,OMAHA,NE,2023,National Science Foundation,422420.0,0
NH64NT271S93,CREIGHTON UNIVERSITY,OMAHA,NE,2024,National Institutes of Health,7427180.6899999995,7
NH64NT271S93,CREIGHTON UNIVERSITY,OMAHA,NE,2024,National Science Foundation,688809.0,2
NH64NT271S93,CREIGHTON UNIVERSITY,OMAHA,NE,2025,National Institutes of Health,7323393.18,7
NH64NT271S93,CREIGHTON UNIVERSITY,OMAHA,NE,2025,National Science Foundation,756642.0,2
NH64NT271S93,CREIGHTON UNIVERSITY,OMAHA,NE,2026,National Institutes of Health,6924064.18,2
NH77YPDEGG84,MICHIGAN STATE UNIVERSITY,EAST LANSING,MI,2023,National Institutes of Health,8734214.0,8
NH77YPDEGG84,MICHIGAN STATE UNIVERSITY,EAST LANSING,MI,2024,National Institutes of Health,27774859.36,43
NH77YPDEGG84,MICHIGAN STATE UNIVERSITY,EAST LANSING,MI,2025,National Institutes of Health,48075719.94,44
NH77YPDEGG84,MICHIGAN STATE UNIVERSITY,EAST LANSING,MI,2026,National Institutes of Health,51055955.4,37
NHH3T1Z96H29,"RESEARCH FOUNDATION FOR THE STATE UNIVERSITY OF NEW YORK, THE",ALBANY,NY,2016,National Institutes of Health,7650429.0,19
NHH3T1Z96H29,"RESEARCH FOUNDATION FOR THE STATE UNIVERSITY OF NEW YORK, THE",ALBANY,NY,2016,National Science Foundation,6862786.0,27
NHH3T1Z96H29,"RESEARCH FOUNDATION FOR THE STATE UNIVERSITY OF NEW YORK, THE",ALBANY,NY,2017,National Institutes of Health,6368628.0,26
NHH3T1Z96H29,"RESEARCH FOUNDATION FOR THE STATE UNIVERSITY OF NEW YORK, THE",ALBANY,NY,2017,National Science Foundation,5559643.0,22
NHH3T1Z96H29,"RESEARCH FOUNDATION FOR THE STATE UNIVERSITY OF NEW YORK, THE",ALBANY,NY,2018,National Institutes of Health,12241802.0,20
NHH3T1Z96H29,"RESEARCH FOUNDATION FOR THE STATE UNIVERSITY OF NEW YORK, THE",ALBANY,NY,2018,National Science Foundation,11268301.0,24
NHH3T1Z96H29,"RESEARCH FOUNDATION FOR THE STATE UNIVERSITY OF NEW YORK, THE",ALBANY,NY,2019,National Institutes of Health,13060238.0,13
NHH3T1Z96H29,"RESEARCH FOUNDATION FOR THE STATE UNIVERSITY OF NEW YORK, THE",ALBANY,NY,2019,National Science Foundation,12862477.0,28
NHH3T1Z96H29,"RESEARCH FOUNDATION FOR THE STATE UNIVERSITY OF NEW YORK, THE",ALBANY,NY,2020,National Institutes of Health,8888522.0,8
NHH3T1Z96H29,"RESEARCH FOUNDATION FOR THE STATE UNIVERSITY OF NEW YORK, THE",ALBANY,NY,2020,National Science Foundation,6676501.0,29
NHH3T1Z96H29,"RESEARCH FOUNDATION FOR THE STATE UNIVERSITY OF NEW YORK, THE",ALBANY,NY,2021,National Institutes of Health,7188794.359999999,5
NHH3T1Z96H29,"RESEARCH FOUNDATION FOR THE STATE UNIVERSITY OF NEW YORK, THE",ALBANY,NY,2021,National Science Foundation,6111348.0,24
NHH3T1Z96H29,"RESEARCH FOUNDATION FOR THE STATE UNIVERSITY OF NEW YORK, THE",ALBANY,NY,2022,National Institutes of Health,9440952.629999999,11
NHH3T1Z96H29,"RESEARCH FOUNDATION FOR THE STATE UNIVERSITY OF NEW YORK, THE",ALBANY,NY,2022,National Science Foundation,7811005.0,16
NHH3T1Z96H29,"RESEARCH FOUNDATION FOR THE STATE UNIVERSITY OF NEW YORK, THE",ALBANY,NY,2023,National Institutes of Health,11868041.31,12
NHH3T1Z96H29,"RESEARCH FOUNDATION FOR THE STATE UNIVERSITY OF NEW YORK, THE",ALBANY,NY,2023,National Science Foundation,7698349.0,18
NHH3T1Z96H29,"RESEARCH FOUNDATION FOR THE STATE UNIVERSITY OF NEW YORK, THE",ALBANY,NY,2024,National Institutes of Health,10952306.96,8
NHH3T1Z96H29,"RESEARCH FOUNDATION FOR THE STATE UNIVERSITY OF NEW YORK, THE",ALBANY,NY,2024,National Science Foundation,11001371.0,23
NHH3T1Z96H29,"RESEARCH FOUNDATION FOR THE STATE UNIVERSITY OF NEW YORK, THE",ALBANY,NY,2025,National Institutes of Health,14451756.760000002,10
NHH3T1Z96H29,"RESEARCH FOUNDATION FOR THE STATE UNIVERSITY OF NEW YORK, THE",ALBANY,NY,2025,National Science Foundation,8365280.0,16
NHH3T1Z96H29,"RESEARCH FOUNDATION FOR THE STATE UNIVERSITY OF NEW YORK, THE",ALBANY,NY,2026,National Institutes of Health,10760405.26,9
NHH3T1Z96H29,"RESEARCH FOUNDATION FOR THE STATE UNIVERSITY OF NEW YORK, THE",ALBANY,NY,2026,National Science Foundation,3926541.0,8
NHV3GTWSALA7,THE MEDICAL UNIVERSITY OF SOUTH CAROLINA,CHARLESTON,SC,2016,National Institutes of Health,111863082.0,284
NHV3GTWSALA7,THE MEDICAL UNIVERSITY OF SOUTH CAROLINA,CHARLESTON,SC,2016,National Science Foundation,304896.0,1
NHV3GTWSALA7,THE MEDICAL UNIVERSITY OF SOUTH CAROLINA,CHARLESTON,SC,2017,National Institutes of Health,120010245.0,160
NHV3GTWSALA7,THE MEDICAL UNIVERSITY OF SOUTH CAROLINA,CHARLESTON,SC,2017,National Science Foundation,2015000.0,2
NHV3GTWSALA7,THE MEDICAL UNIVERSITY OF SOUTH CAROLINA,CHARLESTON,SC,2018,National Institutes of Health,126801491.0,93
NHV3GTWSALA7,THE MEDICAL UNIVERSITY OF SOUTH CAROLINA,CHARLESTON,SC,2018,National Science Foundation,422619.0,1
NHV3GTWSALA7,THE MEDICAL UNIVERSITY OF SOUTH CAROLINA,CHARLESTON,SC,2019,National Institutes of Health,125173225.0,72
NHV3GTWSALA7,THE MEDICAL UNIVERSITY OF SOUTH CAROLINA,CHARLESTON,SC,2020,National Institutes of Health,132228506.0,75
NHV3GTWSALA7,THE MEDICAL UNIVERSITY OF SOUTH CAROLINA,CHARLESTON,SC,2021,National Institutes of Health,126561030.57,66
NHV3GTWSALA7,THE MEDICAL UNIVERSITY OF SOUTH CAROLINA,CHARLESTON,SC,2021,National Science Foundation,-95987.0,0
NHV3GTWSALA7,THE MEDICAL UNIVERSITY OF SOUTH CAROLINA,CHARLESTON,SC,2022,National Institutes of Health,119500299.02000001,65
NHV3GTWSALA7,THE MEDICAL UNIVERSITY OF SOUTH CAROLINA,CHARLESTON,SC,2023,National Institutes of Health,135879900.32,72
NHV3GTWSALA7,THE MEDICAL UNIVERSITY OF SOUTH CAROLINA,CHARLESTON,SC,2023,National Science Foundation,49000.0,1
NHV3GTWSALA7,THE MEDICAL UNIVERSITY OF SOUTH CAROLINA,CHARLESTON,SC,2024,National Institutes of Health,121678959.57,64
NHV3GTWSALA7,THE MEDICAL UNIVERSITY OF SOUTH CAROLINA,CHARLESTON,SC,2024,National Science Foundation,106000.0,0
NHV3GTWSALA7,THE MEDICAL UNIVERSITY OF SOUTH CAROLINA,CHARLESTON,SC,2025,National Institutes of Health,130817979.16999999,63
NHV3GTWSALA7,THE MEDICAL UNIVERSITY OF SOUTH CAROLINA,CHARLESTON,SC,2025,National Science Foundation,106000.0,0
NHV3GTWSALA7,THE MEDICAL UNIVERSITY OF SOUTH CAROLINA,CHARLESTON,SC,2026,National Institutes of Health,99929766.67,41
NHV3GTWSALA7,THE MEDICAL UNIVERSITY OF SOUTH CAROLINA,CHARLESTON,SC,2026,National Science Foundation,45000.0,2
NJ14V2NZYM68,THE RESEARCH FOUNDATION FOR THE STATE UNIVERSITY OF NEW YORK,BROOKLYN,NY,2016,National Institutes of Health,21082847.0,29
NJ14V2NZYM68,THE RESEARCH FOUNDATION FOR THE STATE UNIVERSITY OF NEW YORK,BROOKLYN,NY,2017,National Institutes of Health,23307578.0,19
NJ14V2NZYM68,THE RESEARCH FOUNDATION FOR THE STATE UNIVERSITY OF NEW YORK,BROOKLYN,NY,2017,National Science Foundation,949928.0,1
NJ14V2NZYM68,THE RESEARCH FOUNDATION FOR THE STATE UNIVERSITY OF NEW YORK,BROOKLYN,NY,2018,National Institutes of Health,23304639.0,11
NJ14V2NZYM68,THE RESEARCH FOUNDATION FOR THE STATE UNIVERSITY OF NEW YORK,BROOKLYN,NY,2018,National Science Foundation,82614.0,2
NJ14V2NZYM68,THE RESEARCH FOUNDATION FOR THE STATE UNIVERSITY OF NEW YORK,BROOKLYN,NY,2019,National Institutes of Health,23478017.0,5
NJ14V2NZYM68,THE RESEARCH FOUNDATION FOR THE STATE UNIVERSITY OF NEW YORK,BROOKLYN,NY,2019,National Science Foundation,143121.0,1
NJ14V2NZYM68,THE RESEARCH FOUNDATION FOR THE STATE UNIVERSITY OF NEW YORK,BROOKLYN,NY,2020,National Institutes of Health,26969779.0,8
NJ14V2NZYM68,THE RESEARCH FOUNDATION FOR THE STATE UNIVERSITY OF NEW YORK,BROOKLYN,NY,2021,National Institutes of Health,24250960.04,6
NJ14V2NZYM68,THE RESEARCH FOUNDATION FOR THE STATE UNIVERSITY OF NEW YORK,BROOKLYN,NY,2022,National Institutes of Health,21555595.45,13
NJ14V2NZYM68,THE RESEARCH FOUNDATION FOR THE STATE UNIVERSITY OF NEW YORK,BROOKLYN,NY,2023,National Institutes of Health,23741154.57,5
NJ14V2NZYM68,THE RESEARCH FOUNDATION FOR THE STATE UNIVERSITY OF NEW YORK,BROOKLYN,NY,2024,National Institutes of Health,23018262.5,5
NJ14V2NZYM68,THE RESEARCH FOUNDATION FOR THE STATE UNIVERSITY OF NEW YORK,BROOKLYN,NY,2025,National Institutes of Health,26092396.48,4
NJ14V2NZYM68,THE RESEARCH FOUNDATION FOR THE STATE UNIVERSITY OF NEW YORK,BROOKLYN,NY,2026,National Institutes of Health,17127614.05,4
NJ1YPQXQG7U5,THE TRUSTEES OF PRINCETON UNIVERSITY,PRINCETON,NJ,2016,National Institutes of Health,46737706.0,131
NJ1YPQXQG7U5,THE TRUSTEES OF PRINCETON UNIVERSITY,PRINCETON,NJ,2016,National Science Foundation,63689524.0,167
NJ1YPQXQG7U5,THE TRUSTEES OF PRINCETON UNIVERSITY,PRINCETON,NJ,2017,National Institutes of Health,44193758.0,79
NJ1YPQXQG7U5,THE TRUSTEES OF PRINCETON UNIVERSITY,PRINCETON,NJ,2017,National Science Foundation,63178756.0,102
NJ1YPQXQG7U5,THE TRUSTEES OF PRINCETON UNIVERSITY,PRINCETON,NJ,2018,National Institutes of Health,48429866.0,36
NJ1YPQXQG7U5,THE TRUSTEES OF PRINCETON UNIVERSITY,PRINCETON,NJ,2018,National Science Foundation,72666513.0,123
NJ1YPQXQG7U5,THE TRUSTEES OF PRINCETON UNIVERSITY,PRINCETON,NJ,2019,National Institutes of Health,48777235.0,46
NJ1YPQXQG7U5,THE TRUSTEES OF PRINCETON UNIVERSITY,PRINCETON,NJ,2019,National Science Foundation,58021864.0,78
NJ1YPQXQG7U5,THE TRUSTEES OF PRINCETON UNIVERSITY,PRINCETON,NJ,2020,National Institutes of Health,58097933.0,33
NJ1YPQXQG7U5,THE TRUSTEES OF PRINCETON UNIVERSITY,PRINCETON,NJ,2020,National Science Foundation,68013323.0,89
NJ1YPQXQG7U5,THE TRUSTEES OF PRINCETON UNIVERSITY,PRINCETON,NJ,2021,National Institutes of Health,89143711.9,24
NJ1YPQXQG7U5,THE TRUSTEES OF PRINCETON UNIVERSITY,PRINCETON,NJ,2021,National Science Foundation,70804053.0,95
NJ1YPQXQG7U5,THE TRUSTEES OF PRINCETON UNIVERSITY,PRINCETON,NJ,2022,National Institutes of Health,50653695.86,38
NJ1YPQXQG7U5,THE TRUSTEES OF PRINCETON UNIVERSITY,PRINCETON,NJ,2022,National Science Foundation,60992213.0,80
NJ1YPQXQG7U5,THE TRUSTEES OF PRINCETON UNIVERSITY,PRINCETON,NJ,2023,National Institutes of Health,48495013.73,22
NJ1YPQXQG7U5,THE TRUSTEES OF PRINCETON UNIVERSITY,PRINCETON,NJ,2023,National Science Foundation,66557320.0,95
NJ1YPQXQG7U5,THE TRUSTEES OF PRINCETON UNIVERSITY,PRINCETON,NJ,2024,National Institutes of Health,57881640.77,39
NJ1YPQXQG7U5,THE TRUSTEES OF PRINCETON UNIVERSITY,PRINCETON,NJ,2024,National Science Foundation,50058173.0,65
NJ1YPQXQG7U5,THE TRUSTEES OF PRINCETON UNIVERSITY,PRINCETON,NJ,2025,National Institutes of Health,67955283.15,28
NJ1YPQXQG7U5,THE TRUSTEES OF PRINCETON UNIVERSITY,PRINCETON,NJ,2025,National Science Foundation,64717745.0,58
NJ1YPQXQG7U5,THE TRUSTEES OF PRINCETON UNIVERSITY,PRINCETON,NJ,2026,National Institutes of Health,47940006.660000004,31
NJ1YPQXQG7U5,THE TRUSTEES OF PRINCETON UNIVERSITY,PRINCETON,NJ,2026,National Science Foundation,8684229.0,23
NJH3YBU1VHB7,PUBLIC HEALTH INSTITUTE,OAKLAND,CA,2016,National Institutes of Health,7765715.0,17
NJH3YBU1VHB7,PUBLIC HEALTH INSTITUTE,OAKLAND,CA,2017,National Institutes of Health,7986573.0,8
NJH3YBU1VHB7,PUBLIC HEALTH INSTITUTE,OAKLAND,CA,2018,National Institutes of Health,5577531.0,2
NJH3YBU1VHB7,PUBLIC HEALTH INSTITUTE,OAKLAND,CA,2019,National Institutes of Health,15696330.0,6
NJH3YBU1VHB7,PUBLIC HEALTH INSTITUTE,OAKLAND,CA,2020,National Institutes of Health,16859820.0,5
NJH3YBU1VHB7,PUBLIC HEALTH INSTITUTE,OAKLAND,CA,2021,National Institutes of Health,90015628.02000001,6
NJH3YBU1VHB7,PUBLIC HEALTH INSTITUTE,OAKLAND,CA,2022,National Institutes of Health,63492432.38,4
NJH3YBU1VHB7,PUBLIC HEALTH INSTITUTE,OAKLAND,CA,2023,National Institutes of Health,38991214.39,1
NJH3YBU1VHB7,PUBLIC HEALTH INSTITUTE,OAKLAND,CA,2024,National Institutes of Health,40057610.300000004,0
NJH3YBU1VHB7,PUBLIC HEALTH INSTITUTE,OAKLAND,CA,2025,National Institutes of Health,33453729.1,3
NJH3YBU1VHB7,PUBLIC HEALTH INSTITUTE,OAKLAND,CA,2026,National Institutes of Health,-2560939.4499999997,1
NJZEFMRACCH9,"NORTHERN CALIFORNIA INSTITUTE FOR RESEARCH AND EDUCATION, INC.",SAN FRANCISCO,CA,2016,National Institutes of Health,27089964.0,44
NJZEFMRACCH9,"NORTHERN CALIFORNIA INSTITUTE FOR RESEARCH AND EDUCATION, INC.",SAN FRANCISCO,CA,2017,National Institutes of Health,36171859.0,29
NJZEFMRACCH9,"NORTHERN CALIFORNIA INSTITUTE FOR RESEARCH AND EDUCATION, INC.",SAN FRANCISCO,CA,2018,National Institutes of Health,26179674.0,11
NJZEFMRACCH9,"NORTHERN CALIFORNIA INSTITUTE FOR RESEARCH AND EDUCATION, INC.",SAN FRANCISCO,CA,2019,National Institutes of Health,49384880.0,15
NJZEFMRACCH9,"NORTHERN CALIFORNIA INSTITUTE FOR RESEARCH AND EDUCATION, INC.",SAN FRANCISCO,CA,2020,National Institutes of Health,41599661.0,11
NJZEFMRACCH9,"NORTHERN CALIFORNIA INSTITUTE FOR RESEARCH AND EDUCATION, INC.",SAN FRANCISCO,CA,2021,National Institutes of Health,21620202.97,10
NJZEFMRACCH9,"NORTHERN CALIFORNIA INSTITUTE FOR RESEARCH AND EDUCATION, INC.",SAN FRANCISCO,CA,2022,National Institutes of Health,52670483.53,1
NJZEFMRACCH9,"NORTHERN CALIFORNIA INSTITUTE FOR RESEARCH AND EDUCATION, INC.",SAN FRANCISCO,CA,2023,National Institutes of Health,51122214.59,9
NJZEFMRACCH9,"NORTHERN CALIFORNIA INSTITUTE FOR RESEARCH AND EDUCATION, INC.",SAN FRANCISCO,CA,2024,National Institutes of Health,11991244.05,6
NJZEFMRACCH9,"NORTHERN CALIFORNIA INSTITUTE FOR RESEARCH AND EDUCATION, INC.",SAN FRANCISCO,CA,2025,National Institutes of Health,45983240.21,6
NJZEFMRACCH9,"NORTHERN CALIFORNIA INSTITUTE FOR RESEARCH AND EDUCATION, INC.",SAN FRANCISCO,CA,2026,National Institutes of Health,41845001.2,4
NKAZLXLL7Z91,UNIVERSITY OF SOUTH FLORIDA,TAMPA,FL,2016,National Institutes of Health,63685623.0,98
NKAZLXLL7Z91,UNIVERSITY OF SOUTH FLORIDA,TAMPA,FL,2016,National Science Foundation,17278320.0,99
NKAZLXLL7Z91,UNIVERSITY OF SOUTH FLORIDA,TAMPA,FL,2017,National Institutes of Health,113620657.0,76
NKAZLXLL7Z91,UNIVERSITY OF SOUTH FLORIDA,TAMPA,FL,2017,National Science Foundation,15945456.0,62
NKAZLXLL7Z91,UNIVERSITY OF SOUTH FLORIDA,TAMPA,FL,2018,National Institutes of Health,40983949.0,42
NKAZLXLL7Z91,UNIVERSITY OF SOUTH FLORIDA,TAMPA,FL,2018,National Science Foundation,12649052.0,43
NKAZLXLL7Z91,UNIVERSITY OF SOUTH FLORIDA,TAMPA,FL,2019,National Institutes of Health,79786582.0,45
NKAZLXLL7Z91,UNIVERSITY OF SOUTH FLORIDA,TAMPA,FL,2019,National Science Foundation,10703280.0,41
NKAZLXLL7Z91,UNIVERSITY OF SOUTH FLORIDA,TAMPA,FL,2020,National Institutes of Health,89728588.0,51
NKAZLXLL7Z91,UNIVERSITY OF SOUTH FLORIDA,TAMPA,FL,2020,National Science Foundation,17930255.0,41
NKAZLXLL7Z91,UNIVERSITY OF SOUTH FLORIDA,TAMPA,FL,2021,National Institutes of Health,93674036.00999999,39
NKAZLXLL7Z91,UNIVERSITY OF SOUTH FLORIDA,TAMPA,FL,2021,National Science Foundation,14918930.0,48
NKAZLXLL7Z91,UNIVERSITY OF SOUTH FLORIDA,TAMPA,FL,2022,National Institutes of Health,101618058.85,51
NKAZLXLL7Z91,UNIVERSITY OF SOUTH FLORIDA,TAMPA,FL,2022,National Science Foundation,17884780.0,28
NKAZLXLL7Z91,UNIVERSITY OF SOUTH FLORIDA,TAMPA,FL,2023,National Institutes of Health,118081859.99000001,51
NKAZLXLL7Z91,UNIVERSITY OF SOUTH FLORIDA,TAMPA,FL,2023,National Science Foundation,31547174.0,47
NKAZLXLL7Z91,UNIVERSITY OF SOUTH FLORIDA,TAMPA,FL,2024,National Institutes of Health,86287460.0,37
NKAZLXLL7Z91,UNIVERSITY OF SOUTH FLORIDA,TAMPA,FL,2024,National Science Foundation,18566564.0,34
NKAZLXLL7Z91,UNIVERSITY OF SOUTH FLORIDA,TAMPA,FL,2025,National Institutes of Health,106423981.53,49
NKAZLXLL7Z91,UNIVERSITY OF SOUTH FLORIDA,TAMPA,FL,2025,National Science Foundation,20699578.0,37
NKAZLXLL7Z91,UNIVERSITY OF SOUTH FLORIDA,TAMPA,FL,2026,National Institutes of Health,75258936.5,38
NKAZLXLL7Z91,UNIVERSITY OF SOUTH FLORIDA,TAMPA,FL,2026,National Science Foundation,5554290.0,6
NLG5Q8FA5TE8,AMERICAN COLLEGE OF RADIOLOGY,RESTON,VA,2016,National Institutes of Health,7797929.0,1
NLG5Q8FA5TE8,AMERICAN COLLEGE OF RADIOLOGY,RESTON,VA,2017,National Institutes of Health,6405920.0,1
NLG5Q8FA5TE8,AMERICAN COLLEGE OF RADIOLOGY,RESTON,VA,2018,National Institutes of Health,8621199.0,0
NLG5Q8FA5TE8,AMERICAN COLLEGE OF RADIOLOGY,RESTON,VA,2019,National Institutes of Health,9696464.0,0
NLG5Q8FA5TE8,AMERICAN COLLEGE OF RADIOLOGY,RESTON,VA,2020,National Institutes of Health,9350508.0,0
NLG5Q8FA5TE8,AMERICAN COLLEGE OF RADIOLOGY,RESTON,VA,2021,National Institutes of Health,9819421.0,0
NLG5Q8FA5TE8,AMERICAN COLLEGE OF RADIOLOGY,RESTON,VA,2022,National Institutes of Health,9780741.0,0
NLG5Q8FA5TE8,AMERICAN COLLEGE OF RADIOLOGY,RESTON,VA,2023,National Institutes of Health,10203250.0,0
NLG5Q8FA5TE8,AMERICAN COLLEGE OF RADIOLOGY,RESTON,VA,2024,National Institutes of Health,9818678.0,0
NLG5Q8FA5TE8,AMERICAN COLLEGE OF RADIOLOGY,RESTON,VA,2025,National Institutes of Health,8942748.81,0
NLG5Q8FA5TE8,AMERICAN COLLEGE OF RADIOLOGY,RESTON,VA,2026,National Institutes of Health,7837858.46,0
NMJHD63STRC5,"UNIVERSITY OF GEORGIA RESEARCH FOUNDATION, INC.",ATHENS,GA,2016,National Institutes of Health,48739936.0,128
NMJHD63STRC5,"UNIVERSITY OF GEORGIA RESEARCH FOUNDATION, INC.",ATHENS,GA,2016,National Science Foundation,25408768.0,114
NMJHD63STRC5,"UNIVERSITY OF GEORGIA RESEARCH FOUNDATION, INC.",ATHENS,GA,2017,National Institutes of Health,54089668.0,94
NMJHD63STRC5,"UNIVERSITY OF GEORGIA RESEARCH FOUNDATION, INC.",ATHENS,GA,2017,National Science Foundation,33806144.0,73
NMJHD63STRC5,"UNIVERSITY OF GEORGIA RESEARCH FOUNDATION, INC.",ATHENS,GA,2018,National Institutes of Health,62861661.0,57
NMJHD63STRC5,"UNIVERSITY OF GEORGIA RESEARCH FOUNDATION, INC.",ATHENS,GA,2018,National Science Foundation,30556294.0,68
NMJHD63STRC5,"UNIVERSITY OF GEORGIA RESEARCH FOUNDATION, INC.",ATHENS,GA,2019,National Institutes of Health,56299685.0,57
NMJHD63STRC5,"UNIVERSITY OF GEORGIA RESEARCH FOUNDATION, INC.",ATHENS,GA,2019,National Science Foundation,35752842.0,72
NMJHD63STRC5,"UNIVERSITY OF GEORGIA RESEARCH FOUNDATION, INC.",ATHENS,GA,2020,National Institutes of Health,65727227.0,61
NMJHD63STRC5,"UNIVERSITY OF GEORGIA RESEARCH FOUNDATION, INC.",ATHENS,GA,2020,National Science Foundation,30117532.0,78
NMJHD63STRC5,"UNIVERSITY OF GEORGIA RESEARCH FOUNDATION, INC.",ATHENS,GA,2021,National Institutes of Health,61030026.72,40
NMJHD63STRC5,"UNIVERSITY OF GEORGIA RESEARCH FOUNDATION, INC.",ATHENS,GA,2021,National Science Foundation,27675225.0,39
NMJHD63STRC5,"UNIVERSITY OF GEORGIA RESEARCH FOUNDATION, INC.",ATHENS,GA,2022,National Institutes of Health,58904651.41,45
NMJHD63STRC5,"UNIVERSITY OF GEORGIA RESEARCH FOUNDATION, INC.",ATHENS,GA,2022,National Science Foundation,30884502.0,51
NMJHD63STRC5,"UNIVERSITY OF GEORGIA RESEARCH FOUNDATION, INC.",ATHENS,GA,2023,National Institutes of Health,67628340.99,66
NMJHD63STRC5,"UNIVERSITY OF GEORGIA RESEARCH FOUNDATION, INC.",ATHENS,GA,2023,National Science Foundation,35782608.0,74
NMJHD63STRC5,"UNIVERSITY OF GEORGIA RESEARCH FOUNDATION, INC.",ATHENS,GA,2024,National Institutes of Health,60381694.559999995,47
NMJHD63STRC5,"UNIVERSITY OF GEORGIA RESEARCH FOUNDATION, INC.",ATHENS,GA,2024,National Science Foundation,36595714.0,61
NMJHD63STRC5,"UNIVERSITY OF GEORGIA RESEARCH FOUNDATION, INC.",ATHENS,GA,2025,National Institutes of Health,63333651.629999995,30
NMJHD63STRC5,"UNIVERSITY OF GEORGIA RESEARCH FOUNDATION, INC.",ATHENS,GA,2025,National Science Foundation,34072215.0,41
NMJHD63STRC5,"UNIVERSITY OF GEORGIA RESEARCH FOUNDATION, INC.",ATHENS,GA,2026,National Institutes of Health,60013878.50000001,36
NMJHD63STRC5,"UNIVERSITY OF GEORGIA RESEARCH FOUNDATION, INC.",ATHENS,GA,2026,National Science Foundation,9818180.0,24
NNFQH1JAPEP3,UNIVERSITY OF FLORIDA,GAINESVILLE,FL,2016,National Institutes of Health,149019108.0,382
NNFQH1JAPEP3,UNIVERSITY OF FLORIDA,GAINESVILLE,FL,2016,National Science Foundation,52144367.0,199
NNFQH1JAPEP3,UNIVERSITY OF FLORIDA,GAINESVILLE,FL,2017,National Institutes of Health,168104106.0,222
NNFQH1JAPEP3,UNIVERSITY OF FLORIDA,GAINESVILLE,FL,2017,National Science Foundation,50461639.0,124
NNFQH1JAPEP3,UNIVERSITY OF FLORIDA,GAINESVILLE,FL,2018,National Institutes of Health,176765216.0,138
NNFQH1JAPEP3,UNIVERSITY OF FLORIDA,GAINESVILLE,FL,2018,National Science Foundation,38894535.0,119
NNFQH1JAPEP3,UNIVERSITY OF FLORIDA,GAINESVILLE,FL,2019,National Institutes of Health,185049205.0,118
NNFQH1JAPEP3,UNIVERSITY OF FLORIDA,GAINESVILLE,FL,2019,National Science Foundation,61828894.0,113
NNFQH1JAPEP3,UNIVERSITY OF FLORIDA,GAINESVILLE,FL,2020,National Institutes of Health,188121439.0,135
NNFQH1JAPEP3,UNIVERSITY OF FLORIDA,GAINESVILLE,FL,2020,National Science Foundation,52016795.0,128
NNFQH1JAPEP3,UNIVERSITY OF FLORIDA,GAINESVILLE,FL,2021,National Institutes of Health,210472953.24,145
NNFQH1JAPEP3,UNIVERSITY OF FLORIDA,GAINESVILLE,FL,2021,National Science Foundation,49469389.0,115
NNFQH1JAPEP3,UNIVERSITY OF FLORIDA,GAINESVILLE,FL,2022,National Institutes of Health,264721558.77,254
NNFQH1JAPEP3,UNIVERSITY OF FLORIDA,GAINESVILLE,FL,2022,National Science Foundation,55127577.0,110
NNFQH1JAPEP3,UNIVERSITY OF FLORIDA,GAINESVILLE,FL,2023,National Institutes of Health,275756354.79,169
NNFQH1JAPEP3,UNIVERSITY OF FLORIDA,GAINESVILLE,FL,2023,National Science Foundation,51791333.0,95
NNFQH1JAPEP3,UNIVERSITY OF FLORIDA,GAINESVILLE,FL,2024,National Institutes of Health,252994357.2299999,160
NNFQH1JAPEP3,UNIVERSITY OF FLORIDA,GAINESVILLE,FL,2024,National Science Foundation,58141888.0,107
NNFQH1JAPEP3,UNIVERSITY OF FLORIDA,GAINESVILLE,FL,2025,National Institutes of Health,269420919.31,137
NNFQH1JAPEP3,UNIVERSITY OF FLORIDA,GAINESVILLE,FL,2025,National Science Foundation,61366554.0,91
NNFQH1JAPEP3,UNIVERSITY OF FLORIDA,GAINESVILLE,FL,2026,National Institutes of Health,219213277.04000002,103
NNFQH1JAPEP3,UNIVERSITY OF FLORIDA,GAINESVILLE,FL,2026,National Science Foundation,19469078.0,43
NNJ6BMBTFGN5,"SALK INSTITUTE FOR BIOLOGICAL STUDIES, SAN DIEGO, CALIFORNIA, THE",LA JOLLA,CA,2016,National Institutes of Health,32594715.0,64
NNJ6BMBTFGN5,"SALK INSTITUTE FOR BIOLOGICAL STUDIES, SAN DIEGO, CALIFORNIA, THE",LA JOLLA,CA,2016,National Science Foundation,567500.0,3
NNJ6BMBTFGN5,"SALK INSTITUTE FOR BIOLOGICAL STUDIES, SAN DIEGO, CALIFORNIA, THE",LA JOLLA,CA,2017,National Institutes of Health,49600492.0,42
NNJ6BMBTFGN5,"SALK INSTITUTE FOR BIOLOGICAL STUDIES, SAN DIEGO, CALIFORNIA, THE",LA JOLLA,CA,2017,National Science Foundation,1429881.0,3
NNJ6BMBTFGN5,"SALK INSTITUTE FOR BIOLOGICAL STUDIES, SAN DIEGO, CALIFORNIA, THE",LA JOLLA,CA,2018,National Institutes of Health,54242564.0,35
NNJ6BMBTFGN5,"SALK INSTITUTE FOR BIOLOGICAL STUDIES, SAN DIEGO, CALIFORNIA, THE",LA JOLLA,CA,2019,National Institutes of Health,79135027.0,29
NNJ6BMBTFGN5,"SALK INSTITUTE FOR BIOLOGICAL STUDIES, SAN DIEGO, CALIFORNIA, THE",LA JOLLA,CA,2019,National Science Foundation,779744.0,3
NNJ6BMBTFGN5,"SALK INSTITUTE FOR BIOLOGICAL STUDIES, SAN DIEGO, CALIFORNIA, THE",LA JOLLA,CA,2020,National Institutes of Health,64828989.0,26
NNJ6BMBTFGN5,"SALK INSTITUTE FOR BIOLOGICAL STUDIES, SAN DIEGO, CALIFORNIA, THE",LA JOLLA,CA,2020,National Science Foundation,53475.0,0
NNJ6BMBTFGN5,"SALK INSTITUTE FOR BIOLOGICAL STUDIES, SAN DIEGO, CALIFORNIA, THE",LA JOLLA,CA,2021,National Institutes of Health,60705892.57,23
NNJ6BMBTFGN5,"SALK INSTITUTE FOR BIOLOGICAL STUDIES, SAN DIEGO, CALIFORNIA, THE",LA JOLLA,CA,2021,National Science Foundation,2429333.0,3
NNJ6BMBTFGN5,"SALK INSTITUTE FOR BIOLOGICAL STUDIES, SAN DIEGO, CALIFORNIA, THE",LA JOLLA,CA,2022,National Institutes of Health,77192887.34,22
NNJ6BMBTFGN5,"SALK INSTITUTE FOR BIOLOGICAL STUDIES, SAN DIEGO, CALIFORNIA, THE",LA JOLLA,CA,2022,National Science Foundation,1262819.0,2
NNJ6BMBTFGN5,"SALK INSTITUTE FOR BIOLOGICAL STUDIES, SAN DIEGO, CALIFORNIA, THE",LA JOLLA,CA,2023,National Institutes of Health,68077346.3,20
NNJ6BMBTFGN5,"SALK INSTITUTE FOR BIOLOGICAL STUDIES, SAN DIEGO, CALIFORNIA, THE",LA JOLLA,CA,2024,National Institutes of Health,64650179.19,15
NNJ6BMBTFGN5,"SALK INSTITUTE FOR BIOLOGICAL STUDIES, SAN DIEGO, CALIFORNIA, THE",LA JOLLA,CA,2024,National Science Foundation,552693.0,1
NNJ6BMBTFGN5,"SALK INSTITUTE FOR BIOLOGICAL STUDIES, SAN DIEGO, CALIFORNIA, THE",LA JOLLA,CA,2025,National Institutes of Health,61187962.32,21
NNJ6BMBTFGN5,"SALK INSTITUTE FOR BIOLOGICAL STUDIES, SAN DIEGO, CALIFORNIA, THE",LA JOLLA,CA,2025,National Science Foundation,985297.0,1
NNJ6BMBTFGN5,"SALK INSTITUTE FOR BIOLOGICAL STUDIES, SAN DIEGO, CALIFORNIA, THE",LA JOLLA,CA,2026,National Institutes of Health,51431167.06,19
NNJ6BMBTFGN5,"SALK INSTITUTE FOR BIOLOGICAL STUDIES, SAN DIEGO, CALIFORNIA, THE",LA JOLLA,CA,2026,National Science Foundation,808664.0,1
NNYDFK5FTSX9,OKLAHOMA STATE UNIVERSITY,STILLWATER,OK,2016,National Institutes of Health,4529350.0,11
NNYDFK5FTSX9,OKLAHOMA STATE UNIVERSITY,STILLWATER,OK,2016,National Science Foundation,13165926.0,41
NNYDFK5FTSX9,OKLAHOMA STATE UNIVERSITY,STILLWATER,OK,2017,National Institutes of Health,6151428.0,8
NNYDFK5FTSX9,OKLAHOMA STATE UNIVERSITY,STILLWATER,OK,2017,National Science Foundation,16648056.0,35
NNYDFK5FTSX9,OKLAHOMA STATE UNIVERSITY,STILLWATER,OK,2018,National Institutes of Health,6078490.0,6
NNYDFK5FTSX9,OKLAHOMA STATE UNIVERSITY,STILLWATER,OK,2018,National Science Foundation,6059294.0,21
NNYDFK5FTSX9,OKLAHOMA STATE UNIVERSITY,STILLWATER,OK,2019,National Institutes of Health,7908346.0,9
NNYDFK5FTSX9,OKLAHOMA STATE UNIVERSITY,STILLWATER,OK,2019,National Science Foundation,10292727.0,29
NNYDFK5FTSX9,OKLAHOMA STATE UNIVERSITY,STILLWATER,OK,2020,National Institutes of Health,7816282.0,15
NNYDFK5FTSX9,OKLAHOMA STATE UNIVERSITY,STILLWATER,OK,2020,National Science Foundation,11543647.0,26
NNYDFK5FTSX9,OKLAHOMA STATE UNIVERSITY,STILLWATER,OK,2021,National Institutes of Health,7438877.14,9
NNYDFK5FTSX9,OKLAHOMA STATE UNIVERSITY,STILLWATER,OK,2021,National Science Foundation,15520059.0,32
NNYDFK5FTSX9,OKLAHOMA STATE UNIVERSITY,STILLWATER,OK,2022,National Institutes of Health,11209848.86,10
NNYDFK5FTSX9,OKLAHOMA STATE UNIVERSITY,STILLWATER,OK,2022,National Science Foundation,22653541.0,24
NNYDFK5FTSX9,OKLAHOMA STATE UNIVERSITY,STILLWATER,OK,2023,National Institutes of Health,9552428.86,7
NNYDFK5FTSX9,OKLAHOMA STATE UNIVERSITY,STILLWATER,OK,2023,National Science Foundation,12782482.0,27
NNYDFK5FTSX9,OKLAHOMA STATE UNIVERSITY,STILLWATER,OK,2024,National Institutes of Health,11223290.469999999,15
NNYDFK5FTSX9,OKLAHOMA STATE UNIVERSITY,STILLWATER,OK,2024,National Science Foundation,12499723.0,34
NNYDFK5FTSX9,OKLAHOMA STATE UNIVERSITY,STILLWATER,OK,2025,National Institutes of Health,11079706.64,4
NNYDFK5FTSX9,OKLAHOMA STATE UNIVERSITY,STILLWATER,OK,2025,National Science Foundation,15002019.0,27
NNYDFK5FTSX9,OKLAHOMA STATE UNIVERSITY,STILLWATER,OK,2026,National Institutes of Health,8853799.879999999,7
NNYDFK5FTSX9,OKLAHOMA STATE UNIVERSITY,STILLWATER,OK,2026,National Science Foundation,5711203.0,11
NPH1VN32EWN5,BECKMAN RESEARCH INSTITUTE OF THE CITY OF HOPE,DUARTE,CA,2016,National Institutes of Health,43748798.0,87
NPH1VN32EWN5,BECKMAN RESEARCH INSTITUTE OF THE CITY OF HOPE,DUARTE,CA,2017,National Institutes of Health,55441453.0,56
NPH1VN32EWN5,BECKMAN RESEARCH INSTITUTE OF THE CITY OF HOPE,DUARTE,CA,2018,National Institutes of Health,62970853.0,40
NPH1VN32EWN5,BECKMAN RESEARCH INSTITUTE OF THE CITY OF HOPE,DUARTE,CA,2019,National Institutes of Health,66512263.0,44
NPH1VN32EWN5,BECKMAN RESEARCH INSTITUTE OF THE CITY OF HOPE,DUARTE,CA,2019,National Science Foundation,34000.0,1
NPH1VN32EWN5,BECKMAN RESEARCH INSTITUTE OF THE CITY OF HOPE,DUARTE,CA,2020,National Institutes of Health,73713384.0,30
NPH1VN32EWN5,BECKMAN RESEARCH INSTITUTE OF THE CITY OF HOPE,DUARTE,CA,2021,National Institutes of Health,72174632.34,32
NPH1VN32EWN5,BECKMAN RESEARCH INSTITUTE OF THE CITY OF HOPE,DUARTE,CA,2022,National Institutes of Health,74669840.64999999,34
NPH1VN32EWN5,BECKMAN RESEARCH INSTITUTE OF THE CITY OF HOPE,DUARTE,CA,2023,National Institutes of Health,80669461.79,27
NPH1VN32EWN5,BECKMAN RESEARCH INSTITUTE OF THE CITY OF HOPE,DUARTE,CA,2024,National Institutes of Health,76653549.11,29
NPH1VN32EWN5,BECKMAN RESEARCH INSTITUTE OF THE CITY OF HOPE,DUARTE,CA,2024,National Science Foundation,50000.0,1
NPH1VN32EWN5,BECKMAN RESEARCH INSTITUTE OF THE CITY OF HOPE,DUARTE,CA,2025,National Institutes of Health,82217391.35,38
NPH1VN32EWN5,BECKMAN RESEARCH INSTITUTE OF THE CITY OF HOPE,DUARTE,CA,2026,National Institutes of Health,73691405.0,29
NPM2J7MSCF61,THE PENNSYLVANIA STATE UNIVERSITY,UNIVERSITY PARK,PA,2016,National Institutes of Health,50360038.0,158
NPM2J7MSCF61,THE PENNSYLVANIA STATE UNIVERSITY,UNIVERSITY PARK,PA,2016,National Science Foundation,75814549.0,274
NPM2J7MSCF61,THE PENNSYLVANIA STATE UNIVERSITY,UNIVERSITY PARK,PA,2017,National Institutes of Health,62591134.0,113
NPM2J7MSCF61,THE PENNSYLVANIA STATE UNIVERSITY,UNIVERSITY PARK,PA,2017,National Science Foundation,66339927.0,195
NPM2J7MSCF61,THE PENNSYLVANIA STATE UNIVERSITY,UNIVERSITY PARK,PA,2018,National Institutes of Health,72174493.0,79
NPM2J7MSCF61,THE PENNSYLVANIA STATE UNIVERSITY,UNIVERSITY PARK,PA,2018,National Science Foundation,76166942.0,180
NPM2J7MSCF61,THE PENNSYLVANIA STATE UNIVERSITY,UNIVERSITY PARK,PA,2019,National Institutes of Health,72335425.0,56
NPM2J7MSCF61,THE PENNSYLVANIA STATE UNIVERSITY,UNIVERSITY PARK,PA,2019,National Science Foundation,77968743.0,166
NPM2J7MSCF61,THE PENNSYLVANIA STATE UNIVERSITY,UNIVERSITY PARK,PA,2020,National Institutes of Health,73781739.0,54
NPM2J7MSCF61,THE PENNSYLVANIA STATE UNIVERSITY,UNIVERSITY PARK,PA,2020,National Science Foundation,83159957.0,186
NPM2J7MSCF61,THE PENNSYLVANIA STATE UNIVERSITY,UNIVERSITY PARK,PA,2021,National Institutes of Health,70242625.82,49
NPM2J7MSCF61,THE PENNSYLVANIA STATE UNIVERSITY,UNIVERSITY PARK,PA,2021,National Science Foundation,86538750.0,153
NPM2J7MSCF61,THE PENNSYLVANIA STATE UNIVERSITY,UNIVERSITY PARK,PA,2022,National Institutes of Health,76681391.5,60
NPM2J7MSCF61,THE PENNSYLVANIA STATE UNIVERSITY,UNIVERSITY PARK,PA,2022,National Science Foundation,84737902.0,174
NPM2J7MSCF61,THE PENNSYLVANIA STATE UNIVERSITY,UNIVERSITY PARK,PA,2023,National Institutes of Health,80430069.09,60
NPM2J7MSCF61,THE PENNSYLVANIA STATE UNIVERSITY,UNIVERSITY PARK,PA,2023,National Science Foundation,70144311.0,135
NPM2J7MSCF61,THE PENNSYLVANIA STATE UNIVERSITY,UNIVERSITY PARK,PA,2024,National Institutes of Health,84932375.72999999,56
NPM2J7MSCF61,THE PENNSYLVANIA STATE UNIVERSITY,UNIVERSITY PARK,PA,2024,National Science Foundation,81744211.0,156
NPM2J7MSCF61,THE PENNSYLVANIA STATE UNIVERSITY,UNIVERSITY PARK,PA,2025,National Institutes of Health,84075001.98,37
NPM2J7MSCF61,THE PENNSYLVANIA STATE UNIVERSITY,UNIVERSITY PARK,PA,2025,National Science Foundation,76631466.0,109
NPM2J7MSCF61,THE PENNSYLVANIA STATE UNIVERSITY,UNIVERSITY PARK,PA,2026,National Institutes of Health,83588905.39,35
NPM2J7MSCF61,THE PENNSYLVANIA STATE UNIVERSITY,UNIVERSITY PARK,PA,2026,National Science Foundation,27721556.0,41
NPSNT86JKN51,OREGON HEALTH & SCIENCE UNIVERSITY,PORTLAND,OR,2016,National Institutes of Health,180797006.0,390
NPSNT86JKN51,OREGON HEALTH & SCIENCE UNIVERSITY,PORTLAND,OR,2016,National Science Foundation,3153593.0,11
NPSNT86JKN51,OREGON HEALTH & SCIENCE UNIVERSITY,PORTLAND,OR,2017,National Institutes of Health,216926307.0,248
NPSNT86JKN51,OREGON HEALTH & SCIENCE UNIVERSITY,PORTLAND,OR,2017,National Science Foundation,2881807.0,6
NPSNT86JKN51,OREGON HEALTH & SCIENCE UNIVERSITY,PORTLAND,OR,2018,National Institutes of Health,242314772.0,163
NPSNT86JKN51,OREGON HEALTH & SCIENCE UNIVERSITY,PORTLAND,OR,2018,National Science Foundation,1019787.0,1
NPSNT86JKN51,OREGON HEALTH & SCIENCE UNIVERSITY,PORTLAND,OR,2019,National Institutes of Health,279934077.0,123
NPSNT86JKN51,OREGON HEALTH & SCIENCE UNIVERSITY,PORTLAND,OR,2019,National Science Foundation,680866.0,4
NPSNT86JKN51,OREGON HEALTH & SCIENCE UNIVERSITY,PORTLAND,OR,2020,National Institutes of Health,301050619.0,140
NPSNT86JKN51,OREGON HEALTH & SCIENCE UNIVERSITY,PORTLAND,OR,2020,National Science Foundation,858847.0,3
NPSNT86JKN51,OREGON HEALTH & SCIENCE UNIVERSITY,PORTLAND,OR,2021,National Institutes of Health,282560708.27,117
NPSNT86JKN51,OREGON HEALTH & SCIENCE UNIVERSITY,PORTLAND,OR,2021,National Science Foundation,1333753.0,2
NPSNT86JKN51,OREGON HEALTH & SCIENCE UNIVERSITY,PORTLAND,OR,2022,National Institutes of Health,286593612.76,109
NPSNT86JKN51,OREGON HEALTH & SCIENCE UNIVERSITY,PORTLAND,OR,2022,National Science Foundation,1589885.0,2
NPSNT86JKN51,OREGON HEALTH & SCIENCE UNIVERSITY,PORTLAND,OR,2023,National Institutes of Health,284213903.24,128
NPSNT86JKN51,OREGON HEALTH & SCIENCE UNIVERSITY,PORTLAND,OR,2023,National Science Foundation,288333.0,0
NPSNT86JKN51,OREGON HEALTH & SCIENCE UNIVERSITY,PORTLAND,OR,2024,National Institutes of Health,267042765.56,101
NPSNT86JKN51,OREGON HEALTH & SCIENCE UNIVERSITY,PORTLAND,OR,2024,National Science Foundation,1769681.0,5
NPSNT86JKN51,OREGON HEALTH & SCIENCE UNIVERSITY,PORTLAND,OR,2025,National Institutes of Health,302425819.63,105
NPSNT86JKN51,OREGON HEALTH & SCIENCE UNIVERSITY,PORTLAND,OR,2025,National Science Foundation,2234828.0,4
NPSNT86JKN51,OREGON HEALTH & SCIENCE UNIVERSITY,PORTLAND,OR,2026,National Institutes of Health,238883682.78999996,92
NPSNT86JKN51,OREGON HEALTH & SCIENCE UNIVERSITY,PORTLAND,OR,2026,National Science Foundation,124025.0,0
NPT2UNTNHJZ1,WRIGHT STATE UNIVERSITY,DAYTON,OH,2016,National Institutes of Health,5394078.0,21
NPT2UNTNHJZ1,WRIGHT STATE UNIVERSITY,DAYTON,OH,2016,National Science Foundation,1074237.0,12
NPT2UNTNHJZ1,WRIGHT STATE UNIVERSITY,DAYTON,OH,2017,National Institutes of Health,4514421.0,13
NPT2UNTNHJZ1,WRIGHT STATE UNIVERSITY,DAYTON,OH,2017,National Science Foundation,1593368.0,11
NPT2UNTNHJZ1,WRIGHT STATE UNIVERSITY,DAYTON,OH,2018,National Institutes of Health,6415491.0,8
NPT2UNTNHJZ1,WRIGHT STATE UNIVERSITY,DAYTON,OH,2018,National Science Foundation,1684396.0,8
NPT2UNTNHJZ1,WRIGHT STATE UNIVERSITY,DAYTON,OH,2019,National Institutes of Health,5877422.0,8
NPT2UNTNHJZ1,WRIGHT STATE UNIVERSITY,DAYTON,OH,2019,National Science Foundation,1414552.0,3
NPT2UNTNHJZ1,WRIGHT STATE UNIVERSITY,DAYTON,OH,2020,National Institutes of Health,5511859.0,5
NPT2UNTNHJZ1,WRIGHT STATE UNIVERSITY,DAYTON,OH,2020,National Science Foundation,72190.0,3
NPT2UNTNHJZ1,WRIGHT STATE UNIVERSITY,DAYTON,OH,2021,National Institutes of Health,376763.0,0
NPT2UNTNHJZ1,WRIGHT STATE UNIVERSITY,DAYTON,OH,2021,National Science Foundation,-131408.0,1
NPT2UNTNHJZ1,WRIGHT STATE UNIVERSITY,DAYTON,OH,2022,National Institutes of Health,4868848.14,10
NPT2UNTNHJZ1,WRIGHT STATE UNIVERSITY,DAYTON,OH,2022,National Science Foundation,646728.0,5
NPT2UNTNHJZ1,WRIGHT STATE UNIVERSITY,DAYTON,OH,2023,National Institutes of Health,3721070.31,2
NPT2UNTNHJZ1,WRIGHT STATE UNIVERSITY,DAYTON,OH,2023,National Science Foundation,1633503.0,3
NPT2UNTNHJZ1,WRIGHT STATE UNIVERSITY,DAYTON,OH,2024,National Institutes of Health,5402316.95,5
NPT2UNTNHJZ1,WRIGHT STATE UNIVERSITY,DAYTON,OH,2024,National Science Foundation,143645.0,2
NPT2UNTNHJZ1,WRIGHT STATE UNIVERSITY,DAYTON,OH,2025,National Institutes of Health,5609432.32,3
NPT2UNTNHJZ1,WRIGHT STATE UNIVERSITY,DAYTON,OH,2025,National Science Foundation,4046990.0,6
NPT2UNTNHJZ1,WRIGHT STATE UNIVERSITY,DAYTON,OH,2026,National Institutes of Health,4924113.4,4
NPT2UNTNHJZ1,WRIGHT STATE UNIVERSITY,DAYTON,OH,2026,National Science Foundation,245911.0,1
NPU8ULVAAS23,"UNIVERSITY OF MARYLAND, COLLEGE PARK",COLLEGE PARK,MD,2016,National Institutes of Health,41220195.0,123
NPU8ULVAAS23,"UNIVERSITY OF MARYLAND, COLLEGE PARK",COLLEGE PARK,MD,2016,National Science Foundation,61306463.0,237
NPU8ULVAAS23,"UNIVERSITY OF MARYLAND, COLLEGE PARK",COLLEGE PARK,MD,2017,National Institutes of Health,44431127.0,97
NPU8ULVAAS23,"UNIVERSITY OF MARYLAND, COLLEGE PARK",COLLEGE PARK,MD,2017,National Science Foundation,49066198.0,131
NPU8ULVAAS23,"UNIVERSITY OF MARYLAND, COLLEGE PARK",COLLEGE PARK,MD,2018,National Institutes of Health,50789427.0,60
NPU8ULVAAS23,"UNIVERSITY OF MARYLAND, COLLEGE PARK",COLLEGE PARK,MD,2018,National Science Foundation,63930655.0,139
NPU8ULVAAS23,"UNIVERSITY OF MARYLAND, COLLEGE PARK",COLLEGE PARK,MD,2019,National Institutes of Health,55291149.0,37
NPU8ULVAAS23,"UNIVERSITY OF MARYLAND, COLLEGE PARK",COLLEGE PARK,MD,2019,National Science Foundation,50299613.0,117
NPU8ULVAAS23,"UNIVERSITY OF MARYLAND, COLLEGE PARK",COLLEGE PARK,MD,2020,National Institutes of Health,57472934.0,30
NPU8ULVAAS23,"UNIVERSITY OF MARYLAND, COLLEGE PARK",COLLEGE PARK,MD,2020,National Science Foundation,65318057.0,137
NPU8ULVAAS23,"UNIVERSITY OF MARYLAND, COLLEGE PARK",COLLEGE PARK,MD,2021,National Institutes of Health,57689872.739999995,40
NPU8ULVAAS23,"UNIVERSITY OF MARYLAND, COLLEGE PARK",COLLEGE PARK,MD,2021,National Science Foundation,58433942.0,92
NPU8ULVAAS23,"UNIVERSITY OF MARYLAND, COLLEGE PARK",COLLEGE PARK,MD,2022,National Institutes of Health,59211259.47,52
NPU8ULVAAS23,"UNIVERSITY OF MARYLAND, COLLEGE PARK",COLLEGE PARK,MD,2022,National Science Foundation,78615567.0,118
NPU8ULVAAS23,"UNIVERSITY OF MARYLAND, COLLEGE PARK",COLLEGE PARK,MD,2023,National Institutes of Health,61381191.8,42
NPU8ULVAAS23,"UNIVERSITY OF MARYLAND, COLLEGE PARK",COLLEGE PARK,MD,2023,National Science Foundation,67101576.0,108
NPU8ULVAAS23,"UNIVERSITY OF MARYLAND, COLLEGE PARK",COLLEGE PARK,MD,2024,National Institutes of Health,59868407.14999999,36
NPU8ULVAAS23,"UNIVERSITY OF MARYLAND, COLLEGE PARK",COLLEGE PARK,MD,2024,National Science Foundation,58612731.0,101
NPU8ULVAAS23,"UNIVERSITY OF MARYLAND, COLLEGE PARK",COLLEGE PARK,MD,2025,National Institutes of Health,70195337.30000001,42
NPU8ULVAAS23,"UNIVERSITY OF MARYLAND, COLLEGE PARK",COLLEGE PARK,MD,2025,National Science Foundation,57109872.0,80
NPU8ULVAAS23,"UNIVERSITY OF MARYLAND, COLLEGE PARK",COLLEGE PARK,MD,2026,National Institutes of Health,52154005.57000001,25
NPU8ULVAAS23,"UNIVERSITY OF MARYLAND, COLLEGE PARK",COLLEGE PARK,MD,2026,National Science Foundation,16011965.0,39
NQMVAAQUFU53,THE RESEARCH FOUNDATION FOR THE STATE UNIVERSITY OF NEW YORK,BINGHAMTON,NY,2016,National Institutes of Health,6177429.0,19
NQMVAAQUFU53,THE RESEARCH FOUNDATION FOR THE STATE UNIVERSITY OF NEW YORK,BINGHAMTON,NY,2016,National Science Foundation,7274106.0,32
NQMVAAQUFU53,THE RESEARCH FOUNDATION FOR THE STATE UNIVERSITY OF NEW YORK,BINGHAMTON,NY,2017,National Institutes of Health,6678649.0,11
NQMVAAQUFU53,THE RESEARCH FOUNDATION FOR THE STATE UNIVERSITY OF NEW YORK,BINGHAMTON,NY,2017,National Science Foundation,11038733.0,32
NQMVAAQUFU53,THE RESEARCH FOUNDATION FOR THE STATE UNIVERSITY OF NEW YORK,BINGHAMTON,NY,2018,National Institutes of Health,8406432.0,11
NQMVAAQUFU53,THE RESEARCH FOUNDATION FOR THE STATE UNIVERSITY OF NEW YORK,BINGHAMTON,NY,2018,National Science Foundation,4422216.0,22
NQMVAAQUFU53,THE RESEARCH FOUNDATION FOR THE STATE UNIVERSITY OF NEW YORK,BINGHAMTON,NY,2019,National Institutes of Health,8527346.0,12
NQMVAAQUFU53,THE RESEARCH FOUNDATION FOR THE STATE UNIVERSITY OF NEW YORK,BINGHAMTON,NY,2019,National Science Foundation,8958966.0,31
NQMVAAQUFU53,THE RESEARCH FOUNDATION FOR THE STATE UNIVERSITY OF NEW YORK,BINGHAMTON,NY,2020,National Institutes of Health,9928383.0,12
NQMVAAQUFU53,THE RESEARCH FOUNDATION FOR THE STATE UNIVERSITY OF NEW YORK,BINGHAMTON,NY,2020,National Science Foundation,9405059.0,29
NQMVAAQUFU53,THE RESEARCH FOUNDATION FOR THE STATE UNIVERSITY OF NEW YORK,BINGHAMTON,NY,2021,National Institutes of Health,8380766.26,11
NQMVAAQUFU53,THE RESEARCH FOUNDATION FOR THE STATE UNIVERSITY OF NEW YORK,BINGHAMTON,NY,2021,National Science Foundation,9030230.0,30
NQMVAAQUFU53,THE RESEARCH FOUNDATION FOR THE STATE UNIVERSITY OF NEW YORK,BINGHAMTON,NY,2022,National Institutes of Health,11430058.62,14
NQMVAAQUFU53,THE RESEARCH FOUNDATION FOR THE STATE UNIVERSITY OF NEW YORK,BINGHAMTON,NY,2022,National Science Foundation,4341353.0,12
NQMVAAQUFU53,THE RESEARCH FOUNDATION FOR THE STATE UNIVERSITY OF NEW YORK,BINGHAMTON,NY,2023,National Institutes of Health,13330891.27,10
NQMVAAQUFU53,THE RESEARCH FOUNDATION FOR THE STATE UNIVERSITY OF NEW YORK,BINGHAMTON,NY,2023,National Science Foundation,10692278.0,28
NQMVAAQUFU53,THE RESEARCH FOUNDATION FOR THE STATE UNIVERSITY OF NEW YORK,BINGHAMTON,NY,2024,National Institutes of Health,13846027.170000004,10
NQMVAAQUFU53,THE RESEARCH FOUNDATION FOR THE STATE UNIVERSITY OF NEW YORK,BINGHAMTON,NY,2024,National Science Foundation,31606166.0,33
NQMVAAQUFU53,THE RESEARCH FOUNDATION FOR THE STATE UNIVERSITY OF NEW YORK,BINGHAMTON,NY,2025,National Institutes of Health,14358863.23,10
NQMVAAQUFU53,THE RESEARCH FOUNDATION FOR THE STATE UNIVERSITY OF NEW YORK,BINGHAMTON,NY,2025,National Science Foundation,11948914.0,22
NQMVAAQUFU53,THE RESEARCH FOUNDATION FOR THE STATE UNIVERSITY OF NEW YORK,BINGHAMTON,NY,2026,National Institutes of Health,9144334.01,10
NQMVAAQUFU53,THE RESEARCH FOUNDATION FOR THE STATE UNIVERSITY OF NEW YORK,BINGHAMTON,NY,2026,National Science Foundation,17652359.0,5
NRJ8QC6LM4T1,THE HEKTOEN INSTITUTE FOR MEDICAL RESEARCH,CHICAGO,IL,2016,National Institutes of Health,4779739.0,6
NRJ8QC6LM4T1,THE HEKTOEN INSTITUTE FOR MEDICAL RESEARCH,CHICAGO,IL,2017,National Institutes of Health,6010022.0,1
NRJ8QC6LM4T1,THE HEKTOEN INSTITUTE FOR MEDICAL RESEARCH,CHICAGO,IL,2018,National Institutes of Health,6516501.0,2
NRJ8QC6LM4T1,THE HEKTOEN INSTITUTE FOR MEDICAL RESEARCH,CHICAGO,IL,2019,National Institutes of Health,6327763.0,2
NRJ8QC6LM4T1,THE HEKTOEN INSTITUTE FOR MEDICAL RESEARCH,CHICAGO,IL,2020,National Institutes of Health,5853352.0,1
NRJ8QC6LM4T1,THE HEKTOEN INSTITUTE FOR MEDICAL RESEARCH,CHICAGO,IL,2021,National Institutes of Health,5973606.41,0
NRJ8QC6LM4T1,THE HEKTOEN INSTITUTE FOR MEDICAL RESEARCH,CHICAGO,IL,2022,National Institutes of Health,6521470.0,1
NRJ8QC6LM4T1,THE HEKTOEN INSTITUTE FOR MEDICAL RESEARCH,CHICAGO,IL,2023,National Institutes of Health,4888157.0,0
NRJ8QC6LM4T1,THE HEKTOEN INSTITUTE FOR MEDICAL RESEARCH,CHICAGO,IL,2024,National Institutes of Health,3242066.7399999998,0
NRJ8QC6LM4T1,THE HEKTOEN INSTITUTE FOR MEDICAL RESEARCH,CHICAGO,IL,2025,National Institutes of Health,2652704.0,0
NRJ8QC6LM4T1,THE HEKTOEN INSTITUTE FOR MEDICAL RESEARCH,CHICAGO,IL,2026,National Institutes of Health,1749664.0,0
NSCKLFSSABF2,UNIVERSITY OF HAWAII,HONOLULU,HI,2016,National Institutes of Health,45267567.0,58
NSCKLFSSABF2,UNIVERSITY OF HAWAII,HONOLULU,HI,2016,National Science Foundation,37973911.0,110
NSCKLFSSABF2,UNIVERSITY OF HAWAII,HONOLULU,HI,2017,National Institutes of Health,35423380.0,33
NSCKLFSSABF2,UNIVERSITY OF HAWAII,HONOLULU,HI,2017,National Science Foundation,30607273.0,75
NSCKLFSSABF2,UNIVERSITY OF HAWAII,HONOLULU,HI,2018,National Institutes of Health,46589560.0,30
NSCKLFSSABF2,UNIVERSITY OF HAWAII,HONOLULU,HI,2018,National Science Foundation,29756868.0,71
NSCKLFSSABF2,UNIVERSITY OF HAWAII,HONOLULU,HI,2019,National Institutes of Health,46075583.0,19
NSCKLFSSABF2,UNIVERSITY OF HAWAII,HONOLULU,HI,2019,National Science Foundation,42512705.0,63
NSCKLFSSABF2,UNIVERSITY OF HAWAII,HONOLULU,HI,2020,National Institutes of Health,41846580.0,12
NSCKLFSSABF2,UNIVERSITY OF HAWAII,HONOLULU,HI,2020,National Science Foundation,42207061.0,67
NSCKLFSSABF2,UNIVERSITY OF HAWAII,HONOLULU,HI,2021,National Institutes of Health,44472768.47,13
NSCKLFSSABF2,UNIVERSITY OF HAWAII,HONOLULU,HI,2021,National Science Foundation,53454073.0,63
NSCKLFSSABF2,UNIVERSITY OF HAWAII,HONOLULU,HI,2022,National Institutes of Health,43573718.629999995,11
NSCKLFSSABF2,UNIVERSITY OF HAWAII,HONOLULU,HI,2022,National Science Foundation,43382737.0,58
NSCKLFSSABF2,UNIVERSITY OF HAWAII,HONOLULU,HI,2023,National Institutes of Health,54842025.51,19
NSCKLFSSABF2,UNIVERSITY OF HAWAII,HONOLULU,HI,2023,National Science Foundation,59401021.0,58
NSCKLFSSABF2,UNIVERSITY OF HAWAII,HONOLULU,HI,2024,National Institutes of Health,59518835.44,16
NSCKLFSSABF2,UNIVERSITY OF HAWAII,HONOLULU,HI,2024,National Science Foundation,53817317.0,56
NSCKLFSSABF2,UNIVERSITY OF HAWAII,HONOLULU,HI,2025,National Institutes of Health,57028863.36,16
NSCKLFSSABF2,UNIVERSITY OF HAWAII,HONOLULU,HI,2025,National Science Foundation,43924445.0,47
NSCKLFSSABF2,UNIVERSITY OF HAWAII,HONOLULU,HI,2026,National Institutes of Health,35816685.82,13
NSCKLFSSABF2,UNIVERSITY OF HAWAII,HONOLULU,HI,2026,National Science Foundation,26601010.0,19
NTLHJXM55KZ6,ARIZONA STATE UNIVERSITY,SCOTTSDALE,AZ,2016,National Institutes of Health,40331585.0,103
NTLHJXM55KZ6,ARIZONA STATE UNIVERSITY,SCOTTSDALE,AZ,2016,National Science Foundation,62989777.0,198
NTLHJXM55KZ6,ARIZONA STATE UNIVERSITY,SCOTTSDALE,AZ,2017,National Institutes of Health,48953444.0,99
NTLHJXM55KZ6,ARIZONA STATE UNIVERSITY,SCOTTSDALE,AZ,2017,National Science Foundation,69820376.0,172
NTLHJXM55KZ6,ARIZONA STATE UNIVERSITY,SCOTTSDALE,AZ,2018,National Institutes of Health,60769826.0,51
NTLHJXM55KZ6,ARIZONA STATE UNIVERSITY,SCOTTSDALE,AZ,2018,National Science Foundation,56341401.0,141
NTLHJXM55KZ6,ARIZONA STATE UNIVERSITY,SCOTTSDALE,AZ,2019,National Institutes of Health,55104091.0,35
NTLHJXM55KZ6,ARIZONA STATE UNIVERSITY,SCOTTSDALE,AZ,2019,National Science Foundation,69177254.0,134
NTLHJXM55KZ6,ARIZONA STATE UNIVERSITY,SCOTTSDALE,AZ,2020,National Institutes of Health,51478579.0,29
NTLHJXM55KZ6,ARIZONA STATE UNIVERSITY,SCOTTSDALE,AZ,2020,National Science Foundation,60372263.0,160
NTLHJXM55KZ6,ARIZONA STATE UNIVERSITY,SCOTTSDALE,AZ,2021,National Institutes of Health,49189140.839999996,48
NTLHJXM55KZ6,ARIZONA STATE UNIVERSITY,SCOTTSDALE,AZ,2021,National Science Foundation,76085306.0,132
NTLHJXM55KZ6,ARIZONA STATE UNIVERSITY,SCOTTSDALE,AZ,2022,National Institutes of Health,63752371.010000005,51
NTLHJXM55KZ6,ARIZONA STATE UNIVERSITY,SCOTTSDALE,AZ,2022,National Science Foundation,89142413.0,136
NTLHJXM55KZ6,ARIZONA STATE UNIVERSITY,SCOTTSDALE,AZ,2023,National Institutes of Health,58615637.84,51
NTLHJXM55KZ6,ARIZONA STATE UNIVERSITY,SCOTTSDALE,AZ,2023,National Science Foundation,114242892.0,128
NTLHJXM55KZ6,ARIZONA STATE UNIVERSITY,SCOTTSDALE,AZ,2024,National Institutes of Health,65197699.65,35
NTLHJXM55KZ6,ARIZONA STATE UNIVERSITY,SCOTTSDALE,AZ,2024,National Science Foundation,110000621.0,155
NTLHJXM55KZ6,ARIZONA STATE UNIVERSITY,SCOTTSDALE,AZ,2025,National Institutes of Health,74182421.76,35
NTLHJXM55KZ6,ARIZONA STATE UNIVERSITY,SCOTTSDALE,AZ,2025,National Science Foundation,73643537.0,103
NTLHJXM55KZ6,ARIZONA STATE UNIVERSITY,SCOTTSDALE,AZ,2026,National Institutes of Health,56333255.480000004,41
NTLHJXM55KZ6,ARIZONA STATE UNIVERSITY,SCOTTSDALE,AZ,2026,National Science Foundation,20734484.0,28
NTXJM52SHKS7,MISSISSIPPI STATE UNIVERSITY,MISSISSIPPI STATE,MS,2016,National Institutes of Health,5154540.0,10
NTXJM52SHKS7,MISSISSIPPI STATE UNIVERSITY,MISSISSIPPI STATE,MS,2016,National Science Foundation,2639763.0,24
NTXJM52SHKS7,MISSISSIPPI STATE UNIVERSITY,MISSISSIPPI STATE,MS,2017,National Institutes of Health,3947604.0,6
NTXJM52SHKS7,MISSISSIPPI STATE UNIVERSITY,MISSISSIPPI STATE,MS,2017,National Science Foundation,6222644.0,26
NTXJM52SHKS7,MISSISSIPPI STATE UNIVERSITY,MISSISSIPPI STATE,MS,2018,National Institutes of Health,4776323.0,9
NTXJM52SHKS7,MISSISSIPPI STATE UNIVERSITY,MISSISSIPPI STATE,MS,2018,National Science Foundation,10467285.0,22
NTXJM52SHKS7,MISSISSIPPI STATE UNIVERSITY,MISSISSIPPI STATE,MS,2019,National Institutes of Health,4479383.0,6
NTXJM52SHKS7,MISSISSIPPI STATE UNIVERSITY,MISSISSIPPI STATE,MS,2019,National Science Foundation,10344205.0,14
NTXJM52SHKS7,MISSISSIPPI STATE UNIVERSITY,MISSISSIPPI STATE,MS,2020,National Institutes of Health,3805660.0,2
NTXJM52SHKS7,MISSISSIPPI STATE UNIVERSITY,MISSISSIPPI STATE,MS,2020,National Science Foundation,7904277.0,19
NTXJM52SHKS7,MISSISSIPPI STATE UNIVERSITY,MISSISSIPPI STATE,MS,2021,National Institutes of Health,468681.6,1
NTXJM52SHKS7,MISSISSIPPI STATE UNIVERSITY,MISSISSIPPI STATE,MS,2021,National Science Foundation,17088111.0,29
NTXJM52SHKS7,MISSISSIPPI STATE UNIVERSITY,MISSISSIPPI STATE,MS,2022,National Institutes of Health,5141447.71,6
NTXJM52SHKS7,MISSISSIPPI STATE UNIVERSITY,MISSISSIPPI STATE,MS,2022,National Science Foundation,13917899.0,29
NTXJM52SHKS7,MISSISSIPPI STATE UNIVERSITY,MISSISSIPPI STATE,MS,2023,National Institutes of Health,1835862.0,5
NTXJM52SHKS7,MISSISSIPPI STATE UNIVERSITY,MISSISSIPPI STATE,MS,2023,National Science Foundation,15523601.0,29
NTXJM52SHKS7,MISSISSIPPI STATE UNIVERSITY,MISSISSIPPI STATE,MS,2024,National Institutes of Health,2662433.45,5
NTXJM52SHKS7,MISSISSIPPI STATE UNIVERSITY,MISSISSIPPI STATE,MS,2024,National Science Foundation,15111543.0,29
NTXJM52SHKS7,MISSISSIPPI STATE UNIVERSITY,MISSISSIPPI STATE,MS,2025,National Institutes of Health,2093843.8599999999,1
NTXJM52SHKS7,MISSISSIPPI STATE UNIVERSITY,MISSISSIPPI STATE,MS,2025,National Science Foundation,17867401.0,25
NTXJM52SHKS7,MISSISSIPPI STATE UNIVERSITY,MISSISSIPPI STATE,MS,2026,National Institutes of Health,-206459.23000000004,1
NTXJM52SHKS7,MISSISSIPPI STATE UNIVERSITY,MISSISSIPPI STATE,MS,2026,National Science Foundation,3232868.0,7
NUNHAKQ7MS86,"COGNITION THERAPEUTICS, INC.",PURCHASE,NY,2016,National Institutes of Health,5514426.0,5
NUNHAKQ7MS86,"COGNITION THERAPEUTICS, INC.",PURCHASE,NY,2017,National Institutes of Health,7716290.0,4
NUNHAKQ7MS86,"COGNITION THERAPEUTICS, INC.",PURCHASE,NY,2018,National Institutes of Health,8204598.0,3
NUNHAKQ7MS86,"COGNITION THERAPEUTICS, INC.",PURCHASE,NY,2019,National Institutes of Health,11878685.0,1
NUNHAKQ7MS86,"COGNITION THERAPEUTICS, INC.",PURCHASE,NY,2020,National Institutes of Health,31493555.0,1
NUNHAKQ7MS86,"COGNITION THERAPEUTICS, INC.",PURCHASE,NY,2021,National Institutes of Health,40790720.6,2
NUNHAKQ7MS86,"COGNITION THERAPEUTICS, INC.",PURCHASE,NY,2022,National Institutes of Health,12182999.72,0
NUNHAKQ7MS86,"COGNITION THERAPEUTICS, INC.",PURCHASE,NY,2023,National Institutes of Health,8479107.0,0
NUNHAKQ7MS86,"COGNITION THERAPEUTICS, INC.",PURCHASE,NY,2024,National Institutes of Health,13127747.0,0
NUNHAKQ7MS86,"COGNITION THERAPEUTICS, INC.",PURCHASE,NY,2025,National Institutes of Health,11955061.0,0
NUNHAKQ7MS86,"COGNITION THERAPEUTICS, INC.",PURCHASE,NY,2026,National Institutes of Health,0.0,0
NVUWAFWQ57S5,"WESTAT, INC.",BETHESDA,MD,2016,National Institutes of Health,5220186.0,6
NVUWAFWQ57S5,"WESTAT, INC.",BETHESDA,MD,2017,National Institutes of Health,3514222.0,1
NVUWAFWQ57S5,"WESTAT, INC.",BETHESDA,MD,2018,National Institutes of Health,3315051.0,1
NVUWAFWQ57S5,"WESTAT, INC.",BETHESDA,MD,2019,National Institutes of Health,5286299.0,1
NVUWAFWQ57S5,"WESTAT, INC.",BETHESDA,MD,2020,National Institutes of Health,5520133.0,1
NVUWAFWQ57S5,"WESTAT, INC.",BETHESDA,MD,2020,National Science Foundation,299921.0,1
NVUWAFWQ57S5,"WESTAT, INC.",BETHESDA,MD,2021,National Institutes of Health,4882253.77,0
NVUWAFWQ57S5,"WESTAT, INC.",BETHESDA,MD,2021,National Science Foundation,1654875.0,2
NVUWAFWQ57S5,"WESTAT, INC.",BETHESDA,MD,2022,National Institutes of Health,12322286.0,1
NVUWAFWQ57S5,"WESTAT, INC.",BETHESDA,MD,2023,National Institutes of Health,16059677.16,1
NVUWAFWQ57S5,"WESTAT, INC.",BETHESDA,MD,2023,National Science Foundation,258832.0,1
NVUWAFWQ57S5,"WESTAT, INC.",BETHESDA,MD,2024,National Institutes of Health,11471929.0,0
NVUWAFWQ57S5,"WESTAT, INC.",BETHESDA,MD,2025,National Institutes of Health,13056485.23,1
NVUWAFWQ57S5,"WESTAT, INC.",BETHESDA,MD,2026,National Institutes of Health,7708696.779999999,0
NWQ2AMLQTLN6,"KLEIN BUENDEL, INC.",DENVER,CO,2016,National Institutes of Health,4286453.0,8
NWQ2AMLQTLN6,"KLEIN BUENDEL, INC.",DENVER,CO,2017,National Institutes of Health,4069596.0,4
NWQ2AMLQTLN6,"KLEIN BUENDEL, INC.",DENVER,CO,2018,National Institutes of Health,4692124.0,7
NWQ2AMLQTLN6,"KLEIN BUENDEL, INC.",DENVER,CO,2019,National Institutes of Health,4627023.0,1
NWQ2AMLQTLN6,"KLEIN BUENDEL, INC.",DENVER,CO,2020,National Institutes of Health,2932986.0,2
NWQ2AMLQTLN6,"KLEIN BUENDEL, INC.",DENVER,CO,2021,National Institutes of Health,2008526.0,3
NWQ2AMLQTLN6,"KLEIN BUENDEL, INC.",DENVER,CO,2022,National Institutes of Health,5776199.55,4
NWQ2AMLQTLN6,"KLEIN BUENDEL, INC.",DENVER,CO,2023,National Institutes of Health,5892170.319999999,2
NWQ2AMLQTLN6,"KLEIN BUENDEL, INC.",DENVER,CO,2024,National Institutes of Health,3226381.6100000003,1
NWQ2AMLQTLN6,"KLEIN BUENDEL, INC.",DENVER,CO,2025,National Institutes of Health,3713738.83,1
NWQ2AMLQTLN6,"KLEIN BUENDEL, INC.",DENVER,CO,2026,National Institutes of Health,-10254.5,0
NX9PXMKW5KW8,NEW YORK UNIVERSITY,NEW YORK,NY,2016,National Institutes of Health,55850160.0,145
NX9PXMKW5KW8,NEW YORK UNIVERSITY,NEW YORK,NY,2016,National Science Foundation,35264802.0,123
NX9PXMKW5KW8,NEW YORK UNIVERSITY,NEW YORK,NY,2017,National Institutes of Health,62715062.0,108
NX9PXMKW5KW8,NEW YORK UNIVERSITY,NEW YORK,NY,2017,National Science Foundation,38705649.0,102
NX9PXMKW5KW8,NEW YORK UNIVERSITY,NEW YORK,NY,2018,National Institutes of Health,64450003.0,49
NX9PXMKW5KW8,NEW YORK UNIVERSITY,NEW YORK,NY,2018,National Science Foundation,35928206.0,81
NX9PXMKW5KW8,NEW YORK UNIVERSITY,NEW YORK,NY,2019,National Institutes of Health,70942655.0,44
NX9PXMKW5KW8,NEW YORK UNIVERSITY,NEW YORK,NY,2019,National Science Foundation,45813198.0,95
NX9PXMKW5KW8,NEW YORK UNIVERSITY,NEW YORK,NY,2020,National Institutes of Health,75257516.0,54
NX9PXMKW5KW8,NEW YORK UNIVERSITY,NEW YORK,NY,2020,National Science Foundation,41531771.0,101
NX9PXMKW5KW8,NEW YORK UNIVERSITY,NEW YORK,NY,2021,National Institutes of Health,70276888.21000001,53
NX9PXMKW5KW8,NEW YORK UNIVERSITY,NEW YORK,NY,2021,National Science Foundation,39400274.0,84
NX9PXMKW5KW8,NEW YORK UNIVERSITY,NEW YORK,NY,2022,National Institutes of Health,85402748.73,46
NX9PXMKW5KW8,NEW YORK UNIVERSITY,NEW YORK,NY,2022,National Science Foundation,37707216.0,76
NX9PXMKW5KW8,NEW YORK UNIVERSITY,NEW YORK,NY,2023,National Institutes of Health,88971246.7,56
NX9PXMKW5KW8,NEW YORK UNIVERSITY,NEW YORK,NY,2023,National Science Foundation,41889835.0,73
NX9PXMKW5KW8,NEW YORK UNIVERSITY,NEW YORK,NY,2024,National Institutes of Health,72107982.49000001,47
NX9PXMKW5KW8,NEW YORK UNIVERSITY,NEW YORK,NY,2024,National Science Foundation,41391623.0,88
NX9PXMKW5KW8,NEW YORK UNIVERSITY,NEW YORK,NY,2025,National Institutes of Health,80887240.36999999,46
NX9PXMKW5KW8,NEW YORK UNIVERSITY,NEW YORK,NY,2025,National Science Foundation,39494347.0,64
NX9PXMKW5KW8,NEW YORK UNIVERSITY,NEW YORK,NY,2026,National Institutes of Health,58069626.599999994,26
NX9PXMKW5KW8,NEW YORK UNIVERSITY,NEW YORK,NY,2026,National Science Foundation,14539653.0,22
NZBMKZMW68N3,ASSOCIATED UNIVERSITIES INC,VIENNA,VA,2016,National Science Foundation,87811922.0,12
NZBMKZMW68N3,ASSOCIATED UNIVERSITIES INC,VIENNA,VA,2017,National Science Foundation,89256736.0,4
NZBMKZMW68N3,ASSOCIATED UNIVERSITIES INC,VIENNA,VA,2018,National Science Foundation,102189178.0,6
NZBMKZMW68N3,ASSOCIATED UNIVERSITIES INC,VIENNA,VA,2019,National Science Foundation,111132967.0,6
NZBMKZMW68N3,ASSOCIATED UNIVERSITIES INC,VIENNA,VA,2020,National Science Foundation,105560546.0,4
NZBMKZMW68N3,ASSOCIATED UNIVERSITIES INC,VIENNA,VA,2021,National Science Foundation,115233081.0,4
NZBMKZMW68N3,ASSOCIATED UNIVERSITIES INC,VIENNA,VA,2022,National Science Foundation,134754796.0,4
NZBMKZMW68N3,ASSOCIATED UNIVERSITIES INC,VIENNA,VA,2023,National Science Foundation,132642224.0,4
NZBMKZMW68N3,ASSOCIATED UNIVERSITIES INC,VIENNA,VA,2024,National Science Foundation,130765560.0,6
NZBMKZMW68N3,ASSOCIATED UNIVERSITIES INC,VIENNA,VA,2025,National Science Foundation,137409619.0,2
NZBMKZMW68N3,ASSOCIATED UNIVERSITIES INC,VIENNA,VA,2026,National Science Foundation,81597799.0,0
NZVVQ8GNVX65,"HARVARD PILGRIM HEALTH CARE, INC.",CANTON,MA,2016,National Institutes of Health,6659904.0,11
NZVVQ8GNVX65,"HARVARD PILGRIM HEALTH CARE, INC.",CANTON,MA,2017,National Institutes of Health,8873503.0,13
NZVVQ8GNVX65,"HARVARD PILGRIM HEALTH CARE, INC.",CANTON,MA,2018,National Institutes of Health,9064530.0,4
NZVVQ8GNVX65,"HARVARD PILGRIM HEALTH CARE, INC.",CANTON,MA,2019,National Institutes of Health,10730397.0,4
NZVVQ8GNVX65,"HARVARD PILGRIM HEALTH CARE, INC.",CANTON,MA,2020,National Institutes of Health,14657412.0,9
NZVVQ8GNVX65,"HARVARD PILGRIM HEALTH CARE, INC.",CANTON,MA,2021,National Institutes of Health,13110080.41,5
NZVVQ8GNVX65,"HARVARD PILGRIM HEALTH CARE, INC.",CANTON,MA,2022,National Institutes of Health,16067289.690000001,9
NZVVQ8GNVX65,"HARVARD PILGRIM HEALTH CARE, INC.",CANTON,MA,2023,National Institutes of Health,19191987.07,7
NZVVQ8GNVX65,"HARVARD PILGRIM HEALTH CARE, INC.",CANTON,MA,2024,National Institutes of Health,20437344.48,10
NZVVQ8GNVX65,"HARVARD PILGRIM HEALTH CARE, INC.",CANTON,MA,2025,National Institutes of Health,20196967.86,6
NZVVQ8GNVX65,"HARVARD PILGRIM HEALTH CARE, INC.",CANTON,MA,2026,National Institutes of Health,19438042.049999997,5
P1RTMASB37B5,KAISER FOUNDATION HOSPITALS,OAKLAND,CA,2016,National Institutes of Health,62260555.0,66
P1RTMASB37B5,KAISER FOUNDATION HOSPITALS,OAKLAND,CA,2017,National Institutes of Health,73498090.0,55
P1RTMASB37B5,KAISER FOUNDATION HOSPITALS,OAKLAND,CA,2018,National Institutes of Health,71314361.0,46
P1RTMASB37B5,KAISER FOUNDATION HOSPITALS,OAKLAND,CA,2018,National Science Foundation,68155.0,1
P1RTMASB37B5,KAISER FOUNDATION HOSPITALS,OAKLAND,CA,2019,National Institutes of Health,71811440.0,36
P1RTMASB37B5,KAISER FOUNDATION HOSPITALS,OAKLAND,CA,2020,National Institutes of Health,111729639.0,40
P1RTMASB37B5,KAISER FOUNDATION HOSPITALS,OAKLAND,CA,2021,National Institutes of Health,110136781.19,28
P1RTMASB37B5,KAISER FOUNDATION HOSPITALS,OAKLAND,CA,2022,National Institutes of Health,102445272.55000001,22
P1RTMASB37B5,KAISER FOUNDATION HOSPITALS,OAKLAND,CA,2023,National Institutes of Health,85331868.6,20
P1RTMASB37B5,KAISER FOUNDATION HOSPITALS,OAKLAND,CA,2024,National Institutes of Health,80522757.65,19
P1RTMASB37B5,KAISER FOUNDATION HOSPITALS,OAKLAND,CA,2025,National Institutes of Health,85081717.02,29
P1RTMASB37B5,KAISER FOUNDATION HOSPITALS,OAKLAND,CA,2026,National Institutes of Health,74587262.69,20
P2TDH1JCJD31,CALIFORNIA STATE UNIVERSITY LONG BEACH RESEARCH FOUNDATION,LONG BEACH,CA,2016,National Institutes of Health,8086633.0,15
P2TDH1JCJD31,CALIFORNIA STATE UNIVERSITY LONG BEACH RESEARCH FOUNDATION,LONG BEACH,CA,2016,National Science Foundation,775041.0,10
P2TDH1JCJD31,CALIFORNIA STATE UNIVERSITY LONG BEACH RESEARCH FOUNDATION,LONG BEACH,CA,2017,National Institutes of Health,8971456.0,8
P2TDH1JCJD31,CALIFORNIA STATE UNIVERSITY LONG BEACH RESEARCH FOUNDATION,LONG BEACH,CA,2017,National Science Foundation,1096119.0,7
P2TDH1JCJD31,CALIFORNIA STATE UNIVERSITY LONG BEACH RESEARCH FOUNDATION,LONG BEACH,CA,2018,National Institutes of Health,9445408.0,4
P2TDH1JCJD31,CALIFORNIA STATE UNIVERSITY LONG BEACH RESEARCH FOUNDATION,LONG BEACH,CA,2018,National Science Foundation,933918.0,6
P2TDH1JCJD31,CALIFORNIA STATE UNIVERSITY LONG BEACH RESEARCH FOUNDATION,LONG BEACH,CA,2019,National Institutes of Health,8446073.0,0
P2TDH1JCJD31,CALIFORNIA STATE UNIVERSITY LONG BEACH RESEARCH FOUNDATION,LONG BEACH,CA,2019,National Science Foundation,2114227.0,6
P2TDH1JCJD31,CALIFORNIA STATE UNIVERSITY LONG BEACH RESEARCH FOUNDATION,LONG BEACH,CA,2020,National Institutes of Health,6734241.0,4
P2TDH1JCJD31,CALIFORNIA STATE UNIVERSITY LONG BEACH RESEARCH FOUNDATION,LONG BEACH,CA,2020,National Science Foundation,2803966.0,9
P2TDH1JCJD31,CALIFORNIA STATE UNIVERSITY LONG BEACH RESEARCH FOUNDATION,LONG BEACH,CA,2021,National Institutes of Health,5899473.12,3
P2TDH1JCJD31,CALIFORNIA STATE UNIVERSITY LONG BEACH RESEARCH FOUNDATION,LONG BEACH,CA,2021,National Science Foundation,5035792.0,16
P2TDH1JCJD31,CALIFORNIA STATE UNIVERSITY LONG BEACH RESEARCH FOUNDATION,LONG BEACH,CA,2022,National Institutes of Health,6124863.5,3
P2TDH1JCJD31,CALIFORNIA STATE UNIVERSITY LONG BEACH RESEARCH FOUNDATION,LONG BEACH,CA,2022,National Science Foundation,4793804.0,12
P2TDH1JCJD31,CALIFORNIA STATE UNIVERSITY LONG BEACH RESEARCH FOUNDATION,LONG BEACH,CA,2023,National Institutes of Health,5539270.96,4
P2TDH1JCJD31,CALIFORNIA STATE UNIVERSITY LONG BEACH RESEARCH FOUNDATION,LONG BEACH,CA,2023,National Science Foundation,3856721.0,9
P2TDH1JCJD31,CALIFORNIA STATE UNIVERSITY LONG BEACH RESEARCH FOUNDATION,LONG BEACH,CA,2024,National Institutes of Health,2956392.2299999995,6
P2TDH1JCJD31,CALIFORNIA STATE UNIVERSITY LONG BEACH RESEARCH FOUNDATION,LONG BEACH,CA,2024,National Science Foundation,4615223.0,12
P2TDH1JCJD31,CALIFORNIA STATE UNIVERSITY LONG BEACH RESEARCH FOUNDATION,LONG BEACH,CA,2025,National Institutes of Health,2358729.22,0
P2TDH1JCJD31,CALIFORNIA STATE UNIVERSITY LONG BEACH RESEARCH FOUNDATION,LONG BEACH,CA,2025,National Science Foundation,5292125.0,6
P2TDH1JCJD31,CALIFORNIA STATE UNIVERSITY LONG BEACH RESEARCH FOUNDATION,LONG BEACH,CA,2026,National Institutes of Health,-555924.9,2
P2TDH1JCJD31,CALIFORNIA STATE UNIVERSITY LONG BEACH RESEARCH FOUNDATION,LONG BEACH,CA,2026,National Science Foundation,563361.0,2
PB3AJE5ZEJ59,UNIVERSITY OF MAINE SYSTEM,ORONO,ME,2016,National Institutes of Health,848505.0,3
PB3AJE5ZEJ59,UNIVERSITY OF MAINE SYSTEM,ORONO,ME,2016,National Science Foundation,11635673.0,39
PB3AJE5ZEJ59,UNIVERSITY OF MAINE SYSTEM,ORONO,ME,2017,National Institutes of Health,400935.0,1
PB3AJE5ZEJ59,UNIVERSITY OF MAINE SYSTEM,ORONO,ME,2017,National Science Foundation,12034826.0,30
PB3AJE5ZEJ59,UNIVERSITY OF MAINE SYSTEM,ORONO,ME,2018,National Institutes of Health,2082900.0,6
PB3AJE5ZEJ59,UNIVERSITY OF MAINE SYSTEM,ORONO,ME,2018,National Science Foundation,16837055.0,27
PB3AJE5ZEJ59,UNIVERSITY OF MAINE SYSTEM,ORONO,ME,2019,National Institutes of Health,3102277.0,7
PB3AJE5ZEJ59,UNIVERSITY OF MAINE SYSTEM,ORONO,ME,2019,National Science Foundation,12979606.0,18
PB3AJE5ZEJ59,UNIVERSITY OF MAINE SYSTEM,ORONO,ME,2020,National Institutes of Health,1464701.0,2
PB3AJE5ZEJ59,UNIVERSITY OF MAINE SYSTEM,ORONO,ME,2020,National Science Foundation,15601167.0,24
PB3AJE5ZEJ59,UNIVERSITY OF MAINE SYSTEM,ORONO,ME,2021,National Institutes of Health,1008141.52,2
PB3AJE5ZEJ59,UNIVERSITY OF MAINE SYSTEM,ORONO,ME,2021,National Science Foundation,11918662.0,23
PB3AJE5ZEJ59,UNIVERSITY OF MAINE SYSTEM,ORONO,ME,2022,National Institutes of Health,2186135.5999999996,4
PB3AJE5ZEJ59,UNIVERSITY OF MAINE SYSTEM,ORONO,ME,2022,National Science Foundation,28968035.0,30
PB3AJE5ZEJ59,UNIVERSITY OF MAINE SYSTEM,ORONO,ME,2023,National Institutes of Health,4962630.0,4
PB3AJE5ZEJ59,UNIVERSITY OF MAINE SYSTEM,ORONO,ME,2023,National Science Foundation,17695258.0,23
PB3AJE5ZEJ59,UNIVERSITY OF MAINE SYSTEM,ORONO,ME,2024,National Institutes of Health,4138337.14,5
PB3AJE5ZEJ59,UNIVERSITY OF MAINE SYSTEM,ORONO,ME,2024,National Science Foundation,15724058.0,26
PB3AJE5ZEJ59,UNIVERSITY OF MAINE SYSTEM,ORONO,ME,2025,National Institutes of Health,4488821.82,3
PB3AJE5ZEJ59,UNIVERSITY OF MAINE SYSTEM,ORONO,ME,2025,National Science Foundation,16627963.0,19
PB3AJE5ZEJ59,UNIVERSITY OF MAINE SYSTEM,ORONO,ME,2026,National Institutes of Health,5202318.22,3
PB3AJE5ZEJ59,UNIVERSITY OF MAINE SYSTEM,ORONO,ME,2026,National Science Foundation,5405385.0,4
PBBNV32ZW7Q6,EARTHSCOPE CONSORTIUM INC.,WASHINGTON,DC,2016,National Science Foundation,31682810.0,7
PBBNV32ZW7Q6,EARTHSCOPE CONSORTIUM INC.,WASHINGTON,DC,2017,National Science Foundation,37475156.0,2
PBBNV32ZW7Q6,EARTHSCOPE CONSORTIUM INC.,WASHINGTON,DC,2018,National Science Foundation,27485410.0,5
PBBNV32ZW7Q6,EARTHSCOPE CONSORTIUM INC.,WASHINGTON,DC,2019,National Science Foundation,16260015.0,2
PBBNV32ZW7Q6,EARTHSCOPE CONSORTIUM INC.,WASHINGTON,DC,2020,National Science Foundation,21668875.0,1
PBBNV32ZW7Q6,EARTHSCOPE CONSORTIUM INC.,WASHINGTON,DC,2021,National Science Foundation,22607294.0,1
PBBNV32ZW7Q6,EARTHSCOPE CONSORTIUM INC.,WASHINGTON,DC,2022,National Science Foundation,21872575.0,1
PBBNV32ZW7Q6,EARTHSCOPE CONSORTIUM INC.,WASHINGTON,DC,2023,National Science Foundation,47893621.0,8
PBBNV32ZW7Q6,EARTHSCOPE CONSORTIUM INC.,WASHINGTON,DC,2024,National Science Foundation,42193185.0,2
PBBNV32ZW7Q6,EARTHSCOPE CONSORTIUM INC.,WASHINGTON,DC,2025,National Science Foundation,40866597.0,3
PBBNV32ZW7Q6,EARTHSCOPE CONSORTIUM INC.,WASHINGTON,DC,2026,National Science Foundation,38517744.0,2
PFBDNBDS57H3,CHARLES R. DREW UNIVERSITY OF MEDICINE AND SCIENCE,LOS ANGELES,CA,2016,National Institutes of Health,9408216.0,11
PFBDNBDS57H3,CHARLES R. DREW UNIVERSITY OF MEDICINE AND SCIENCE,LOS ANGELES,CA,2017,National Institutes of Health,6841916.0,7
PFBDNBDS57H3,CHARLES R. DREW UNIVERSITY OF MEDICINE AND SCIENCE,LOS ANGELES,CA,2018,National Institutes of Health,8796992.0,2
PFBDNBDS57H3,CHARLES R. DREW UNIVERSITY OF MEDICINE AND SCIENCE,LOS ANGELES,CA,2019,National Institutes of Health,8082927.0,2
PFBDNBDS57H3,CHARLES R. DREW UNIVERSITY OF MEDICINE AND SCIENCE,LOS ANGELES,CA,2020,National Institutes of Health,7353112.0,4
PFBDNBDS57H3,CHARLES R. DREW UNIVERSITY OF MEDICINE AND SCIENCE,LOS ANGELES,CA,2021,National Institutes of Health,7609441.0,1
PFBDNBDS57H3,CHARLES R. DREW UNIVERSITY OF MEDICINE AND SCIENCE,LOS ANGELES,CA,2022,National Institutes of Health,7808827.239999999,1
PFBDNBDS57H3,CHARLES R. DREW UNIVERSITY OF MEDICINE AND SCIENCE,LOS ANGELES,CA,2023,National Institutes of Health,8575813.54,5
PFBDNBDS57H3,CHARLES R. DREW UNIVERSITY OF MEDICINE AND SCIENCE,LOS ANGELES,CA,2024,National Institutes of Health,9040389.64,3
PFBDNBDS57H3,CHARLES R. DREW UNIVERSITY OF MEDICINE AND SCIENCE,LOS ANGELES,CA,2025,National Institutes of Health,8403071.0,1
PFBDNBDS57H3,CHARLES R. DREW UNIVERSITY OF MEDICINE AND SCIENCE,LOS ANGELES,CA,2026,National Institutes of Health,6801191.66,0
PHMKYKKJLQS1,SANFORD BURNHAM PREBYS MEDICAL DISCOVERY INSTITUTE,LA JOLLA,CA,2016,National Institutes of Health,54408170.0,110
PHMKYKKJLQS1,SANFORD BURNHAM PREBYS MEDICAL DISCOVERY INSTITUTE,LA JOLLA,CA,2016,National Science Foundation,116860.0,1
PHMKYKKJLQS1,SANFORD BURNHAM PREBYS MEDICAL DISCOVERY INSTITUTE,LA JOLLA,CA,2017,National Institutes of Health,63230156.0,52
PHMKYKKJLQS1,SANFORD BURNHAM PREBYS MEDICAL DISCOVERY INSTITUTE,LA JOLLA,CA,2017,National Science Foundation,46000.0,1
PHMKYKKJLQS1,SANFORD BURNHAM PREBYS MEDICAL DISCOVERY INSTITUTE,LA JOLLA,CA,2018,National Institutes of Health,49933712.0,26
PHMKYKKJLQS1,SANFORD BURNHAM PREBYS MEDICAL DISCOVERY INSTITUTE,LA JOLLA,CA,2019,National Institutes of Health,51215162.0,23
PHMKYKKJLQS1,SANFORD BURNHAM PREBYS MEDICAL DISCOVERY INSTITUTE,LA JOLLA,CA,2020,National Institutes of Health,49169390.0,28
PHMKYKKJLQS1,SANFORD BURNHAM PREBYS MEDICAL DISCOVERY INSTITUTE,LA JOLLA,CA,2021,National Institutes of Health,50985420.34,18
PHMKYKKJLQS1,SANFORD BURNHAM PREBYS MEDICAL DISCOVERY INSTITUTE,LA JOLLA,CA,2022,National Institutes of Health,63474761.339999996,24
PHMKYKKJLQS1,SANFORD BURNHAM PREBYS MEDICAL DISCOVERY INSTITUTE,LA JOLLA,CA,2023,National Institutes of Health,48012278.129999995,16
PHMKYKKJLQS1,SANFORD BURNHAM PREBYS MEDICAL DISCOVERY INSTITUTE,LA JOLLA,CA,2024,National Institutes of Health,52781485.81999999,15
PHMKYKKJLQS1,SANFORD BURNHAM PREBYS MEDICAL DISCOVERY INSTITUTE,LA JOLLA,CA,2025,National Institutes of Health,42222577.980000004,8
PHMKYKKJLQS1,SANFORD BURNHAM PREBYS MEDICAL DISCOVERY INSTITUTE,LA JOLLA,CA,2026,National Institutes of Health,41680264.18,14
PHZJFZ32NKH4,SCRIPPS RESEARCH INSTITUTE,LA JOLLA,CA,2016,National Institutes of Health,211364092.0,283
PHZJFZ32NKH4,SCRIPPS RESEARCH INSTITUTE,LA JOLLA,CA,2016,National Science Foundation,1575903.0,7
PHZJFZ32NKH4,SCRIPPS RESEARCH INSTITUTE,LA JOLLA,CA,2017,National Institutes of Health,156166656.0,101
PHZJFZ32NKH4,SCRIPPS RESEARCH INSTITUTE,LA JOLLA,CA,2017,National Science Foundation,2356528.0,5
PHZJFZ32NKH4,SCRIPPS RESEARCH INSTITUTE,LA JOLLA,CA,2018,National Institutes of Health,192925221.0,79
PHZJFZ32NKH4,SCRIPPS RESEARCH INSTITUTE,LA JOLLA,CA,2018,National Science Foundation,2383283.0,5
PHZJFZ32NKH4,SCRIPPS RESEARCH INSTITUTE,LA JOLLA,CA,2019,National Institutes of Health,194870189.0,57
PHZJFZ32NKH4,SCRIPPS RESEARCH INSTITUTE,LA JOLLA,CA,2019,National Science Foundation,1335186.0,1
PHZJFZ32NKH4,SCRIPPS RESEARCH INSTITUTE,LA JOLLA,CA,2020,National Institutes of Health,173345353.0,49
PHZJFZ32NKH4,SCRIPPS RESEARCH INSTITUTE,LA JOLLA,CA,2020,National Science Foundation,4096905.0,7
PHZJFZ32NKH4,SCRIPPS RESEARCH INSTITUTE,LA JOLLA,CA,2021,National Institutes of Health,197231841.56,52
PHZJFZ32NKH4,SCRIPPS RESEARCH INSTITUTE,LA JOLLA,CA,2021,National Science Foundation,2505997.0,3
PHZJFZ32NKH4,SCRIPPS RESEARCH INSTITUTE,LA JOLLA,CA,2022,National Institutes of Health,288752002.16999996,52
PHZJFZ32NKH4,SCRIPPS RESEARCH INSTITUTE,LA JOLLA,CA,2022,National Science Foundation,-205964.0,3
PHZJFZ32NKH4,SCRIPPS RESEARCH INSTITUTE,LA JOLLA,CA,2023,National Institutes of Health,168600873.42,40
PHZJFZ32NKH4,SCRIPPS RESEARCH INSTITUTE,LA JOLLA,CA,2023,National Science Foundation,1155152.0,0
PHZJFZ32NKH4,SCRIPPS RESEARCH INSTITUTE,LA JOLLA,CA,2024,National Institutes of Health,141673726.41,46
PHZJFZ32NKH4,SCRIPPS RESEARCH INSTITUTE,LA JOLLA,CA,2024,National Science Foundation,1869828.0,2
PHZJFZ32NKH4,SCRIPPS RESEARCH INSTITUTE,LA JOLLA,CA,2025,National Institutes of Health,159789451.64999998,41
PHZJFZ32NKH4,SCRIPPS RESEARCH INSTITUTE,LA JOLLA,CA,2025,National Science Foundation,2263500.0,2
PHZJFZ32NKH4,SCRIPPS RESEARCH INSTITUTE,LA JOLLA,CA,2026,National Institutes of Health,113898257.14,41
PHZJFZ32NKH4,SCRIPPS RESEARCH INSTITUTE,LA JOLLA,CA,2026,National Science Foundation,458766.0,1
PK9FMGRDRVD5,BENAROYA RESEARCH INSTITUTE AT VIRGINIA MASON,SEATTLE,WA,2016,National Institutes of Health,43941094.0,19
PK9FMGRDRVD5,BENAROYA RESEARCH INSTITUTE AT VIRGINIA MASON,SEATTLE,WA,2017,National Institutes of Health,39037115.0,21
PK9FMGRDRVD5,BENAROYA RESEARCH INSTITUTE AT VIRGINIA MASON,SEATTLE,WA,2018,National Institutes of Health,41824394.0,12
PK9FMGRDRVD5,BENAROYA RESEARCH INSTITUTE AT VIRGINIA MASON,SEATTLE,WA,2019,National Institutes of Health,41263582.0,6
PK9FMGRDRVD5,BENAROYA RESEARCH INSTITUTE AT VIRGINIA MASON,SEATTLE,WA,2020,National Institutes of Health,45876964.0,10
PK9FMGRDRVD5,BENAROYA RESEARCH INSTITUTE AT VIRGINIA MASON,SEATTLE,WA,2021,National Institutes of Health,69784722.68,6
PK9FMGRDRVD5,BENAROYA RESEARCH INSTITUTE AT VIRGINIA MASON,SEATTLE,WA,2022,National Institutes of Health,46962427.160000004,8
PK9FMGRDRVD5,BENAROYA RESEARCH INSTITUTE AT VIRGINIA MASON,SEATTLE,WA,2023,National Institutes of Health,54817884.63,9
PK9FMGRDRVD5,BENAROYA RESEARCH INSTITUTE AT VIRGINIA MASON,SEATTLE,WA,2024,National Institutes of Health,55112360.88999999,11
PK9FMGRDRVD5,BENAROYA RESEARCH INSTITUTE AT VIRGINIA MASON,SEATTLE,WA,2025,National Institutes of Health,41694157.67,5
PK9FMGRDRVD5,BENAROYA RESEARCH INSTITUTE AT VIRGINIA MASON,SEATTLE,WA,2026,National Institutes of Health,46019220.05,8
PKFJZHG2MLG9,NATIONAL ACADEMY OF SCIENCES,WASHINGTON,DC,2016,National Science Foundation,10276451.0,33
PKFJZHG2MLG9,NATIONAL ACADEMY OF SCIENCES,WASHINGTON,DC,2017,National Science Foundation,11751082.0,30
PKFJZHG2MLG9,NATIONAL ACADEMY OF SCIENCES,WASHINGTON,DC,2018,National Science Foundation,16392639.0,24
PKFJZHG2MLG9,NATIONAL ACADEMY OF SCIENCES,WASHINGTON,DC,2019,National Science Foundation,16232300.0,25
PKFJZHG2MLG9,NATIONAL ACADEMY OF SCIENCES,WASHINGTON,DC,2020,National Science Foundation,12277269.0,18
PKFJZHG2MLG9,NATIONAL ACADEMY OF SCIENCES,WASHINGTON,DC,2021,National Science Foundation,14779680.0,26
PKFJZHG2MLG9,NATIONAL ACADEMY OF SCIENCES,WASHINGTON,DC,2022,National Science Foundation,12105326.0,20
PKFJZHG2MLG9,NATIONAL ACADEMY OF SCIENCES,WASHINGTON,DC,2023,National Science Foundation,11149275.0,21
PKFJZHG2MLG9,NATIONAL ACADEMY OF SCIENCES,WASHINGTON,DC,2024,National Science Foundation,12796009.0,18
PKFJZHG2MLG9,NATIONAL ACADEMY OF SCIENCES,WASHINGTON,DC,2025,National Science Foundation,10101182.0,14
PKFJZHG2MLG9,NATIONAL ACADEMY OF SCIENCES,WASHINGTON,DC,2026,National Science Foundation,2260795.0,3
Q266L2NDAVP1,FLORIDA ATLANTIC UNIVERSITY,BOCA RATON,FL,2016,National Institutes of Health,5808366.0,17
Q266L2NDAVP1,FLORIDA ATLANTIC UNIVERSITY,BOCA RATON,FL,2016,National Science Foundation,2870467.0,15
Q266L2NDAVP1,FLORIDA ATLANTIC UNIVERSITY,BOCA RATON,FL,2017,National Institutes of Health,5646520.0,21
Q266L2NDAVP1,FLORIDA ATLANTIC UNIVERSITY,BOCA RATON,FL,2017,National Science Foundation,2912727.0,14
Q266L2NDAVP1,FLORIDA ATLANTIC UNIVERSITY,BOCA RATON,FL,2018,National Institutes of Health,7325903.0,10
Q266L2NDAVP1,FLORIDA ATLANTIC UNIVERSITY,BOCA RATON,FL,2018,National Science Foundation,3455435.0,15
Q266L2NDAVP1,FLORIDA ATLANTIC UNIVERSITY,BOCA RATON,FL,2019,National Institutes of Health,9314683.0,18
Q266L2NDAVP1,FLORIDA ATLANTIC UNIVERSITY,BOCA RATON,FL,2019,National Science Foundation,6031785.0,21
Q266L2NDAVP1,FLORIDA ATLANTIC UNIVERSITY,BOCA RATON,FL,2020,National Institutes of Health,7969951.0,11
Q266L2NDAVP1,FLORIDA ATLANTIC UNIVERSITY,BOCA RATON,FL,2020,National Science Foundation,7959300.0,23
Q266L2NDAVP1,FLORIDA ATLANTIC UNIVERSITY,BOCA RATON,FL,2021,National Institutes of Health,10707773.98,14
Q266L2NDAVP1,FLORIDA ATLANTIC UNIVERSITY,BOCA RATON,FL,2021,National Science Foundation,5619664.0,18
Q266L2NDAVP1,FLORIDA ATLANTIC UNIVERSITY,BOCA RATON,FL,2022,National Institutes of Health,6483856.260000001,11
Q266L2NDAVP1,FLORIDA ATLANTIC UNIVERSITY,BOCA RATON,FL,2022,National Science Foundation,6526705.0,15
Q266L2NDAVP1,FLORIDA ATLANTIC UNIVERSITY,BOCA RATON,FL,2023,National Institutes of Health,6728541.609999999,5
Q266L2NDAVP1,FLORIDA ATLANTIC UNIVERSITY,BOCA RATON,FL,2023,National Science Foundation,5133652.0,10
Q266L2NDAVP1,FLORIDA ATLANTIC UNIVERSITY,BOCA RATON,FL,2024,National Institutes of Health,4881329.55,7
Q266L2NDAVP1,FLORIDA ATLANTIC UNIVERSITY,BOCA RATON,FL,2024,National Science Foundation,5738200.0,11
Q266L2NDAVP1,FLORIDA ATLANTIC UNIVERSITY,BOCA RATON,FL,2025,National Institutes of Health,7335411.66,11
Q266L2NDAVP1,FLORIDA ATLANTIC UNIVERSITY,BOCA RATON,FL,2025,National Science Foundation,3427208.0,10
Q266L2NDAVP1,FLORIDA ATLANTIC UNIVERSITY,BOCA RATON,FL,2026,National Institutes of Health,4652125.96,2
Q266L2NDAVP1,FLORIDA ATLANTIC UNIVERSITY,BOCA RATON,FL,2026,National Science Foundation,1808286.0,5
Q3KCVK5S9CP1,FLORIDA INTERNATIONAL UNIVERSITY,MIAMI,FL,2016,National Institutes of Health,20573636.0,51
Q3KCVK5S9CP1,FLORIDA INTERNATIONAL UNIVERSITY,MIAMI,FL,2016,National Science Foundation,14077775.0,58
Q3KCVK5S9CP1,FLORIDA INTERNATIONAL UNIVERSITY,MIAMI,FL,2017,National Institutes of Health,24870460.0,48
Q3KCVK5S9CP1,FLORIDA INTERNATIONAL UNIVERSITY,MIAMI,FL,2017,National Science Foundation,20215744.0,39
Q3KCVK5S9CP1,FLORIDA INTERNATIONAL UNIVERSITY,MIAMI,FL,2018,National Institutes of Health,22867413.0,25
Q3KCVK5S9CP1,FLORIDA INTERNATIONAL UNIVERSITY,MIAMI,FL,2018,National Science Foundation,18321822.0,37
Q3KCVK5S9CP1,FLORIDA INTERNATIONAL UNIVERSITY,MIAMI,FL,2019,National Institutes of Health,32124354.0,34
Q3KCVK5S9CP1,FLORIDA INTERNATIONAL UNIVERSITY,MIAMI,FL,2019,National Science Foundation,21922316.0,51
Q3KCVK5S9CP1,FLORIDA INTERNATIONAL UNIVERSITY,MIAMI,FL,2020,National Institutes of Health,42656980.0,30
Q3KCVK5S9CP1,FLORIDA INTERNATIONAL UNIVERSITY,MIAMI,FL,2020,National Science Foundation,29537046.0,55
Q3KCVK5S9CP1,FLORIDA INTERNATIONAL UNIVERSITY,MIAMI,FL,2021,National Institutes of Health,33982025.95,23
Q3KCVK5S9CP1,FLORIDA INTERNATIONAL UNIVERSITY,MIAMI,FL,2021,National Science Foundation,17631600.0,45
Q3KCVK5S9CP1,FLORIDA INTERNATIONAL UNIVERSITY,MIAMI,FL,2022,National Institutes of Health,47696904.81,33
Q3KCVK5S9CP1,FLORIDA INTERNATIONAL UNIVERSITY,MIAMI,FL,2022,National Science Foundation,37731141.0,45
Q3KCVK5S9CP1,FLORIDA INTERNATIONAL UNIVERSITY,MIAMI,FL,2023,National Institutes of Health,43161503.27,25
Q3KCVK5S9CP1,FLORIDA INTERNATIONAL UNIVERSITY,MIAMI,FL,2023,National Science Foundation,31975677.0,53
Q3KCVK5S9CP1,FLORIDA INTERNATIONAL UNIVERSITY,MIAMI,FL,2024,National Institutes of Health,40689957.87,23
Q3KCVK5S9CP1,FLORIDA INTERNATIONAL UNIVERSITY,MIAMI,FL,2024,National Science Foundation,15504307.0,41
Q3KCVK5S9CP1,FLORIDA INTERNATIONAL UNIVERSITY,MIAMI,FL,2025,National Institutes of Health,43076837.45,12
Q3KCVK5S9CP1,FLORIDA INTERNATIONAL UNIVERSITY,MIAMI,FL,2025,National Science Foundation,27207437.0,21
Q3KCVK5S9CP1,FLORIDA INTERNATIONAL UNIVERSITY,MIAMI,FL,2026,National Institutes of Health,36497241.099999994,13
Q3KCVK5S9CP1,FLORIDA INTERNATIONAL UNIVERSITY,MIAMI,FL,2026,National Science Foundation,1459839.0,8
Q3LLLDFHPNL3,UNIVERSITY OF PUERTO RICO,SAN JUAN,PR,2016,National Institutes of Health,3910676.0,8
Q3LLLDFHPNL3,UNIVERSITY OF PUERTO RICO,SAN JUAN,PR,2016,National Science Foundation,3110292.0,11
Q3LLLDFHPNL3,UNIVERSITY OF PUERTO RICO,SAN JUAN,PR,2017,National Institutes of Health,3924538.0,7
Q3LLLDFHPNL3,UNIVERSITY OF PUERTO RICO,SAN JUAN,PR,2017,National Science Foundation,6265751.0,8
Q3LLLDFHPNL3,UNIVERSITY OF PUERTO RICO,SAN JUAN,PR,2018,National Institutes of Health,4087813.0,4
Q3LLLDFHPNL3,UNIVERSITY OF PUERTO RICO,SAN JUAN,PR,2018,National Science Foundation,5458915.0,10
Q3LLLDFHPNL3,UNIVERSITY OF PUERTO RICO,SAN JUAN,PR,2019,National Institutes of Health,10730918.0,4
Q3LLLDFHPNL3,UNIVERSITY OF PUERTO RICO,SAN JUAN,PR,2019,National Science Foundation,4290273.0,5
Q3LLLDFHPNL3,UNIVERSITY OF PUERTO RICO,SAN JUAN,PR,2020,National Institutes of Health,4467136.0,3
Q3LLLDFHPNL3,UNIVERSITY OF PUERTO RICO,SAN JUAN,PR,2020,National Science Foundation,4867200.0,4
Q3LLLDFHPNL3,UNIVERSITY OF PUERTO RICO,SAN JUAN,PR,2021,National Institutes of Health,2912643.7800000003,1
Q3LLLDFHPNL3,UNIVERSITY OF PUERTO RICO,SAN JUAN,PR,2021,National Science Foundation,4603820.0,6
Q3LLLDFHPNL3,UNIVERSITY OF PUERTO RICO,SAN JUAN,PR,2022,National Institutes of Health,3563336.24,2
Q3LLLDFHPNL3,UNIVERSITY OF PUERTO RICO,SAN JUAN,PR,2022,National Science Foundation,6957796.0,5
Q3LLLDFHPNL3,UNIVERSITY OF PUERTO RICO,SAN JUAN,PR,2023,National Institutes of Health,2239643.0,0
Q3LLLDFHPNL3,UNIVERSITY OF PUERTO RICO,SAN JUAN,PR,2023,National Science Foundation,5926695.0,7
Q3LLLDFHPNL3,UNIVERSITY OF PUERTO RICO,SAN JUAN,PR,2024,National Institutes of Health,-3405993.39,4
Q3LLLDFHPNL3,UNIVERSITY OF PUERTO RICO,SAN JUAN,PR,2024,National Science Foundation,8298452.0,9
Q3LLLDFHPNL3,UNIVERSITY OF PUERTO RICO,SAN JUAN,PR,2025,National Institutes of Health,1616154.3699999999,3
Q3LLLDFHPNL3,UNIVERSITY OF PUERTO RICO,SAN JUAN,PR,2025,National Science Foundation,6181831.0,4
Q3LLLDFHPNL3,UNIVERSITY OF PUERTO RICO,SAN JUAN,PR,2026,National Institutes of Health,1512343.56,1
Q3LLLDFHPNL3,UNIVERSITY OF PUERTO RICO,SAN JUAN,PR,2026,National Science Foundation,118000.0,1
Q7N8CH7NR418,SMITHSONIAN INSTITUTION,CAMBRIDGE,MA,2016,National Science Foundation,2160546.0,11
Q7N8CH7NR418,SMITHSONIAN INSTITUTION,CAMBRIDGE,MA,2017,National Science Foundation,3372979.0,9
Q7N8CH7NR418,SMITHSONIAN INSTITUTION,CAMBRIDGE,MA,2018,National Science Foundation,3741321.0,7
Q7N8CH7NR418,SMITHSONIAN INSTITUTION,CAMBRIDGE,MA,2019,National Science Foundation,14155489.0,7
Q7N8CH7NR418,SMITHSONIAN INSTITUTION,CAMBRIDGE,MA,2020,National Science Foundation,6822396.0,4
Q7N8CH7NR418,SMITHSONIAN INSTITUTION,CAMBRIDGE,MA,2021,National Science Foundation,4611155.0,7
Q7N8CH7NR418,SMITHSONIAN INSTITUTION,CAMBRIDGE,MA,2022,National Science Foundation,6256149.0,6
Q7N8CH7NR418,SMITHSONIAN INSTITUTION,CAMBRIDGE,MA,2023,National Science Foundation,2944136.0,5
Q7N8CH7NR418,SMITHSONIAN INSTITUTION,CAMBRIDGE,MA,2024,National Science Foundation,1115684.0,1
Q7N8CH7NR418,SMITHSONIAN INSTITUTION,CAMBRIDGE,MA,2025,National Science Foundation,1923672.0,4
Q7N8CH7NR418,SMITHSONIAN INSTITUTION,CAMBRIDGE,MA,2026,National Science Foundation,579171.0,1
QB12VPNQQFE8,UNIVERSITY OF SOUTH ALABAMA,MOBILE,AL,2016,National Institutes of Health,11180065.0,29
QB12VPNQQFE8,UNIVERSITY OF SOUTH ALABAMA,MOBILE,AL,2016,National Science Foundation,1810307.0,7
QB12VPNQQFE8,UNIVERSITY OF SOUTH ALABAMA,MOBILE,AL,2017,National Institutes of Health,7447649.0,15
QB12VPNQQFE8,UNIVERSITY OF SOUTH ALABAMA,MOBILE,AL,2017,National Science Foundation,3809286.0,11
QB12VPNQQFE8,UNIVERSITY OF SOUTH ALABAMA,MOBILE,AL,2018,National Institutes of Health,11832953.0,10
QB12VPNQQFE8,UNIVERSITY OF SOUTH ALABAMA,MOBILE,AL,2018,National Science Foundation,3375774.0,7
QB12VPNQQFE8,UNIVERSITY OF SOUTH ALABAMA,MOBILE,AL,2019,National Institutes of Health,11281449.0,6
QB12VPNQQFE8,UNIVERSITY OF SOUTH ALABAMA,MOBILE,AL,2019,National Science Foundation,8044421.0,8
QB12VPNQQFE8,UNIVERSITY OF SOUTH ALABAMA,MOBILE,AL,2020,National Institutes of Health,10623232.0,5
QB12VPNQQFE8,UNIVERSITY OF SOUTH ALABAMA,MOBILE,AL,2020,National Science Foundation,4211189.0,6
QB12VPNQQFE8,UNIVERSITY OF SOUTH ALABAMA,MOBILE,AL,2021,National Institutes of Health,8547533.97,8
QB12VPNQQFE8,UNIVERSITY OF SOUTH ALABAMA,MOBILE,AL,2021,National Science Foundation,2933966.0,5
QB12VPNQQFE8,UNIVERSITY OF SOUTH ALABAMA,MOBILE,AL,2022,National Institutes of Health,8828960.12,6
QB12VPNQQFE8,UNIVERSITY OF SOUTH ALABAMA,MOBILE,AL,2022,National Science Foundation,6883007.0,11
QB12VPNQQFE8,UNIVERSITY OF SOUTH ALABAMA,MOBILE,AL,2023,National Institutes of Health,5786698.239999999,6
QB12VPNQQFE8,UNIVERSITY OF SOUTH ALABAMA,MOBILE,AL,2023,National Science Foundation,3969784.0,8
QB12VPNQQFE8,UNIVERSITY OF SOUTH ALABAMA,MOBILE,AL,2024,National Institutes of Health,5964420.89,7
QB12VPNQQFE8,UNIVERSITY OF SOUTH ALABAMA,MOBILE,AL,2024,National Science Foundation,10430503.0,11
QB12VPNQQFE8,UNIVERSITY OF SOUTH ALABAMA,MOBILE,AL,2025,National Institutes of Health,8384017.0,7
QB12VPNQQFE8,UNIVERSITY OF SOUTH ALABAMA,MOBILE,AL,2025,National Science Foundation,11476059.0,15
QB12VPNQQFE8,UNIVERSITY OF SOUTH ALABAMA,MOBILE,AL,2026,National Institutes of Health,6316068.41,3
QB12VPNQQFE8,UNIVERSITY OF SOUTH ALABAMA,MOBILE,AL,2026,National Science Foundation,-4272598.0,2
QD1MX6N5YTN4,TEXAS A&M ENGINEERING EXPERIMENT STATION,COLLEGE STATION,TX,2016,National Institutes of Health,3334675.0,9
QD1MX6N5YTN4,TEXAS A&M ENGINEERING EXPERIMENT STATION,COLLEGE STATION,TX,2016,National Science Foundation,19148500.0,102
QD1MX6N5YTN4,TEXAS A&M ENGINEERING EXPERIMENT STATION,COLLEGE STATION,TX,2017,National Institutes of Health,4177887.0,11
QD1MX6N5YTN4,TEXAS A&M ENGINEERING EXPERIMENT STATION,COLLEGE STATION,TX,2017,National Science Foundation,22051700.0,74
QD1MX6N5YTN4,TEXAS A&M ENGINEERING EXPERIMENT STATION,COLLEGE STATION,TX,2018,National Institutes of Health,4096581.0,8
QD1MX6N5YTN4,TEXAS A&M ENGINEERING EXPERIMENT STATION,COLLEGE STATION,TX,2018,National Science Foundation,25267130.0,71
QD1MX6N5YTN4,TEXAS A&M ENGINEERING EXPERIMENT STATION,COLLEGE STATION,TX,2019,National Institutes of Health,3561729.0,7
QD1MX6N5YTN4,TEXAS A&M ENGINEERING EXPERIMENT STATION,COLLEGE STATION,TX,2019,National Science Foundation,26181625.0,76
QD1MX6N5YTN4,TEXAS A&M ENGINEERING EXPERIMENT STATION,COLLEGE STATION,TX,2020,National Institutes of Health,6512504.0,9
QD1MX6N5YTN4,TEXAS A&M ENGINEERING EXPERIMENT STATION,COLLEGE STATION,TX,2020,National Science Foundation,33358892.0,90
QD1MX6N5YTN4,TEXAS A&M ENGINEERING EXPERIMENT STATION,COLLEGE STATION,TX,2021,National Institutes of Health,8397740.42,9
QD1MX6N5YTN4,TEXAS A&M ENGINEERING EXPERIMENT STATION,COLLEGE STATION,TX,2021,National Science Foundation,39230617.0,66
QD1MX6N5YTN4,TEXAS A&M ENGINEERING EXPERIMENT STATION,COLLEGE STATION,TX,2022,National Institutes of Health,8518822.64,9
QD1MX6N5YTN4,TEXAS A&M ENGINEERING EXPERIMENT STATION,COLLEGE STATION,TX,2022,National Science Foundation,23288942.0,46
QD1MX6N5YTN4,TEXAS A&M ENGINEERING EXPERIMENT STATION,COLLEGE STATION,TX,2023,National Institutes of Health,10628259.33,10
QD1MX6N5YTN4,TEXAS A&M ENGINEERING EXPERIMENT STATION,COLLEGE STATION,TX,2023,National Science Foundation,36636661.0,73
QD1MX6N5YTN4,TEXAS A&M ENGINEERING EXPERIMENT STATION,COLLEGE STATION,TX,2024,National Institutes of Health,20915579.700000003,11
QD1MX6N5YTN4,TEXAS A&M ENGINEERING EXPERIMENT STATION,COLLEGE STATION,TX,2024,National Science Foundation,25611033.0,55
QD1MX6N5YTN4,TEXAS A&M ENGINEERING EXPERIMENT STATION,COLLEGE STATION,TX,2025,National Institutes of Health,14474029.77,7
QD1MX6N5YTN4,TEXAS A&M ENGINEERING EXPERIMENT STATION,COLLEGE STATION,TX,2025,National Science Foundation,21018548.0,43
QD1MX6N5YTN4,TEXAS A&M ENGINEERING EXPERIMENT STATION,COLLEGE STATION,TX,2026,National Institutes of Health,12288823.59,11
QD1MX6N5YTN4,TEXAS A&M ENGINEERING EXPERIMENT STATION,COLLEGE STATION,TX,2026,National Science Foundation,5050776.0,13
QD4MGHFDJKU1,TEMPLE UNIVERSITY-OF THE COMMONWEALTH SYSTEM OF HIGHER EDUCATION,PHILADELPHIA,PA,2016,National Institutes of Health,75227140.0,183
QD4MGHFDJKU1,TEMPLE UNIVERSITY-OF THE COMMONWEALTH SYSTEM OF HIGHER EDUCATION,PHILADELPHIA,PA,2016,National Science Foundation,10064463.0,51
QD4MGHFDJKU1,TEMPLE UNIVERSITY-OF THE COMMONWEALTH SYSTEM OF HIGHER EDUCATION,PHILADELPHIA,PA,2017,National Institutes of Health,74526399.0,93
QD4MGHFDJKU1,TEMPLE UNIVERSITY-OF THE COMMONWEALTH SYSTEM OF HIGHER EDUCATION,PHILADELPHIA,PA,2017,National Science Foundation,11151752.0,55
QD4MGHFDJKU1,TEMPLE UNIVERSITY-OF THE COMMONWEALTH SYSTEM OF HIGHER EDUCATION,PHILADELPHIA,PA,2018,National Institutes of Health,82362171.0,79
QD4MGHFDJKU1,TEMPLE UNIVERSITY-OF THE COMMONWEALTH SYSTEM OF HIGHER EDUCATION,PHILADELPHIA,PA,2018,National Science Foundation,11843423.0,39
QD4MGHFDJKU1,TEMPLE UNIVERSITY-OF THE COMMONWEALTH SYSTEM OF HIGHER EDUCATION,PHILADELPHIA,PA,2019,National Institutes of Health,79930678.0,54
QD4MGHFDJKU1,TEMPLE UNIVERSITY-OF THE COMMONWEALTH SYSTEM OF HIGHER EDUCATION,PHILADELPHIA,PA,2019,National Science Foundation,10079543.0,23
QD4MGHFDJKU1,TEMPLE UNIVERSITY-OF THE COMMONWEALTH SYSTEM OF HIGHER EDUCATION,PHILADELPHIA,PA,2020,National Institutes of Health,81785481.0,64
QD4MGHFDJKU1,TEMPLE UNIVERSITY-OF THE COMMONWEALTH SYSTEM OF HIGHER EDUCATION,PHILADELPHIA,PA,2020,National Science Foundation,11080009.0,43
QD4MGHFDJKU1,TEMPLE UNIVERSITY-OF THE COMMONWEALTH SYSTEM OF HIGHER EDUCATION,PHILADELPHIA,PA,2021,National Institutes of Health,82453239.02,47
QD4MGHFDJKU1,TEMPLE UNIVERSITY-OF THE COMMONWEALTH SYSTEM OF HIGHER EDUCATION,PHILADELPHIA,PA,2021,National Science Foundation,16528619.0,33
QD4MGHFDJKU1,TEMPLE UNIVERSITY-OF THE COMMONWEALTH SYSTEM OF HIGHER EDUCATION,PHILADELPHIA,PA,2022,National Institutes of Health,74130653.06,39
QD4MGHFDJKU1,TEMPLE UNIVERSITY-OF THE COMMONWEALTH SYSTEM OF HIGHER EDUCATION,PHILADELPHIA,PA,2022,National Science Foundation,14297508.0,32
QD4MGHFDJKU1,TEMPLE UNIVERSITY-OF THE COMMONWEALTH SYSTEM OF HIGHER EDUCATION,PHILADELPHIA,PA,2023,National Institutes of Health,78740741.66,60
QD4MGHFDJKU1,TEMPLE UNIVERSITY-OF THE COMMONWEALTH SYSTEM OF HIGHER EDUCATION,PHILADELPHIA,PA,2023,National Science Foundation,13714404.0,39
QD4MGHFDJKU1,TEMPLE UNIVERSITY-OF THE COMMONWEALTH SYSTEM OF HIGHER EDUCATION,PHILADELPHIA,PA,2024,National Institutes of Health,67448590.33,55
QD4MGHFDJKU1,TEMPLE UNIVERSITY-OF THE COMMONWEALTH SYSTEM OF HIGHER EDUCATION,PHILADELPHIA,PA,2024,National Science Foundation,8273013.0,25
QD4MGHFDJKU1,TEMPLE UNIVERSITY-OF THE COMMONWEALTH SYSTEM OF HIGHER EDUCATION,PHILADELPHIA,PA,2025,National Institutes of Health,59170538.85,31
QD4MGHFDJKU1,TEMPLE UNIVERSITY-OF THE COMMONWEALTH SYSTEM OF HIGHER EDUCATION,PHILADELPHIA,PA,2025,National Science Foundation,10485596.0,16
QD4MGHFDJKU1,TEMPLE UNIVERSITY-OF THE COMMONWEALTH SYSTEM OF HIGHER EDUCATION,PHILADELPHIA,PA,2026,National Institutes of Health,49304974.269999996,25
QD4MGHFDJKU1,TEMPLE UNIVERSITY-OF THE COMMONWEALTH SYSTEM OF HIGHER EDUCATION,PHILADELPHIA,PA,2026,National Science Foundation,2223959.0,5
QD7TRLY8JPJ4,STEELWORKERS CHARITABLE & EDUCATIONAL ORGANIZATION,PITTSBURGH,PA,2016,National Institutes of Health,4724678.0,3
QD7TRLY8JPJ4,STEELWORKERS CHARITABLE & EDUCATIONAL ORGANIZATION,PITTSBURGH,PA,2017,National Institutes of Health,4740531.0,0
QD7TRLY8JPJ4,STEELWORKERS CHARITABLE & EDUCATIONAL ORGANIZATION,PITTSBURGH,PA,2018,National Institutes of Health,4564174.0,0
QD7TRLY8JPJ4,STEELWORKERS CHARITABLE & EDUCATIONAL ORGANIZATION,PITTSBURGH,PA,2019,National Institutes of Health,2935659.0,0
QD7TRLY8JPJ4,STEELWORKERS CHARITABLE & EDUCATIONAL ORGANIZATION,PITTSBURGH,PA,2020,National Institutes of Health,4171387.0,0
QD7TRLY8JPJ4,STEELWORKERS CHARITABLE & EDUCATIONAL ORGANIZATION,PITTSBURGH,PA,2021,National Institutes of Health,3741842.0,0
QD7TRLY8JPJ4,STEELWORKERS CHARITABLE & EDUCATIONAL ORGANIZATION,PITTSBURGH,PA,2022,National Institutes of Health,4110923.0,0
QD7TRLY8JPJ4,STEELWORKERS CHARITABLE & EDUCATIONAL ORGANIZATION,PITTSBURGH,PA,2023,National Institutes of Health,3831095.0,0
QD7TRLY8JPJ4,STEELWORKERS CHARITABLE & EDUCATIONAL ORGANIZATION,PITTSBURGH,PA,2024,National Institutes of Health,3831095.0,0
QD7TRLY8JPJ4,STEELWORKERS CHARITABLE & EDUCATIONAL ORGANIZATION,PITTSBURGH,PA,2025,National Institutes of Health,5792670.0,0
QD7TRLY8JPJ4,STEELWORKERS CHARITABLE & EDUCATIONAL ORGANIZATION,PITTSBURGH,PA,2026,National Institutes of Health,3579136.0,0
QDE5UHE5XD16,VIRGINIA POLYTECHNIC INSTITUTE & STATE UNIVERSITY,BLACKSBURG,VA,2016,National Institutes of Health,25004885.0,75
QDE5UHE5XD16,VIRGINIA POLYTECHNIC INSTITUTE & STATE UNIVERSITY,BLACKSBURG,VA,2016,National Science Foundation,46815212.0,161
QDE5UHE5XD16,VIRGINIA POLYTECHNIC INSTITUTE & STATE UNIVERSITY,BLACKSBURG,VA,2017,National Institutes of Health,25660360.0,55
QDE5UHE5XD16,VIRGINIA POLYTECHNIC INSTITUTE & STATE UNIVERSITY,BLACKSBURG,VA,2017,National Science Foundation,53856211.0,137
QDE5UHE5XD16,VIRGINIA POLYTECHNIC INSTITUTE & STATE UNIVERSITY,BLACKSBURG,VA,2018,National Institutes of Health,29521274.0,46
QDE5UHE5XD16,VIRGINIA POLYTECHNIC INSTITUTE & STATE UNIVERSITY,BLACKSBURG,VA,2018,National Science Foundation,49334195.0,127
QDE5UHE5XD16,VIRGINIA POLYTECHNIC INSTITUTE & STATE UNIVERSITY,BLACKSBURG,VA,2019,National Institutes of Health,32559765.0,36
QDE5UHE5XD16,VIRGINIA POLYTECHNIC INSTITUTE & STATE UNIVERSITY,BLACKSBURG,VA,2019,National Science Foundation,47470227.0,127
QDE5UHE5XD16,VIRGINIA POLYTECHNIC INSTITUTE & STATE UNIVERSITY,BLACKSBURG,VA,2020,National Institutes of Health,38807198.0,39
QDE5UHE5XD16,VIRGINIA POLYTECHNIC INSTITUTE & STATE UNIVERSITY,BLACKSBURG,VA,2020,National Science Foundation,54053806.0,114
QDE5UHE5XD16,VIRGINIA POLYTECHNIC INSTITUTE & STATE UNIVERSITY,BLACKSBURG,VA,2021,National Institutes of Health,44712684.54000001,46
QDE5UHE5XD16,VIRGINIA POLYTECHNIC INSTITUTE & STATE UNIVERSITY,BLACKSBURG,VA,2021,National Science Foundation,61376948.0,112
QDE5UHE5XD16,VIRGINIA POLYTECHNIC INSTITUTE & STATE UNIVERSITY,BLACKSBURG,VA,2022,National Institutes of Health,51972667.94,46
QDE5UHE5XD16,VIRGINIA POLYTECHNIC INSTITUTE & STATE UNIVERSITY,BLACKSBURG,VA,2022,National Science Foundation,60587801.0,109
QDE5UHE5XD16,VIRGINIA POLYTECHNIC INSTITUTE & STATE UNIVERSITY,BLACKSBURG,VA,2023,National Institutes of Health,56860571.85,48
QDE5UHE5XD16,VIRGINIA POLYTECHNIC INSTITUTE & STATE UNIVERSITY,BLACKSBURG,VA,2023,National Science Foundation,61969337.0,121
QDE5UHE5XD16,VIRGINIA POLYTECHNIC INSTITUTE & STATE UNIVERSITY,BLACKSBURG,VA,2024,National Institutes of Health,56537351.10999999,48
QDE5UHE5XD16,VIRGINIA POLYTECHNIC INSTITUTE & STATE UNIVERSITY,BLACKSBURG,VA,2024,National Science Foundation,62313590.0,121
QDE5UHE5XD16,VIRGINIA POLYTECHNIC INSTITUTE & STATE UNIVERSITY,BLACKSBURG,VA,2025,National Institutes of Health,54157193.86999999,30
QDE5UHE5XD16,VIRGINIA POLYTECHNIC INSTITUTE & STATE UNIVERSITY,BLACKSBURG,VA,2025,National Science Foundation,44504860.0,74
QDE5UHE5XD16,VIRGINIA POLYTECHNIC INSTITUTE & STATE UNIVERSITY,BLACKSBURG,VA,2026,National Institutes of Health,48474893.95,34
QDE5UHE5XD16,VIRGINIA POLYTECHNIC INSTITUTE & STATE UNIVERSITY,BLACKSBURG,VA,2026,National Science Foundation,13866874.0,36
QHF5ZZ114M72,THE TRUSTEES OF COLUMBIA UNIVERSITY IN THE CITY OF NEW YORK,NEW YORK,NY,2016,National Institutes of Health,377913602.0,796
QHF5ZZ114M72,THE TRUSTEES OF COLUMBIA UNIVERSITY IN THE CITY OF NEW YORK,NEW YORK,NY,2017,National Institutes of Health,392216686.0,438
QHF5ZZ114M72,THE TRUSTEES OF COLUMBIA UNIVERSITY IN THE CITY OF NEW YORK,NEW YORK,NY,2018,National Institutes of Health,460695582.0,274
QHF5ZZ114M72,THE TRUSTEES OF COLUMBIA UNIVERSITY IN THE CITY OF NEW YORK,NEW YORK,NY,2019,National Institutes of Health,463517715.0,240
QHF5ZZ114M72,THE TRUSTEES OF COLUMBIA UNIVERSITY IN THE CITY OF NEW YORK,NEW YORK,NY,2020,National Institutes of Health,552651773.0,264
QHF5ZZ114M72,THE TRUSTEES OF COLUMBIA UNIVERSITY IN THE CITY OF NEW YORK,NEW YORK,NY,2021,National Institutes of Health,558290185.4300001,286
QHF5ZZ114M72,THE TRUSTEES OF COLUMBIA UNIVERSITY IN THE CITY OF NEW YORK,NEW YORK,NY,2022,National Institutes of Health,605523279.2199999,236
QHF5ZZ114M72,THE TRUSTEES OF COLUMBIA UNIVERSITY IN THE CITY OF NEW YORK,NEW YORK,NY,2023,National Institutes of Health,619880835.2900002,283
QHF5ZZ114M72,THE TRUSTEES OF COLUMBIA UNIVERSITY IN THE CITY OF NEW YORK,NEW YORK,NY,2024,National Institutes of Health,623372439.56,242
QHF5ZZ114M72,THE TRUSTEES OF COLUMBIA UNIVERSITY IN THE CITY OF NEW YORK,NEW YORK,NY,2025,National Institutes of Health,579963479.53,167
QHF5ZZ114M72,THE TRUSTEES OF COLUMBIA UNIVERSITY IN THE CITY OF NEW YORK,NEW YORK,NY,2026,National Institutes of Health,487003882.8299999,174
QHHJD3X516J9,"RUTGERS, THE STATE UNIVERSITY",NEWARK,NJ,2016,National Institutes of Health,41692752.0,88
QHHJD3X516J9,"RUTGERS, THE STATE UNIVERSITY",NEWARK,NJ,2017,National Institutes of Health,40537986.0,59
QHHJD3X516J9,"RUTGERS, THE STATE UNIVERSITY",NEWARK,NJ,2018,National Institutes of Health,45954155.0,29
QHHJD3X516J9,"RUTGERS, THE STATE UNIVERSITY",NEWARK,NJ,2019,National Institutes of Health,47774716.0,34
QHHJD3X516J9,"RUTGERS, THE STATE UNIVERSITY",NEWARK,NJ,2019,National Science Foundation,611973.0,1
QHHJD3X516J9,"RUTGERS, THE STATE UNIVERSITY",NEWARK,NJ,2020,National Institutes of Health,48998902.0,39
QHHJD3X516J9,"RUTGERS, THE STATE UNIVERSITY",NEWARK,NJ,2021,National Institutes of Health,50628599.82000001,26
QHHJD3X516J9,"RUTGERS, THE STATE UNIVERSITY",NEWARK,NJ,2021,National Science Foundation,50000.0,1
QHHJD3X516J9,"RUTGERS, THE STATE UNIVERSITY",NEWARK,NJ,2022,National Institutes of Health,49358329.47,24
QHHJD3X516J9,"RUTGERS, THE STATE UNIVERSITY",NEWARK,NJ,2023,National Institutes of Health,-2251420.5300000003,1
QHHJD3X516J9,"RUTGERS, THE STATE UNIVERSITY",NEWARK,NJ,2024,National Institutes of Health,-22130060.68,0
QHHJD3X516J9,"RUTGERS, THE STATE UNIVERSITY",NEWARK,NJ,2025,National Institutes of Health,-76499.83,0
QHHJD3X516J9,"RUTGERS, THE STATE UNIVERSITY",NEWARK,NJ,2026,National Institutes of Health,-231.77,0
QJ8HMDK7MRM3,UNIVERSITY OF CALIFORNIA SAN DIEGO,LA JOLLA,CA,2016,National Science Foundation,27824991.0,69
QJ8HMDK7MRM3,UNIVERSITY OF CALIFORNIA SAN DIEGO,LA JOLLA,CA,2017,National Science Foundation,34241321.0,58
QJ8HMDK7MRM3,UNIVERSITY OF CALIFORNIA SAN DIEGO,LA JOLLA,CA,2018,National Science Foundation,36766092.0,51
QJ8HMDK7MRM3,UNIVERSITY OF CALIFORNIA SAN DIEGO,LA JOLLA,CA,2019,National Science Foundation,35134156.0,32
QJ8HMDK7MRM3,UNIVERSITY OF CALIFORNIA SAN DIEGO,LA JOLLA,CA,2020,National Science Foundation,46012841.0,51
QJ8HMDK7MRM3,UNIVERSITY OF CALIFORNIA SAN DIEGO,LA JOLLA,CA,2021,National Science Foundation,42783992.0,45
QJ8HMDK7MRM3,UNIVERSITY OF CALIFORNIA SAN DIEGO,LA JOLLA,CA,2022,National Science Foundation,55135625.0,30
QJ8HMDK7MRM3,UNIVERSITY OF CALIFORNIA SAN DIEGO,LA JOLLA,CA,2023,National Science Foundation,47056632.0,30
QJ8HMDK7MRM3,UNIVERSITY OF CALIFORNIA SAN DIEGO,LA JOLLA,CA,2024,National Science Foundation,58987394.0,30
QJ8HMDK7MRM3,UNIVERSITY OF CALIFORNIA SAN DIEGO,LA JOLLA,CA,2025,National Science Foundation,63548737.0,28
QJ8HMDK7MRM3,UNIVERSITY OF CALIFORNIA SAN DIEGO,LA JOLLA,CA,2026,National Science Foundation,22018787.0,6
QJZ1F3UMLEJ4,UNIVERSITY ENTERPRISES CORPORATION AT CSUSB,SAN BERNARDINO,CA,2016,National Institutes of Health,1662157.0,5
QJZ1F3UMLEJ4,UNIVERSITY ENTERPRISES CORPORATION AT CSUSB,SAN BERNARDINO,CA,2016,National Science Foundation,8578890.0,6
QJZ1F3UMLEJ4,UNIVERSITY ENTERPRISES CORPORATION AT CSUSB,SAN BERNARDINO,CA,2017,National Institutes of Health,715036.0,1
QJZ1F3UMLEJ4,UNIVERSITY ENTERPRISES CORPORATION AT CSUSB,SAN BERNARDINO,CA,2017,National Science Foundation,2861621.0,6
QJZ1F3UMLEJ4,UNIVERSITY ENTERPRISES CORPORATION AT CSUSB,SAN BERNARDINO,CA,2018,National Institutes of Health,82293.0,2
QJZ1F3UMLEJ4,UNIVERSITY ENTERPRISES CORPORATION AT CSUSB,SAN BERNARDINO,CA,2018,National Science Foundation,4961848.0,5
QJZ1F3UMLEJ4,UNIVERSITY ENTERPRISES CORPORATION AT CSUSB,SAN BERNARDINO,CA,2019,National Institutes of Health,-245122.0,0
QJZ1F3UMLEJ4,UNIVERSITY ENTERPRISES CORPORATION AT CSUSB,SAN BERNARDINO,CA,2019,National Science Foundation,2943596.0,2
QJZ1F3UMLEJ4,UNIVERSITY ENTERPRISES CORPORATION AT CSUSB,SAN BERNARDINO,CA,2020,National Institutes of Health,1104549.0,4
QJZ1F3UMLEJ4,UNIVERSITY ENTERPRISES CORPORATION AT CSUSB,SAN BERNARDINO,CA,2020,National Science Foundation,2528654.0,2
QJZ1F3UMLEJ4,UNIVERSITY ENTERPRISES CORPORATION AT CSUSB,SAN BERNARDINO,CA,2021,National Institutes of Health,1316263.27,2
QJZ1F3UMLEJ4,UNIVERSITY ENTERPRISES CORPORATION AT CSUSB,SAN BERNARDINO,CA,2021,National Science Foundation,4435688.0,7
QJZ1F3UMLEJ4,UNIVERSITY ENTERPRISES CORPORATION AT CSUSB,SAN BERNARDINO,CA,2022,National Institutes of Health,1704738.0,1
QJZ1F3UMLEJ4,UNIVERSITY ENTERPRISES CORPORATION AT CSUSB,SAN BERNARDINO,CA,2022,National Science Foundation,4131834.0,7
QJZ1F3UMLEJ4,UNIVERSITY ENTERPRISES CORPORATION AT CSUSB,SAN BERNARDINO,CA,2023,National Institutes of Health,1562418.0,2
QJZ1F3UMLEJ4,UNIVERSITY ENTERPRISES CORPORATION AT CSUSB,SAN BERNARDINO,CA,2023,National Science Foundation,7133485.0,6
QJZ1F3UMLEJ4,UNIVERSITY ENTERPRISES CORPORATION AT CSUSB,SAN BERNARDINO,CA,2024,National Institutes of Health,910180.0,2
QJZ1F3UMLEJ4,UNIVERSITY ENTERPRISES CORPORATION AT CSUSB,SAN BERNARDINO,CA,2024,National Science Foundation,3458123.0,5
QJZ1F3UMLEJ4,UNIVERSITY ENTERPRISES CORPORATION AT CSUSB,SAN BERNARDINO,CA,2025,National Institutes of Health,1193605.16,2
QJZ1F3UMLEJ4,UNIVERSITY ENTERPRISES CORPORATION AT CSUSB,SAN BERNARDINO,CA,2025,National Science Foundation,2281903.0,3
QJZ1F3UMLEJ4,UNIVERSITY ENTERPRISES CORPORATION AT CSUSB,SAN BERNARDINO,CA,2026,National Institutes of Health,1802853.92,2
QJZ1F3UMLEJ4,UNIVERSITY ENTERPRISES CORPORATION AT CSUSB,SAN BERNARDINO,CA,2026,National Science Foundation,1491095.0,0
QKWEF8XLMTT3,UNIVERSITY OF HOUSTON SYSTEM,HOUSTON,TX,2016,National Institutes of Health,19006596.0,57
QKWEF8XLMTT3,UNIVERSITY OF HOUSTON SYSTEM,HOUSTON,TX,2016,National Science Foundation,16811734.0,82
QKWEF8XLMTT3,UNIVERSITY OF HOUSTON SYSTEM,HOUSTON,TX,2017,National Institutes of Health,21389180.0,57
QKWEF8XLMTT3,UNIVERSITY OF HOUSTON SYSTEM,HOUSTON,TX,2017,National Science Foundation,17128399.0,61
QKWEF8XLMTT3,UNIVERSITY OF HOUSTON SYSTEM,HOUSTON,TX,2018,National Institutes of Health,23652795.0,31
QKWEF8XLMTT3,UNIVERSITY OF HOUSTON SYSTEM,HOUSTON,TX,2018,National Science Foundation,22306680.0,64
QKWEF8XLMTT3,UNIVERSITY OF HOUSTON SYSTEM,HOUSTON,TX,2019,National Institutes of Health,27321127.0,25
QKWEF8XLMTT3,UNIVERSITY OF HOUSTON SYSTEM,HOUSTON,TX,2019,National Science Foundation,20612411.0,49
QKWEF8XLMTT3,UNIVERSITY OF HOUSTON SYSTEM,HOUSTON,TX,2020,National Institutes of Health,33273587.0,27
QKWEF8XLMTT3,UNIVERSITY OF HOUSTON SYSTEM,HOUSTON,TX,2020,National Science Foundation,12988183.0,34
QKWEF8XLMTT3,UNIVERSITY OF HOUSTON SYSTEM,HOUSTON,TX,2021,National Institutes of Health,36108587.85,25
QKWEF8XLMTT3,UNIVERSITY OF HOUSTON SYSTEM,HOUSTON,TX,2021,National Science Foundation,23341456.0,51
QKWEF8XLMTT3,UNIVERSITY OF HOUSTON SYSTEM,HOUSTON,TX,2022,National Institutes of Health,44470172.79,33
QKWEF8XLMTT3,UNIVERSITY OF HOUSTON SYSTEM,HOUSTON,TX,2022,National Science Foundation,20631115.0,41
QKWEF8XLMTT3,UNIVERSITY OF HOUSTON SYSTEM,HOUSTON,TX,2023,National Institutes of Health,43423675.00000001,26
QKWEF8XLMTT3,UNIVERSITY OF HOUSTON SYSTEM,HOUSTON,TX,2023,National Science Foundation,21781001.0,48
QKWEF8XLMTT3,UNIVERSITY OF HOUSTON SYSTEM,HOUSTON,TX,2024,National Institutes of Health,35590783.5,22
QKWEF8XLMTT3,UNIVERSITY OF HOUSTON SYSTEM,HOUSTON,TX,2024,National Science Foundation,25333734.0,55
QKWEF8XLMTT3,UNIVERSITY OF HOUSTON SYSTEM,HOUSTON,TX,2025,National Institutes of Health,39010377.8,22
QKWEF8XLMTT3,UNIVERSITY OF HOUSTON SYSTEM,HOUSTON,TX,2025,National Science Foundation,16344521.0,43
QKWEF8XLMTT3,UNIVERSITY OF HOUSTON SYSTEM,HOUSTON,TX,2026,National Institutes of Health,33874220.21000001,16
QKWEF8XLMTT3,UNIVERSITY OF HOUSTON SYSTEM,HOUSTON,TX,2026,National Science Foundation,4243288.0,12
QL3ZB67MLJL5,"RUTGERS, THE STATE UNIVERSITY OF NEW JERSEY",NEW BRUNSWICK,NJ,2016,National Institutes of Health,10835382.0,26
QL3ZB67MLJL5,"RUTGERS, THE STATE UNIVERSITY OF NEW JERSEY",NEW BRUNSWICK,NJ,2016,National Science Foundation,172010.0,1
QL3ZB67MLJL5,"RUTGERS, THE STATE UNIVERSITY OF NEW JERSEY",NEW BRUNSWICK,NJ,2017,National Institutes of Health,10624463.0,10
QL3ZB67MLJL5,"RUTGERS, THE STATE UNIVERSITY OF NEW JERSEY",NEW BRUNSWICK,NJ,2017,National Science Foundation,86312.0,0
QL3ZB67MLJL5,"RUTGERS, THE STATE UNIVERSITY OF NEW JERSEY",NEW BRUNSWICK,NJ,2018,National Institutes of Health,14769631.0,16
QL3ZB67MLJL5,"RUTGERS, THE STATE UNIVERSITY OF NEW JERSEY",NEW BRUNSWICK,NJ,2018,National Science Foundation,86312.0,0
QL3ZB67MLJL5,"RUTGERS, THE STATE UNIVERSITY OF NEW JERSEY",NEW BRUNSWICK,NJ,2019,National Institutes of Health,15993488.0,5
QL3ZB67MLJL5,"RUTGERS, THE STATE UNIVERSITY OF NEW JERSEY",NEW BRUNSWICK,NJ,2020,National Institutes of Health,16899349.0,11
QL3ZB67MLJL5,"RUTGERS, THE STATE UNIVERSITY OF NEW JERSEY",NEW BRUNSWICK,NJ,2021,National Institutes of Health,22477980.45,7
QL3ZB67MLJL5,"RUTGERS, THE STATE UNIVERSITY OF NEW JERSEY",NEW BRUNSWICK,NJ,2022,National Institutes of Health,21874952.2,7
QL3ZB67MLJL5,"RUTGERS, THE STATE UNIVERSITY OF NEW JERSEY",NEW BRUNSWICK,NJ,2023,National Institutes of Health,-1448198.73,1
QL3ZB67MLJL5,"RUTGERS, THE STATE UNIVERSITY OF NEW JERSEY",NEW BRUNSWICK,NJ,2024,National Institutes of Health,-4144604.76,0
QL3ZB67MLJL5,"RUTGERS, THE STATE UNIVERSITY OF NEW JERSEY",NEW BRUNSWICK,NJ,2025,National Institutes of Health,432280.0,1
QL3ZB67MLJL5,"RUTGERS, THE STATE UNIVERSITY OF NEW JERSEY",NEW BRUNSWICK,NJ,2026,National Institutes of Health,-180068.23,0
QLRCUJ8JTN53,VAN ANDEL RESEARCH INSTITUTE,GRAND RAPIDS,MI,2016,National Institutes of Health,8411324.0,20
QLRCUJ8JTN53,VAN ANDEL RESEARCH INSTITUTE,GRAND RAPIDS,MI,2017,National Institutes of Health,10789917.0,15
QLRCUJ8JTN53,VAN ANDEL RESEARCH INSTITUTE,GRAND RAPIDS,MI,2018,National Institutes of Health,10097415.0,11
QLRCUJ8JTN53,VAN ANDEL RESEARCH INSTITUTE,GRAND RAPIDS,MI,2019,National Institutes of Health,15719981.0,15
QLRCUJ8JTN53,VAN ANDEL RESEARCH INSTITUTE,GRAND RAPIDS,MI,2019,National Science Foundation,1200000.0,1
QLRCUJ8JTN53,VAN ANDEL RESEARCH INSTITUTE,GRAND RAPIDS,MI,2020,National Institutes of Health,16020668.0,10
QLRCUJ8JTN53,VAN ANDEL RESEARCH INSTITUTE,GRAND RAPIDS,MI,2021,National Institutes of Health,21017739.990000002,17
QLRCUJ8JTN53,VAN ANDEL RESEARCH INSTITUTE,GRAND RAPIDS,MI,2022,National Institutes of Health,22906477.75,13
QLRCUJ8JTN53,VAN ANDEL RESEARCH INSTITUTE,GRAND RAPIDS,MI,2022,National Science Foundation,-530810.0,1
QLRCUJ8JTN53,VAN ANDEL RESEARCH INSTITUTE,GRAND RAPIDS,MI,2023,National Institutes of Health,29288802.19,10
QLRCUJ8JTN53,VAN ANDEL RESEARCH INSTITUTE,GRAND RAPIDS,MI,2023,National Science Foundation,49000.0,1
QLRCUJ8JTN53,VAN ANDEL RESEARCH INSTITUTE,GRAND RAPIDS,MI,2024,National Institutes of Health,22595694.560000002,14
QLRCUJ8JTN53,VAN ANDEL RESEARCH INSTITUTE,GRAND RAPIDS,MI,2024,National Science Foundation,753000.0,1
QLRCUJ8JTN53,VAN ANDEL RESEARCH INSTITUTE,GRAND RAPIDS,MI,2025,National Institutes of Health,25339232.29,14
QLRCUJ8JTN53,VAN ANDEL RESEARCH INSTITUTE,GRAND RAPIDS,MI,2025,National Science Foundation,453000.0,0
QLRCUJ8JTN53,VAN ANDEL RESEARCH INSTITUTE,GRAND RAPIDS,MI,2026,National Institutes of Health,23424724.2,9
QLRCUJ8JTN53,VAN ANDEL RESEARCH INSTITUTE,GRAND RAPIDS,MI,2026,National Science Foundation,1500000.0,1
QN6MS4VN7BD1,BRIGHAM & WOMENS HOSPITAL INC,BOSTON,MA,2016,National Institutes of Health,347484630.0,566
QN6MS4VN7BD1,BRIGHAM & WOMENS HOSPITAL INC,BOSTON,MA,2017,National Institutes of Health,386621069.0,238
QN6MS4VN7BD1,BRIGHAM & WOMENS HOSPITAL INC,BOSTON,MA,2018,National Institutes of Health,385810151.0,174
QN6MS4VN7BD1,BRIGHAM & WOMENS HOSPITAL INC,BOSTON,MA,2018,National Science Foundation,406411.0,1
QN6MS4VN7BD1,BRIGHAM & WOMENS HOSPITAL INC,BOSTON,MA,2019,National Institutes of Health,317202476.0,145
QN6MS4VN7BD1,BRIGHAM & WOMENS HOSPITAL INC,BOSTON,MA,2019,National Science Foundation,522123.0,2
QN6MS4VN7BD1,BRIGHAM & WOMENS HOSPITAL INC,BOSTON,MA,2020,National Institutes of Health,329689136.0,144
QN6MS4VN7BD1,BRIGHAM & WOMENS HOSPITAL INC,BOSTON,MA,2020,National Science Foundation,3200000.0,2
QN6MS4VN7BD1,BRIGHAM & WOMENS HOSPITAL INC,BOSTON,MA,2021,National Institutes of Health,353306693.34,154
QN6MS4VN7BD1,BRIGHAM & WOMENS HOSPITAL INC,BOSTON,MA,2021,National Science Foundation,372146.0,1
QN6MS4VN7BD1,BRIGHAM & WOMENS HOSPITAL INC,BOSTON,MA,2022,National Institutes of Health,375491797.04,182
QN6MS4VN7BD1,BRIGHAM & WOMENS HOSPITAL INC,BOSTON,MA,2022,National Science Foundation,1694658.0,4
QN6MS4VN7BD1,BRIGHAM & WOMENS HOSPITAL INC,BOSTON,MA,2023,National Institutes of Health,395610404.72,168
QN6MS4VN7BD1,BRIGHAM & WOMENS HOSPITAL INC,BOSTON,MA,2023,National Science Foundation,13330.0,0
QN6MS4VN7BD1,BRIGHAM & WOMENS HOSPITAL INC,BOSTON,MA,2024,National Institutes of Health,385052263.3499999,163
QN6MS4VN7BD1,BRIGHAM & WOMENS HOSPITAL INC,BOSTON,MA,2024,National Science Foundation,-295114.0,0
QN6MS4VN7BD1,BRIGHAM & WOMENS HOSPITAL INC,BOSTON,MA,2025,National Institutes of Health,392439810.29999995,111
QN6MS4VN7BD1,BRIGHAM & WOMENS HOSPITAL INC,BOSTON,MA,2025,National Science Foundation,199587.0,1
QN6MS4VN7BD1,BRIGHAM & WOMENS HOSPITAL INC,BOSTON,MA,2026,National Institutes of Health,278114125.30999994,89
QUF6D3M4P2G1,MIND RESEARCH NETWORK,ALBUQUERQUE,NM,2016,National Institutes of Health,9069078.0,12
QUF6D3M4P2G1,MIND RESEARCH NETWORK,ALBUQUERQUE,NM,2016,National Science Foundation,216378.0,1
QUF6D3M4P2G1,MIND RESEARCH NETWORK,ALBUQUERQUE,NM,2017,National Institutes of Health,9109106.0,5
QUF6D3M4P2G1,MIND RESEARCH NETWORK,ALBUQUERQUE,NM,2017,National Science Foundation,2911821.0,2
QUF6D3M4P2G1,MIND RESEARCH NETWORK,ALBUQUERQUE,NM,2018,National Institutes of Health,11448935.0,8
QUF6D3M4P2G1,MIND RESEARCH NETWORK,ALBUQUERQUE,NM,2019,National Institutes of Health,3474405.0,3
QUF6D3M4P2G1,MIND RESEARCH NETWORK,ALBUQUERQUE,NM,2019,National Science Foundation,0.0,0
QUF6D3M4P2G1,MIND RESEARCH NETWORK,ALBUQUERQUE,NM,2020,National Institutes of Health,4067094.0,2
QUF6D3M4P2G1,MIND RESEARCH NETWORK,ALBUQUERQUE,NM,2020,National Science Foundation,-100000.0,0
QUF6D3M4P2G1,MIND RESEARCH NETWORK,ALBUQUERQUE,NM,2021,National Institutes of Health,924145.5700000001,0
QUF6D3M4P2G1,MIND RESEARCH NETWORK,ALBUQUERQUE,NM,2022,National Institutes of Health,653892.88,0
QUF6D3M4P2G1,MIND RESEARCH NETWORK,ALBUQUERQUE,NM,2023,National Institutes of Health,-855084.4,0
QUF6D3M4P2G1,MIND RESEARCH NETWORK,ALBUQUERQUE,NM,2024,National Institutes of Health,-1647.86,0
QUF6D3M4P2G1,MIND RESEARCH NETWORK,ALBUQUERQUE,NM,2025,National Institutes of Health,-15521.72,0
QUF6D3M4P2G1,MIND RESEARCH NETWORK,ALBUQUERQUE,NM,2026,National Institutes of Health,0.0,0
QWYKRJH5NNJ3,REGENTS OF THE UNIVERSITY OF IDAHO,MOSCOW,ID,2016,National Institutes of Health,7227391.0,7
QWYKRJH5NNJ3,REGENTS OF THE UNIVERSITY OF IDAHO,MOSCOW,ID,2016,National Science Foundation,8474295.0,32
QWYKRJH5NNJ3,REGENTS OF THE UNIVERSITY OF IDAHO,MOSCOW,ID,2017,National Institutes of Health,7909066.0,9
QWYKRJH5NNJ3,REGENTS OF THE UNIVERSITY OF IDAHO,MOSCOW,ID,2017,National Science Foundation,12898496.0,20
QWYKRJH5NNJ3,REGENTS OF THE UNIVERSITY OF IDAHO,MOSCOW,ID,2018,National Institutes of Health,8442648.0,5
QWYKRJH5NNJ3,REGENTS OF THE UNIVERSITY OF IDAHO,MOSCOW,ID,2018,National Science Foundation,10986235.0,20
QWYKRJH5NNJ3,REGENTS OF THE UNIVERSITY OF IDAHO,MOSCOW,ID,2019,National Institutes of Health,9619804.0,3
QWYKRJH5NNJ3,REGENTS OF THE UNIVERSITY OF IDAHO,MOSCOW,ID,2019,National Science Foundation,18693182.0,9
QWYKRJH5NNJ3,REGENTS OF THE UNIVERSITY OF IDAHO,MOSCOW,ID,2020,National Institutes of Health,9744800.0,2
QWYKRJH5NNJ3,REGENTS OF THE UNIVERSITY OF IDAHO,MOSCOW,ID,2020,National Science Foundation,9857631.0,19
QWYKRJH5NNJ3,REGENTS OF THE UNIVERSITY OF IDAHO,MOSCOW,ID,2021,National Institutes of Health,9667734.7,1
QWYKRJH5NNJ3,REGENTS OF THE UNIVERSITY OF IDAHO,MOSCOW,ID,2021,National Science Foundation,21176928.0,16
QWYKRJH5NNJ3,REGENTS OF THE UNIVERSITY OF IDAHO,MOSCOW,ID,2022,National Institutes of Health,8359050.609999999,2
QWYKRJH5NNJ3,REGENTS OF THE UNIVERSITY OF IDAHO,MOSCOW,ID,2022,National Science Foundation,22575046.0,13
QWYKRJH5NNJ3,REGENTS OF THE UNIVERSITY OF IDAHO,MOSCOW,ID,2023,National Institutes of Health,9117400.68,3
QWYKRJH5NNJ3,REGENTS OF THE UNIVERSITY OF IDAHO,MOSCOW,ID,2023,National Science Foundation,8327890.0,14
QWYKRJH5NNJ3,REGENTS OF THE UNIVERSITY OF IDAHO,MOSCOW,ID,2024,National Institutes of Health,13979956.81,5
QWYKRJH5NNJ3,REGENTS OF THE UNIVERSITY OF IDAHO,MOSCOW,ID,2024,National Science Foundation,24804233.0,20
QWYKRJH5NNJ3,REGENTS OF THE UNIVERSITY OF IDAHO,MOSCOW,ID,2025,National Institutes of Health,10184435.38,3
QWYKRJH5NNJ3,REGENTS OF THE UNIVERSITY OF IDAHO,MOSCOW,ID,2025,National Science Foundation,23335716.0,24
QWYKRJH5NNJ3,REGENTS OF THE UNIVERSITY OF IDAHO,MOSCOW,ID,2026,National Institutes of Health,5993892.5,2
QWYKRJH5NNJ3,REGENTS OF THE UNIVERSITY OF IDAHO,MOSCOW,ID,2026,National Science Foundation,6830325.0,6
R28EKN92ZTZ9,MICHIGAN STATE UNIVERSITY,EAST LANSING,MI,2016,National Institutes of Health,54813088.0,156
R28EKN92ZTZ9,MICHIGAN STATE UNIVERSITY,EAST LANSING,MI,2016,National Science Foundation,85192822.0,177
R28EKN92ZTZ9,MICHIGAN STATE UNIVERSITY,EAST LANSING,MI,2017,National Institutes of Health,57399582.0,87
R28EKN92ZTZ9,MICHIGAN STATE UNIVERSITY,EAST LANSING,MI,2017,National Science Foundation,93725593.0,140
R28EKN92ZTZ9,MICHIGAN STATE UNIVERSITY,EAST LANSING,MI,2018,National Institutes of Health,74467996.0,86
R28EKN92ZTZ9,MICHIGAN STATE UNIVERSITY,EAST LANSING,MI,2018,National Science Foundation,77094242.0,110
R28EKN92ZTZ9,MICHIGAN STATE UNIVERSITY,EAST LANSING,MI,2019,National Institutes of Health,78826344.0,75
R28EKN92ZTZ9,MICHIGAN STATE UNIVERSITY,EAST LANSING,MI,2019,National Science Foundation,94264139.0,120
R28EKN92ZTZ9,MICHIGAN STATE UNIVERSITY,EAST LANSING,MI,2020,National Institutes of Health,88088483.0,69
R28EKN92ZTZ9,MICHIGAN STATE UNIVERSITY,EAST LANSING,MI,2020,National Science Foundation,78187510.0,117
R28EKN92ZTZ9,MICHIGAN STATE UNIVERSITY,EAST LANSING,MI,2021,National Institutes of Health,98969372.93,64
R28EKN92ZTZ9,MICHIGAN STATE UNIVERSITY,EAST LANSING,MI,2021,National Science Foundation,64497828.0,92
R28EKN92ZTZ9,MICHIGAN STATE UNIVERSITY,EAST LANSING,MI,2022,National Institutes of Health,105266842.65,66
R28EKN92ZTZ9,MICHIGAN STATE UNIVERSITY,EAST LANSING,MI,2022,National Science Foundation,73757023.0,113
R28EKN92ZTZ9,MICHIGAN STATE UNIVERSITY,EAST LANSING,MI,2023,National Institutes of Health,90136962.53999999,41
R28EKN92ZTZ9,MICHIGAN STATE UNIVERSITY,EAST LANSING,MI,2023,National Science Foundation,66256569.0,110
R28EKN92ZTZ9,MICHIGAN STATE UNIVERSITY,EAST LANSING,MI,2024,National Institutes of Health,76421347.25,29
R28EKN92ZTZ9,MICHIGAN STATE UNIVERSITY,EAST LANSING,MI,2024,National Science Foundation,55875249.0,91
R28EKN92ZTZ9,MICHIGAN STATE UNIVERSITY,EAST LANSING,MI,2025,National Institutes of Health,70182780.09,24
R28EKN92ZTZ9,MICHIGAN STATE UNIVERSITY,EAST LANSING,MI,2025,National Science Foundation,50204561.0,70
R28EKN92ZTZ9,MICHIGAN STATE UNIVERSITY,EAST LANSING,MI,2026,National Institutes of Health,51917495.47,18
R28EKN92ZTZ9,MICHIGAN STATE UNIVERSITY,EAST LANSING,MI,2026,National Science Foundation,13511625.0,21
R85KZ9JP3NM3,BROOKHAVEN SCIENCE ASSOCIATES LLC,UPTON,NY,2016,National Institutes of Health,4292268.0,2
R85KZ9JP3NM3,BROOKHAVEN SCIENCE ASSOCIATES LLC,UPTON,NY,2017,National Institutes of Health,2352795.0,2
R85KZ9JP3NM3,BROOKHAVEN SCIENCE ASSOCIATES LLC,UPTON,NY,2018,National Institutes of Health,4175703.0,2
R85KZ9JP3NM3,BROOKHAVEN SCIENCE ASSOCIATES LLC,UPTON,NY,2018,National Science Foundation,128354.0,1
R85KZ9JP3NM3,BROOKHAVEN SCIENCE ASSOCIATES LLC,UPTON,NY,2019,National Institutes of Health,3815668.0,1
R85KZ9JP3NM3,BROOKHAVEN SCIENCE ASSOCIATES LLC,UPTON,NY,2020,National Institutes of Health,3600000.0,0
R85KZ9JP3NM3,BROOKHAVEN SCIENCE ASSOCIATES LLC,UPTON,NY,2021,National Institutes of Health,3600000.0,0
R85KZ9JP3NM3,BROOKHAVEN SCIENCE ASSOCIATES LLC,UPTON,NY,2022,National Institutes of Health,5802419.29,0
R85KZ9JP3NM3,BROOKHAVEN SCIENCE ASSOCIATES LLC,UPTON,NY,2023,National Institutes of Health,3538613.48,0
R85KZ9JP3NM3,BROOKHAVEN SCIENCE ASSOCIATES LLC,UPTON,NY,2024,National Institutes of Health,4592873.0,0
R85KZ9JP3NM3,BROOKHAVEN SCIENCE ASSOCIATES LLC,UPTON,NY,2025,National Institutes of Health,4592873.0,0
R85KZ9JP3NM3,BROOKHAVEN SCIENCE ASSOCIATES LLC,UPTON,NY,2026,National Institutes of Health,4592873.0,0
R8JEVL4ULGB7,THOMAS JEFFERSON UNIVERSITY,PHILADELPHIA,PA,2016,National Institutes of Health,50596787.0,157
R8JEVL4ULGB7,THOMAS JEFFERSON UNIVERSITY,PHILADELPHIA,PA,2017,National Institutes of Health,51310335.0,99
R8JEVL4ULGB7,THOMAS JEFFERSON UNIVERSITY,PHILADELPHIA,PA,2017,National Science Foundation,50000.0,1
R8JEVL4ULGB7,THOMAS JEFFERSON UNIVERSITY,PHILADELPHIA,PA,2018,National Institutes of Health,59922975.0,58
R8JEVL4ULGB7,THOMAS JEFFERSON UNIVERSITY,PHILADELPHIA,PA,2019,National Institutes of Health,62546614.0,47
R8JEVL4ULGB7,THOMAS JEFFERSON UNIVERSITY,PHILADELPHIA,PA,2020,National Institutes of Health,79307937.0,51
R8JEVL4ULGB7,THOMAS JEFFERSON UNIVERSITY,PHILADELPHIA,PA,2021,National Institutes of Health,79205806.6,52
R8JEVL4ULGB7,THOMAS JEFFERSON UNIVERSITY,PHILADELPHIA,PA,2022,National Institutes of Health,75299269.34,36
R8JEVL4ULGB7,THOMAS JEFFERSON UNIVERSITY,PHILADELPHIA,PA,2022,National Science Foundation,300000.0,1
R8JEVL4ULGB7,THOMAS JEFFERSON UNIVERSITY,PHILADELPHIA,PA,2023,National Institutes of Health,65864649.14999999,39
R8JEVL4ULGB7,THOMAS JEFFERSON UNIVERSITY,PHILADELPHIA,PA,2023,National Science Foundation,518870.0,2
R8JEVL4ULGB7,THOMAS JEFFERSON UNIVERSITY,PHILADELPHIA,PA,2024,National Institutes of Health,68701452.62,41
R8JEVL4ULGB7,THOMAS JEFFERSON UNIVERSITY,PHILADELPHIA,PA,2024,National Science Foundation,11274.0,0
R8JEVL4ULGB7,THOMAS JEFFERSON UNIVERSITY,PHILADELPHIA,PA,2025,National Institutes of Health,68107962.97,26
R8JEVL4ULGB7,THOMAS JEFFERSON UNIVERSITY,PHILADELPHIA,PA,2025,National Science Foundation,488904.0,1
R8JEVL4ULGB7,THOMAS JEFFERSON UNIVERSITY,PHILADELPHIA,PA,2026,National Institutes of Health,54800568.42,34
R9NXPE2GTCN9,HENRY FORD HEALTH SYSTEM,DETROIT,MI,2016,National Institutes of Health,16216485.0,31
R9NXPE2GTCN9,HENRY FORD HEALTH SYSTEM,DETROIT,MI,2017,National Institutes of Health,22714624.0,22
R9NXPE2GTCN9,HENRY FORD HEALTH SYSTEM,DETROIT,MI,2018,National Institutes of Health,28728895.0,23
R9NXPE2GTCN9,HENRY FORD HEALTH SYSTEM,DETROIT,MI,2019,National Institutes of Health,20138155.0,9
R9NXPE2GTCN9,HENRY FORD HEALTH SYSTEM,DETROIT,MI,2020,National Institutes of Health,21559686.0,11
R9NXPE2GTCN9,HENRY FORD HEALTH SYSTEM,DETROIT,MI,2021,National Institutes of Health,15941505.27,7
R9NXPE2GTCN9,HENRY FORD HEALTH SYSTEM,DETROIT,MI,2022,National Institutes of Health,15957497.509999998,11
R9NXPE2GTCN9,HENRY FORD HEALTH SYSTEM,DETROIT,MI,2023,National Institutes of Health,11949295.66,10
R9NXPE2GTCN9,HENRY FORD HEALTH SYSTEM,DETROIT,MI,2024,National Institutes of Health,10108226.0,0
R9NXPE2GTCN9,HENRY FORD HEALTH SYSTEM,DETROIT,MI,2025,National Institutes of Health,4031726.0,1
R9NXPE2GTCN9,HENRY FORD HEALTH SYSTEM,DETROIT,MI,2026,National Institutes of Health,2015998.92,0
RCNJEHZ83EV6,UNIVERSITY OF ALABAMA,TUSCALOOSA,AL,2016,National Institutes of Health,3690548.0,13
RCNJEHZ83EV6,UNIVERSITY OF ALABAMA,TUSCALOOSA,AL,2016,National Science Foundation,7790335.0,44
RCNJEHZ83EV6,UNIVERSITY OF ALABAMA,TUSCALOOSA,AL,2017,National Institutes of Health,2403787.0,7
RCNJEHZ83EV6,UNIVERSITY OF ALABAMA,TUSCALOOSA,AL,2017,National Science Foundation,13257689.0,46
RCNJEHZ83EV6,UNIVERSITY OF ALABAMA,TUSCALOOSA,AL,2018,National Institutes of Health,2977372.0,8
RCNJEHZ83EV6,UNIVERSITY OF ALABAMA,TUSCALOOSA,AL,2018,National Science Foundation,11877596.0,44
RCNJEHZ83EV6,UNIVERSITY OF ALABAMA,TUSCALOOSA,AL,2019,National Institutes of Health,4288856.0,9
RCNJEHZ83EV6,UNIVERSITY OF ALABAMA,TUSCALOOSA,AL,2019,National Science Foundation,17366798.0,40
RCNJEHZ83EV6,UNIVERSITY OF ALABAMA,TUSCALOOSA,AL,2020,National Institutes of Health,6896763.0,8
RCNJEHZ83EV6,UNIVERSITY OF ALABAMA,TUSCALOOSA,AL,2020,National Science Foundation,27021535.0,58
RCNJEHZ83EV6,UNIVERSITY OF ALABAMA,TUSCALOOSA,AL,2021,National Institutes of Health,9769488.29,14
RCNJEHZ83EV6,UNIVERSITY OF ALABAMA,TUSCALOOSA,AL,2021,National Science Foundation,12448772.0,35
RCNJEHZ83EV6,UNIVERSITY OF ALABAMA,TUSCALOOSA,AL,2022,National Institutes of Health,10771688.94,10
RCNJEHZ83EV6,UNIVERSITY OF ALABAMA,TUSCALOOSA,AL,2022,National Science Foundation,16483790.0,40
RCNJEHZ83EV6,UNIVERSITY OF ALABAMA,TUSCALOOSA,AL,2023,National Institutes of Health,11311036.35,12
RCNJEHZ83EV6,UNIVERSITY OF ALABAMA,TUSCALOOSA,AL,2023,National Science Foundation,34085238.0,52
RCNJEHZ83EV6,UNIVERSITY OF ALABAMA,TUSCALOOSA,AL,2024,National Institutes of Health,8919401.309999999,8
RCNJEHZ83EV6,UNIVERSITY OF ALABAMA,TUSCALOOSA,AL,2024,National Science Foundation,20250213.0,42
RCNJEHZ83EV6,UNIVERSITY OF ALABAMA,TUSCALOOSA,AL,2025,National Institutes of Health,10167066.24,5
RCNJEHZ83EV6,UNIVERSITY OF ALABAMA,TUSCALOOSA,AL,2025,National Science Foundation,25147881.0,42
RCNJEHZ83EV6,UNIVERSITY OF ALABAMA,TUSCALOOSA,AL,2026,National Institutes of Health,4253703.1,3
RCNJEHZ83EV6,UNIVERSITY OF ALABAMA,TUSCALOOSA,AL,2026,National Science Foundation,11660392.0,20
RD7MXJV7DKT9,THE UNIVERSITY OF CENTRAL FLORIDA BOARD OF TRUSTEES,ORLANDO,FL,2016,National Institutes of Health,7817763.0,27
RD7MXJV7DKT9,THE UNIVERSITY OF CENTRAL FLORIDA BOARD OF TRUSTEES,ORLANDO,FL,2016,National Science Foundation,13171334.0,54
RD7MXJV7DKT9,THE UNIVERSITY OF CENTRAL FLORIDA BOARD OF TRUSTEES,ORLANDO,FL,2017,National Institutes of Health,8395337.0,20
RD7MXJV7DKT9,THE UNIVERSITY OF CENTRAL FLORIDA BOARD OF TRUSTEES,ORLANDO,FL,2017,National Science Foundation,12652268.0,55
RD7MXJV7DKT9,THE UNIVERSITY OF CENTRAL FLORIDA BOARD OF TRUSTEES,ORLANDO,FL,2018,National Institutes of Health,9672540.0,22
RD7MXJV7DKT9,THE UNIVERSITY OF CENTRAL FLORIDA BOARD OF TRUSTEES,ORLANDO,FL,2018,National Science Foundation,24104192.0,64
RD7MXJV7DKT9,THE UNIVERSITY OF CENTRAL FLORIDA BOARD OF TRUSTEES,ORLANDO,FL,2019,National Institutes of Health,16338213.0,19
RD7MXJV7DKT9,THE UNIVERSITY OF CENTRAL FLORIDA BOARD OF TRUSTEES,ORLANDO,FL,2019,National Science Foundation,38315395.0,64
RD7MXJV7DKT9,THE UNIVERSITY OF CENTRAL FLORIDA BOARD OF TRUSTEES,ORLANDO,FL,2020,National Institutes of Health,14389982.0,24
RD7MXJV7DKT9,THE UNIVERSITY OF CENTRAL FLORIDA BOARD OF TRUSTEES,ORLANDO,FL,2020,National Science Foundation,27780853.0,58
RD7MXJV7DKT9,THE UNIVERSITY OF CENTRAL FLORIDA BOARD OF TRUSTEES,ORLANDO,FL,2021,National Institutes of Health,11803234.16,10
RD7MXJV7DKT9,THE UNIVERSITY OF CENTRAL FLORIDA BOARD OF TRUSTEES,ORLANDO,FL,2021,National Science Foundation,66061491.0,46
RD7MXJV7DKT9,THE UNIVERSITY OF CENTRAL FLORIDA BOARD OF TRUSTEES,ORLANDO,FL,2022,National Institutes of Health,12248574.620000001,14
RD7MXJV7DKT9,THE UNIVERSITY OF CENTRAL FLORIDA BOARD OF TRUSTEES,ORLANDO,FL,2022,National Science Foundation,26392251.0,38
RD7MXJV7DKT9,THE UNIVERSITY OF CENTRAL FLORIDA BOARD OF TRUSTEES,ORLANDO,FL,2023,National Institutes of Health,16888215.57,13
RD7MXJV7DKT9,THE UNIVERSITY OF CENTRAL FLORIDA BOARD OF TRUSTEES,ORLANDO,FL,2023,National Science Foundation,25765165.0,47
RD7MXJV7DKT9,THE UNIVERSITY OF CENTRAL FLORIDA BOARD OF TRUSTEES,ORLANDO,FL,2024,National Institutes of Health,16670159.950000003,13
RD7MXJV7DKT9,THE UNIVERSITY OF CENTRAL FLORIDA BOARD OF TRUSTEES,ORLANDO,FL,2024,National Science Foundation,15860172.0,39
RD7MXJV7DKT9,THE UNIVERSITY OF CENTRAL FLORIDA BOARD OF TRUSTEES,ORLANDO,FL,2025,National Institutes of Health,12976997.379999999,9
RD7MXJV7DKT9,THE UNIVERSITY OF CENTRAL FLORIDA BOARD OF TRUSTEES,ORLANDO,FL,2025,National Science Foundation,21803430.0,35
RD7MXJV7DKT9,THE UNIVERSITY OF CENTRAL FLORIDA BOARD OF TRUSTEES,ORLANDO,FL,2026,National Institutes of Health,10547084.629999999,5
RD7MXJV7DKT9,THE UNIVERSITY OF CENTRAL FLORIDA BOARD OF TRUSTEES,ORLANDO,FL,2026,National Science Foundation,4189544.0,17
RFRPFMNR8LA5,LOYOLA UNIVERSITY OF CHICAGO,MAYWOOD,IL,2016,National Institutes of Health,14199615.0,57
RFRPFMNR8LA5,LOYOLA UNIVERSITY OF CHICAGO,MAYWOOD,IL,2016,National Science Foundation,241380.0,1
RFRPFMNR8LA5,LOYOLA UNIVERSITY OF CHICAGO,MAYWOOD,IL,2017,National Institutes of Health,12339547.0,27
RFRPFMNR8LA5,LOYOLA UNIVERSITY OF CHICAGO,MAYWOOD,IL,2017,National Science Foundation,845228.0,1
RFRPFMNR8LA5,LOYOLA UNIVERSITY OF CHICAGO,MAYWOOD,IL,2018,National Institutes of Health,14841308.0,18
RFRPFMNR8LA5,LOYOLA UNIVERSITY OF CHICAGO,MAYWOOD,IL,2019,National Institutes of Health,16176964.0,15
RFRPFMNR8LA5,LOYOLA UNIVERSITY OF CHICAGO,MAYWOOD,IL,2020,National Institutes of Health,18048448.0,23
RFRPFMNR8LA5,LOYOLA UNIVERSITY OF CHICAGO,MAYWOOD,IL,2020,National Science Foundation,495041.0,2
RFRPFMNR8LA5,LOYOLA UNIVERSITY OF CHICAGO,MAYWOOD,IL,2021,National Institutes of Health,15539838.260000002,8
RFRPFMNR8LA5,LOYOLA UNIVERSITY OF CHICAGO,MAYWOOD,IL,2021,National Science Foundation,146000.0,0
RFRPFMNR8LA5,LOYOLA UNIVERSITY OF CHICAGO,MAYWOOD,IL,2022,National Institutes of Health,21697335.560000002,18
RFRPFMNR8LA5,LOYOLA UNIVERSITY OF CHICAGO,MAYWOOD,IL,2022,National Science Foundation,309984.0,2
RFRPFMNR8LA5,LOYOLA UNIVERSITY OF CHICAGO,MAYWOOD,IL,2023,National Institutes of Health,21723449.05,20
RFRPFMNR8LA5,LOYOLA UNIVERSITY OF CHICAGO,MAYWOOD,IL,2024,National Institutes of Health,19569856.130000003,13
RFRPFMNR8LA5,LOYOLA UNIVERSITY OF CHICAGO,MAYWOOD,IL,2025,National Institutes of Health,26991092.810000002,18
RFRPFMNR8LA5,LOYOLA UNIVERSITY OF CHICAGO,MAYWOOD,IL,2026,National Institutes of Health,17527859.06,11
RN64EPNH8JC6,"UNIVERSITY OF CALIFORNIA, LOS ANGELES",LOS ANGELES,CA,2016,National Institutes of Health,378608844.0,812
RN64EPNH8JC6,"UNIVERSITY OF CALIFORNIA, LOS ANGELES",LOS ANGELES,CA,2016,National Science Foundation,73264711.0,227
RN64EPNH8JC6,"UNIVERSITY OF CALIFORNIA, LOS ANGELES",LOS ANGELES,CA,2017,National Institutes of Health,401168785.0,435
RN64EPNH8JC6,"UNIVERSITY OF CALIFORNIA, LOS ANGELES",LOS ANGELES,CA,2017,National Science Foundation,64241258.0,133
RN64EPNH8JC6,"UNIVERSITY OF CALIFORNIA, LOS ANGELES",LOS ANGELES,CA,2018,National Institutes of Health,409541290.0,281
RN64EPNH8JC6,"UNIVERSITY OF CALIFORNIA, LOS ANGELES",LOS ANGELES,CA,2018,National Science Foundation,65284146.0,127
RN64EPNH8JC6,"UNIVERSITY OF CALIFORNIA, LOS ANGELES",LOS ANGELES,CA,2019,National Institutes of Health,457112221.0,246
RN64EPNH8JC6,"UNIVERSITY OF CALIFORNIA, LOS ANGELES",LOS ANGELES,CA,2019,National Science Foundation,60544872.0,118
RN64EPNH8JC6,"UNIVERSITY OF CALIFORNIA, LOS ANGELES",LOS ANGELES,CA,2020,National Institutes of Health,665227054.0,220
RN64EPNH8JC6,"UNIVERSITY OF CALIFORNIA, LOS ANGELES",LOS ANGELES,CA,2020,National Science Foundation,72079421.0,126
RN64EPNH8JC6,"UNIVERSITY OF CALIFORNIA, LOS ANGELES",LOS ANGELES,CA,2021,National Institutes of Health,555970315.29,233
RN64EPNH8JC6,"UNIVERSITY OF CALIFORNIA, LOS ANGELES",LOS ANGELES,CA,2021,National Science Foundation,65566494.0,100
RN64EPNH8JC6,"UNIVERSITY OF CALIFORNIA, LOS ANGELES",LOS ANGELES,CA,2022,National Institutes of Health,582063593.76,190
RN64EPNH8JC6,"UNIVERSITY OF CALIFORNIA, LOS ANGELES",LOS ANGELES,CA,2022,National Science Foundation,77076080.0,119
RN64EPNH8JC6,"UNIVERSITY OF CALIFORNIA, LOS ANGELES",LOS ANGELES,CA,2023,National Institutes of Health,578261518.5699999,200
RN64EPNH8JC6,"UNIVERSITY OF CALIFORNIA, LOS ANGELES",LOS ANGELES,CA,2023,National Science Foundation,57643944.0,112
RN64EPNH8JC6,"UNIVERSITY OF CALIFORNIA, LOS ANGELES",LOS ANGELES,CA,2024,National Institutes of Health,493559669.53,197
RN64EPNH8JC6,"UNIVERSITY OF CALIFORNIA, LOS ANGELES",LOS ANGELES,CA,2024,National Science Foundation,69127290.0,96
RN64EPNH8JC6,"UNIVERSITY OF CALIFORNIA, LOS ANGELES",LOS ANGELES,CA,2025,National Institutes of Health,503700852.62000006,169
RN64EPNH8JC6,"UNIVERSITY OF CALIFORNIA, LOS ANGELES",LOS ANGELES,CA,2025,National Science Foundation,19481467.0,58
RN64EPNH8JC6,"UNIVERSITY OF CALIFORNIA, LOS ANGELES",LOS ANGELES,CA,2026,National Institutes of Health,267270625.87000006,149
RN64EPNH8JC6,"UNIVERSITY OF CALIFORNIA, LOS ANGELES",LOS ANGELES,CA,2026,National Science Foundation,46098091.0,49
RNKYWXURFRL5,UNIVERSITY OF MARYLAND BALTIMORE COUNTY,BALTIMORE,MD,2016,National Institutes of Health,9582082.0,21
RNKYWXURFRL5,UNIVERSITY OF MARYLAND BALTIMORE COUNTY,BALTIMORE,MD,2016,National Science Foundation,12739341.0,36
RNKYWXURFRL5,UNIVERSITY OF MARYLAND BALTIMORE COUNTY,BALTIMORE,MD,2017,National Institutes of Health,8859725.0,12
RNKYWXURFRL5,UNIVERSITY OF MARYLAND BALTIMORE COUNTY,BALTIMORE,MD,2017,National Science Foundation,10154663.0,31
RNKYWXURFRL5,UNIVERSITY OF MARYLAND BALTIMORE COUNTY,BALTIMORE,MD,2018,National Institutes of Health,8243315.0,8
RNKYWXURFRL5,UNIVERSITY OF MARYLAND BALTIMORE COUNTY,BALTIMORE,MD,2018,National Science Foundation,13934521.0,33
RNKYWXURFRL5,UNIVERSITY OF MARYLAND BALTIMORE COUNTY,BALTIMORE,MD,2019,National Institutes of Health,6369904.0,9
RNKYWXURFRL5,UNIVERSITY OF MARYLAND BALTIMORE COUNTY,BALTIMORE,MD,2019,National Science Foundation,10620990.0,30
RNKYWXURFRL5,UNIVERSITY OF MARYLAND BALTIMORE COUNTY,BALTIMORE,MD,2020,National Institutes of Health,7745453.0,6
RNKYWXURFRL5,UNIVERSITY OF MARYLAND BALTIMORE COUNTY,BALTIMORE,MD,2020,National Science Foundation,11447553.0,24
RNKYWXURFRL5,UNIVERSITY OF MARYLAND BALTIMORE COUNTY,BALTIMORE,MD,2021,National Institutes of Health,4460472.0,2
RNKYWXURFRL5,UNIVERSITY OF MARYLAND BALTIMORE COUNTY,BALTIMORE,MD,2021,National Science Foundation,12707385.0,18
RNKYWXURFRL5,UNIVERSITY OF MARYLAND BALTIMORE COUNTY,BALTIMORE,MD,2022,National Institutes of Health,8379743.739999999,5
RNKYWXURFRL5,UNIVERSITY OF MARYLAND BALTIMORE COUNTY,BALTIMORE,MD,2022,National Science Foundation,17289932.0,18
RNKYWXURFRL5,UNIVERSITY OF MARYLAND BALTIMORE COUNTY,BALTIMORE,MD,2023,National Institutes of Health,8807503.91,4
RNKYWXURFRL5,UNIVERSITY OF MARYLAND BALTIMORE COUNTY,BALTIMORE,MD,2023,National Science Foundation,15781200.0,28
RNKYWXURFRL5,UNIVERSITY OF MARYLAND BALTIMORE COUNTY,BALTIMORE,MD,2024,National Institutes of Health,7778794.17,6
RNKYWXURFRL5,UNIVERSITY OF MARYLAND BALTIMORE COUNTY,BALTIMORE,MD,2024,National Science Foundation,17989066.0,25
RNKYWXURFRL5,UNIVERSITY OF MARYLAND BALTIMORE COUNTY,BALTIMORE,MD,2025,National Institutes of Health,7700639.4,2
RNKYWXURFRL5,UNIVERSITY OF MARYLAND BALTIMORE COUNTY,BALTIMORE,MD,2025,National Science Foundation,12271149.0,17
RNKYWXURFRL5,UNIVERSITY OF MARYLAND BALTIMORE COUNTY,BALTIMORE,MD,2026,National Institutes of Health,5823261.03,4
RNKYWXURFRL5,UNIVERSITY OF MARYLAND BALTIMORE COUNTY,BALTIMORE,MD,2026,National Science Foundation,1821447.0,6
RQMFJGDTQ5V3,UNIVERSITY OF MIAMI,MIAMI,FL,2016,National Institutes of Health,7920285.0,22
RQMFJGDTQ5V3,UNIVERSITY OF MIAMI,MIAMI,FL,2016,National Science Foundation,4694090.0,19
RQMFJGDTQ5V3,UNIVERSITY OF MIAMI,MIAMI,FL,2017,National Institutes of Health,4440174.0,11
RQMFJGDTQ5V3,UNIVERSITY OF MIAMI,MIAMI,FL,2017,National Science Foundation,4307146.0,17
RQMFJGDTQ5V3,UNIVERSITY OF MIAMI,MIAMI,FL,2018,National Institutes of Health,6983169.0,12
RQMFJGDTQ5V3,UNIVERSITY OF MIAMI,MIAMI,FL,2018,National Science Foundation,2003075.0,11
RQMFJGDTQ5V3,UNIVERSITY OF MIAMI,MIAMI,FL,2019,National Institutes of Health,11295687.0,11
RQMFJGDTQ5V3,UNIVERSITY OF MIAMI,MIAMI,FL,2019,National Science Foundation,4301525.0,17
RQMFJGDTQ5V3,UNIVERSITY OF MIAMI,MIAMI,FL,2020,National Institutes of Health,10415365.0,8
RQMFJGDTQ5V3,UNIVERSITY OF MIAMI,MIAMI,FL,2020,National Science Foundation,4887576.0,18
RQMFJGDTQ5V3,UNIVERSITY OF MIAMI,MIAMI,FL,2021,National Institutes of Health,14114870.01,6
RQMFJGDTQ5V3,UNIVERSITY OF MIAMI,MIAMI,FL,2021,National Science Foundation,5474347.0,10
RQMFJGDTQ5V3,UNIVERSITY OF MIAMI,MIAMI,FL,2022,National Institutes of Health,14571475.249999998,11
RQMFJGDTQ5V3,UNIVERSITY OF MIAMI,MIAMI,FL,2022,National Science Foundation,6600435.0,17
RQMFJGDTQ5V3,UNIVERSITY OF MIAMI,MIAMI,FL,2023,National Institutes of Health,18311089.5,14
RQMFJGDTQ5V3,UNIVERSITY OF MIAMI,MIAMI,FL,2023,National Science Foundation,6212209.0,14
RQMFJGDTQ5V3,UNIVERSITY OF MIAMI,MIAMI,FL,2024,National Institutes of Health,22217695.68,13
RQMFJGDTQ5V3,UNIVERSITY OF MIAMI,MIAMI,FL,2024,National Science Foundation,11615564.0,27
RQMFJGDTQ5V3,UNIVERSITY OF MIAMI,MIAMI,FL,2025,National Institutes of Health,23630570.1,9
RQMFJGDTQ5V3,UNIVERSITY OF MIAMI,MIAMI,FL,2025,National Science Foundation,6513241.0,13
RQMFJGDTQ5V3,UNIVERSITY OF MIAMI,MIAMI,FL,2026,National Institutes of Health,16864909.759999998,6
RQMFJGDTQ5V3,UNIVERSITY OF MIAMI,MIAMI,FL,2026,National Science Foundation,6301330.0,9
RRCZRDT5DHP1,"JAEB CENTER FOR HEALTH RESEARCH FOUNDATION, INC.",TAMPA,FL,2016,National Institutes of Health,9824494.0,3
RRCZRDT5DHP1,"JAEB CENTER FOR HEALTH RESEARCH FOUNDATION, INC.",TAMPA,FL,2017,National Institutes of Health,9463482.0,3
RRCZRDT5DHP1,"JAEB CENTER FOR HEALTH RESEARCH FOUNDATION, INC.",TAMPA,FL,2018,National Institutes of Health,13356557.0,0
RRCZRDT5DHP1,"JAEB CENTER FOR HEALTH RESEARCH FOUNDATION, INC.",TAMPA,FL,2019,National Institutes of Health,15307625.0,4
RRCZRDT5DHP1,"JAEB CENTER FOR HEALTH RESEARCH FOUNDATION, INC.",TAMPA,FL,2020,National Institutes of Health,16635090.0,0
RRCZRDT5DHP1,"JAEB CENTER FOR HEALTH RESEARCH FOUNDATION, INC.",TAMPA,FL,2021,National Institutes of Health,18529631.0,1
RRCZRDT5DHP1,"JAEB CENTER FOR HEALTH RESEARCH FOUNDATION, INC.",TAMPA,FL,2022,National Institutes of Health,15502233.719999999,0
RRCZRDT5DHP1,"JAEB CENTER FOR HEALTH RESEARCH FOUNDATION, INC.",TAMPA,FL,2023,National Institutes of Health,13795467.62,0
RRCZRDT5DHP1,"JAEB CENTER FOR HEALTH RESEARCH FOUNDATION, INC.",TAMPA,FL,2024,National Institutes of Health,15434529.000000002,0
RRCZRDT5DHP1,"JAEB CENTER FOR HEALTH RESEARCH FOUNDATION, INC.",TAMPA,FL,2025,National Institutes of Health,21288218.0,1
RRCZRDT5DHP1,"JAEB CENTER FOR HEALTH RESEARCH FOUNDATION, INC.",TAMPA,FL,2026,National Institutes of Health,18175389.0,0
RSWNKK6J8CF3,UNIVERSITY OF NORTH DAKOTA,GRAND FORKS,ND,2016,National Institutes of Health,12613625.0,17
RSWNKK6J8CF3,UNIVERSITY OF NORTH DAKOTA,GRAND FORKS,ND,2016,National Science Foundation,3248907.0,13
RSWNKK6J8CF3,UNIVERSITY OF NORTH DAKOTA,GRAND FORKS,ND,2017,National Institutes of Health,10993759.0,12
RSWNKK6J8CF3,UNIVERSITY OF NORTH DAKOTA,GRAND FORKS,ND,2017,National Science Foundation,1793017.0,6
RSWNKK6J8CF3,UNIVERSITY OF NORTH DAKOTA,GRAND FORKS,ND,2018,National Institutes of Health,12644755.0,8
RSWNKK6J8CF3,UNIVERSITY OF NORTH DAKOTA,GRAND FORKS,ND,2018,National Science Foundation,2439924.0,7
RSWNKK6J8CF3,UNIVERSITY OF NORTH DAKOTA,GRAND FORKS,ND,2019,National Institutes of Health,12561663.0,5
RSWNKK6J8CF3,UNIVERSITY OF NORTH DAKOTA,GRAND FORKS,ND,2019,National Science Foundation,2607190.0,10
RSWNKK6J8CF3,UNIVERSITY OF NORTH DAKOTA,GRAND FORKS,ND,2020,National Institutes of Health,17189146.0,6
RSWNKK6J8CF3,UNIVERSITY OF NORTH DAKOTA,GRAND FORKS,ND,2020,National Science Foundation,2486827.0,5
RSWNKK6J8CF3,UNIVERSITY OF NORTH DAKOTA,GRAND FORKS,ND,2021,National Institutes of Health,21913455.14,6
RSWNKK6J8CF3,UNIVERSITY OF NORTH DAKOTA,GRAND FORKS,ND,2021,National Science Foundation,1959597.0,5
RSWNKK6J8CF3,UNIVERSITY OF NORTH DAKOTA,GRAND FORKS,ND,2022,National Institutes of Health,18087313.93,4
RSWNKK6J8CF3,UNIVERSITY OF NORTH DAKOTA,GRAND FORKS,ND,2022,National Science Foundation,3536722.0,7
RSWNKK6J8CF3,UNIVERSITY OF NORTH DAKOTA,GRAND FORKS,ND,2023,National Institutes of Health,18257535.35,7
RSWNKK6J8CF3,UNIVERSITY OF NORTH DAKOTA,GRAND FORKS,ND,2023,National Science Foundation,6448281.0,13
RSWNKK6J8CF3,UNIVERSITY OF NORTH DAKOTA,GRAND FORKS,ND,2024,National Institutes of Health,9119014.12,7
RSWNKK6J8CF3,UNIVERSITY OF NORTH DAKOTA,GRAND FORKS,ND,2024,National Science Foundation,4091718.0,6
RSWNKK6J8CF3,UNIVERSITY OF NORTH DAKOTA,GRAND FORKS,ND,2025,National Institutes of Health,9808542.32,1
RSWNKK6J8CF3,UNIVERSITY OF NORTH DAKOTA,GRAND FORKS,ND,2025,National Science Foundation,10553464.0,13
RSWNKK6J8CF3,UNIVERSITY OF NORTH DAKOTA,GRAND FORKS,ND,2026,National Institutes of Health,8601394.59,3
RSWNKK6J8CF3,UNIVERSITY OF NORTH DAKOTA,GRAND FORKS,ND,2026,National Science Foundation,901292.0,2
RZZ8BMQ47KX3,DELAWARE STATE UNIVERSITY,DOVER,DE,2016,National Institutes of Health,2350879.0,5
RZZ8BMQ47KX3,DELAWARE STATE UNIVERSITY,DOVER,DE,2016,National Science Foundation,1477356.0,7
RZZ8BMQ47KX3,DELAWARE STATE UNIVERSITY,DOVER,DE,2017,National Institutes of Health,2436232.0,1
RZZ8BMQ47KX3,DELAWARE STATE UNIVERSITY,DOVER,DE,2017,National Science Foundation,2552880.0,9
RZZ8BMQ47KX3,DELAWARE STATE UNIVERSITY,DOVER,DE,2018,National Institutes of Health,3838424.0,2
RZZ8BMQ47KX3,DELAWARE STATE UNIVERSITY,DOVER,DE,2018,National Science Foundation,1247855.0,5
RZZ8BMQ47KX3,DELAWARE STATE UNIVERSITY,DOVER,DE,2019,National Institutes of Health,2880801.0,0
RZZ8BMQ47KX3,DELAWARE STATE UNIVERSITY,DOVER,DE,2019,National Science Foundation,1897809.0,5
RZZ8BMQ47KX3,DELAWARE STATE UNIVERSITY,DOVER,DE,2020,National Institutes of Health,4135659.0,3
RZZ8BMQ47KX3,DELAWARE STATE UNIVERSITY,DOVER,DE,2020,National Science Foundation,2419381.0,5
RZZ8BMQ47KX3,DELAWARE STATE UNIVERSITY,DOVER,DE,2021,National Institutes of Health,4404430.0,1
RZZ8BMQ47KX3,DELAWARE STATE UNIVERSITY,DOVER,DE,2021,National Science Foundation,4014716.0,5
RZZ8BMQ47KX3,DELAWARE STATE UNIVERSITY,DOVER,DE,2022,National Institutes of Health,8906633.0,8
RZZ8BMQ47KX3,DELAWARE STATE UNIVERSITY,DOVER,DE,2022,National Science Foundation,2185900.0,4
RZZ8BMQ47KX3,DELAWARE STATE UNIVERSITY,DOVER,DE,2023,National Institutes of Health,6628413.04,0
RZZ8BMQ47KX3,DELAWARE STATE UNIVERSITY,DOVER,DE,2023,National Science Foundation,973785.0,4
RZZ8BMQ47KX3,DELAWARE STATE UNIVERSITY,DOVER,DE,2024,National Institutes of Health,7187582.7299999995,2
RZZ8BMQ47KX3,DELAWARE STATE UNIVERSITY,DOVER,DE,2024,National Science Foundation,4004388.0,6
RZZ8BMQ47KX3,DELAWARE STATE UNIVERSITY,DOVER,DE,2025,National Institutes of Health,6065092.0,0
RZZ8BMQ47KX3,DELAWARE STATE UNIVERSITY,DOVER,DE,2025,National Science Foundation,1580890.0,4
RZZ8BMQ47KX3,DELAWARE STATE UNIVERSITY,DOVER,DE,2026,National Institutes of Health,4252115.1,0
RZZ8BMQ47KX3,DELAWARE STATE UNIVERSITY,DOVER,DE,2026,National Science Foundation,0.0,0
S352L5PJLMP8,EMORY UNIVERSITY,ATLANTA,GA,2016,National Institutes of Health,293452364.0,656
S352L5PJLMP8,EMORY UNIVERSITY,ATLANTA,GA,2016,National Science Foundation,13605668.0,48
S352L5PJLMP8,EMORY UNIVERSITY,ATLANTA,GA,2017,National Institutes of Health,303398480.0,336
S352L5PJLMP8,EMORY UNIVERSITY,ATLANTA,GA,2017,National Science Foundation,11846927.0,24
S352L5PJLMP8,EMORY UNIVERSITY,ATLANTA,GA,2018,National Institutes of Health,326621337.0,232
S352L5PJLMP8,EMORY UNIVERSITY,ATLANTA,GA,2018,National Science Foundation,18341548.0,37
S352L5PJLMP8,EMORY UNIVERSITY,ATLANTA,GA,2019,National Institutes of Health,365101294.0,203
S352L5PJLMP8,EMORY UNIVERSITY,ATLANTA,GA,2019,National Science Foundation,13535799.0,25
S352L5PJLMP8,EMORY UNIVERSITY,ATLANTA,GA,2020,National Institutes of Health,478104594.0,228
S352L5PJLMP8,EMORY UNIVERSITY,ATLANTA,GA,2020,National Science Foundation,15622918.0,37
S352L5PJLMP8,EMORY UNIVERSITY,ATLANTA,GA,2021,National Institutes of Health,457108983.12999994,221
S352L5PJLMP8,EMORY UNIVERSITY,ATLANTA,GA,2021,National Science Foundation,15404557.0,26
S352L5PJLMP8,EMORY UNIVERSITY,ATLANTA,GA,2022,National Institutes of Health,553556107.9299998,235
S352L5PJLMP8,EMORY UNIVERSITY,ATLANTA,GA,2022,National Science Foundation,8244102.0,21
S352L5PJLMP8,EMORY UNIVERSITY,ATLANTA,GA,2023,National Institutes of Health,499742992.25,253
S352L5PJLMP8,EMORY UNIVERSITY,ATLANTA,GA,2023,National Science Foundation,27113919.0,39
S352L5PJLMP8,EMORY UNIVERSITY,ATLANTA,GA,2024,National Institutes of Health,466583637.46000004,241
S352L5PJLMP8,EMORY UNIVERSITY,ATLANTA,GA,2024,National Science Foundation,14318323.0,32
S352L5PJLMP8,EMORY UNIVERSITY,ATLANTA,GA,2025,National Institutes of Health,473668510.1999999,193
S352L5PJLMP8,EMORY UNIVERSITY,ATLANTA,GA,2025,National Science Foundation,13755046.0,27
S352L5PJLMP8,EMORY UNIVERSITY,ATLANTA,GA,2026,National Institutes of Health,383937424.11999995,163
S352L5PJLMP8,EMORY UNIVERSITY,ATLANTA,GA,2026,National Science Foundation,3469382.0,9
S3GMKS8ELA16,THE UNIVERISTY OF TEXAS M.D. ANDERSON CANCER CENTER,HOUSTON,TX,2016,National Institutes of Health,119380340.0,254
S3GMKS8ELA16,THE UNIVERISTY OF TEXAS M.D. ANDERSON CANCER CENTER,HOUSTON,TX,2016,National Science Foundation,64419.0,1
S3GMKS8ELA16,THE UNIVERISTY OF TEXAS M.D. ANDERSON CANCER CENTER,HOUSTON,TX,2017,National Institutes of Health,143609989.0,154
S3GMKS8ELA16,THE UNIVERISTY OF TEXAS M.D. ANDERSON CANCER CENTER,HOUSTON,TX,2017,National Science Foundation,841351.0,4
S3GMKS8ELA16,THE UNIVERISTY OF TEXAS M.D. ANDERSON CANCER CENTER,HOUSTON,TX,2018,National Institutes of Health,143163318.0,117
S3GMKS8ELA16,THE UNIVERISTY OF TEXAS M.D. ANDERSON CANCER CENTER,HOUSTON,TX,2018,National Science Foundation,331164.0,3
S3GMKS8ELA16,THE UNIVERISTY OF TEXAS M.D. ANDERSON CANCER CENTER,HOUSTON,TX,2019,National Institutes of Health,159820532.0,79
S3GMKS8ELA16,THE UNIVERISTY OF TEXAS M.D. ANDERSON CANCER CENTER,HOUSTON,TX,2019,National Science Foundation,755755.0,4
S3GMKS8ELA16,THE UNIVERISTY OF TEXAS M.D. ANDERSON CANCER CENTER,HOUSTON,TX,2020,National Institutes of Health,170702051.0,82
S3GMKS8ELA16,THE UNIVERISTY OF TEXAS M.D. ANDERSON CANCER CENTER,HOUSTON,TX,2020,National Science Foundation,1632596.0,3
S3GMKS8ELA16,THE UNIVERISTY OF TEXAS M.D. ANDERSON CANCER CENTER,HOUSTON,TX,2021,National Institutes of Health,168123773.37,98
S3GMKS8ELA16,THE UNIVERISTY OF TEXAS M.D. ANDERSON CANCER CENTER,HOUSTON,TX,2021,National Science Foundation,859190.0,3
S3GMKS8ELA16,THE UNIVERISTY OF TEXAS M.D. ANDERSON CANCER CENTER,HOUSTON,TX,2022,National Institutes of Health,176406262.25,87
S3GMKS8ELA16,THE UNIVERISTY OF TEXAS M.D. ANDERSON CANCER CENTER,HOUSTON,TX,2022,National Science Foundation,334477.0,1
S3GMKS8ELA16,THE UNIVERISTY OF TEXAS M.D. ANDERSON CANCER CENTER,HOUSTON,TX,2023,National Institutes of Health,186385374.17999995,90
S3GMKS8ELA16,THE UNIVERISTY OF TEXAS M.D. ANDERSON CANCER CENTER,HOUSTON,TX,2024,National Institutes of Health,188883850.83999997,79
S3GMKS8ELA16,THE UNIVERISTY OF TEXAS M.D. ANDERSON CANCER CENTER,HOUSTON,TX,2024,National Science Foundation,0.0,0
S3GMKS8ELA16,THE UNIVERISTY OF TEXAS M.D. ANDERSON CANCER CENTER,HOUSTON,TX,2025,National Institutes of Health,217089161.71000004,75
S3GMKS8ELA16,THE UNIVERISTY OF TEXAS M.D. ANDERSON CANCER CENTER,HOUSTON,TX,2026,National Institutes of Health,139214806.29,63
SB35ENJFKK14,BANNER HEALTH,PHOENIX,AZ,2016,National Institutes of Health,-64993.0,1
SB35ENJFKK14,BANNER HEALTH,PHOENIX,AZ,2017,National Institutes of Health,1870269.0,3
SB35ENJFKK14,BANNER HEALTH,PHOENIX,AZ,2018,National Institutes of Health,7882200.0,2
SB35ENJFKK14,BANNER HEALTH,PHOENIX,AZ,2019,National Institutes of Health,1458714.0,1
SB35ENJFKK14,BANNER HEALTH,PHOENIX,AZ,2020,National Institutes of Health,10239428.0,1
SB35ENJFKK14,BANNER HEALTH,PHOENIX,AZ,2021,National Institutes of Health,12740218.0,2
SB35ENJFKK14,BANNER HEALTH,PHOENIX,AZ,2022,National Institutes of Health,26776300.0,1
SB35ENJFKK14,BANNER HEALTH,PHOENIX,AZ,2023,National Institutes of Health,8323722.0,1
SB35ENJFKK14,BANNER HEALTH,PHOENIX,AZ,2024,National Institutes of Health,15787914.05,1
SB35ENJFKK14,BANNER HEALTH,PHOENIX,AZ,2025,National Institutes of Health,26167405.53,1
SB35ENJFKK14,BANNER HEALTH,PHOENIX,AZ,2026,National Institutes of Health,-683065.2299999999,0
SGBMHQ7VXNH5,NEW JERSEY INSTITUTE OF TECHNOLOGY,NEWARK,NJ,2016,National Institutes of Health,2119956.0,7
SGBMHQ7VXNH5,NEW JERSEY INSTITUTE OF TECHNOLOGY,NEWARK,NJ,2016,National Science Foundation,12337590.0,50
SGBMHQ7VXNH5,NEW JERSEY INSTITUTE OF TECHNOLOGY,NEWARK,NJ,2017,National Institutes of Health,3231110.0,9
SGBMHQ7VXNH5,NEW JERSEY INSTITUTE OF TECHNOLOGY,NEWARK,NJ,2017,National Science Foundation,7669158.0,35
SGBMHQ7VXNH5,NEW JERSEY INSTITUTE OF TECHNOLOGY,NEWARK,NJ,2018,National Institutes of Health,2096289.0,4
SGBMHQ7VXNH5,NEW JERSEY INSTITUTE OF TECHNOLOGY,NEWARK,NJ,2018,National Science Foundation,14857631.0,42
SGBMHQ7VXNH5,NEW JERSEY INSTITUTE OF TECHNOLOGY,NEWARK,NJ,2019,National Institutes of Health,2581243.0,3
SGBMHQ7VXNH5,NEW JERSEY INSTITUTE OF TECHNOLOGY,NEWARK,NJ,2019,National Science Foundation,12077101.0,30
SGBMHQ7VXNH5,NEW JERSEY INSTITUTE OF TECHNOLOGY,NEWARK,NJ,2020,National Institutes of Health,2132011.0,4
SGBMHQ7VXNH5,NEW JERSEY INSTITUTE OF TECHNOLOGY,NEWARK,NJ,2020,National Science Foundation,8438094.0,39
SGBMHQ7VXNH5,NEW JERSEY INSTITUTE OF TECHNOLOGY,NEWARK,NJ,2021,National Institutes of Health,4239980.77,8
SGBMHQ7VXNH5,NEW JERSEY INSTITUTE OF TECHNOLOGY,NEWARK,NJ,2021,National Science Foundation,14566296.0,36
SGBMHQ7VXNH5,NEW JERSEY INSTITUTE OF TECHNOLOGY,NEWARK,NJ,2022,National Institutes of Health,8234192.17,11
SGBMHQ7VXNH5,NEW JERSEY INSTITUTE OF TECHNOLOGY,NEWARK,NJ,2022,National Science Foundation,18384492.0,53
SGBMHQ7VXNH5,NEW JERSEY INSTITUTE OF TECHNOLOGY,NEWARK,NJ,2023,National Institutes of Health,2865402.15,3
SGBMHQ7VXNH5,NEW JERSEY INSTITUTE OF TECHNOLOGY,NEWARK,NJ,2023,National Science Foundation,23691641.0,35
SGBMHQ7VXNH5,NEW JERSEY INSTITUTE OF TECHNOLOGY,NEWARK,NJ,2024,National Institutes of Health,4704120.2,3
SGBMHQ7VXNH5,NEW JERSEY INSTITUTE OF TECHNOLOGY,NEWARK,NJ,2024,National Science Foundation,18894464.0,37
SGBMHQ7VXNH5,NEW JERSEY INSTITUTE OF TECHNOLOGY,NEWARK,NJ,2025,National Institutes of Health,5279552.17,3
SGBMHQ7VXNH5,NEW JERSEY INSTITUTE OF TECHNOLOGY,NEWARK,NJ,2025,National Science Foundation,19111725.0,37
SGBMHQ7VXNH5,NEW JERSEY INSTITUTE OF TECHNOLOGY,NEWARK,NJ,2026,National Institutes of Health,5972451.37,6
SGBMHQ7VXNH5,NEW JERSEY INSTITUTE OF TECHNOLOGY,NEWARK,NJ,2026,National Science Foundation,5180630.0,9
SHHBRBAPSM35,TRUSTEES OF INDIANA UNIVERSITY,INDIANAPOLIS,IN,2016,National Institutes of Health,130034093.0,333
SHHBRBAPSM35,TRUSTEES OF INDIANA UNIVERSITY,INDIANAPOLIS,IN,2017,National Institutes of Health,150527271.0,190
SHHBRBAPSM35,TRUSTEES OF INDIANA UNIVERSITY,INDIANAPOLIS,IN,2018,National Institutes of Health,164018633.0,132
SHHBRBAPSM35,TRUSTEES OF INDIANA UNIVERSITY,INDIANAPOLIS,IN,2019,National Institutes of Health,211813678.0,128
SHHBRBAPSM35,TRUSTEES OF INDIANA UNIVERSITY,INDIANAPOLIS,IN,2020,National Institutes of Health,228063437.0,112
SHHBRBAPSM35,TRUSTEES OF INDIANA UNIVERSITY,INDIANAPOLIS,IN,2021,National Institutes of Health,224549775.53000003,101
SHHBRBAPSM35,TRUSTEES OF INDIANA UNIVERSITY,INDIANAPOLIS,IN,2022,National Institutes of Health,225862240.89000005,137
SHHBRBAPSM35,TRUSTEES OF INDIANA UNIVERSITY,INDIANAPOLIS,IN,2023,National Institutes of Health,257507152.96,121
SHHBRBAPSM35,TRUSTEES OF INDIANA UNIVERSITY,INDIANAPOLIS,IN,2024,National Institutes of Health,245116626.08999997,110
SHHBRBAPSM35,TRUSTEES OF INDIANA UNIVERSITY,INDIANAPOLIS,IN,2025,National Institutes of Health,238105435.06,91
SHHBRBAPSM35,TRUSTEES OF INDIANA UNIVERSITY,INDIANAPOLIS,IN,2026,National Institutes of Health,186677150.82000002,75
SKG7TLUN8JH6,"ECOG-ACRIN MEDICAL RESEARCH FOUNDATION, INC.",PHILADELPHIA,PA,2016,National Institutes of Health,19759934.0,4
SKG7TLUN8JH6,"ECOG-ACRIN MEDICAL RESEARCH FOUNDATION, INC.",PHILADELPHIA,PA,2017,National Institutes of Health,27635103.0,0
SKG7TLUN8JH6,"ECOG-ACRIN MEDICAL RESEARCH FOUNDATION, INC.",PHILADELPHIA,PA,2018,National Institutes of Health,40507077.0,0
SKG7TLUN8JH6,"ECOG-ACRIN MEDICAL RESEARCH FOUNDATION, INC.",PHILADELPHIA,PA,2019,National Institutes of Health,35626613.0,0
SKG7TLUN8JH6,"ECOG-ACRIN MEDICAL RESEARCH FOUNDATION, INC.",PHILADELPHIA,PA,2020,National Institutes of Health,31012497.0,0
SKG7TLUN8JH6,"ECOG-ACRIN MEDICAL RESEARCH FOUNDATION, INC.",PHILADELPHIA,PA,2021,National Institutes of Health,24637109.5,0
SKG7TLUN8JH6,"ECOG-ACRIN MEDICAL RESEARCH FOUNDATION, INC.",PHILADELPHIA,PA,2022,National Institutes of Health,45470486.66,1
SKG7TLUN8JH6,"ECOG-ACRIN MEDICAL RESEARCH FOUNDATION, INC.",PHILADELPHIA,PA,2023,National Institutes of Health,40912511.0,0
SKG7TLUN8JH6,"ECOG-ACRIN MEDICAL RESEARCH FOUNDATION, INC.",PHILADELPHIA,PA,2024,National Institutes of Health,33227127.0,0
SKG7TLUN8JH6,"ECOG-ACRIN MEDICAL RESEARCH FOUNDATION, INC.",PHILADELPHIA,PA,2025,National Institutes of Health,35740705.0,0
SKG7TLUN8JH6,"ECOG-ACRIN MEDICAL RESEARCH FOUNDATION, INC.",PHILADELPHIA,PA,2026,National Institutes of Health,714553.6000000006,0
SKH5GMBR9GL3,NORTH CAROLINA AGRICULTURAL AND TECHNICAL STATE UNIVERSITY,GREENSBORO,NC,2016,National Institutes of Health,1625801.0,6
SKH5GMBR9GL3,NORTH CAROLINA AGRICULTURAL AND TECHNICAL STATE UNIVERSITY,GREENSBORO,NC,2016,National Science Foundation,11506570.0,40
SKH5GMBR9GL3,NORTH CAROLINA AGRICULTURAL AND TECHNICAL STATE UNIVERSITY,GREENSBORO,NC,2017,National Institutes of Health,1630296.0,1
SKH5GMBR9GL3,NORTH CAROLINA AGRICULTURAL AND TECHNICAL STATE UNIVERSITY,GREENSBORO,NC,2017,National Science Foundation,14791658.0,15
SKH5GMBR9GL3,NORTH CAROLINA AGRICULTURAL AND TECHNICAL STATE UNIVERSITY,GREENSBORO,NC,2018,National Institutes of Health,1786096.0,5
SKH5GMBR9GL3,NORTH CAROLINA AGRICULTURAL AND TECHNICAL STATE UNIVERSITY,GREENSBORO,NC,2018,National Science Foundation,10071485.0,21
SKH5GMBR9GL3,NORTH CAROLINA AGRICULTURAL AND TECHNICAL STATE UNIVERSITY,GREENSBORO,NC,2019,National Institutes of Health,1791677.0,1
SKH5GMBR9GL3,NORTH CAROLINA AGRICULTURAL AND TECHNICAL STATE UNIVERSITY,GREENSBORO,NC,2019,National Science Foundation,7734124.0,21
SKH5GMBR9GL3,NORTH CAROLINA AGRICULTURAL AND TECHNICAL STATE UNIVERSITY,GREENSBORO,NC,2020,National Institutes of Health,1861409.0,2
SKH5GMBR9GL3,NORTH CAROLINA AGRICULTURAL AND TECHNICAL STATE UNIVERSITY,GREENSBORO,NC,2020,National Science Foundation,11596986.0,21
SKH5GMBR9GL3,NORTH CAROLINA AGRICULTURAL AND TECHNICAL STATE UNIVERSITY,GREENSBORO,NC,2021,National Institutes of Health,7996910.290000001,7
SKH5GMBR9GL3,NORTH CAROLINA AGRICULTURAL AND TECHNICAL STATE UNIVERSITY,GREENSBORO,NC,2021,National Science Foundation,13295441.0,28
SKH5GMBR9GL3,NORTH CAROLINA AGRICULTURAL AND TECHNICAL STATE UNIVERSITY,GREENSBORO,NC,2022,National Institutes of Health,3726891.8200000003,4
SKH5GMBR9GL3,NORTH CAROLINA AGRICULTURAL AND TECHNICAL STATE UNIVERSITY,GREENSBORO,NC,2022,National Science Foundation,10173782.0,21
SKH5GMBR9GL3,NORTH CAROLINA AGRICULTURAL AND TECHNICAL STATE UNIVERSITY,GREENSBORO,NC,2023,National Institutes of Health,4648175.4399999995,5
SKH5GMBR9GL3,NORTH CAROLINA AGRICULTURAL AND TECHNICAL STATE UNIVERSITY,GREENSBORO,NC,2023,National Science Foundation,13213275.0,18
SKH5GMBR9GL3,NORTH CAROLINA AGRICULTURAL AND TECHNICAL STATE UNIVERSITY,GREENSBORO,NC,2024,National Institutes of Health,6583510.75,5
SKH5GMBR9GL3,NORTH CAROLINA AGRICULTURAL AND TECHNICAL STATE UNIVERSITY,GREENSBORO,NC,2024,National Science Foundation,8508793.0,15
SKH5GMBR9GL3,NORTH CAROLINA AGRICULTURAL AND TECHNICAL STATE UNIVERSITY,GREENSBORO,NC,2025,National Institutes of Health,5837112.010000001,3
SKH5GMBR9GL3,NORTH CAROLINA AGRICULTURAL AND TECHNICAL STATE UNIVERSITY,GREENSBORO,NC,2025,National Science Foundation,10200059.0,12
SKH5GMBR9GL3,NORTH CAROLINA AGRICULTURAL AND TECHNICAL STATE UNIVERSITY,GREENSBORO,NC,2026,National Institutes of Health,8954833.89,3
SKH5GMBR9GL3,NORTH CAROLINA AGRICULTURAL AND TECHNICAL STATE UNIVERSITY,GREENSBORO,NC,2026,National Science Foundation,1999524.0,5
SKX6AXF9ZTM3,DIGNITY HEALTH,SAN FRANCISCO,CA,2016,National Institutes of Health,5360778.0,11
SKX6AXF9ZTM3,DIGNITY HEALTH,SAN FRANCISCO,CA,2017,National Institutes of Health,3933111.0,6
SKX6AXF9ZTM3,DIGNITY HEALTH,SAN FRANCISCO,CA,2018,National Institutes of Health,5230609.0,5
SKX6AXF9ZTM3,DIGNITY HEALTH,SAN FRANCISCO,CA,2018,National Science Foundation,150000.0,1
SKX6AXF9ZTM3,DIGNITY HEALTH,SAN FRANCISCO,CA,2019,National Institutes of Health,5130193.0,3
SKX6AXF9ZTM3,DIGNITY HEALTH,SAN FRANCISCO,CA,2019,National Science Foundation,-125356.0,0
SKX6AXF9ZTM3,DIGNITY HEALTH,SAN FRANCISCO,CA,2020,National Institutes of Health,12290157.0,9
SKX6AXF9ZTM3,DIGNITY HEALTH,SAN FRANCISCO,CA,2021,National Institutes of Health,9187830.93,7
SKX6AXF9ZTM3,DIGNITY HEALTH,SAN FRANCISCO,CA,2022,National Institutes of Health,9267776.469999999,9
SKX6AXF9ZTM3,DIGNITY HEALTH,SAN FRANCISCO,CA,2023,National Institutes of Health,14270227.57,7
SKX6AXF9ZTM3,DIGNITY HEALTH,SAN FRANCISCO,CA,2024,National Institutes of Health,10634585.76,4
SKX6AXF9ZTM3,DIGNITY HEALTH,SAN FRANCISCO,CA,2025,National Institutes of Health,3530202.34,1
SKX6AXF9ZTM3,DIGNITY HEALTH,SAN FRANCISCO,CA,2026,National Institutes of Health,1633264.5999999999,1
SL2PF6R7MRN1,CLARKSON UNIVERSITY,POTSDAM,NY,2016,National Institutes of Health,612833.0,3
SL2PF6R7MRN1,CLARKSON UNIVERSITY,POTSDAM,NY,2016,National Science Foundation,3964917.0,20
SL2PF6R7MRN1,CLARKSON UNIVERSITY,POTSDAM,NY,2017,National Institutes of Health,1201636.0,2
SL2PF6R7MRN1,CLARKSON UNIVERSITY,POTSDAM,NY,2017,National Science Foundation,3508847.0,16
SL2PF6R7MRN1,CLARKSON UNIVERSITY,POTSDAM,NY,2018,National Institutes of Health,235817.0,0
SL2PF6R7MRN1,CLARKSON UNIVERSITY,POTSDAM,NY,2018,National Science Foundation,1174111.0,5
SL2PF6R7MRN1,CLARKSON UNIVERSITY,POTSDAM,NY,2019,National Institutes of Health,639597.0,1
SL2PF6R7MRN1,CLARKSON UNIVERSITY,POTSDAM,NY,2019,National Science Foundation,2795006.0,14
SL2PF6R7MRN1,CLARKSON UNIVERSITY,POTSDAM,NY,2020,National Institutes of Health,-270373.0,0
SL2PF6R7MRN1,CLARKSON UNIVERSITY,POTSDAM,NY,2020,National Science Foundation,2352840.0,9
SL2PF6R7MRN1,CLARKSON UNIVERSITY,POTSDAM,NY,2021,National Institutes of Health,0.0,0
SL2PF6R7MRN1,CLARKSON UNIVERSITY,POTSDAM,NY,2021,National Science Foundation,3842837.0,15
SL2PF6R7MRN1,CLARKSON UNIVERSITY,POTSDAM,NY,2022,National Institutes of Health,1537376.01,4
SL2PF6R7MRN1,CLARKSON UNIVERSITY,POTSDAM,NY,2022,National Science Foundation,4510502.0,13
SL2PF6R7MRN1,CLARKSON UNIVERSITY,POTSDAM,NY,2023,National Institutes of Health,1593645.52,4
SL2PF6R7MRN1,CLARKSON UNIVERSITY,POTSDAM,NY,2023,National Science Foundation,4091946.0,12
SL2PF6R7MRN1,CLARKSON UNIVERSITY,POTSDAM,NY,2024,National Institutes of Health,2442875.0,2
SL2PF6R7MRN1,CLARKSON UNIVERSITY,POTSDAM,NY,2024,National Science Foundation,4738210.0,12
SL2PF6R7MRN1,CLARKSON UNIVERSITY,POTSDAM,NY,2025,National Institutes of Health,828057.0,0
SL2PF6R7MRN1,CLARKSON UNIVERSITY,POTSDAM,NY,2025,National Science Foundation,1316899.0,6
SL2PF6R7MRN1,CLARKSON UNIVERSITY,POTSDAM,NY,2026,National Institutes of Health,232104.16999999998,0
SL2PF6R7MRN1,CLARKSON UNIVERSITY,POTSDAM,NY,2026,National Science Foundation,-202.0,2
SMK9PCMKXED6,INSTITUTE FOR SYSTEMS BIOLOGY,SEATTLE,WA,2016,National Institutes of Health,6698536.0,10
SMK9PCMKXED6,INSTITUTE FOR SYSTEMS BIOLOGY,SEATTLE,WA,2016,National Science Foundation,2004853.0,6
SMK9PCMKXED6,INSTITUTE FOR SYSTEMS BIOLOGY,SEATTLE,WA,2017,National Institutes of Health,5029862.0,3
SMK9PCMKXED6,INSTITUTE FOR SYSTEMS BIOLOGY,SEATTLE,WA,2017,National Science Foundation,670211.0,0
SMK9PCMKXED6,INSTITUTE FOR SYSTEMS BIOLOGY,SEATTLE,WA,2018,National Institutes of Health,9633534.0,8
SMK9PCMKXED6,INSTITUTE FOR SYSTEMS BIOLOGY,SEATTLE,WA,2018,National Science Foundation,383317.0,0
SMK9PCMKXED6,INSTITUTE FOR SYSTEMS BIOLOGY,SEATTLE,WA,2019,National Institutes of Health,9401951.0,4
SMK9PCMKXED6,INSTITUTE FOR SYSTEMS BIOLOGY,SEATTLE,WA,2019,National Science Foundation,2131228.0,2
SMK9PCMKXED6,INSTITUTE FOR SYSTEMS BIOLOGY,SEATTLE,WA,2020,National Institutes of Health,8650642.0,3
SMK9PCMKXED6,INSTITUTE FOR SYSTEMS BIOLOGY,SEATTLE,WA,2020,National Science Foundation,374609.0,2
SMK9PCMKXED6,INSTITUTE FOR SYSTEMS BIOLOGY,SEATTLE,WA,2021,National Institutes of Health,9297228.7,7
SMK9PCMKXED6,INSTITUTE FOR SYSTEMS BIOLOGY,SEATTLE,WA,2021,National Science Foundation,2177325.0,3
SMK9PCMKXED6,INSTITUTE FOR SYSTEMS BIOLOGY,SEATTLE,WA,2022,National Institutes of Health,12920438.5,4
SMK9PCMKXED6,INSTITUTE FOR SYSTEMS BIOLOGY,SEATTLE,WA,2022,National Science Foundation,1269680.0,2
SMK9PCMKXED6,INSTITUTE FOR SYSTEMS BIOLOGY,SEATTLE,WA,2023,National Institutes of Health,13573621.309999999,4
SMK9PCMKXED6,INSTITUTE FOR SYSTEMS BIOLOGY,SEATTLE,WA,2023,National Science Foundation,1908636.0,1
SMK9PCMKXED6,INSTITUTE FOR SYSTEMS BIOLOGY,SEATTLE,WA,2024,National Institutes of Health,12792045.16,4
SMK9PCMKXED6,INSTITUTE FOR SYSTEMS BIOLOGY,SEATTLE,WA,2024,National Science Foundation,827076.0,0
SMK9PCMKXED6,INSTITUTE FOR SYSTEMS BIOLOGY,SEATTLE,WA,2025,National Institutes of Health,11489736.44,1
SMK9PCMKXED6,INSTITUTE FOR SYSTEMS BIOLOGY,SEATTLE,WA,2026,National Institutes of Health,7709054.53,3
SMK9PCMKXED6,INSTITUTE FOR SYSTEMS BIOLOGY,SEATTLE,WA,2026,National Science Foundation,1585262.0,1
SN7KD2UK7GC5,WAKE FOREST UNIVERSITY HEALTH SCIENCES,WINSTON SALEM,NC,2016,National Institutes of Health,89119434.0,202
SN7KD2UK7GC5,WAKE FOREST UNIVERSITY HEALTH SCIENCES,WINSTON SALEM,NC,2016,National Science Foundation,1505427.0,4
SN7KD2UK7GC5,WAKE FOREST UNIVERSITY HEALTH SCIENCES,WINSTON SALEM,NC,2017,National Institutes of Health,102932406.0,105
SN7KD2UK7GC5,WAKE FOREST UNIVERSITY HEALTH SCIENCES,WINSTON SALEM,NC,2017,National Science Foundation,545595.0,2
SN7KD2UK7GC5,WAKE FOREST UNIVERSITY HEALTH SCIENCES,WINSTON SALEM,NC,2018,National Institutes of Health,117228633.0,72
SN7KD2UK7GC5,WAKE FOREST UNIVERSITY HEALTH SCIENCES,WINSTON SALEM,NC,2018,National Science Foundation,692322.0,1
SN7KD2UK7GC5,WAKE FOREST UNIVERSITY HEALTH SCIENCES,WINSTON SALEM,NC,2019,National Institutes of Health,109974634.0,60
SN7KD2UK7GC5,WAKE FOREST UNIVERSITY HEALTH SCIENCES,WINSTON SALEM,NC,2019,National Science Foundation,697147.0,0
SN7KD2UK7GC5,WAKE FOREST UNIVERSITY HEALTH SCIENCES,WINSTON SALEM,NC,2020,National Institutes of Health,126427268.0,51
SN7KD2UK7GC5,WAKE FOREST UNIVERSITY HEALTH SCIENCES,WINSTON SALEM,NC,2020,National Science Foundation,1081971.0,2
SN7KD2UK7GC5,WAKE FOREST UNIVERSITY HEALTH SCIENCES,WINSTON SALEM,NC,2021,National Institutes of Health,113862138.48,56
SN7KD2UK7GC5,WAKE FOREST UNIVERSITY HEALTH SCIENCES,WINSTON SALEM,NC,2021,National Science Foundation,638417.0,4
SN7KD2UK7GC5,WAKE FOREST UNIVERSITY HEALTH SCIENCES,WINSTON SALEM,NC,2022,National Institutes of Health,132341815.14,82
SN7KD2UK7GC5,WAKE FOREST UNIVERSITY HEALTH SCIENCES,WINSTON SALEM,NC,2022,National Science Foundation,104156.0,1
SN7KD2UK7GC5,WAKE FOREST UNIVERSITY HEALTH SCIENCES,WINSTON SALEM,NC,2023,National Institutes of Health,145599082.26999998,68
SN7KD2UK7GC5,WAKE FOREST UNIVERSITY HEALTH SCIENCES,WINSTON SALEM,NC,2023,National Science Foundation,534441.0,1
SN7KD2UK7GC5,WAKE FOREST UNIVERSITY HEALTH SCIENCES,WINSTON SALEM,NC,2024,National Institutes of Health,145989142.21999997,68
SN7KD2UK7GC5,WAKE FOREST UNIVERSITY HEALTH SCIENCES,WINSTON SALEM,NC,2024,National Science Foundation,15426276.0,3
SN7KD2UK7GC5,WAKE FOREST UNIVERSITY HEALTH SCIENCES,WINSTON SALEM,NC,2025,National Institutes of Health,144282972.09,56
SN7KD2UK7GC5,WAKE FOREST UNIVERSITY HEALTH SCIENCES,WINSTON SALEM,NC,2025,National Science Foundation,658170.0,1
SN7KD2UK7GC5,WAKE FOREST UNIVERSITY HEALTH SCIENCES,WINSTON SALEM,NC,2026,National Institutes of Health,108128333.05000001,48
SN7KD2UK7GC5,WAKE FOREST UNIVERSITY HEALTH SCIENCES,WINSTON SALEM,NC,2026,National Science Foundation,15163588.0,0
SPE2YDWHDYU4,UTAH STATE UNIVERSITY,LOGAN,UT,2016,National Institutes of Health,2068428.0,10
SPE2YDWHDYU4,UTAH STATE UNIVERSITY,LOGAN,UT,2016,National Science Foundation,9393912.0,40
SPE2YDWHDYU4,UTAH STATE UNIVERSITY,LOGAN,UT,2017,National Institutes of Health,2848758.0,10
SPE2YDWHDYU4,UTAH STATE UNIVERSITY,LOGAN,UT,2017,National Science Foundation,10974370.0,45
SPE2YDWHDYU4,UTAH STATE UNIVERSITY,LOGAN,UT,2018,National Institutes of Health,2224314.0,4
SPE2YDWHDYU4,UTAH STATE UNIVERSITY,LOGAN,UT,2018,National Science Foundation,10666966.0,26
SPE2YDWHDYU4,UTAH STATE UNIVERSITY,LOGAN,UT,2019,National Institutes of Health,4561724.0,6
SPE2YDWHDYU4,UTAH STATE UNIVERSITY,LOGAN,UT,2019,National Science Foundation,6363482.0,20
SPE2YDWHDYU4,UTAH STATE UNIVERSITY,LOGAN,UT,2020,National Institutes of Health,4030823.0,5
SPE2YDWHDYU4,UTAH STATE UNIVERSITY,LOGAN,UT,2020,National Science Foundation,12915874.0,27
SPE2YDWHDYU4,UTAH STATE UNIVERSITY,LOGAN,UT,2021,National Institutes of Health,4138868.16,9
SPE2YDWHDYU4,UTAH STATE UNIVERSITY,LOGAN,UT,2021,National Science Foundation,16325182.0,31
SPE2YDWHDYU4,UTAH STATE UNIVERSITY,LOGAN,UT,2022,National Institutes of Health,4407164.38,4
SPE2YDWHDYU4,UTAH STATE UNIVERSITY,LOGAN,UT,2022,National Science Foundation,17661583.0,22
SPE2YDWHDYU4,UTAH STATE UNIVERSITY,LOGAN,UT,2023,National Institutes of Health,4797410.220000001,7
SPE2YDWHDYU4,UTAH STATE UNIVERSITY,LOGAN,UT,2023,National Science Foundation,16124269.0,22
SPE2YDWHDYU4,UTAH STATE UNIVERSITY,LOGAN,UT,2024,National Institutes of Health,4706953.12,4
SPE2YDWHDYU4,UTAH STATE UNIVERSITY,LOGAN,UT,2024,National Science Foundation,17535191.0,22
SPE2YDWHDYU4,UTAH STATE UNIVERSITY,LOGAN,UT,2025,National Institutes of Health,5057434.350000001,5
SPE2YDWHDYU4,UTAH STATE UNIVERSITY,LOGAN,UT,2025,National Science Foundation,11269233.0,14
SPE2YDWHDYU4,UTAH STATE UNIVERSITY,LOGAN,UT,2026,National Institutes of Health,5408942.9,2
SPE2YDWHDYU4,UTAH STATE UNIVERSITY,LOGAN,UT,2026,National Science Foundation,9232687.0,8
SPVKK1RC2MZ3,THE REGENTS OF THE UNIVERSITY OF COLORADO,BOULDER,CO,2016,National Institutes of Health,46944242.0,146
SPVKK1RC2MZ3,THE REGENTS OF THE UNIVERSITY OF COLORADO,BOULDER,CO,2016,National Science Foundation,72074067.0,277
SPVKK1RC2MZ3,THE REGENTS OF THE UNIVERSITY OF COLORADO,BOULDER,CO,2017,National Institutes of Health,39945528.0,75
SPVKK1RC2MZ3,THE REGENTS OF THE UNIVERSITY OF COLORADO,BOULDER,CO,2017,National Science Foundation,80743977.0,190
SPVKK1RC2MZ3,THE REGENTS OF THE UNIVERSITY OF COLORADO,BOULDER,CO,2018,National Institutes of Health,54554097.0,58
SPVKK1RC2MZ3,THE REGENTS OF THE UNIVERSITY OF COLORADO,BOULDER,CO,2018,National Science Foundation,99954246.0,190
SPVKK1RC2MZ3,THE REGENTS OF THE UNIVERSITY OF COLORADO,BOULDER,CO,2019,National Institutes of Health,45417186.0,32
SPVKK1RC2MZ3,THE REGENTS OF THE UNIVERSITY OF COLORADO,BOULDER,CO,2019,National Science Foundation,94463235.0,144
SPVKK1RC2MZ3,THE REGENTS OF THE UNIVERSITY OF COLORADO,BOULDER,CO,2020,National Institutes of Health,53621798.0,41
SPVKK1RC2MZ3,THE REGENTS OF THE UNIVERSITY OF COLORADO,BOULDER,CO,2020,National Science Foundation,109149817.0,153
SPVKK1RC2MZ3,THE REGENTS OF THE UNIVERSITY OF COLORADO,BOULDER,CO,2021,National Institutes of Health,46688712.74,36
SPVKK1RC2MZ3,THE REGENTS OF THE UNIVERSITY OF COLORADO,BOULDER,CO,2021,National Science Foundation,112939907.0,145
SPVKK1RC2MZ3,THE REGENTS OF THE UNIVERSITY OF COLORADO,BOULDER,CO,2022,National Institutes of Health,52862824.37999999,43
SPVKK1RC2MZ3,THE REGENTS OF THE UNIVERSITY OF COLORADO,BOULDER,CO,2022,National Science Foundation,130614820.0,151
SPVKK1RC2MZ3,THE REGENTS OF THE UNIVERSITY OF COLORADO,BOULDER,CO,2023,National Institutes of Health,60084345.25,45
SPVKK1RC2MZ3,THE REGENTS OF THE UNIVERSITY OF COLORADO,BOULDER,CO,2023,National Science Foundation,93555517.0,119
SPVKK1RC2MZ3,THE REGENTS OF THE UNIVERSITY OF COLORADO,BOULDER,CO,2024,National Institutes of Health,62307609.27000001,38
SPVKK1RC2MZ3,THE REGENTS OF THE UNIVERSITY OF COLORADO,BOULDER,CO,2024,National Science Foundation,114359229.0,111
SPVKK1RC2MZ3,THE REGENTS OF THE UNIVERSITY OF COLORADO,BOULDER,CO,2025,National Institutes of Health,62521888.06999999,26
SPVKK1RC2MZ3,THE REGENTS OF THE UNIVERSITY OF COLORADO,BOULDER,CO,2025,National Science Foundation,98813068.0,88
SPVKK1RC2MZ3,THE REGENTS OF THE UNIVERSITY OF COLORADO,BOULDER,CO,2026,National Institutes of Health,54953251.5,33
SPVKK1RC2MZ3,THE REGENTS OF THE UNIVERSITY OF COLORADO,BOULDER,CO,2026,National Science Foundation,19408784.0,36
SRG2J1WS9X63,SRI INTERNATIONAL,MENLO PARK,CA,2016,National Institutes of Health,17093834.0,26
SRG2J1WS9X63,SRI INTERNATIONAL,MENLO PARK,CA,2016,National Science Foundation,23271290.0,37
SRG2J1WS9X63,SRI INTERNATIONAL,MENLO PARK,CA,2017,National Institutes of Health,12162975.0,16
SRG2J1WS9X63,SRI INTERNATIONAL,MENLO PARK,CA,2017,National Science Foundation,21978926.0,17
SRG2J1WS9X63,SRI INTERNATIONAL,MENLO PARK,CA,2018,National Institutes of Health,13481944.0,8
SRG2J1WS9X63,SRI INTERNATIONAL,MENLO PARK,CA,2018,National Science Foundation,15218488.0,13
SRG2J1WS9X63,SRI INTERNATIONAL,MENLO PARK,CA,2019,National Institutes of Health,20265269.0,5
SRG2J1WS9X63,SRI INTERNATIONAL,MENLO PARK,CA,2019,National Science Foundation,8604332.0,11
SRG2J1WS9X63,SRI INTERNATIONAL,MENLO PARK,CA,2020,National Institutes of Health,13168043.0,3
SRG2J1WS9X63,SRI INTERNATIONAL,MENLO PARK,CA,2020,National Science Foundation,11040987.0,12
SRG2J1WS9X63,SRI INTERNATIONAL,MENLO PARK,CA,2021,National Institutes of Health,13249137.3,3
SRG2J1WS9X63,SRI INTERNATIONAL,MENLO PARK,CA,2021,National Science Foundation,9138323.0,5
SRG2J1WS9X63,SRI INTERNATIONAL,MENLO PARK,CA,2022,National Institutes of Health,9045165.78,2
SRG2J1WS9X63,SRI INTERNATIONAL,MENLO PARK,CA,2022,National Science Foundation,10389196.0,5
SRG2J1WS9X63,SRI INTERNATIONAL,MENLO PARK,CA,2023,National Institutes of Health,7552996.4399999995,4
SRG2J1WS9X63,SRI INTERNATIONAL,MENLO PARK,CA,2023,National Science Foundation,17706782.0,6
SRG2J1WS9X63,SRI INTERNATIONAL,MENLO PARK,CA,2024,National Institutes of Health,9089372.15,3
SRG2J1WS9X63,SRI INTERNATIONAL,MENLO PARK,CA,2024,National Science Foundation,12284002.0,3
SRG2J1WS9X63,SRI INTERNATIONAL,MENLO PARK,CA,2025,National Institutes of Health,6760292.63,2
SRG2J1WS9X63,SRI INTERNATIONAL,MENLO PARK,CA,2025,National Science Foundation,6304946.0,6
SRG2J1WS9X63,SRI INTERNATIONAL,MENLO PARK,CA,2026,National Institutes of Health,5793669.24,0
SRG2J1WS9X63,SRI INTERNATIONAL,MENLO PARK,CA,2026,National Science Foundation,3076021.0,1
SSUJB3GSH8A5,UNIVERSITY OF KANSAS CENTER FOR RESEARCH INC,LAWRENCE,KS,2016,National Institutes of Health,27672119.0,66
SSUJB3GSH8A5,UNIVERSITY OF KANSAS CENTER FOR RESEARCH INC,LAWRENCE,KS,2016,National Science Foundation,21530443.0,69
SSUJB3GSH8A5,UNIVERSITY OF KANSAS CENTER FOR RESEARCH INC,LAWRENCE,KS,2017,National Institutes of Health,32179957.0,37
SSUJB3GSH8A5,UNIVERSITY OF KANSAS CENTER FOR RESEARCH INC,LAWRENCE,KS,2017,National Science Foundation,20985137.0,50
SSUJB3GSH8A5,UNIVERSITY OF KANSAS CENTER FOR RESEARCH INC,LAWRENCE,KS,2018,National Institutes of Health,30489047.0,18
SSUJB3GSH8A5,UNIVERSITY OF KANSAS CENTER FOR RESEARCH INC,LAWRENCE,KS,2018,National Science Foundation,19706060.0,45
SSUJB3GSH8A5,UNIVERSITY OF KANSAS CENTER FOR RESEARCH INC,LAWRENCE,KS,2019,National Institutes of Health,27148606.0,23
SSUJB3GSH8A5,UNIVERSITY OF KANSAS CENTER FOR RESEARCH INC,LAWRENCE,KS,2019,National Science Foundation,21391760.0,50
SSUJB3GSH8A5,UNIVERSITY OF KANSAS CENTER FOR RESEARCH INC,LAWRENCE,KS,2020,National Institutes of Health,25235941.0,17
SSUJB3GSH8A5,UNIVERSITY OF KANSAS CENTER FOR RESEARCH INC,LAWRENCE,KS,2020,National Science Foundation,19253801.0,49
SSUJB3GSH8A5,UNIVERSITY OF KANSAS CENTER FOR RESEARCH INC,LAWRENCE,KS,2021,National Institutes of Health,25504564.14,16
SSUJB3GSH8A5,UNIVERSITY OF KANSAS CENTER FOR RESEARCH INC,LAWRENCE,KS,2021,National Science Foundation,26390515.0,35
SSUJB3GSH8A5,UNIVERSITY OF KANSAS CENTER FOR RESEARCH INC,LAWRENCE,KS,2022,National Institutes of Health,26431948.560000002,16
SSUJB3GSH8A5,UNIVERSITY OF KANSAS CENTER FOR RESEARCH INC,LAWRENCE,KS,2022,National Science Foundation,25619079.0,40
SSUJB3GSH8A5,UNIVERSITY OF KANSAS CENTER FOR RESEARCH INC,LAWRENCE,KS,2023,National Institutes of Health,20733725.810000002,10
SSUJB3GSH8A5,UNIVERSITY OF KANSAS CENTER FOR RESEARCH INC,LAWRENCE,KS,2023,National Science Foundation,35812800.0,45
SSUJB3GSH8A5,UNIVERSITY OF KANSAS CENTER FOR RESEARCH INC,LAWRENCE,KS,2024,National Institutes of Health,21957603.25,14
SSUJB3GSH8A5,UNIVERSITY OF KANSAS CENTER FOR RESEARCH INC,LAWRENCE,KS,2024,National Science Foundation,26240472.0,41
SSUJB3GSH8A5,UNIVERSITY OF KANSAS CENTER FOR RESEARCH INC,LAWRENCE,KS,2025,National Institutes of Health,28155759.919999998,13
SSUJB3GSH8A5,UNIVERSITY OF KANSAS CENTER FOR RESEARCH INC,LAWRENCE,KS,2025,National Science Foundation,19043466.0,27
SSUJB3GSH8A5,UNIVERSITY OF KANSAS CENTER FOR RESEARCH INC,LAWRENCE,KS,2026,National Institutes of Health,21959490.580000002,5
SSUJB3GSH8A5,UNIVERSITY OF KANSAS CENTER FOR RESEARCH INC,LAWRENCE,KS,2026,National Science Foundation,16840143.0,14
SZ32VTCXM799,SEATTLE CHILDREN'S HOSPITAL,SEATTLE,WA,2016,National Institutes of Health,50157644.0,101
SZ32VTCXM799,SEATTLE CHILDREN'S HOSPITAL,SEATTLE,WA,2017,National Institutes of Health,44766759.0,46
SZ32VTCXM799,SEATTLE CHILDREN'S HOSPITAL,SEATTLE,WA,2018,National Institutes of Health,46224095.0,39
SZ32VTCXM799,SEATTLE CHILDREN'S HOSPITAL,SEATTLE,WA,2018,National Science Foundation,743777.0,1
SZ32VTCXM799,SEATTLE CHILDREN'S HOSPITAL,SEATTLE,WA,2019,National Institutes of Health,86069182.0,69
SZ32VTCXM799,SEATTLE CHILDREN'S HOSPITAL,SEATTLE,WA,2019,National Science Foundation,361068.0,1
SZ32VTCXM799,SEATTLE CHILDREN'S HOSPITAL,SEATTLE,WA,2020,National Institutes of Health,79905117.0,44
SZ32VTCXM799,SEATTLE CHILDREN'S HOSPITAL,SEATTLE,WA,2020,National Science Foundation,494374.0,1
SZ32VTCXM799,SEATTLE CHILDREN'S HOSPITAL,SEATTLE,WA,2021,National Institutes of Health,93132911.57,42
SZ32VTCXM799,SEATTLE CHILDREN'S HOSPITAL,SEATTLE,WA,2021,National Science Foundation,0.0,0
SZ32VTCXM799,SEATTLE CHILDREN'S HOSPITAL,SEATTLE,WA,2022,National Institutes of Health,89579021.13,41
SZ32VTCXM799,SEATTLE CHILDREN'S HOSPITAL,SEATTLE,WA,2022,National Science Foundation,523461.0,1
SZ32VTCXM799,SEATTLE CHILDREN'S HOSPITAL,SEATTLE,WA,2023,National Institutes of Health,80852197.55,36
SZ32VTCXM799,SEATTLE CHILDREN'S HOSPITAL,SEATTLE,WA,2024,National Institutes of Health,86555261.35,38
SZ32VTCXM799,SEATTLE CHILDREN'S HOSPITAL,SEATTLE,WA,2024,National Science Foundation,744079.0,1
SZ32VTCXM799,SEATTLE CHILDREN'S HOSPITAL,SEATTLE,WA,2025,National Institutes of Health,104637490.60999998,42
SZ32VTCXM799,SEATTLE CHILDREN'S HOSPITAL,SEATTLE,WA,2025,National Science Foundation,323513.0,0
SZ32VTCXM799,SEATTLE CHILDREN'S HOSPITAL,SEATTLE,WA,2026,National Institutes of Health,86510629.14999999,23
SZAKFNU35ZX5,LOMA LINDA UNIVERSITY,LOMA LINDA,CA,2016,National Institutes of Health,9552064.0,21
SZAKFNU35ZX5,LOMA LINDA UNIVERSITY,LOMA LINDA,CA,2017,National Institutes of Health,10100630.0,16
SZAKFNU35ZX5,LOMA LINDA UNIVERSITY,LOMA LINDA,CA,2018,National Institutes of Health,9970594.0,9
SZAKFNU35ZX5,LOMA LINDA UNIVERSITY,LOMA LINDA,CA,2019,National Institutes of Health,7417089.0,5
SZAKFNU35ZX5,LOMA LINDA UNIVERSITY,LOMA LINDA,CA,2020,National Institutes of Health,10051423.0,8
SZAKFNU35ZX5,LOMA LINDA UNIVERSITY,LOMA LINDA,CA,2021,National Institutes of Health,6925216.47,8
SZAKFNU35ZX5,LOMA LINDA UNIVERSITY,LOMA LINDA,CA,2022,National Institutes of Health,10530323.89,6
SZAKFNU35ZX5,LOMA LINDA UNIVERSITY,LOMA LINDA,CA,2023,National Institutes of Health,9195276.969999999,7
SZAKFNU35ZX5,LOMA LINDA UNIVERSITY,LOMA LINDA,CA,2024,National Institutes of Health,7853626.16,3
SZAKFNU35ZX5,LOMA LINDA UNIVERSITY,LOMA LINDA,CA,2025,National Institutes of Health,7005847.199999999,2
SZAKFNU35ZX5,LOMA LINDA UNIVERSITY,LOMA LINDA,CA,2026,National Institutes of Health,6194603.25,5
SZPJL5ZRCLF4,UNIVERSITY OF MISSOURI SYSTEM,COLUMBIA,MO,2016,National Institutes of Health,41049475.0,118
SZPJL5ZRCLF4,UNIVERSITY OF MISSOURI SYSTEM,COLUMBIA,MO,2016,National Science Foundation,15445940.0,61
SZPJL5ZRCLF4,UNIVERSITY OF MISSOURI SYSTEM,COLUMBIA,MO,2017,National Institutes of Health,42709780.0,56
SZPJL5ZRCLF4,UNIVERSITY OF MISSOURI SYSTEM,COLUMBIA,MO,2017,National Science Foundation,26043921.0,53
SZPJL5ZRCLF4,UNIVERSITY OF MISSOURI SYSTEM,COLUMBIA,MO,2018,National Institutes of Health,47480372.0,53
SZPJL5ZRCLF4,UNIVERSITY OF MISSOURI SYSTEM,COLUMBIA,MO,2018,National Science Foundation,18419431.0,30
SZPJL5ZRCLF4,UNIVERSITY OF MISSOURI SYSTEM,COLUMBIA,MO,2019,National Institutes of Health,58183571.0,47
SZPJL5ZRCLF4,UNIVERSITY OF MISSOURI SYSTEM,COLUMBIA,MO,2019,National Science Foundation,15689892.0,41
SZPJL5ZRCLF4,UNIVERSITY OF MISSOURI SYSTEM,COLUMBIA,MO,2020,National Institutes of Health,63997862.0,52
SZPJL5ZRCLF4,UNIVERSITY OF MISSOURI SYSTEM,COLUMBIA,MO,2020,National Science Foundation,19942003.0,37
SZPJL5ZRCLF4,UNIVERSITY OF MISSOURI SYSTEM,COLUMBIA,MO,2021,National Institutes of Health,63028186.92,44
SZPJL5ZRCLF4,UNIVERSITY OF MISSOURI SYSTEM,COLUMBIA,MO,2021,National Science Foundation,11356126.0,23
SZPJL5ZRCLF4,UNIVERSITY OF MISSOURI SYSTEM,COLUMBIA,MO,2022,National Institutes of Health,81428713.66,56
SZPJL5ZRCLF4,UNIVERSITY OF MISSOURI SYSTEM,COLUMBIA,MO,2022,National Science Foundation,23237611.0,42
SZPJL5ZRCLF4,UNIVERSITY OF MISSOURI SYSTEM,COLUMBIA,MO,2023,National Institutes of Health,96329706.28,54
SZPJL5ZRCLF4,UNIVERSITY OF MISSOURI SYSTEM,COLUMBIA,MO,2023,National Science Foundation,25863883.0,54
SZPJL5ZRCLF4,UNIVERSITY OF MISSOURI SYSTEM,COLUMBIA,MO,2024,National Institutes of Health,77613441.44999999,50
SZPJL5ZRCLF4,UNIVERSITY OF MISSOURI SYSTEM,COLUMBIA,MO,2024,National Science Foundation,26467164.0,43
SZPJL5ZRCLF4,UNIVERSITY OF MISSOURI SYSTEM,COLUMBIA,MO,2025,National Institutes of Health,65416909.97,32
SZPJL5ZRCLF4,UNIVERSITY OF MISSOURI SYSTEM,COLUMBIA,MO,2025,National Science Foundation,24974223.0,34
SZPJL5ZRCLF4,UNIVERSITY OF MISSOURI SYSTEM,COLUMBIA,MO,2026,National Institutes of Health,69360369.32,40
SZPJL5ZRCLF4,UNIVERSITY OF MISSOURI SYSTEM,COLUMBIA,MO,2026,National Science Foundation,5764857.0,14
T3NGNR66YK89,"RUTGERS, THE STATE UNIVERSITY",NEWARK,NJ,2016,National Institutes of Health,6110794.0,18
T3NGNR66YK89,"RUTGERS, THE STATE UNIVERSITY",NEWARK,NJ,2016,National Science Foundation,7628354.0,27
T3NGNR66YK89,"RUTGERS, THE STATE UNIVERSITY",NEWARK,NJ,2017,National Institutes of Health,5963245.0,11
T3NGNR66YK89,"RUTGERS, THE STATE UNIVERSITY",NEWARK,NJ,2017,National Science Foundation,7148102.0,20
T3NGNR66YK89,"RUTGERS, THE STATE UNIVERSITY",NEWARK,NJ,2018,National Institutes of Health,7281438.0,4
T3NGNR66YK89,"RUTGERS, THE STATE UNIVERSITY",NEWARK,NJ,2018,National Science Foundation,3420679.0,10
T3NGNR66YK89,"RUTGERS, THE STATE UNIVERSITY",NEWARK,NJ,2019,National Institutes of Health,7377130.0,7
T3NGNR66YK89,"RUTGERS, THE STATE UNIVERSITY",NEWARK,NJ,2019,National Science Foundation,7117576.0,19
T3NGNR66YK89,"RUTGERS, THE STATE UNIVERSITY",NEWARK,NJ,2020,National Institutes of Health,10592702.0,8
T3NGNR66YK89,"RUTGERS, THE STATE UNIVERSITY",NEWARK,NJ,2020,National Science Foundation,4053617.0,12
T3NGNR66YK89,"RUTGERS, THE STATE UNIVERSITY",NEWARK,NJ,2021,National Institutes of Health,9058672.01,4
T3NGNR66YK89,"RUTGERS, THE STATE UNIVERSITY",NEWARK,NJ,2021,National Science Foundation,6124248.0,14
T3NGNR66YK89,"RUTGERS, THE STATE UNIVERSITY",NEWARK,NJ,2022,National Institutes of Health,8868478.05,8
T3NGNR66YK89,"RUTGERS, THE STATE UNIVERSITY",NEWARK,NJ,2022,National Science Foundation,5324133.0,13
T3NGNR66YK89,"RUTGERS, THE STATE UNIVERSITY",NEWARK,NJ,2023,National Institutes of Health,9499666.6,6
T3NGNR66YK89,"RUTGERS, THE STATE UNIVERSITY",NEWARK,NJ,2023,National Science Foundation,6110004.0,12
T3NGNR66YK89,"RUTGERS, THE STATE UNIVERSITY",NEWARK,NJ,2024,National Institutes of Health,9225278.83,4
T3NGNR66YK89,"RUTGERS, THE STATE UNIVERSITY",NEWARK,NJ,2024,National Science Foundation,6308631.0,11
T3NGNR66YK89,"RUTGERS, THE STATE UNIVERSITY",NEWARK,NJ,2025,National Institutes of Health,11332490.559999999,6
T3NGNR66YK89,"RUTGERS, THE STATE UNIVERSITY",NEWARK,NJ,2025,National Science Foundation,4306082.0,5
T3NGNR66YK89,"RUTGERS, THE STATE UNIVERSITY",NEWARK,NJ,2026,National Institutes of Health,6834812.5600000005,5
T3NGNR66YK89,"RUTGERS, THE STATE UNIVERSITY",NEWARK,NJ,2026,National Science Foundation,0.0,0
T6J6AF3AM8M8,MIAMI UNIVERSITY,OXFORD,OH,2016,National Institutes of Health,1671896.0,5
T6J6AF3AM8M8,MIAMI UNIVERSITY,OXFORD,OH,2016,National Science Foundation,2760687.0,22
T6J6AF3AM8M8,MIAMI UNIVERSITY,OXFORD,OH,2017,National Institutes of Health,2187452.0,11
T6J6AF3AM8M8,MIAMI UNIVERSITY,OXFORD,OH,2017,National Science Foundation,2225679.0,10
T6J6AF3AM8M8,MIAMI UNIVERSITY,OXFORD,OH,2018,National Institutes of Health,1984185.0,3
T6J6AF3AM8M8,MIAMI UNIVERSITY,OXFORD,OH,2018,National Science Foundation,3788870.0,14
T6J6AF3AM8M8,MIAMI UNIVERSITY,OXFORD,OH,2019,National Institutes of Health,3108836.0,4
T6J6AF3AM8M8,MIAMI UNIVERSITY,OXFORD,OH,2019,National Science Foundation,5121353.0,17
T6J6AF3AM8M8,MIAMI UNIVERSITY,OXFORD,OH,2020,National Institutes of Health,2749423.0,7
T6J6AF3AM8M8,MIAMI UNIVERSITY,OXFORD,OH,2020,National Science Foundation,2179154.0,11
T6J6AF3AM8M8,MIAMI UNIVERSITY,OXFORD,OH,2021,National Institutes of Health,2419106.08,7
T6J6AF3AM8M8,MIAMI UNIVERSITY,OXFORD,OH,2021,National Science Foundation,2410960.0,3
T6J6AF3AM8M8,MIAMI UNIVERSITY,OXFORD,OH,2022,National Institutes of Health,4304191.03,9
T6J6AF3AM8M8,MIAMI UNIVERSITY,OXFORD,OH,2022,National Science Foundation,6997712.0,14
T6J6AF3AM8M8,MIAMI UNIVERSITY,OXFORD,OH,2023,National Institutes of Health,3590358.66,6
T6J6AF3AM8M8,MIAMI UNIVERSITY,OXFORD,OH,2023,National Science Foundation,3470340.0,9
T6J6AF3AM8M8,MIAMI UNIVERSITY,OXFORD,OH,2024,National Institutes of Health,4766390.220000001,6
T6J6AF3AM8M8,MIAMI UNIVERSITY,OXFORD,OH,2024,National Science Foundation,2670803.0,9
T6J6AF3AM8M8,MIAMI UNIVERSITY,OXFORD,OH,2025,National Institutes of Health,3443742.6100000003,4
T6J6AF3AM8M8,MIAMI UNIVERSITY,OXFORD,OH,2025,National Science Foundation,3246046.0,11
T6J6AF3AM8M8,MIAMI UNIVERSITY,OXFORD,OH,2026,National Institutes of Health,4237245.75,4
T6J6AF3AM8M8,MIAMI UNIVERSITY,OXFORD,OH,2026,National Science Foundation,1095769.0,4
T72NHKM259N3,UNIVERSITY OF DELAWARE,NEWARK,DE,2016,National Institutes of Health,29992462.0,47
T72NHKM259N3,UNIVERSITY OF DELAWARE,NEWARK,DE,2016,National Science Foundation,40377502.0,117
T72NHKM259N3,UNIVERSITY OF DELAWARE,NEWARK,DE,2017,National Institutes of Health,30204159.0,34
T72NHKM259N3,UNIVERSITY OF DELAWARE,NEWARK,DE,2017,National Science Foundation,21166248.0,59
T72NHKM259N3,UNIVERSITY OF DELAWARE,NEWARK,DE,2018,National Institutes of Health,37423508.0,32
T72NHKM259N3,UNIVERSITY OF DELAWARE,NEWARK,DE,2018,National Science Foundation,31297306.0,78
T72NHKM259N3,UNIVERSITY OF DELAWARE,NEWARK,DE,2019,National Institutes of Health,39367271.0,28
T72NHKM259N3,UNIVERSITY OF DELAWARE,NEWARK,DE,2019,National Science Foundation,37634333.0,62
T72NHKM259N3,UNIVERSITY OF DELAWARE,NEWARK,DE,2020,National Institutes of Health,40405825.0,21
T72NHKM259N3,UNIVERSITY OF DELAWARE,NEWARK,DE,2020,National Science Foundation,42024255.0,71
T72NHKM259N3,UNIVERSITY OF DELAWARE,NEWARK,DE,2021,National Institutes of Health,45279376.52,26
T72NHKM259N3,UNIVERSITY OF DELAWARE,NEWARK,DE,2021,National Science Foundation,41716906.0,66
T72NHKM259N3,UNIVERSITY OF DELAWARE,NEWARK,DE,2022,National Institutes of Health,43706984.87,21
T72NHKM259N3,UNIVERSITY OF DELAWARE,NEWARK,DE,2022,National Science Foundation,42592221.0,49
T72NHKM259N3,UNIVERSITY OF DELAWARE,NEWARK,DE,2023,National Institutes of Health,47893303.94,19
T72NHKM259N3,UNIVERSITY OF DELAWARE,NEWARK,DE,2023,National Science Foundation,33023765.0,64
T72NHKM259N3,UNIVERSITY OF DELAWARE,NEWARK,DE,2024,National Institutes of Health,46910282.05999999,17
T72NHKM259N3,UNIVERSITY OF DELAWARE,NEWARK,DE,2024,National Science Foundation,56479906.0,61
T72NHKM259N3,UNIVERSITY OF DELAWARE,NEWARK,DE,2025,National Institutes of Health,50726179.14,22
T72NHKM259N3,UNIVERSITY OF DELAWARE,NEWARK,DE,2025,National Science Foundation,50922221.0,60
T72NHKM259N3,UNIVERSITY OF DELAWARE,NEWARK,DE,2026,National Institutes of Health,33966784.53,15
T72NHKM259N3,UNIVERSITY OF DELAWARE,NEWARK,DE,2026,National Science Foundation,14311805.0,25
TF2CMKY1HMX9,GEORGETOWN UNIVERSITY,WASHINGTON,DC,2016,National Institutes of Health,44051523.0,94
TF2CMKY1HMX9,GEORGETOWN UNIVERSITY,WASHINGTON,DC,2016,National Science Foundation,6294497.0,32
TF2CMKY1HMX9,GEORGETOWN UNIVERSITY,WASHINGTON,DC,2017,National Institutes of Health,48691570.0,62
TF2CMKY1HMX9,GEORGETOWN UNIVERSITY,WASHINGTON,DC,2017,National Science Foundation,8853736.0,25
TF2CMKY1HMX9,GEORGETOWN UNIVERSITY,WASHINGTON,DC,2018,National Institutes of Health,48732077.0,54
TF2CMKY1HMX9,GEORGETOWN UNIVERSITY,WASHINGTON,DC,2018,National Science Foundation,5153947.0,20
TF2CMKY1HMX9,GEORGETOWN UNIVERSITY,WASHINGTON,DC,2019,National Institutes of Health,50255011.0,36
TF2CMKY1HMX9,GEORGETOWN UNIVERSITY,WASHINGTON,DC,2019,National Science Foundation,8818697.0,24
TF2CMKY1HMX9,GEORGETOWN UNIVERSITY,WASHINGTON,DC,2020,National Institutes of Health,50164018.0,35
TF2CMKY1HMX9,GEORGETOWN UNIVERSITY,WASHINGTON,DC,2020,National Science Foundation,8201456.0,19
TF2CMKY1HMX9,GEORGETOWN UNIVERSITY,WASHINGTON,DC,2021,National Institutes of Health,52683297.400000006,45
TF2CMKY1HMX9,GEORGETOWN UNIVERSITY,WASHINGTON,DC,2021,National Science Foundation,6002455.0,18
TF2CMKY1HMX9,GEORGETOWN UNIVERSITY,WASHINGTON,DC,2022,National Institutes of Health,53236941.38000001,41
TF2CMKY1HMX9,GEORGETOWN UNIVERSITY,WASHINGTON,DC,2022,National Science Foundation,10272142.0,14
TF2CMKY1HMX9,GEORGETOWN UNIVERSITY,WASHINGTON,DC,2023,National Institutes of Health,56144750.25,35
TF2CMKY1HMX9,GEORGETOWN UNIVERSITY,WASHINGTON,DC,2023,National Science Foundation,8290724.0,13
TF2CMKY1HMX9,GEORGETOWN UNIVERSITY,WASHINGTON,DC,2024,National Institutes of Health,56339418.03,35
TF2CMKY1HMX9,GEORGETOWN UNIVERSITY,WASHINGTON,DC,2024,National Science Foundation,10098000.0,17
TF2CMKY1HMX9,GEORGETOWN UNIVERSITY,WASHINGTON,DC,2025,National Institutes of Health,51822880.2,18
TF2CMKY1HMX9,GEORGETOWN UNIVERSITY,WASHINGTON,DC,2025,National Science Foundation,2543225.0,9
TF2CMKY1HMX9,GEORGETOWN UNIVERSITY,WASHINGTON,DC,2026,National Institutes of Health,41234572.269999996,16
TF2CMKY1HMX9,GEORGETOWN UNIVERSITY,WASHINGTON,DC,2026,National Science Foundation,489049.0,1
THL6A6JLE1S7,TRUSTEES OF BOSTON UNIVERSITY,BOSTON,MA,2016,National Institutes of Health,53000921.0,116
THL6A6JLE1S7,TRUSTEES OF BOSTON UNIVERSITY,BOSTON,MA,2016,National Science Foundation,34834788.0,116
THL6A6JLE1S7,TRUSTEES OF BOSTON UNIVERSITY,BOSTON,MA,2017,National Institutes of Health,41577385.0,85
THL6A6JLE1S7,TRUSTEES OF BOSTON UNIVERSITY,BOSTON,MA,2017,National Science Foundation,38929072.0,94
THL6A6JLE1S7,TRUSTEES OF BOSTON UNIVERSITY,BOSTON,MA,2018,National Institutes of Health,50124306.0,52
THL6A6JLE1S7,TRUSTEES OF BOSTON UNIVERSITY,BOSTON,MA,2018,National Science Foundation,35841573.0,83
THL6A6JLE1S7,TRUSTEES OF BOSTON UNIVERSITY,BOSTON,MA,2019,National Institutes of Health,48627387.0,46
THL6A6JLE1S7,TRUSTEES OF BOSTON UNIVERSITY,BOSTON,MA,2019,National Science Foundation,28122415.0,68
THL6A6JLE1S7,TRUSTEES OF BOSTON UNIVERSITY,BOSTON,MA,2020,National Institutes of Health,60871023.0,40
THL6A6JLE1S7,TRUSTEES OF BOSTON UNIVERSITY,BOSTON,MA,2020,National Science Foundation,34727899.0,71
THL6A6JLE1S7,TRUSTEES OF BOSTON UNIVERSITY,BOSTON,MA,2021,National Institutes of Health,56321144.92000001,39
THL6A6JLE1S7,TRUSTEES OF BOSTON UNIVERSITY,BOSTON,MA,2021,National Science Foundation,23604581.0,42
THL6A6JLE1S7,TRUSTEES OF BOSTON UNIVERSITY,BOSTON,MA,2022,National Institutes of Health,78041755.87,53
THL6A6JLE1S7,TRUSTEES OF BOSTON UNIVERSITY,BOSTON,MA,2022,National Science Foundation,34437842.0,57
THL6A6JLE1S7,TRUSTEES OF BOSTON UNIVERSITY,BOSTON,MA,2023,National Institutes of Health,65442561.72,37
THL6A6JLE1S7,TRUSTEES OF BOSTON UNIVERSITY,BOSTON,MA,2023,National Science Foundation,35492728.0,58
THL6A6JLE1S7,TRUSTEES OF BOSTON UNIVERSITY,BOSTON,MA,2024,National Institutes of Health,65420110.97,41
THL6A6JLE1S7,TRUSTEES OF BOSTON UNIVERSITY,BOSTON,MA,2024,National Science Foundation,33750873.0,56
THL6A6JLE1S7,TRUSTEES OF BOSTON UNIVERSITY,BOSTON,MA,2025,National Institutes of Health,70029828.47,39
THL6A6JLE1S7,TRUSTEES OF BOSTON UNIVERSITY,BOSTON,MA,2025,National Science Foundation,29582297.0,41
THL6A6JLE1S7,TRUSTEES OF BOSTON UNIVERSITY,BOSTON,MA,2026,National Institutes of Health,45213113.23,24
THL6A6JLE1S7,TRUSTEES OF BOSTON UNIVERSITY,BOSTON,MA,2026,National Science Foundation,7232936.0,16
TJFZLPP6NYL6,FRED HUTCHINSON CANCER CENTER,SEATTLE,WA,2022,National Institutes of Health,520368360.77,321
TJFZLPP6NYL6,FRED HUTCHINSON CANCER CENTER,SEATTLE,WA,2023,National Institutes of Health,351984500.56999993,67
TJFZLPP6NYL6,FRED HUTCHINSON CANCER CENTER,SEATTLE,WA,2023,National Science Foundation,445175.0,3
TJFZLPP6NYL6,FRED HUTCHINSON CANCER CENTER,SEATTLE,WA,2024,National Institutes of Health,289511634.37,52
TJFZLPP6NYL6,FRED HUTCHINSON CANCER CENTER,SEATTLE,WA,2024,National Science Foundation,375008.0,1
TJFZLPP6NYL6,FRED HUTCHINSON CANCER CENTER,SEATTLE,WA,2025,National Institutes of Health,353768804.96999997,49
TJFZLPP6NYL6,FRED HUTCHINSON CANCER CENTER,SEATTLE,WA,2025,National Science Foundation,260800.0,0
TJFZLPP6NYL6,FRED HUTCHINSON CANCER CENTER,SEATTLE,WA,2026,National Institutes of Health,237317544.91000003,41
TNKGNDAWB445,PENNSYLVANIA STATE UNIVERSITY,HERSHEY,PA,2016,National Institutes of Health,45960762.0,105
TNKGNDAWB445,PENNSYLVANIA STATE UNIVERSITY,HERSHEY,PA,2017,National Institutes of Health,44423736.0,64
TNKGNDAWB445,PENNSYLVANIA STATE UNIVERSITY,HERSHEY,PA,2018,National Institutes of Health,52443512.0,48
TNKGNDAWB445,PENNSYLVANIA STATE UNIVERSITY,HERSHEY,PA,2019,National Institutes of Health,61039293.0,59
TNKGNDAWB445,PENNSYLVANIA STATE UNIVERSITY,HERSHEY,PA,2020,National Institutes of Health,67190638.0,47
TNKGNDAWB445,PENNSYLVANIA STATE UNIVERSITY,HERSHEY,PA,2021,National Institutes of Health,77544728.00999999,38
TNKGNDAWB445,PENNSYLVANIA STATE UNIVERSITY,HERSHEY,PA,2022,National Institutes of Health,72655018.31,59
TNKGNDAWB445,PENNSYLVANIA STATE UNIVERSITY,HERSHEY,PA,2023,National Institutes of Health,67620079.29999998,41
TNKGNDAWB445,PENNSYLVANIA STATE UNIVERSITY,HERSHEY,PA,2024,National Institutes of Health,72709847.94,40
TNKGNDAWB445,PENNSYLVANIA STATE UNIVERSITY,HERSHEY,PA,2025,National Institutes of Health,91009055.21,35
TNKGNDAWB445,PENNSYLVANIA STATE UNIVERSITY,HERSHEY,PA,2026,National Institutes of Health,65470571.04,29
TP7EK8DZV6N5,DUKE UNIVERSITY,DURHAM,NC,2016,National Institutes of Health,397931018.0,745
TP7EK8DZV6N5,DUKE UNIVERSITY,DURHAM,NC,2016,National Science Foundation,35269193.0,132
TP7EK8DZV6N5,DUKE UNIVERSITY,DURHAM,NC,2017,National Institutes of Health,416453605.0,420
TP7EK8DZV6N5,DUKE UNIVERSITY,DURHAM,NC,2017,National Science Foundation,35200010.0,102
TP7EK8DZV6N5,DUKE UNIVERSITY,DURHAM,NC,2018,National Institutes of Health,466393529.0,271
TP7EK8DZV6N5,DUKE UNIVERSITY,DURHAM,NC,2018,National Science Foundation,42474748.0,93
TP7EK8DZV6N5,DUKE UNIVERSITY,DURHAM,NC,2019,National Institutes of Health,503747774.0,256
TP7EK8DZV6N5,DUKE UNIVERSITY,DURHAM,NC,2019,National Science Foundation,46704882.0,82
TP7EK8DZV6N5,DUKE UNIVERSITY,DURHAM,NC,2020,National Institutes of Health,544966104.0,232
TP7EK8DZV6N5,DUKE UNIVERSITY,DURHAM,NC,2020,National Science Foundation,34429474.0,81
TP7EK8DZV6N5,DUKE UNIVERSITY,DURHAM,NC,2021,National Institutes of Health,668216393.66,243
TP7EK8DZV6N5,DUKE UNIVERSITY,DURHAM,NC,2021,National Science Foundation,53306500.0,77
TP7EK8DZV6N5,DUKE UNIVERSITY,DURHAM,NC,2022,National Institutes of Health,603995453.8000001,288
TP7EK8DZV6N5,DUKE UNIVERSITY,DURHAM,NC,2022,National Science Foundation,50018986.0,63
TP7EK8DZV6N5,DUKE UNIVERSITY,DURHAM,NC,2023,National Institutes of Health,631623806.3400002,225
TP7EK8DZV6N5,DUKE UNIVERSITY,DURHAM,NC,2023,National Science Foundation,48415784.0,63
TP7EK8DZV6N5,DUKE UNIVERSITY,DURHAM,NC,2024,National Institutes of Health,519117710.97,237
TP7EK8DZV6N5,DUKE UNIVERSITY,DURHAM,NC,2024,National Science Foundation,56905265.0,67
TP7EK8DZV6N5,DUKE UNIVERSITY,DURHAM,NC,2025,National Institutes of Health,589768316.07,197
TP7EK8DZV6N5,DUKE UNIVERSITY,DURHAM,NC,2025,National Science Foundation,59128483.0,56
TP7EK8DZV6N5,DUKE UNIVERSITY,DURHAM,NC,2026,National Institutes of Health,378336511.49,165
TP7EK8DZV6N5,DUKE UNIVERSITY,DURHAM,NC,2026,National Science Foundation,13548363.0,8
TPALZA9N4M11,SAGE BIONETWORKS,SEATTLE,WA,2016,National Institutes of Health,1876360.0,1
TPALZA9N4M11,SAGE BIONETWORKS,SEATTLE,WA,2017,National Institutes of Health,4935865.0,1
TPALZA9N4M11,SAGE BIONETWORKS,SEATTLE,WA,2018,National Institutes of Health,4512972.0,1
TPALZA9N4M11,SAGE BIONETWORKS,SEATTLE,WA,2019,National Institutes of Health,3409224.0,0
TPALZA9N4M11,SAGE BIONETWORKS,SEATTLE,WA,2020,National Institutes of Health,4837069.0,1
TPALZA9N4M11,SAGE BIONETWORKS,SEATTLE,WA,2021,National Institutes of Health,4163604.0,0
TPALZA9N4M11,SAGE BIONETWORKS,SEATTLE,WA,2022,National Institutes of Health,8532392.96,2
TPALZA9N4M11,SAGE BIONETWORKS,SEATTLE,WA,2023,National Institutes of Health,6039934.0,1
TPALZA9N4M11,SAGE BIONETWORKS,SEATTLE,WA,2024,National Institutes of Health,7823513.5,0
TPALZA9N4M11,SAGE BIONETWORKS,SEATTLE,WA,2025,National Institutes of Health,8190089.0,0
TPALZA9N4M11,SAGE BIONETWORKS,SEATTLE,WA,2026,National Institutes of Health,4493078.24,0
TUS8D6ZGL9R3,NRG ONCOLOGY FOUNDATION INC,PHILADELPHIA,PA,2016,National Institutes of Health,22561487.0,3
TUS8D6ZGL9R3,NRG ONCOLOGY FOUNDATION INC,PHILADELPHIA,PA,2017,National Institutes of Health,24928844.0,0
TUS8D6ZGL9R3,NRG ONCOLOGY FOUNDATION INC,PHILADELPHIA,PA,2018,National Institutes of Health,24572370.0,0
TUS8D6ZGL9R3,NRG ONCOLOGY FOUNDATION INC,PHILADELPHIA,PA,2019,National Institutes of Health,29130178.0,0
TUS8D6ZGL9R3,NRG ONCOLOGY FOUNDATION INC,PHILADELPHIA,PA,2020,National Institutes of Health,31167125.0,0
TUS8D6ZGL9R3,NRG ONCOLOGY FOUNDATION INC,PHILADELPHIA,PA,2021,National Institutes of Health,26635389.0,0
TUS8D6ZGL9R3,NRG ONCOLOGY FOUNDATION INC,PHILADELPHIA,PA,2022,National Institutes of Health,26452795.0,0
TUS8D6ZGL9R3,NRG ONCOLOGY FOUNDATION INC,PHILADELPHIA,PA,2023,National Institutes of Health,38711728.49,0
TUS8D6ZGL9R3,NRG ONCOLOGY FOUNDATION INC,PHILADELPHIA,PA,2024,National Institutes of Health,24358059.509999998,0
TUS8D6ZGL9R3,NRG ONCOLOGY FOUNDATION INC,PHILADELPHIA,PA,2025,National Institutes of Health,35223424.0,0
TUS8D6ZGL9R3,NRG ONCOLOGY FOUNDATION INC,PHILADELPHIA,PA,2026,National Institutes of Health,11783802.0,0
TX2DAGQPENZ5,"UNIVERSITY OF CALIFORNIA, DAVIS",DAVIS,CA,2016,National Institutes of Health,200552956.0,430
TX2DAGQPENZ5,"UNIVERSITY OF CALIFORNIA, DAVIS",DAVIS,CA,2016,National Science Foundation,43385337.0,179
TX2DAGQPENZ5,"UNIVERSITY OF CALIFORNIA, DAVIS",DAVIS,CA,2017,National Institutes of Health,234231381.0,232
TX2DAGQPENZ5,"UNIVERSITY OF CALIFORNIA, DAVIS",DAVIS,CA,2017,National Science Foundation,43297455.0,99
TX2DAGQPENZ5,"UNIVERSITY OF CALIFORNIA, DAVIS",DAVIS,CA,2018,National Institutes of Health,239515003.0,150
TX2DAGQPENZ5,"UNIVERSITY OF CALIFORNIA, DAVIS",DAVIS,CA,2018,National Science Foundation,52840350.0,135
TX2DAGQPENZ5,"UNIVERSITY OF CALIFORNIA, DAVIS",DAVIS,CA,2019,National Institutes of Health,263285730.0,141
TX2DAGQPENZ5,"UNIVERSITY OF CALIFORNIA, DAVIS",DAVIS,CA,2019,National Science Foundation,40376736.0,95
TX2DAGQPENZ5,"UNIVERSITY OF CALIFORNIA, DAVIS",DAVIS,CA,2020,National Institutes of Health,254988900.0,126
TX2DAGQPENZ5,"UNIVERSITY OF CALIFORNIA, DAVIS",DAVIS,CA,2020,National Science Foundation,44714332.0,90
TX2DAGQPENZ5,"UNIVERSITY OF CALIFORNIA, DAVIS",DAVIS,CA,2021,National Institutes of Health,263323583.76,121
TX2DAGQPENZ5,"UNIVERSITY OF CALIFORNIA, DAVIS",DAVIS,CA,2021,National Science Foundation,52244214.0,93
TX2DAGQPENZ5,"UNIVERSITY OF CALIFORNIA, DAVIS",DAVIS,CA,2022,National Institutes of Health,266751588.74000004,144
TX2DAGQPENZ5,"UNIVERSITY OF CALIFORNIA, DAVIS",DAVIS,CA,2022,National Science Foundation,54909761.0,95
TX2DAGQPENZ5,"UNIVERSITY OF CALIFORNIA, DAVIS",DAVIS,CA,2023,National Institutes of Health,278309256.32000005,130
TX2DAGQPENZ5,"UNIVERSITY OF CALIFORNIA, DAVIS",DAVIS,CA,2023,National Science Foundation,49954097.0,78
TX2DAGQPENZ5,"UNIVERSITY OF CALIFORNIA, DAVIS",DAVIS,CA,2024,National Institutes of Health,272264138.77000004,119
TX2DAGQPENZ5,"UNIVERSITY OF CALIFORNIA, DAVIS",DAVIS,CA,2024,National Science Foundation,44402038.0,71
TX2DAGQPENZ5,"UNIVERSITY OF CALIFORNIA, DAVIS",DAVIS,CA,2025,National Institutes of Health,293468228.16999996,105
TX2DAGQPENZ5,"UNIVERSITY OF CALIFORNIA, DAVIS",DAVIS,CA,2025,National Science Foundation,55625950.0,61
TX2DAGQPENZ5,"UNIVERSITY OF CALIFORNIA, DAVIS",DAVIS,CA,2026,National Institutes of Health,251201261.78999996,84
TX2DAGQPENZ5,"UNIVERSITY OF CALIFORNIA, DAVIS",DAVIS,CA,2026,National Science Foundation,13228389.0,22
TYVNMW8FNQQ3,"RESEARCH FOUNDATION FOR MENTAL HYGIENE, INC.",NEW YORK,NY,2016,National Institutes of Health,44400712.0,95
TYVNMW8FNQQ3,"RESEARCH FOUNDATION FOR MENTAL HYGIENE, INC.",NEW YORK,NY,2017,National Institutes of Health,49886800.0,53
TYVNMW8FNQQ3,"RESEARCH FOUNDATION FOR MENTAL HYGIENE, INC.",NEW YORK,NY,2018,National Institutes of Health,62411135.0,43
TYVNMW8FNQQ3,"RESEARCH FOUNDATION FOR MENTAL HYGIENE, INC.",NEW YORK,NY,2019,National Institutes of Health,64919375.0,24
TYVNMW8FNQQ3,"RESEARCH FOUNDATION FOR MENTAL HYGIENE, INC.",NEW YORK,NY,2020,National Institutes of Health,68199569.0,43
TYVNMW8FNQQ3,"RESEARCH FOUNDATION FOR MENTAL HYGIENE, INC.",NEW YORK,NY,2021,National Institutes of Health,69585938.8,30
TYVNMW8FNQQ3,"RESEARCH FOUNDATION FOR MENTAL HYGIENE, INC.",NEW YORK,NY,2022,National Institutes of Health,75091777.1,35
TYVNMW8FNQQ3,"RESEARCH FOUNDATION FOR MENTAL HYGIENE, INC.",NEW YORK,NY,2023,National Institutes of Health,54709895.06,21
TYVNMW8FNQQ3,"RESEARCH FOUNDATION FOR MENTAL HYGIENE, INC.",NEW YORK,NY,2024,National Institutes of Health,19843495.979999997,7
TYVNMW8FNQQ3,"RESEARCH FOUNDATION FOR MENTAL HYGIENE, INC.",NEW YORK,NY,2025,National Institutes of Health,22097992.9,6
TYVNMW8FNQQ3,"RESEARCH FOUNDATION FOR MENTAL HYGIENE, INC.",NEW YORK,NY,2025,National Science Foundation,1241250.0,1
TYVNMW8FNQQ3,"RESEARCH FOUNDATION FOR MENTAL HYGIENE, INC.",NEW YORK,NY,2026,National Institutes of Health,39338725.51,24
U2JMKHNS5TG4,CALIFORNIA INSTITUTE OF TECHNOLOGY,PASADENA,CA,2016,National Institutes of Health,62621976.0,131
U2JMKHNS5TG4,CALIFORNIA INSTITUTE OF TECHNOLOGY,PASADENA,CA,2016,National Science Foundation,74056322.0,108
U2JMKHNS5TG4,CALIFORNIA INSTITUTE OF TECHNOLOGY,PASADENA,CA,2017,National Institutes of Health,66438840.0,99
U2JMKHNS5TG4,CALIFORNIA INSTITUTE OF TECHNOLOGY,PASADENA,CA,2017,National Science Foundation,72029829.0,58
U2JMKHNS5TG4,CALIFORNIA INSTITUTE OF TECHNOLOGY,PASADENA,CA,2018,National Institutes of Health,77150706.0,39
U2JMKHNS5TG4,CALIFORNIA INSTITUTE OF TECHNOLOGY,PASADENA,CA,2018,National Science Foundation,89159760.0,80
U2JMKHNS5TG4,CALIFORNIA INSTITUTE OF TECHNOLOGY,PASADENA,CA,2019,National Institutes of Health,73545065.0,40
U2JMKHNS5TG4,CALIFORNIA INSTITUTE OF TECHNOLOGY,PASADENA,CA,2019,National Science Foundation,113561666.0,57
U2JMKHNS5TG4,CALIFORNIA INSTITUTE OF TECHNOLOGY,PASADENA,CA,2020,National Institutes of Health,81558120.0,36
U2JMKHNS5TG4,CALIFORNIA INSTITUTE OF TECHNOLOGY,PASADENA,CA,2020,National Science Foundation,81753657.0,50
U2JMKHNS5TG4,CALIFORNIA INSTITUTE OF TECHNOLOGY,PASADENA,CA,2021,National Institutes of Health,85923695.7,33
U2JMKHNS5TG4,CALIFORNIA INSTITUTE OF TECHNOLOGY,PASADENA,CA,2021,National Science Foundation,79246373.0,50
U2JMKHNS5TG4,CALIFORNIA INSTITUTE OF TECHNOLOGY,PASADENA,CA,2022,National Institutes of Health,66443152.56999999,26
U2JMKHNS5TG4,CALIFORNIA INSTITUTE OF TECHNOLOGY,PASADENA,CA,2022,National Science Foundation,78282008.0,42
U2JMKHNS5TG4,CALIFORNIA INSTITUTE OF TECHNOLOGY,PASADENA,CA,2023,National Institutes of Health,60849015.8,22
U2JMKHNS5TG4,CALIFORNIA INSTITUTE OF TECHNOLOGY,PASADENA,CA,2023,National Science Foundation,79931503.0,51
U2JMKHNS5TG4,CALIFORNIA INSTITUTE OF TECHNOLOGY,PASADENA,CA,2024,National Institutes of Health,61528859.99,20
U2JMKHNS5TG4,CALIFORNIA INSTITUTE OF TECHNOLOGY,PASADENA,CA,2024,National Science Foundation,76338960.0,30
U2JMKHNS5TG4,CALIFORNIA INSTITUTE OF TECHNOLOGY,PASADENA,CA,2025,National Institutes of Health,70138282.60000001,23
U2JMKHNS5TG4,CALIFORNIA INSTITUTE OF TECHNOLOGY,PASADENA,CA,2025,National Science Foundation,86837174.0,39
U2JMKHNS5TG4,CALIFORNIA INSTITUTE OF TECHNOLOGY,PASADENA,CA,2026,National Institutes of Health,47060572.22,15
U2JMKHNS5TG4,CALIFORNIA INSTITUTE OF TECHNOLOGY,PASADENA,CA,2026,National Science Foundation,45691692.0,17
U3NKNFLNQ613,CARNEGIE-MELLON UNIVERSITY,PITTSBURGH,PA,2016,National Institutes of Health,14861708.0,46
U3NKNFLNQ613,CARNEGIE-MELLON UNIVERSITY,PITTSBURGH,PA,2016,National Science Foundation,59909121.0,207
U3NKNFLNQ613,CARNEGIE-MELLON UNIVERSITY,PITTSBURGH,PA,2017,National Institutes of Health,20313468.0,41
U3NKNFLNQ613,CARNEGIE-MELLON UNIVERSITY,PITTSBURGH,PA,2017,National Science Foundation,50223400.0,149
U3NKNFLNQ613,CARNEGIE-MELLON UNIVERSITY,PITTSBURGH,PA,2018,National Institutes of Health,28514205.0,33
U3NKNFLNQ613,CARNEGIE-MELLON UNIVERSITY,PITTSBURGH,PA,2018,National Science Foundation,52181524.0,127
U3NKNFLNQ613,CARNEGIE-MELLON UNIVERSITY,PITTSBURGH,PA,2019,National Institutes of Health,28298584.0,25
U3NKNFLNQ613,CARNEGIE-MELLON UNIVERSITY,PITTSBURGH,PA,2019,National Science Foundation,68347581.0,116
U3NKNFLNQ613,CARNEGIE-MELLON UNIVERSITY,PITTSBURGH,PA,2020,National Institutes of Health,26600246.0,27
U3NKNFLNQ613,CARNEGIE-MELLON UNIVERSITY,PITTSBURGH,PA,2020,National Science Foundation,61963262.0,120
U3NKNFLNQ613,CARNEGIE-MELLON UNIVERSITY,PITTSBURGH,PA,2021,National Institutes of Health,28394453.020000003,16
U3NKNFLNQ613,CARNEGIE-MELLON UNIVERSITY,PITTSBURGH,PA,2021,National Science Foundation,76399047.0,120
U3NKNFLNQ613,CARNEGIE-MELLON UNIVERSITY,PITTSBURGH,PA,2022,National Institutes of Health,35199727.31,28
U3NKNFLNQ613,CARNEGIE-MELLON UNIVERSITY,PITTSBURGH,PA,2022,National Science Foundation,75333282.0,102
U3NKNFLNQ613,CARNEGIE-MELLON UNIVERSITY,PITTSBURGH,PA,2023,National Institutes of Health,35462312.19,16
U3NKNFLNQ613,CARNEGIE-MELLON UNIVERSITY,PITTSBURGH,PA,2023,National Science Foundation,52599876.0,109
U3NKNFLNQ613,CARNEGIE-MELLON UNIVERSITY,PITTSBURGH,PA,2024,National Institutes of Health,31344153.52,22
U3NKNFLNQ613,CARNEGIE-MELLON UNIVERSITY,PITTSBURGH,PA,2024,National Science Foundation,61420129.0,103
U3NKNFLNQ613,CARNEGIE-MELLON UNIVERSITY,PITTSBURGH,PA,2025,National Institutes of Health,25101935.32,17
U3NKNFLNQ613,CARNEGIE-MELLON UNIVERSITY,PITTSBURGH,PA,2025,National Science Foundation,70186743.0,86
U3NKNFLNQ613,CARNEGIE-MELLON UNIVERSITY,PITTSBURGH,PA,2026,National Institutes of Health,22988314.53,16
U3NKNFLNQ613,CARNEGIE-MELLON UNIVERSITY,PITTSBURGH,PA,2026,National Science Foundation,30862005.0,29
U3NVH931QJJ3,NORTH CAROLINA STATE UNIVERSITY,RALEIGH,NC,2016,National Institutes of Health,17434379.0,67
U3NVH931QJJ3,NORTH CAROLINA STATE UNIVERSITY,RALEIGH,NC,2016,National Science Foundation,68557501.0,183
U3NVH931QJJ3,NORTH CAROLINA STATE UNIVERSITY,RALEIGH,NC,2017,National Institutes of Health,24097289.0,47
U3NVH931QJJ3,NORTH CAROLINA STATE UNIVERSITY,RALEIGH,NC,2017,National Science Foundation,47906848.0,128
U3NVH931QJJ3,NORTH CAROLINA STATE UNIVERSITY,RALEIGH,NC,2018,National Institutes of Health,25750331.0,35
U3NVH931QJJ3,NORTH CAROLINA STATE UNIVERSITY,RALEIGH,NC,2018,National Science Foundation,58266585.0,132
U3NVH931QJJ3,NORTH CAROLINA STATE UNIVERSITY,RALEIGH,NC,2019,National Institutes of Health,28281334.0,31
U3NVH931QJJ3,NORTH CAROLINA STATE UNIVERSITY,RALEIGH,NC,2019,National Science Foundation,55887070.0,119
U3NVH931QJJ3,NORTH CAROLINA STATE UNIVERSITY,RALEIGH,NC,2020,National Institutes of Health,31657716.0,24
U3NVH931QJJ3,NORTH CAROLINA STATE UNIVERSITY,RALEIGH,NC,2020,National Science Foundation,50722000.0,113
U3NVH931QJJ3,NORTH CAROLINA STATE UNIVERSITY,RALEIGH,NC,2021,National Institutes of Health,45588509.03,40
U3NVH931QJJ3,NORTH CAROLINA STATE UNIVERSITY,RALEIGH,NC,2021,National Science Foundation,57645052.0,99
U3NVH931QJJ3,NORTH CAROLINA STATE UNIVERSITY,RALEIGH,NC,2022,National Institutes of Health,38708860.17,30
U3NVH931QJJ3,NORTH CAROLINA STATE UNIVERSITY,RALEIGH,NC,2022,National Science Foundation,58082817.0,103
U3NVH931QJJ3,NORTH CAROLINA STATE UNIVERSITY,RALEIGH,NC,2023,National Institutes of Health,42232156.84,30
U3NVH931QJJ3,NORTH CAROLINA STATE UNIVERSITY,RALEIGH,NC,2023,National Science Foundation,67009248.0,116
U3NVH931QJJ3,NORTH CAROLINA STATE UNIVERSITY,RALEIGH,NC,2024,National Institutes of Health,45724001.20999999,32
U3NVH931QJJ3,NORTH CAROLINA STATE UNIVERSITY,RALEIGH,NC,2024,National Science Foundation,67896701.0,104
U3NVH931QJJ3,NORTH CAROLINA STATE UNIVERSITY,RALEIGH,NC,2025,National Institutes of Health,44008300.47,16
U3NVH931QJJ3,NORTH CAROLINA STATE UNIVERSITY,RALEIGH,NC,2025,National Science Foundation,71815945.0,100
U3NVH931QJJ3,NORTH CAROLINA STATE UNIVERSITY,RALEIGH,NC,2026,National Institutes of Health,39519394.03,20
U3NVH931QJJ3,NORTH CAROLINA STATE UNIVERSITY,RALEIGH,NC,2026,National Science Foundation,23818565.0,31
U3ZFA57417D4,WESTERN WASHINGTON UNIVERSITY,BELLINGHAM,WA,2016,National Institutes of Health,455151.0,2
U3ZFA57417D4,WESTERN WASHINGTON UNIVERSITY,BELLINGHAM,WA,2016,National Science Foundation,3250507.0,19
U3ZFA57417D4,WESTERN WASHINGTON UNIVERSITY,BELLINGHAM,WA,2017,National Institutes of Health,752614.0,4
U3ZFA57417D4,WESTERN WASHINGTON UNIVERSITY,BELLINGHAM,WA,2017,National Science Foundation,3209548.0,13
U3ZFA57417D4,WESTERN WASHINGTON UNIVERSITY,BELLINGHAM,WA,2018,National Science Foundation,3736702.0,13
U3ZFA57417D4,WESTERN WASHINGTON UNIVERSITY,BELLINGHAM,WA,2019,National Institutes of Health,410150.0,0
U3ZFA57417D4,WESTERN WASHINGTON UNIVERSITY,BELLINGHAM,WA,2019,National Science Foundation,2561929.0,12
U3ZFA57417D4,WESTERN WASHINGTON UNIVERSITY,BELLINGHAM,WA,2020,National Institutes of Health,0.0,0
U3ZFA57417D4,WESTERN WASHINGTON UNIVERSITY,BELLINGHAM,WA,2020,National Science Foundation,4608812.0,20
U3ZFA57417D4,WESTERN WASHINGTON UNIVERSITY,BELLINGHAM,WA,2021,National Institutes of Health,389372.94,0
U3ZFA57417D4,WESTERN WASHINGTON UNIVERSITY,BELLINGHAM,WA,2021,National Science Foundation,8712604.0,26
U3ZFA57417D4,WESTERN WASHINGTON UNIVERSITY,BELLINGHAM,WA,2022,National Institutes of Health,372244.16,1
U3ZFA57417D4,WESTERN WASHINGTON UNIVERSITY,BELLINGHAM,WA,2022,National Science Foundation,6834845.0,19
U3ZFA57417D4,WESTERN WASHINGTON UNIVERSITY,BELLINGHAM,WA,2023,National Institutes of Health,386719.0,0
U3ZFA57417D4,WESTERN WASHINGTON UNIVERSITY,BELLINGHAM,WA,2023,National Science Foundation,7599756.0,14
U3ZFA57417D4,WESTERN WASHINGTON UNIVERSITY,BELLINGHAM,WA,2024,National Institutes of Health,562548.31,1
U3ZFA57417D4,WESTERN WASHINGTON UNIVERSITY,BELLINGHAM,WA,2024,National Science Foundation,5323439.0,17
U3ZFA57417D4,WESTERN WASHINGTON UNIVERSITY,BELLINGHAM,WA,2025,National Institutes of Health,798417.0,2
U3ZFA57417D4,WESTERN WASHINGTON UNIVERSITY,BELLINGHAM,WA,2025,National Science Foundation,3779161.0,5
U3ZFA57417D4,WESTERN WASHINGTON UNIVERSITY,BELLINGHAM,WA,2026,National Institutes of Health,1054136.26,2
U3ZFA57417D4,WESTERN WASHINGTON UNIVERSITY,BELLINGHAM,WA,2026,National Science Foundation,-928458.0,1
U44ZMVYU52U6,THE UNIVERSITY OF TEXAS AT SAN ANTONIO,SAN ANTONIO,TX,2016,National Institutes of Health,10088959.0,32
U44ZMVYU52U6,THE UNIVERSITY OF TEXAS AT SAN ANTONIO,SAN ANTONIO,TX,2016,National Science Foundation,5873306.0,38
U44ZMVYU52U6,THE UNIVERSITY OF TEXAS AT SAN ANTONIO,SAN ANTONIO,TX,2017,National Institutes of Health,8889083.0,22
U44ZMVYU52U6,THE UNIVERSITY OF TEXAS AT SAN ANTONIO,SAN ANTONIO,TX,2017,National Science Foundation,7004035.0,25
U44ZMVYU52U6,THE UNIVERSITY OF TEXAS AT SAN ANTONIO,SAN ANTONIO,TX,2018,National Institutes of Health,9712916.0,16
U44ZMVYU52U6,THE UNIVERSITY OF TEXAS AT SAN ANTONIO,SAN ANTONIO,TX,2018,National Science Foundation,12156267.0,27
U44ZMVYU52U6,THE UNIVERSITY OF TEXAS AT SAN ANTONIO,SAN ANTONIO,TX,2019,National Institutes of Health,11925325.0,13
U44ZMVYU52U6,THE UNIVERSITY OF TEXAS AT SAN ANTONIO,SAN ANTONIO,TX,2019,National Science Foundation,7499925.0,31
U44ZMVYU52U6,THE UNIVERSITY OF TEXAS AT SAN ANTONIO,SAN ANTONIO,TX,2020,National Institutes of Health,15948386.0,20
U44ZMVYU52U6,THE UNIVERSITY OF TEXAS AT SAN ANTONIO,SAN ANTONIO,TX,2020,National Science Foundation,5881310.0,26
U44ZMVYU52U6,THE UNIVERSITY OF TEXAS AT SAN ANTONIO,SAN ANTONIO,TX,2021,National Institutes of Health,17526717.36,12
U44ZMVYU52U6,THE UNIVERSITY OF TEXAS AT SAN ANTONIO,SAN ANTONIO,TX,2021,National Science Foundation,8187241.0,28
U44ZMVYU52U6,THE UNIVERSITY OF TEXAS AT SAN ANTONIO,SAN ANTONIO,TX,2022,National Institutes of Health,16456845.330000002,14
U44ZMVYU52U6,THE UNIVERSITY OF TEXAS AT SAN ANTONIO,SAN ANTONIO,TX,2022,National Science Foundation,14001977.0,35
U44ZMVYU52U6,THE UNIVERSITY OF TEXAS AT SAN ANTONIO,SAN ANTONIO,TX,2023,National Institutes of Health,13378253.49,6
U44ZMVYU52U6,THE UNIVERSITY OF TEXAS AT SAN ANTONIO,SAN ANTONIO,TX,2023,National Science Foundation,18600488.0,35
U44ZMVYU52U6,THE UNIVERSITY OF TEXAS AT SAN ANTONIO,SAN ANTONIO,TX,2024,National Institutes of Health,14054550.579999998,16
U44ZMVYU52U6,THE UNIVERSITY OF TEXAS AT SAN ANTONIO,SAN ANTONIO,TX,2024,National Science Foundation,8169239.0,18
U44ZMVYU52U6,THE UNIVERSITY OF TEXAS AT SAN ANTONIO,SAN ANTONIO,TX,2025,National Institutes of Health,9078198.879999999,6
U44ZMVYU52U6,THE UNIVERSITY OF TEXAS AT SAN ANTONIO,SAN ANTONIO,TX,2025,National Science Foundation,12564878.0,20
U44ZMVYU52U6,THE UNIVERSITY OF TEXAS AT SAN ANTONIO,SAN ANTONIO,TX,2026,National Institutes of Health,5084676.77,10
U44ZMVYU52U6,THE UNIVERSITY OF TEXAS AT SAN ANTONIO,SAN ANTONIO,TX,2026,National Science Foundation,1294746.0,6
U46RJM97ML83,THE MOUNT DESERT ISLAND BIOLOGICAL LABORATORY,BAR HARBOR,ME,2016,National Institutes of Health,7123572.0,8
U46RJM97ML83,THE MOUNT DESERT ISLAND BIOLOGICAL LABORATORY,BAR HARBOR,ME,2017,National Institutes of Health,7381687.0,6
U46RJM97ML83,THE MOUNT DESERT ISLAND BIOLOGICAL LABORATORY,BAR HARBOR,ME,2018,National Institutes of Health,6414370.0,2
U46RJM97ML83,THE MOUNT DESERT ISLAND BIOLOGICAL LABORATORY,BAR HARBOR,ME,2019,National Institutes of Health,7569225.0,2
U46RJM97ML83,THE MOUNT DESERT ISLAND BIOLOGICAL LABORATORY,BAR HARBOR,ME,2019,National Science Foundation,382064.0,1
U46RJM97ML83,THE MOUNT DESERT ISLAND BIOLOGICAL LABORATORY,BAR HARBOR,ME,2020,National Institutes of Health,8412284.0,3
U46RJM97ML83,THE MOUNT DESERT ISLAND BIOLOGICAL LABORATORY,BAR HARBOR,ME,2021,National Institutes of Health,7482531.71,3
U46RJM97ML83,THE MOUNT DESERT ISLAND BIOLOGICAL LABORATORY,BAR HARBOR,ME,2022,National Institutes of Health,8761430.0,2
U46RJM97ML83,THE MOUNT DESERT ISLAND BIOLOGICAL LABORATORY,BAR HARBOR,ME,2023,National Institutes of Health,6757518.0,1
U46RJM97ML83,THE MOUNT DESERT ISLAND BIOLOGICAL LABORATORY,BAR HARBOR,ME,2023,National Science Foundation,135401.0,1
U46RJM97ML83,THE MOUNT DESERT ISLAND BIOLOGICAL LABORATORY,BAR HARBOR,ME,2024,National Institutes of Health,5750460.84,3
U46RJM97ML83,THE MOUNT DESERT ISLAND BIOLOGICAL LABORATORY,BAR HARBOR,ME,2024,National Science Foundation,135599.0,0
U46RJM97ML83,THE MOUNT DESERT ISLAND BIOLOGICAL LABORATORY,BAR HARBOR,ME,2025,National Institutes of Health,6417811.87,1
U46RJM97ML83,THE MOUNT DESERT ISLAND BIOLOGICAL LABORATORY,BAR HARBOR,ME,2025,National Science Foundation,138741.0,0
U46RJM97ML83,THE MOUNT DESERT ISLAND BIOLOGICAL LABORATORY,BAR HARBOR,ME,2026,National Institutes of Health,7579418.9399999995,3
U46RJM97ML83,THE MOUNT DESERT ISLAND BIOLOGICAL LABORATORY,BAR HARBOR,ME,2026,National Science Foundation,464952.0,1
U5WBFKEBLMX3,RENSSELAER POLYTECHNIC INSTITUTE,TROY,NY,2016,National Institutes of Health,6733766.0,20
U5WBFKEBLMX3,RENSSELAER POLYTECHNIC INSTITUTE,TROY,NY,2016,National Science Foundation,25150928.0,79
U5WBFKEBLMX3,RENSSELAER POLYTECHNIC INSTITUTE,TROY,NY,2017,National Institutes of Health,6580841.0,12
U5WBFKEBLMX3,RENSSELAER POLYTECHNIC INSTITUTE,TROY,NY,2017,National Science Foundation,13249985.0,42
U5WBFKEBLMX3,RENSSELAER POLYTECHNIC INSTITUTE,TROY,NY,2018,National Institutes of Health,6791048.0,8
U5WBFKEBLMX3,RENSSELAER POLYTECHNIC INSTITUTE,TROY,NY,2018,National Science Foundation,12687148.0,40
U5WBFKEBLMX3,RENSSELAER POLYTECHNIC INSTITUTE,TROY,NY,2019,National Institutes of Health,9737409.0,8
U5WBFKEBLMX3,RENSSELAER POLYTECHNIC INSTITUTE,TROY,NY,2019,National Science Foundation,7916227.0,23
U5WBFKEBLMX3,RENSSELAER POLYTECHNIC INSTITUTE,TROY,NY,2020,National Institutes of Health,12922126.0,8
U5WBFKEBLMX3,RENSSELAER POLYTECHNIC INSTITUTE,TROY,NY,2020,National Science Foundation,13439550.0,36
U5WBFKEBLMX3,RENSSELAER POLYTECHNIC INSTITUTE,TROY,NY,2021,National Institutes of Health,8806042.8,6
U5WBFKEBLMX3,RENSSELAER POLYTECHNIC INSTITUTE,TROY,NY,2021,National Science Foundation,11514996.0,33
U5WBFKEBLMX3,RENSSELAER POLYTECHNIC INSTITUTE,TROY,NY,2022,National Institutes of Health,7629658.34,5
U5WBFKEBLMX3,RENSSELAER POLYTECHNIC INSTITUTE,TROY,NY,2022,National Science Foundation,11442669.0,23
U5WBFKEBLMX3,RENSSELAER POLYTECHNIC INSTITUTE,TROY,NY,2023,National Institutes of Health,9637831.75,8
U5WBFKEBLMX3,RENSSELAER POLYTECHNIC INSTITUTE,TROY,NY,2023,National Science Foundation,9928974.0,19
U5WBFKEBLMX3,RENSSELAER POLYTECHNIC INSTITUTE,TROY,NY,2024,National Institutes of Health,9369878.540000001,7
U5WBFKEBLMX3,RENSSELAER POLYTECHNIC INSTITUTE,TROY,NY,2024,National Science Foundation,6546582.0,19
U5WBFKEBLMX3,RENSSELAER POLYTECHNIC INSTITUTE,TROY,NY,2025,National Institutes of Health,7180745.83,2
U5WBFKEBLMX3,RENSSELAER POLYTECHNIC INSTITUTE,TROY,NY,2025,National Science Foundation,6394746.0,20
U5WBFKEBLMX3,RENSSELAER POLYTECHNIC INSTITUTE,TROY,NY,2026,National Institutes of Health,5382798.41,0
U5WBFKEBLMX3,RENSSELAER POLYTECHNIC INSTITUTE,TROY,NY,2026,National Science Foundation,1362046.0,7
U9EDNSCHTBE7,THE UNIVERSITY OF SOUTH DAKOTA,VERMILLION,SD,2016,National Institutes of Health,6318855.0,13
U9EDNSCHTBE7,THE UNIVERSITY OF SOUTH DAKOTA,VERMILLION,SD,2016,National Science Foundation,4405335.0,10
U9EDNSCHTBE7,THE UNIVERSITY OF SOUTH DAKOTA,VERMILLION,SD,2017,National Institutes of Health,6799606.0,7
U9EDNSCHTBE7,THE UNIVERSITY OF SOUTH DAKOTA,VERMILLION,SD,2017,National Science Foundation,2593030.0,11
U9EDNSCHTBE7,THE UNIVERSITY OF SOUTH DAKOTA,VERMILLION,SD,2018,National Institutes of Health,7087989.0,8
U9EDNSCHTBE7,THE UNIVERSITY OF SOUTH DAKOTA,VERMILLION,SD,2018,National Science Foundation,3942875.0,8
U9EDNSCHTBE7,THE UNIVERSITY OF SOUTH DAKOTA,VERMILLION,SD,2019,National Institutes of Health,6633476.0,5
U9EDNSCHTBE7,THE UNIVERSITY OF SOUTH DAKOTA,VERMILLION,SD,2019,National Science Foundation,863515.0,7
U9EDNSCHTBE7,THE UNIVERSITY OF SOUTH DAKOTA,VERMILLION,SD,2020,National Institutes of Health,8100423.0,4
U9EDNSCHTBE7,THE UNIVERSITY OF SOUTH DAKOTA,VERMILLION,SD,2020,National Science Foundation,1128772.0,3
U9EDNSCHTBE7,THE UNIVERSITY OF SOUTH DAKOTA,VERMILLION,SD,2021,National Institutes of Health,7878724.0,3
U9EDNSCHTBE7,THE UNIVERSITY OF SOUTH DAKOTA,VERMILLION,SD,2021,National Science Foundation,1868909.0,4
U9EDNSCHTBE7,THE UNIVERSITY OF SOUTH DAKOTA,VERMILLION,SD,2022,National Institutes of Health,9442694.36,2
U9EDNSCHTBE7,THE UNIVERSITY OF SOUTH DAKOTA,VERMILLION,SD,2022,National Science Foundation,2743168.0,5
U9EDNSCHTBE7,THE UNIVERSITY OF SOUTH DAKOTA,VERMILLION,SD,2023,National Institutes of Health,8293514.87,4
U9EDNSCHTBE7,THE UNIVERSITY OF SOUTH DAKOTA,VERMILLION,SD,2023,National Science Foundation,2325268.0,5
U9EDNSCHTBE7,THE UNIVERSITY OF SOUTH DAKOTA,VERMILLION,SD,2024,National Institutes of Health,6741086.63,3
U9EDNSCHTBE7,THE UNIVERSITY OF SOUTH DAKOTA,VERMILLION,SD,2024,National Science Foundation,2539123.0,11
U9EDNSCHTBE7,THE UNIVERSITY OF SOUTH DAKOTA,VERMILLION,SD,2025,National Institutes of Health,6910465.88,1
U9EDNSCHTBE7,THE UNIVERSITY OF SOUTH DAKOTA,VERMILLION,SD,2025,National Science Foundation,2761742.0,5
U9EDNSCHTBE7,THE UNIVERSITY OF SOUTH DAKOTA,VERMILLION,SD,2026,National Institutes of Health,8174530.92,2
U9EDNSCHTBE7,THE UNIVERSITY OF SOUTH DAKOTA,VERMILLION,SD,2026,National Science Foundation,706643.0,1
U9JCYEXFEEU4,TUSKEGEE UNIVERSITY,TUSKEGEE INSTITUTE,AL,2016,National Institutes of Health,2113669.0,5
U9JCYEXFEEU4,TUSKEGEE UNIVERSITY,TUSKEGEE INSTITUTE,AL,2016,National Science Foundation,6558544.0,17
U9JCYEXFEEU4,TUSKEGEE UNIVERSITY,TUSKEGEE INSTITUTE,AL,2017,National Institutes of Health,2069468.0,2
U9JCYEXFEEU4,TUSKEGEE UNIVERSITY,TUSKEGEE INSTITUTE,AL,2017,National Science Foundation,3619674.0,13
U9JCYEXFEEU4,TUSKEGEE UNIVERSITY,TUSKEGEE INSTITUTE,AL,2018,National Institutes of Health,2940183.0,2
U9JCYEXFEEU4,TUSKEGEE UNIVERSITY,TUSKEGEE INSTITUTE,AL,2018,National Science Foundation,7387672.0,9
U9JCYEXFEEU4,TUSKEGEE UNIVERSITY,TUSKEGEE INSTITUTE,AL,2019,National Institutes of Health,1865031.0,0
U9JCYEXFEEU4,TUSKEGEE UNIVERSITY,TUSKEGEE INSTITUTE,AL,2019,National Science Foundation,1550021.0,2
U9JCYEXFEEU4,TUSKEGEE UNIVERSITY,TUSKEGEE INSTITUTE,AL,2020,National Institutes of Health,3456708.0,1
U9JCYEXFEEU4,TUSKEGEE UNIVERSITY,TUSKEGEE INSTITUTE,AL,2020,National Science Foundation,4356989.0,7
U9JCYEXFEEU4,TUSKEGEE UNIVERSITY,TUSKEGEE INSTITUTE,AL,2021,National Institutes of Health,-754006.57,1
U9JCYEXFEEU4,TUSKEGEE UNIVERSITY,TUSKEGEE INSTITUTE,AL,2021,National Science Foundation,6162896.0,8
U9JCYEXFEEU4,TUSKEGEE UNIVERSITY,TUSKEGEE INSTITUTE,AL,2022,National Institutes of Health,10294600.0,2
U9JCYEXFEEU4,TUSKEGEE UNIVERSITY,TUSKEGEE INSTITUTE,AL,2022,National Science Foundation,5682690.0,6
U9JCYEXFEEU4,TUSKEGEE UNIVERSITY,TUSKEGEE INSTITUTE,AL,2023,National Institutes of Health,6651537.140000001,1
U9JCYEXFEEU4,TUSKEGEE UNIVERSITY,TUSKEGEE INSTITUTE,AL,2023,National Science Foundation,4361915.0,6
U9JCYEXFEEU4,TUSKEGEE UNIVERSITY,TUSKEGEE INSTITUTE,AL,2024,National Institutes of Health,6638346.09,1
U9JCYEXFEEU4,TUSKEGEE UNIVERSITY,TUSKEGEE INSTITUTE,AL,2024,National Science Foundation,3682097.0,6
U9JCYEXFEEU4,TUSKEGEE UNIVERSITY,TUSKEGEE INSTITUTE,AL,2025,National Institutes of Health,5433753.0,0
U9JCYEXFEEU4,TUSKEGEE UNIVERSITY,TUSKEGEE INSTITUTE,AL,2025,National Science Foundation,4308481.0,5
U9JCYEXFEEU4,TUSKEGEE UNIVERSITY,TUSKEGEE INSTITUTE,AL,2026,National Institutes of Health,3830062.41,0
U9JCYEXFEEU4,TUSKEGEE UNIVERSITY,TUSKEGEE INSTITUTE,AL,2026,National Science Foundation,-634075.0,1
ULMJJBL7ZXX3,MAYO CLINIC ARIZONA,SCOTTSDALE,AZ,2016,National Institutes of Health,12282449.0,25
ULMJJBL7ZXX3,MAYO CLINIC ARIZONA,SCOTTSDALE,AZ,2017,National Institutes of Health,14486201.0,13
ULMJJBL7ZXX3,MAYO CLINIC ARIZONA,SCOTTSDALE,AZ,2018,National Institutes of Health,13890860.0,9
ULMJJBL7ZXX3,MAYO CLINIC ARIZONA,SCOTTSDALE,AZ,2019,National Institutes of Health,20222517.0,7
ULMJJBL7ZXX3,MAYO CLINIC ARIZONA,SCOTTSDALE,AZ,2020,National Institutes of Health,16794603.0,8
ULMJJBL7ZXX3,MAYO CLINIC ARIZONA,SCOTTSDALE,AZ,2021,National Institutes of Health,15116077.040000001,7
ULMJJBL7ZXX3,MAYO CLINIC ARIZONA,SCOTTSDALE,AZ,2022,National Institutes of Health,17940512.38,14
ULMJJBL7ZXX3,MAYO CLINIC ARIZONA,SCOTTSDALE,AZ,2023,National Institutes of Health,22428959.22,14
ULMJJBL7ZXX3,MAYO CLINIC ARIZONA,SCOTTSDALE,AZ,2024,National Institutes of Health,28558505.020000003,12
ULMJJBL7ZXX3,MAYO CLINIC ARIZONA,SCOTTSDALE,AZ,2025,National Institutes of Health,23804358.490000002,16
ULMJJBL7ZXX3,MAYO CLINIC ARIZONA,SCOTTSDALE,AZ,2026,National Institutes of Health,18397106.56,10
UNVDZNFA8R29,PRESIDENT AND FELLOWS OF HARVARD COLLEGE,CAMBRIDGE,MA,2016,National Institutes of Health,122367763.0,175
UNVDZNFA8R29,PRESIDENT AND FELLOWS OF HARVARD COLLEGE,CAMBRIDGE,MA,2017,National Institutes of Health,123997656.0,102
UNVDZNFA8R29,PRESIDENT AND FELLOWS OF HARVARD COLLEGE,CAMBRIDGE,MA,2018,National Institutes of Health,123479576.0,62
UNVDZNFA8R29,PRESIDENT AND FELLOWS OF HARVARD COLLEGE,CAMBRIDGE,MA,2019,National Institutes of Health,120581879.0,41
UNVDZNFA8R29,PRESIDENT AND FELLOWS OF HARVARD COLLEGE,CAMBRIDGE,MA,2020,National Institutes of Health,137302898.0,52
UNVDZNFA8R29,PRESIDENT AND FELLOWS OF HARVARD COLLEGE,CAMBRIDGE,MA,2021,National Institutes of Health,141617331.99,29
UNVDZNFA8R29,PRESIDENT AND FELLOWS OF HARVARD COLLEGE,CAMBRIDGE,MA,2022,National Institutes of Health,128625511.28999999,34
UNVDZNFA8R29,PRESIDENT AND FELLOWS OF HARVARD COLLEGE,CAMBRIDGE,MA,2023,National Institutes of Health,138187493.66,33
UNVDZNFA8R29,PRESIDENT AND FELLOWS OF HARVARD COLLEGE,CAMBRIDGE,MA,2024,National Institutes of Health,148371763.35000002,33
UNVDZNFA8R29,PRESIDENT AND FELLOWS OF HARVARD COLLEGE,CAMBRIDGE,MA,2025,National Institutes of Health,105704097.09,32
UNVDZNFA8R29,PRESIDENT AND FELLOWS OF HARVARD COLLEGE,CAMBRIDGE,MA,2026,National Institutes of Health,86898554.09,12
UUUMQVGJNNX1,"JOSLIN DIABETES CENTER, INC.",BOSTON,MA,2016,National Institutes of Health,23002999.0,36
UUUMQVGJNNX1,"JOSLIN DIABETES CENTER, INC.",BOSTON,MA,2017,National Institutes of Health,22974492.0,17
UUUMQVGJNNX1,"JOSLIN DIABETES CENTER, INC.",BOSTON,MA,2018,National Institutes of Health,14613674.0,9
UUUMQVGJNNX1,"JOSLIN DIABETES CENTER, INC.",BOSTON,MA,2019,National Institutes of Health,12994429.0,2
UUUMQVGJNNX1,"JOSLIN DIABETES CENTER, INC.",BOSTON,MA,2020,National Institutes of Health,14900284.0,12
UUUMQVGJNNX1,"JOSLIN DIABETES CENTER, INC.",BOSTON,MA,2021,National Institutes of Health,17346238.82,6
UUUMQVGJNNX1,"JOSLIN DIABETES CENTER, INC.",BOSTON,MA,2022,National Institutes of Health,20869973.89,9
UUUMQVGJNNX1,"JOSLIN DIABETES CENTER, INC.",BOSTON,MA,2023,National Institutes of Health,21061254.53,5
UUUMQVGJNNX1,"JOSLIN DIABETES CENTER, INC.",BOSTON,MA,2024,National Institutes of Health,24603092.15,9
UUUMQVGJNNX1,"JOSLIN DIABETES CENTER, INC.",BOSTON,MA,2025,National Institutes of Health,22227871.92,4
UUUMQVGJNNX1,"JOSLIN DIABETES CENTER, INC.",BOSTON,MA,2026,National Institutes of Health,18216393.92,1
UWNWSADJYYZ3,"EPICYPHER, INC.",RESEARCH TRIANGLE PARK,NC,2016,National Institutes of Health,2099905.0,6
UWNWSADJYYZ3,"EPICYPHER, INC.",RESEARCH TRIANGLE PARK,NC,2017,National Institutes of Health,2902357.0,6
UWNWSADJYYZ3,"EPICYPHER, INC.",RESEARCH TRIANGLE PARK,NC,2018,National Institutes of Health,7216433.0,10
UWNWSADJYYZ3,"EPICYPHER, INC.",RESEARCH TRIANGLE PARK,NC,2019,National Institutes of Health,6084005.0,6
UWNWSADJYYZ3,"EPICYPHER, INC.",RESEARCH TRIANGLE PARK,NC,2020,National Institutes of Health,5138701.0,4
UWNWSADJYYZ3,"EPICYPHER, INC.",RESEARCH TRIANGLE PARK,NC,2021,National Institutes of Health,788741.0,0
UWNWSADJYYZ3,"EPICYPHER, INC.",RESEARCH TRIANGLE PARK,NC,2022,National Institutes of Health,11888731.0,12
UWNWSADJYYZ3,"EPICYPHER, INC.",RESEARCH TRIANGLE PARK,NC,2023,National Institutes of Health,12622074.0,6
UWNWSADJYYZ3,"EPICYPHER, INC.",RESEARCH TRIANGLE PARK,NC,2024,National Institutes of Health,11622850.0,4
UWNWSADJYYZ3,"EPICYPHER, INC.",RESEARCH TRIANGLE PARK,NC,2025,National Institutes of Health,10408249.0,3
UWNWSADJYYZ3,"EPICYPHER, INC.",RESEARCH TRIANGLE PARK,NC,2026,National Institutes of Health,3359391.0,1
UYLKBRENAPG5,"THE HENRY M. JACKSON FOUNDATION FOR THE ADVANCEMENT OF MILITARY MEDICINE, INC.",BETHESDA,MD,2016,National Institutes of Health,17789906.0,47
UYLKBRENAPG5,"THE HENRY M. JACKSON FOUNDATION FOR THE ADVANCEMENT OF MILITARY MEDICINE, INC.",BETHESDA,MD,2017,National Institutes of Health,12306488.0,23
UYLKBRENAPG5,"THE HENRY M. JACKSON FOUNDATION FOR THE ADVANCEMENT OF MILITARY MEDICINE, INC.",BETHESDA,MD,2018,National Institutes of Health,15806812.0,14
UYLKBRENAPG5,"THE HENRY M. JACKSON FOUNDATION FOR THE ADVANCEMENT OF MILITARY MEDICINE, INC.",BETHESDA,MD,2019,National Institutes of Health,22630741.0,13
UYLKBRENAPG5,"THE HENRY M. JACKSON FOUNDATION FOR THE ADVANCEMENT OF MILITARY MEDICINE, INC.",BETHESDA,MD,2020,National Institutes of Health,13693596.0,8
UYLKBRENAPG5,"THE HENRY M. JACKSON FOUNDATION FOR THE ADVANCEMENT OF MILITARY MEDICINE, INC.",BETHESDA,MD,2021,National Institutes of Health,18795692.38,13
UYLKBRENAPG5,"THE HENRY M. JACKSON FOUNDATION FOR THE ADVANCEMENT OF MILITARY MEDICINE, INC.",BETHESDA,MD,2022,National Institutes of Health,21755587.03,18
UYLKBRENAPG5,"THE HENRY M. JACKSON FOUNDATION FOR THE ADVANCEMENT OF MILITARY MEDICINE, INC.",BETHESDA,MD,2023,National Institutes of Health,30401728.089999996,12
UYLKBRENAPG5,"THE HENRY M. JACKSON FOUNDATION FOR THE ADVANCEMENT OF MILITARY MEDICINE, INC.",BETHESDA,MD,2024,National Institutes of Health,16649638.989999998,8
UYLKBRENAPG5,"THE HENRY M. JACKSON FOUNDATION FOR THE ADVANCEMENT OF MILITARY MEDICINE, INC.",BETHESDA,MD,2025,National Institutes of Health,20752317.759999998,11
UYLKBRENAPG5,"THE HENRY M. JACKSON FOUNDATION FOR THE ADVANCEMENT OF MILITARY MEDICINE, INC.",BETHESDA,MD,2026,National Institutes of Health,15996611.62,7
UYLKBRENAPG5,"THE HENRY M. JACKSON FOUNDATION FOR THE ADVANCEMENT OF MILITARY MEDICINE, INC.",BETHESDA,MD,2026,National Science Foundation,651779.0,1
UYTTZT6G9DT1,"UNIVERSITY OF CALIFORNIA, SAN DIEGO",LA JOLLA,CA,2016,National Institutes of Health,405880559.0,802
UYTTZT6G9DT1,"UNIVERSITY OF CALIFORNIA, SAN DIEGO",LA JOLLA,CA,2016,National Science Foundation,69247430.0,194
UYTTZT6G9DT1,"UNIVERSITY OF CALIFORNIA, SAN DIEGO",LA JOLLA,CA,2017,National Institutes of Health,425806213.0,445
UYTTZT6G9DT1,"UNIVERSITY OF CALIFORNIA, SAN DIEGO",LA JOLLA,CA,2017,National Science Foundation,62038630.0,140
UYTTZT6G9DT1,"UNIVERSITY OF CALIFORNIA, SAN DIEGO",LA JOLLA,CA,2018,National Institutes of Health,456652651.0,294
UYTTZT6G9DT1,"UNIVERSITY OF CALIFORNIA, SAN DIEGO",LA JOLLA,CA,2018,National Science Foundation,76561594.0,138
UYTTZT6G9DT1,"UNIVERSITY OF CALIFORNIA, SAN DIEGO",LA JOLLA,CA,2019,National Institutes of Health,475674358.0,260
UYTTZT6G9DT1,"UNIVERSITY OF CALIFORNIA, SAN DIEGO",LA JOLLA,CA,2019,National Science Foundation,85394638.0,118
UYTTZT6G9DT1,"UNIVERSITY OF CALIFORNIA, SAN DIEGO",LA JOLLA,CA,2020,National Institutes of Health,508736432.0,275
UYTTZT6G9DT1,"UNIVERSITY OF CALIFORNIA, SAN DIEGO",LA JOLLA,CA,2020,National Science Foundation,71109422.0,124
UYTTZT6G9DT1,"UNIVERSITY OF CALIFORNIA, SAN DIEGO",LA JOLLA,CA,2021,National Institutes of Health,528140088.48000014,253
UYTTZT6G9DT1,"UNIVERSITY OF CALIFORNIA, SAN DIEGO",LA JOLLA,CA,2021,National Science Foundation,136363865.0,123
UYTTZT6G9DT1,"UNIVERSITY OF CALIFORNIA, SAN DIEGO",LA JOLLA,CA,2022,National Institutes of Health,568113005.2,250
UYTTZT6G9DT1,"UNIVERSITY OF CALIFORNIA, SAN DIEGO",LA JOLLA,CA,2022,National Science Foundation,115924121.0,104
UYTTZT6G9DT1,"UNIVERSITY OF CALIFORNIA, SAN DIEGO",LA JOLLA,CA,2023,National Institutes of Health,538034318.2,240
UYTTZT6G9DT1,"UNIVERSITY OF CALIFORNIA, SAN DIEGO",LA JOLLA,CA,2023,National Science Foundation,80248282.0,103
UYTTZT6G9DT1,"UNIVERSITY OF CALIFORNIA, SAN DIEGO",LA JOLLA,CA,2024,National Institutes of Health,542091738.94,219
UYTTZT6G9DT1,"UNIVERSITY OF CALIFORNIA, SAN DIEGO",LA JOLLA,CA,2024,National Science Foundation,78374454.0,94
UYTTZT6G9DT1,"UNIVERSITY OF CALIFORNIA, SAN DIEGO",LA JOLLA,CA,2025,National Institutes of Health,549287875.5200001,205
UYTTZT6G9DT1,"UNIVERSITY OF CALIFORNIA, SAN DIEGO",LA JOLLA,CA,2025,National Science Foundation,93024071.0,76
UYTTZT6G9DT1,"UNIVERSITY OF CALIFORNIA, SAN DIEGO",LA JOLLA,CA,2026,National Institutes of Health,407285308.59,161
UYTTZT6G9DT1,"UNIVERSITY OF CALIFORNIA, SAN DIEGO",LA JOLLA,CA,2026,National Science Foundation,54621094.0,31
V5LLVC627U34,EAST TENNESSEE STATE UNIVERSITY,JOHNSON CITY,TN,2016,National Institutes of Health,4396322.0,12
V5LLVC627U34,EAST TENNESSEE STATE UNIVERSITY,JOHNSON CITY,TN,2017,National Institutes of Health,5818997.0,13
V5LLVC627U34,EAST TENNESSEE STATE UNIVERSITY,JOHNSON CITY,TN,2017,National Science Foundation,1260002.0,5
V5LLVC627U34,EAST TENNESSEE STATE UNIVERSITY,JOHNSON CITY,TN,2018,National Institutes of Health,7538869.0,14
V5LLVC627U34,EAST TENNESSEE STATE UNIVERSITY,JOHNSON CITY,TN,2018,National Science Foundation,50000.0,1
V5LLVC627U34,EAST TENNESSEE STATE UNIVERSITY,JOHNSON CITY,TN,2019,National Institutes of Health,7584696.0,11
V5LLVC627U34,EAST TENNESSEE STATE UNIVERSITY,JOHNSON CITY,TN,2019,National Science Foundation,1042695.0,2
V5LLVC627U34,EAST TENNESSEE STATE UNIVERSITY,JOHNSON CITY,TN,2020,National Institutes of Health,6145673.0,9
V5LLVC627U34,EAST TENNESSEE STATE UNIVERSITY,JOHNSON CITY,TN,2020,National Science Foundation,1252206.0,3
V5LLVC627U34,EAST TENNESSEE STATE UNIVERSITY,JOHNSON CITY,TN,2021,National Institutes of Health,7579466.0,7
V5LLVC627U34,EAST TENNESSEE STATE UNIVERSITY,JOHNSON CITY,TN,2021,National Science Foundation,0.0,1
V5LLVC627U34,EAST TENNESSEE STATE UNIVERSITY,JOHNSON CITY,TN,2022,National Institutes of Health,5640771.619999999,3
V5LLVC627U34,EAST TENNESSEE STATE UNIVERSITY,JOHNSON CITY,TN,2022,National Science Foundation,109583.0,1
V5LLVC627U34,EAST TENNESSEE STATE UNIVERSITY,JOHNSON CITY,TN,2023,National Institutes of Health,5654726.2,7
V5LLVC627U34,EAST TENNESSEE STATE UNIVERSITY,JOHNSON CITY,TN,2023,National Science Foundation,511070.0,1
V5LLVC627U34,EAST TENNESSEE STATE UNIVERSITY,JOHNSON CITY,TN,2024,National Institutes of Health,5402189.8,6
V5LLVC627U34,EAST TENNESSEE STATE UNIVERSITY,JOHNSON CITY,TN,2024,National Science Foundation,342969.0,0
V5LLVC627U34,EAST TENNESSEE STATE UNIVERSITY,JOHNSON CITY,TN,2025,National Institutes of Health,5463742.76,8
V5LLVC627U34,EAST TENNESSEE STATE UNIVERSITY,JOHNSON CITY,TN,2025,National Science Foundation,245732.0,1
V5LLVC627U34,EAST TENNESSEE STATE UNIVERSITY,JOHNSON CITY,TN,2026,National Institutes of Health,7164063.74,11
V6AFQPN18437,UNIVERSITY OF TEXAS AT AUSTIN,AUSTIN,TX,2016,National Institutes of Health,64515386.0,208
V6AFQPN18437,UNIVERSITY OF TEXAS AT AUSTIN,AUSTIN,TX,2016,National Science Foundation,97660583.0,243
V6AFQPN18437,UNIVERSITY OF TEXAS AT AUSTIN,AUSTIN,TX,2017,National Institutes of Health,84952436.0,183
V6AFQPN18437,UNIVERSITY OF TEXAS AT AUSTIN,AUSTIN,TX,2017,National Science Foundation,108133394.0,217
V6AFQPN18437,UNIVERSITY OF TEXAS AT AUSTIN,AUSTIN,TX,2018,National Institutes of Health,81041858.0,81
V6AFQPN18437,UNIVERSITY OF TEXAS AT AUSTIN,AUSTIN,TX,2018,National Science Foundation,141069497.0,138
V6AFQPN18437,UNIVERSITY OF TEXAS AT AUSTIN,AUSTIN,TX,2019,National Institutes of Health,78217364.0,76
V6AFQPN18437,UNIVERSITY OF TEXAS AT AUSTIN,AUSTIN,TX,2019,National Science Foundation,128889108.0,166
V6AFQPN18437,UNIVERSITY OF TEXAS AT AUSTIN,AUSTIN,TX,2020,National Institutes of Health,92944182.0,54
V6AFQPN18437,UNIVERSITY OF TEXAS AT AUSTIN,AUSTIN,TX,2020,National Science Foundation,105049296.0,164
V6AFQPN18437,UNIVERSITY OF TEXAS AT AUSTIN,AUSTIN,TX,2021,National Institutes of Health,83786126.48,71
V6AFQPN18437,UNIVERSITY OF TEXAS AT AUSTIN,AUSTIN,TX,2021,National Science Foundation,118390715.0,154
V6AFQPN18437,UNIVERSITY OF TEXAS AT AUSTIN,AUSTIN,TX,2022,National Institutes of Health,91060289.38,71
V6AFQPN18437,UNIVERSITY OF TEXAS AT AUSTIN,AUSTIN,TX,2022,National Science Foundation,107525917.0,160
V6AFQPN18437,UNIVERSITY OF TEXAS AT AUSTIN,AUSTIN,TX,2023,National Institutes of Health,106001875.77000001,74
V6AFQPN18437,UNIVERSITY OF TEXAS AT AUSTIN,AUSTIN,TX,2023,National Science Foundation,136644149.0,139
V6AFQPN18437,UNIVERSITY OF TEXAS AT AUSTIN,AUSTIN,TX,2024,National Institutes of Health,127772028.64000002,68
V6AFQPN18437,UNIVERSITY OF TEXAS AT AUSTIN,AUSTIN,TX,2024,National Science Foundation,159127367.0,118
V6AFQPN18437,UNIVERSITY OF TEXAS AT AUSTIN,AUSTIN,TX,2025,National Institutes of Health,115999896.71999998,53
V6AFQPN18437,UNIVERSITY OF TEXAS AT AUSTIN,AUSTIN,TX,2025,National Science Foundation,214956429.0,112
V6AFQPN18437,UNIVERSITY OF TEXAS AT AUSTIN,AUSTIN,TX,2026,National Institutes of Health,90899128.96,56
V6AFQPN18437,UNIVERSITY OF TEXAS AT AUSTIN,AUSTIN,TX,2026,National Science Foundation,214876120.0,31
V6EQM9ABEM89,FOX CHASE CHEMICAL DIVERSITY CENTER INC.,DOYLESTOWN,PA,2016,National Institutes of Health,4220074.0,5
V6EQM9ABEM89,FOX CHASE CHEMICAL DIVERSITY CENTER INC.,DOYLESTOWN,PA,2017,National Institutes of Health,4597236.0,9
V6EQM9ABEM89,FOX CHASE CHEMICAL DIVERSITY CENTER INC.,DOYLESTOWN,PA,2018,National Institutes of Health,3652900.0,4
V6EQM9ABEM89,FOX CHASE CHEMICAL DIVERSITY CENTER INC.,DOYLESTOWN,PA,2019,National Institutes of Health,2597380.0,2
V6EQM9ABEM89,FOX CHASE CHEMICAL DIVERSITY CENTER INC.,DOYLESTOWN,PA,2020,National Institutes of Health,3211830.0,4
V6EQM9ABEM89,FOX CHASE CHEMICAL DIVERSITY CENTER INC.,DOYLESTOWN,PA,2021,National Institutes of Health,4024489.0,3
V6EQM9ABEM89,FOX CHASE CHEMICAL DIVERSITY CENTER INC.,DOYLESTOWN,PA,2022,National Institutes of Health,5055658.0,3
V6EQM9ABEM89,FOX CHASE CHEMICAL DIVERSITY CENTER INC.,DOYLESTOWN,PA,2023,National Institutes of Health,5001928.0,1
V6EQM9ABEM89,FOX CHASE CHEMICAL DIVERSITY CENTER INC.,DOYLESTOWN,PA,2024,National Institutes of Health,4122153.0,1
V6EQM9ABEM89,FOX CHASE CHEMICAL DIVERSITY CENTER INC.,DOYLESTOWN,PA,2025,National Institutes of Health,3364169.0,0
V6EQM9ABEM89,FOX CHASE CHEMICAL DIVERSITY CENTER INC.,DOYLESTOWN,PA,2026,National Institutes of Health,2032424.0,1
V913TCT2SFZ9,ROSALIND FRANKLIN UNIVERSITY OF MEDICINE & SCIENCE,NORTH CHICAGO,IL,2016,National Institutes of Health,10106292.0,31
V913TCT2SFZ9,ROSALIND FRANKLIN UNIVERSITY OF MEDICINE & SCIENCE,NORTH CHICAGO,IL,2017,National Institutes of Health,8550578.0,21
V913TCT2SFZ9,ROSALIND FRANKLIN UNIVERSITY OF MEDICINE & SCIENCE,NORTH CHICAGO,IL,2018,National Institutes of Health,6609771.0,4
V913TCT2SFZ9,ROSALIND FRANKLIN UNIVERSITY OF MEDICINE & SCIENCE,NORTH CHICAGO,IL,2019,National Institutes of Health,6164400.0,6
V913TCT2SFZ9,ROSALIND FRANKLIN UNIVERSITY OF MEDICINE & SCIENCE,NORTH CHICAGO,IL,2020,National Institutes of Health,9161746.0,5
V913TCT2SFZ9,ROSALIND FRANKLIN UNIVERSITY OF MEDICINE & SCIENCE,NORTH CHICAGO,IL,2021,National Institutes of Health,5329748.96,2
V913TCT2SFZ9,ROSALIND FRANKLIN UNIVERSITY OF MEDICINE & SCIENCE,NORTH CHICAGO,IL,2022,National Institutes of Health,5614332.06,7
V913TCT2SFZ9,ROSALIND FRANKLIN UNIVERSITY OF MEDICINE & SCIENCE,NORTH CHICAGO,IL,2023,National Institutes of Health,6877367.3,6
V913TCT2SFZ9,ROSALIND FRANKLIN UNIVERSITY OF MEDICINE & SCIENCE,NORTH CHICAGO,IL,2024,National Institutes of Health,9106360.870000001,13
V913TCT2SFZ9,ROSALIND FRANKLIN UNIVERSITY OF MEDICINE & SCIENCE,NORTH CHICAGO,IL,2024,National Science Foundation,53000.0,1
V913TCT2SFZ9,ROSALIND FRANKLIN UNIVERSITY OF MEDICINE & SCIENCE,NORTH CHICAGO,IL,2025,National Institutes of Health,6397444.01,0
V913TCT2SFZ9,ROSALIND FRANKLIN UNIVERSITY OF MEDICINE & SCIENCE,NORTH CHICAGO,IL,2025,National Science Foundation,53000.0,0
V913TCT2SFZ9,ROSALIND FRANKLIN UNIVERSITY OF MEDICINE & SCIENCE,NORTH CHICAGO,IL,2026,National Institutes of Health,5879101.49,4
VDFYLZPJEAV6,UNIVERSITY OF ARKANSAS FOR MEDICAL SCIENCES,LITTLE ROCK,AR,2016,National Institutes of Health,77577363.0,72
VDFYLZPJEAV6,UNIVERSITY OF ARKANSAS FOR MEDICAL SCIENCES,LITTLE ROCK,AR,2016,National Science Foundation,293382.0,1
VDFYLZPJEAV6,UNIVERSITY OF ARKANSAS FOR MEDICAL SCIENCES,LITTLE ROCK,AR,2017,National Institutes of Health,37117786.0,46
VDFYLZPJEAV6,UNIVERSITY OF ARKANSAS FOR MEDICAL SCIENCES,LITTLE ROCK,AR,2017,National Science Foundation,720301.0,1
VDFYLZPJEAV6,UNIVERSITY OF ARKANSAS FOR MEDICAL SCIENCES,LITTLE ROCK,AR,2018,National Institutes of Health,39554201.0,31
VDFYLZPJEAV6,UNIVERSITY OF ARKANSAS FOR MEDICAL SCIENCES,LITTLE ROCK,AR,2018,National Science Foundation,258927.0,0
VDFYLZPJEAV6,UNIVERSITY OF ARKANSAS FOR MEDICAL SCIENCES,LITTLE ROCK,AR,2019,National Institutes of Health,42520247.0,24
VDFYLZPJEAV6,UNIVERSITY OF ARKANSAS FOR MEDICAL SCIENCES,LITTLE ROCK,AR,2019,National Science Foundation,599825.0,1
VDFYLZPJEAV6,UNIVERSITY OF ARKANSAS FOR MEDICAL SCIENCES,LITTLE ROCK,AR,2020,National Institutes of Health,54149743.0,21
VDFYLZPJEAV6,UNIVERSITY OF ARKANSAS FOR MEDICAL SCIENCES,LITTLE ROCK,AR,2020,National Science Foundation,297590.0,0
VDFYLZPJEAV6,UNIVERSITY OF ARKANSAS FOR MEDICAL SCIENCES,LITTLE ROCK,AR,2021,National Institutes of Health,60422314.16,27
VDFYLZPJEAV6,UNIVERSITY OF ARKANSAS FOR MEDICAL SCIENCES,LITTLE ROCK,AR,2022,National Institutes of Health,62815498.73,28
VDFYLZPJEAV6,UNIVERSITY OF ARKANSAS FOR MEDICAL SCIENCES,LITTLE ROCK,AR,2022,National Science Foundation,358396.0,2
VDFYLZPJEAV6,UNIVERSITY OF ARKANSAS FOR MEDICAL SCIENCES,LITTLE ROCK,AR,2023,National Institutes of Health,66197240.739999995,23
VDFYLZPJEAV6,UNIVERSITY OF ARKANSAS FOR MEDICAL SCIENCES,LITTLE ROCK,AR,2023,National Science Foundation,1059000.0,3
VDFYLZPJEAV6,UNIVERSITY OF ARKANSAS FOR MEDICAL SCIENCES,LITTLE ROCK,AR,2024,National Institutes of Health,69930201.19,35
VDFYLZPJEAV6,UNIVERSITY OF ARKANSAS FOR MEDICAL SCIENCES,LITTLE ROCK,AR,2024,National Science Foundation,1153000.0,1
VDFYLZPJEAV6,UNIVERSITY OF ARKANSAS FOR MEDICAL SCIENCES,LITTLE ROCK,AR,2025,National Institutes of Health,60073275.31,22
VDFYLZPJEAV6,UNIVERSITY OF ARKANSAS FOR MEDICAL SCIENCES,LITTLE ROCK,AR,2025,National Science Foundation,53000.0,0
VDFYLZPJEAV6,UNIVERSITY OF ARKANSAS FOR MEDICAL SCIENCES,LITTLE ROCK,AR,2026,National Institutes of Health,42034618.06,25
VGJHK59NMPK9,UNIVERSITY OF MASSACHUSETTS,AMHERST,MA,2016,National Institutes of Health,24081134.0,72
VGJHK59NMPK9,UNIVERSITY OF MASSACHUSETTS,AMHERST,MA,2016,National Science Foundation,31302420.0,124
VGJHK59NMPK9,UNIVERSITY OF MASSACHUSETTS,AMHERST,MA,2017,National Institutes of Health,30624586.0,47
VGJHK59NMPK9,UNIVERSITY OF MASSACHUSETTS,AMHERST,MA,2017,National Science Foundation,36210339.0,97
VGJHK59NMPK9,UNIVERSITY OF MASSACHUSETTS,AMHERST,MA,2018,National Institutes of Health,29034495.0,28
VGJHK59NMPK9,UNIVERSITY OF MASSACHUSETTS,AMHERST,MA,2018,National Science Foundation,38324996.0,106
VGJHK59NMPK9,UNIVERSITY OF MASSACHUSETTS,AMHERST,MA,2019,National Institutes of Health,32457436.0,27
VGJHK59NMPK9,UNIVERSITY OF MASSACHUSETTS,AMHERST,MA,2019,National Science Foundation,35289665.0,90
VGJHK59NMPK9,UNIVERSITY OF MASSACHUSETTS,AMHERST,MA,2020,National Institutes of Health,34321017.0,27
VGJHK59NMPK9,UNIVERSITY OF MASSACHUSETTS,AMHERST,MA,2020,National Science Foundation,44133392.0,83
VGJHK59NMPK9,UNIVERSITY OF MASSACHUSETTS,AMHERST,MA,2021,National Institutes of Health,35150057.5,28
VGJHK59NMPK9,UNIVERSITY OF MASSACHUSETTS,AMHERST,MA,2021,National Science Foundation,32587801.0,80
VGJHK59NMPK9,UNIVERSITY OF MASSACHUSETTS,AMHERST,MA,2022,National Institutes of Health,39617511.519999996,29
VGJHK59NMPK9,UNIVERSITY OF MASSACHUSETTS,AMHERST,MA,2022,National Science Foundation,37635787.0,67
VGJHK59NMPK9,UNIVERSITY OF MASSACHUSETTS,AMHERST,MA,2023,National Institutes of Health,46806694.88,32
VGJHK59NMPK9,UNIVERSITY OF MASSACHUSETTS,AMHERST,MA,2023,National Science Foundation,43764356.0,65
VGJHK59NMPK9,UNIVERSITY OF MASSACHUSETTS,AMHERST,MA,2024,National Institutes of Health,37788016.09,18
VGJHK59NMPK9,UNIVERSITY OF MASSACHUSETTS,AMHERST,MA,2024,National Science Foundation,36748334.0,69
VGJHK59NMPK9,UNIVERSITY OF MASSACHUSETTS,AMHERST,MA,2025,National Institutes of Health,42922017.400000006,25
VGJHK59NMPK9,UNIVERSITY OF MASSACHUSETTS,AMHERST,MA,2025,National Science Foundation,42602576.0,53
VGJHK59NMPK9,UNIVERSITY OF MASSACHUSETTS,AMHERST,MA,2026,National Institutes of Health,46625027.730000004,26
VGJHK59NMPK9,UNIVERSITY OF MASSACHUSETTS,AMHERST,MA,2026,National Science Foundation,4971061.0,12
VLQKFEEJ3NE9,NATIONAL JEWISH HEALTH,DENVER,CO,2016,National Institutes of Health,32689262.0,58
VLQKFEEJ3NE9,NATIONAL JEWISH HEALTH,DENVER,CO,2017,National Institutes of Health,32165137.0,31
VLQKFEEJ3NE9,NATIONAL JEWISH HEALTH,DENVER,CO,2017,National Science Foundation,2321257.0,1
VLQKFEEJ3NE9,NATIONAL JEWISH HEALTH,DENVER,CO,2018,National Institutes of Health,40301417.0,21
VLQKFEEJ3NE9,NATIONAL JEWISH HEALTH,DENVER,CO,2019,National Institutes of Health,43319831.0,17
VLQKFEEJ3NE9,NATIONAL JEWISH HEALTH,DENVER,CO,2020,National Institutes of Health,44844762.0,16
VLQKFEEJ3NE9,NATIONAL JEWISH HEALTH,DENVER,CO,2021,National Institutes of Health,44206824.7,8
VLQKFEEJ3NE9,NATIONAL JEWISH HEALTH,DENVER,CO,2021,National Science Foundation,298560.0,0
VLQKFEEJ3NE9,NATIONAL JEWISH HEALTH,DENVER,CO,2022,National Institutes of Health,28833222.04,7
VLQKFEEJ3NE9,NATIONAL JEWISH HEALTH,DENVER,CO,2023,National Institutes of Health,23027100.21,12
VLQKFEEJ3NE9,NATIONAL JEWISH HEALTH,DENVER,CO,2024,National Institutes of Health,24793258.09,10
VLQKFEEJ3NE9,NATIONAL JEWISH HEALTH,DENVER,CO,2025,National Institutes of Health,23225727.94,5
VLQKFEEJ3NE9,NATIONAL JEWISH HEALTH,DENVER,CO,2026,National Institutes of Health,18551767.47,9
VQ5WK498QDC6,CSU FULLERTON AUXILIARY SERVICES CORPORATION,FULLERTON,CA,2016,National Institutes of Health,1408419.0,6
VQ5WK498QDC6,CSU FULLERTON AUXILIARY SERVICES CORPORATION,FULLERTON,CA,2016,National Science Foundation,3186557.0,15
VQ5WK498QDC6,CSU FULLERTON AUXILIARY SERVICES CORPORATION,FULLERTON,CA,2017,National Institutes of Health,2193035.0,8
VQ5WK498QDC6,CSU FULLERTON AUXILIARY SERVICES CORPORATION,FULLERTON,CA,2017,National Science Foundation,3124719.0,9
VQ5WK498QDC6,CSU FULLERTON AUXILIARY SERVICES CORPORATION,FULLERTON,CA,2018,National Institutes of Health,1817989.0,4
VQ5WK498QDC6,CSU FULLERTON AUXILIARY SERVICES CORPORATION,FULLERTON,CA,2018,National Science Foundation,3514754.0,11
VQ5WK498QDC6,CSU FULLERTON AUXILIARY SERVICES CORPORATION,FULLERTON,CA,2019,National Institutes of Health,1690479.0,1
VQ5WK498QDC6,CSU FULLERTON AUXILIARY SERVICES CORPORATION,FULLERTON,CA,2019,National Science Foundation,3386534.0,9
VQ5WK498QDC6,CSU FULLERTON AUXILIARY SERVICES CORPORATION,FULLERTON,CA,2020,National Institutes of Health,2025679.0,2
VQ5WK498QDC6,CSU FULLERTON AUXILIARY SERVICES CORPORATION,FULLERTON,CA,2020,National Science Foundation,3754718.0,8
VQ5WK498QDC6,CSU FULLERTON AUXILIARY SERVICES CORPORATION,FULLERTON,CA,2021,National Institutes of Health,2619968.0,4
VQ5WK498QDC6,CSU FULLERTON AUXILIARY SERVICES CORPORATION,FULLERTON,CA,2021,National Science Foundation,3000275.0,6
VQ5WK498QDC6,CSU FULLERTON AUXILIARY SERVICES CORPORATION,FULLERTON,CA,2022,National Institutes of Health,2510296.74,2
VQ5WK498QDC6,CSU FULLERTON AUXILIARY SERVICES CORPORATION,FULLERTON,CA,2022,National Science Foundation,3271986.0,8
VQ5WK498QDC6,CSU FULLERTON AUXILIARY SERVICES CORPORATION,FULLERTON,CA,2023,National Institutes of Health,2053053.9000000001,2
VQ5WK498QDC6,CSU FULLERTON AUXILIARY SERVICES CORPORATION,FULLERTON,CA,2023,National Science Foundation,4560110.0,13
VQ5WK498QDC6,CSU FULLERTON AUXILIARY SERVICES CORPORATION,FULLERTON,CA,2024,National Institutes of Health,2300347.1399999997,2
VQ5WK498QDC6,CSU FULLERTON AUXILIARY SERVICES CORPORATION,FULLERTON,CA,2024,National Science Foundation,2530804.0,13
VQ5WK498QDC6,CSU FULLERTON AUXILIARY SERVICES CORPORATION,FULLERTON,CA,2025,National Institutes of Health,1886571.99,1
VQ5WK498QDC6,CSU FULLERTON AUXILIARY SERVICES CORPORATION,FULLERTON,CA,2025,National Science Foundation,2309932.0,4
VQ5WK498QDC6,CSU FULLERTON AUXILIARY SERVICES CORPORATION,FULLERTON,CA,2026,National Institutes of Health,1790243.28,2
VQ5WK498QDC6,CSU FULLERTON AUXILIARY SERVICES CORPORATION,FULLERTON,CA,2026,National Science Foundation,0.0,0
VRAASTY11EA3,FAMILY HEALTH INTERNATIONAL,DURHAM,NC,2016,National Institutes of Health,14843983.0,3
VRAASTY11EA3,FAMILY HEALTH INTERNATIONAL,DURHAM,NC,2016,National Science Foundation,49967.0,1
VRAASTY11EA3,FAMILY HEALTH INTERNATIONAL,DURHAM,NC,2017,National Institutes of Health,60333045.0,3
VRAASTY11EA3,FAMILY HEALTH INTERNATIONAL,DURHAM,NC,2018,National Institutes of Health,85035867.0,2
VRAASTY11EA3,FAMILY HEALTH INTERNATIONAL,DURHAM,NC,2019,National Institutes of Health,43255939.0,0
VRAASTY11EA3,FAMILY HEALTH INTERNATIONAL,DURHAM,NC,2020,National Institutes of Health,217488521.0,3
VRAASTY11EA3,FAMILY HEALTH INTERNATIONAL,DURHAM,NC,2021,National Institutes of Health,102321054.0,0
VRAASTY11EA3,FAMILY HEALTH INTERNATIONAL,DURHAM,NC,2022,National Institutes of Health,40162608.0,0
VRAASTY11EA3,FAMILY HEALTH INTERNATIONAL,DURHAM,NC,2023,National Institutes of Health,-2542813.6899999995,0
VRAASTY11EA3,FAMILY HEALTH INTERNATIONAL,DURHAM,NC,2024,National Institutes of Health,25446199.38,0
VRAASTY11EA3,FAMILY HEALTH INTERNATIONAL,DURHAM,NC,2024,National Science Foundation,607573.0,1
VRAASTY11EA3,FAMILY HEALTH INTERNATIONAL,DURHAM,NC,2025,National Institutes of Health,-28263885.19,0
VRAASTY11EA3,FAMILY HEALTH INTERNATIONAL,DURHAM,NC,2025,National Science Foundation,41199.0,1
VRAASTY11EA3,FAMILY HEALTH INTERNATIONAL,DURHAM,NC,2026,National Institutes of Health,39980506.0,0
VUYJL5Q7YCZ3,WOMEN & INFANTS HOSPITAL OF RHODE ISLAND,PROVIDENCE,RI,2016,National Institutes of Health,7126129.0,15
VUYJL5Q7YCZ3,WOMEN & INFANTS HOSPITAL OF RHODE ISLAND,PROVIDENCE,RI,2017,National Institutes of Health,10206735.0,6
VUYJL5Q7YCZ3,WOMEN & INFANTS HOSPITAL OF RHODE ISLAND,PROVIDENCE,RI,2018,National Institutes of Health,13908309.0,5
VUYJL5Q7YCZ3,WOMEN & INFANTS HOSPITAL OF RHODE ISLAND,PROVIDENCE,RI,2019,National Institutes of Health,20766380.0,4
VUYJL5Q7YCZ3,WOMEN & INFANTS HOSPITAL OF RHODE ISLAND,PROVIDENCE,RI,2020,National Institutes of Health,4501297.0,1
VUYJL5Q7YCZ3,WOMEN & INFANTS HOSPITAL OF RHODE ISLAND,PROVIDENCE,RI,2021,National Institutes of Health,7008387.72,2
VUYJL5Q7YCZ3,WOMEN & INFANTS HOSPITAL OF RHODE ISLAND,PROVIDENCE,RI,2022,National Institutes of Health,11625531.49,7
VUYJL5Q7YCZ3,WOMEN & INFANTS HOSPITAL OF RHODE ISLAND,PROVIDENCE,RI,2023,National Institutes of Health,7223643.67,1
VUYJL5Q7YCZ3,WOMEN & INFANTS HOSPITAL OF RHODE ISLAND,PROVIDENCE,RI,2024,National Institutes of Health,7810551.47,7
VUYJL5Q7YCZ3,WOMEN & INFANTS HOSPITAL OF RHODE ISLAND,PROVIDENCE,RI,2025,National Institutes of Health,1444724.1600000001,0
VUYJL5Q7YCZ3,WOMEN & INFANTS HOSPITAL OF RHODE ISLAND,PROVIDENCE,RI,2026,National Institutes of Health,4549138.18,4
VXUFPE4MCZH5,UNIVERSITY OF CALIFORNIA SANTA CRUZ,SANTA CRUZ,CA,2016,National Institutes of Health,31656489.0,65
VXUFPE4MCZH5,UNIVERSITY OF CALIFORNIA SANTA CRUZ,SANTA CRUZ,CA,2016,National Science Foundation,18550474.0,74
VXUFPE4MCZH5,UNIVERSITY OF CALIFORNIA SANTA CRUZ,SANTA CRUZ,CA,2017,National Institutes of Health,31653117.0,32
VXUFPE4MCZH5,UNIVERSITY OF CALIFORNIA SANTA CRUZ,SANTA CRUZ,CA,2017,National Science Foundation,17408305.0,63
VXUFPE4MCZH5,UNIVERSITY OF CALIFORNIA SANTA CRUZ,SANTA CRUZ,CA,2018,National Institutes of Health,38331998.0,18
VXUFPE4MCZH5,UNIVERSITY OF CALIFORNIA SANTA CRUZ,SANTA CRUZ,CA,2018,National Science Foundation,18895710.0,53
VXUFPE4MCZH5,UNIVERSITY OF CALIFORNIA SANTA CRUZ,SANTA CRUZ,CA,2019,National Institutes of Health,40172162.0,31
VXUFPE4MCZH5,UNIVERSITY OF CALIFORNIA SANTA CRUZ,SANTA CRUZ,CA,2019,National Science Foundation,18824671.0,55
VXUFPE4MCZH5,UNIVERSITY OF CALIFORNIA SANTA CRUZ,SANTA CRUZ,CA,2020,National Institutes of Health,39916839.0,21
VXUFPE4MCZH5,UNIVERSITY OF CALIFORNIA SANTA CRUZ,SANTA CRUZ,CA,2020,National Science Foundation,19142796.0,43
VXUFPE4MCZH5,UNIVERSITY OF CALIFORNIA SANTA CRUZ,SANTA CRUZ,CA,2021,National Institutes of Health,46474581.47,22
VXUFPE4MCZH5,UNIVERSITY OF CALIFORNIA SANTA CRUZ,SANTA CRUZ,CA,2021,National Science Foundation,19085700.0,54
VXUFPE4MCZH5,UNIVERSITY OF CALIFORNIA SANTA CRUZ,SANTA CRUZ,CA,2022,National Institutes of Health,45972977.7,19
VXUFPE4MCZH5,UNIVERSITY OF CALIFORNIA SANTA CRUZ,SANTA CRUZ,CA,2022,National Science Foundation,24598592.0,55
VXUFPE4MCZH5,UNIVERSITY OF CALIFORNIA SANTA CRUZ,SANTA CRUZ,CA,2023,National Institutes of Health,48804011.11,14
VXUFPE4MCZH5,UNIVERSITY OF CALIFORNIA SANTA CRUZ,SANTA CRUZ,CA,2023,National Science Foundation,30424494.0,50
VXUFPE4MCZH5,UNIVERSITY OF CALIFORNIA SANTA CRUZ,SANTA CRUZ,CA,2024,National Institutes of Health,45686338.55,14
VXUFPE4MCZH5,UNIVERSITY OF CALIFORNIA SANTA CRUZ,SANTA CRUZ,CA,2024,National Science Foundation,21645488.0,35
VXUFPE4MCZH5,UNIVERSITY OF CALIFORNIA SANTA CRUZ,SANTA CRUZ,CA,2025,National Institutes of Health,50131353.41,16
VXUFPE4MCZH5,UNIVERSITY OF CALIFORNIA SANTA CRUZ,SANTA CRUZ,CA,2025,National Science Foundation,19073617.0,37
VXUFPE4MCZH5,UNIVERSITY OF CALIFORNIA SANTA CRUZ,SANTA CRUZ,CA,2026,National Institutes of Health,28071524.769999996,12
VXUFPE4MCZH5,UNIVERSITY OF CALIFORNIA SANTA CRUZ,SANTA CRUZ,CA,2026,National Science Foundation,5539354.0,12
W6Q8XJV41Z98,"THE MORGRIDGE INSTITUTE FOR RESEARCH, INC.",MADISON,WI,2016,National Institutes of Health,5072800.0,7
W6Q8XJV41Z98,"THE MORGRIDGE INSTITUTE FOR RESEARCH, INC.",MADISON,WI,2016,National Science Foundation,707762.0,2
W6Q8XJV41Z98,"THE MORGRIDGE INSTITUTE FOR RESEARCH, INC.",MADISON,WI,2017,National Institutes of Health,3509668.0,5
W6Q8XJV41Z98,"THE MORGRIDGE INSTITUTE FOR RESEARCH, INC.",MADISON,WI,2017,National Science Foundation,307678.0,1
W6Q8XJV41Z98,"THE MORGRIDGE INSTITUTE FOR RESEARCH, INC.",MADISON,WI,2018,National Institutes of Health,2859272.0,1
W6Q8XJV41Z98,"THE MORGRIDGE INSTITUTE FOR RESEARCH, INC.",MADISON,WI,2018,National Science Foundation,66442.0,0
W6Q8XJV41Z98,"THE MORGRIDGE INSTITUTE FOR RESEARCH, INC.",MADISON,WI,2019,National Institutes of Health,4070385.0,2
W6Q8XJV41Z98,"THE MORGRIDGE INSTITUTE FOR RESEARCH, INC.",MADISON,WI,2019,National Science Foundation,161031.0,0
W6Q8XJV41Z98,"THE MORGRIDGE INSTITUTE FOR RESEARCH, INC.",MADISON,WI,2020,National Institutes of Health,3139757.0,1
W6Q8XJV41Z98,"THE MORGRIDGE INSTITUTE FOR RESEARCH, INC.",MADISON,WI,2020,National Science Foundation,153768.0,0
W6Q8XJV41Z98,"THE MORGRIDGE INSTITUTE FOR RESEARCH, INC.",MADISON,WI,2021,National Institutes of Health,2475683.09,0
W6Q8XJV41Z98,"THE MORGRIDGE INSTITUTE FOR RESEARCH, INC.",MADISON,WI,2021,National Science Foundation,0.0,0
W6Q8XJV41Z98,"THE MORGRIDGE INSTITUTE FOR RESEARCH, INC.",MADISON,WI,2022,National Institutes of Health,2718923.52,3
W6Q8XJV41Z98,"THE MORGRIDGE INSTITUTE FOR RESEARCH, INC.",MADISON,WI,2022,National Science Foundation,1043299.0,2
W6Q8XJV41Z98,"THE MORGRIDGE INSTITUTE FOR RESEARCH, INC.",MADISON,WI,2023,National Institutes of Health,3080290.45,3
W6Q8XJV41Z98,"THE MORGRIDGE INSTITUTE FOR RESEARCH, INC.",MADISON,WI,2023,National Science Foundation,5750988.0,2
W6Q8XJV41Z98,"THE MORGRIDGE INSTITUTE FOR RESEARCH, INC.",MADISON,WI,2024,National Institutes of Health,2861025.09,0
W6Q8XJV41Z98,"THE MORGRIDGE INSTITUTE FOR RESEARCH, INC.",MADISON,WI,2024,National Science Foundation,1343493.0,2
W6Q8XJV41Z98,"THE MORGRIDGE INSTITUTE FOR RESEARCH, INC.",MADISON,WI,2025,National Institutes of Health,5825151.82,5
W6Q8XJV41Z98,"THE MORGRIDGE INSTITUTE FOR RESEARCH, INC.",MADISON,WI,2025,National Science Foundation,1717986.0,0
W6Q8XJV41Z98,"THE MORGRIDGE INSTITUTE FOR RESEARCH, INC.",MADISON,WI,2026,National Institutes of Health,4420039.14,0
W6Q8XJV41Z98,"THE MORGRIDGE INSTITUTE FOR RESEARCH, INC.",MADISON,WI,2026,National Science Foundation,9000000.0,1
W8LKB16HV1K5,FLORIDA A & M UNIVERSITY,TALLAHASSEE,FL,2016,National Institutes of Health,5939681.0,7
W8LKB16HV1K5,FLORIDA A & M UNIVERSITY,TALLAHASSEE,FL,2016,National Science Foundation,3052507.0,8
W8LKB16HV1K5,FLORIDA A & M UNIVERSITY,TALLAHASSEE,FL,2017,National Institutes of Health,4267654.0,4
W8LKB16HV1K5,FLORIDA A & M UNIVERSITY,TALLAHASSEE,FL,2017,National Science Foundation,6113372.0,9
W8LKB16HV1K5,FLORIDA A & M UNIVERSITY,TALLAHASSEE,FL,2018,National Institutes of Health,2589725.0,4
W8LKB16HV1K5,FLORIDA A & M UNIVERSITY,TALLAHASSEE,FL,2018,National Science Foundation,3794008.0,5
W8LKB16HV1K5,FLORIDA A & M UNIVERSITY,TALLAHASSEE,FL,2019,National Institutes of Health,5057282.0,1
W8LKB16HV1K5,FLORIDA A & M UNIVERSITY,TALLAHASSEE,FL,2019,National Science Foundation,3214953.0,6
W8LKB16HV1K5,FLORIDA A & M UNIVERSITY,TALLAHASSEE,FL,2020,National Institutes of Health,4680112.0,2
W8LKB16HV1K5,FLORIDA A & M UNIVERSITY,TALLAHASSEE,FL,2020,National Science Foundation,7485230.0,9
W8LKB16HV1K5,FLORIDA A & M UNIVERSITY,TALLAHASSEE,FL,2021,National Institutes of Health,4910464.5,0
W8LKB16HV1K5,FLORIDA A & M UNIVERSITY,TALLAHASSEE,FL,2021,National Science Foundation,7045110.0,15
W8LKB16HV1K5,FLORIDA A & M UNIVERSITY,TALLAHASSEE,FL,2022,National Institutes of Health,5358290.07,4
W8LKB16HV1K5,FLORIDA A & M UNIVERSITY,TALLAHASSEE,FL,2022,National Science Foundation,8478240.0,12
W8LKB16HV1K5,FLORIDA A & M UNIVERSITY,TALLAHASSEE,FL,2023,National Institutes of Health,5958541.3100000005,3
W8LKB16HV1K5,FLORIDA A & M UNIVERSITY,TALLAHASSEE,FL,2023,National Science Foundation,6275080.0,16
W8LKB16HV1K5,FLORIDA A & M UNIVERSITY,TALLAHASSEE,FL,2024,National Institutes of Health,14844293.0,2
W8LKB16HV1K5,FLORIDA A & M UNIVERSITY,TALLAHASSEE,FL,2024,National Science Foundation,17901653.0,15
W8LKB16HV1K5,FLORIDA A & M UNIVERSITY,TALLAHASSEE,FL,2025,National Institutes of Health,6138150.28,1
W8LKB16HV1K5,FLORIDA A & M UNIVERSITY,TALLAHASSEE,FL,2025,National Science Foundation,10519118.0,7
W8LKB16HV1K5,FLORIDA A & M UNIVERSITY,TALLAHASSEE,FL,2026,National Institutes of Health,4752261.0,1
W8LKB16HV1K5,FLORIDA A & M UNIVERSITY,TALLAHASSEE,FL,2026,National Science Foundation,496475.0,1
W8XEAJDKMXH3,UNIVERSITY OF ILLINOIS,CHICAGO,IL,2016,National Institutes of Health,111125093.0,294
W8XEAJDKMXH3,UNIVERSITY OF ILLINOIS,CHICAGO,IL,2016,National Science Foundation,23808383.0,100
W8XEAJDKMXH3,UNIVERSITY OF ILLINOIS,CHICAGO,IL,2017,National Institutes of Health,116577435.0,203
W8XEAJDKMXH3,UNIVERSITY OF ILLINOIS,CHICAGO,IL,2017,National Science Foundation,16469623.0,63
W8XEAJDKMXH3,UNIVERSITY OF ILLINOIS,CHICAGO,IL,2018,National Institutes of Health,118049736.0,120
W8XEAJDKMXH3,UNIVERSITY OF ILLINOIS,CHICAGO,IL,2018,National Science Foundation,21795011.0,66
W8XEAJDKMXH3,UNIVERSITY OF ILLINOIS,CHICAGO,IL,2019,National Institutes of Health,139945685.0,107
W8XEAJDKMXH3,UNIVERSITY OF ILLINOIS,CHICAGO,IL,2019,National Science Foundation,43655592.0,67
W8XEAJDKMXH3,UNIVERSITY OF ILLINOIS,CHICAGO,IL,2020,National Institutes of Health,145081450.0,91
W8XEAJDKMXH3,UNIVERSITY OF ILLINOIS,CHICAGO,IL,2020,National Science Foundation,19182603.0,47
W8XEAJDKMXH3,UNIVERSITY OF ILLINOIS,CHICAGO,IL,2021,National Institutes of Health,140808077.66,100
W8XEAJDKMXH3,UNIVERSITY OF ILLINOIS,CHICAGO,IL,2021,National Science Foundation,26276808.0,41
W8XEAJDKMXH3,UNIVERSITY OF ILLINOIS,CHICAGO,IL,2022,National Institutes of Health,150568690.61,97
W8XEAJDKMXH3,UNIVERSITY OF ILLINOIS,CHICAGO,IL,2022,National Science Foundation,25726166.0,53
W8XEAJDKMXH3,UNIVERSITY OF ILLINOIS,CHICAGO,IL,2023,National Institutes of Health,155913344.22,103
W8XEAJDKMXH3,UNIVERSITY OF ILLINOIS,CHICAGO,IL,2023,National Science Foundation,26144942.0,50
W8XEAJDKMXH3,UNIVERSITY OF ILLINOIS,CHICAGO,IL,2024,National Institutes of Health,174432824.22,94
W8XEAJDKMXH3,UNIVERSITY OF ILLINOIS,CHICAGO,IL,2024,National Science Foundation,29678562.0,60
W8XEAJDKMXH3,UNIVERSITY OF ILLINOIS,CHICAGO,IL,2025,National Institutes of Health,165891217.14,73
W8XEAJDKMXH3,UNIVERSITY OF ILLINOIS,CHICAGO,IL,2025,National Science Foundation,21724810.0,47
W8XEAJDKMXH3,UNIVERSITY OF ILLINOIS,CHICAGO,IL,2026,National Institutes of Health,129336454.15,60
W8XEAJDKMXH3,UNIVERSITY OF ILLINOIS,CHICAGO,IL,2026,National Science Foundation,1448353.0,6
WCUGNQQ8DZU1,UNIVERSITY OF DENVER,DENVER,CO,2016,National Institutes of Health,2332222.0,8
WCUGNQQ8DZU1,UNIVERSITY OF DENVER,DENVER,CO,2016,National Science Foundation,2004839.0,18
WCUGNQQ8DZU1,UNIVERSITY OF DENVER,DENVER,CO,2017,National Institutes of Health,5846387.0,20
WCUGNQQ8DZU1,UNIVERSITY OF DENVER,DENVER,CO,2017,National Science Foundation,3285341.0,12
WCUGNQQ8DZU1,UNIVERSITY OF DENVER,DENVER,CO,2018,National Institutes of Health,6522183.0,15
WCUGNQQ8DZU1,UNIVERSITY OF DENVER,DENVER,CO,2018,National Science Foundation,2042343.0,7
WCUGNQQ8DZU1,UNIVERSITY OF DENVER,DENVER,CO,2019,National Institutes of Health,8663926.0,5
WCUGNQQ8DZU1,UNIVERSITY OF DENVER,DENVER,CO,2019,National Science Foundation,4796689.0,10
WCUGNQQ8DZU1,UNIVERSITY OF DENVER,DENVER,CO,2020,National Institutes of Health,7377394.0,7
WCUGNQQ8DZU1,UNIVERSITY OF DENVER,DENVER,CO,2020,National Science Foundation,5061925.0,11
WCUGNQQ8DZU1,UNIVERSITY OF DENVER,DENVER,CO,2021,National Institutes of Health,7589938.85,9
WCUGNQQ8DZU1,UNIVERSITY OF DENVER,DENVER,CO,2021,National Science Foundation,5475356.0,11
WCUGNQQ8DZU1,UNIVERSITY OF DENVER,DENVER,CO,2022,National Institutes of Health,2749070.9600000004,11
WCUGNQQ8DZU1,UNIVERSITY OF DENVER,DENVER,CO,2022,National Science Foundation,2264680.0,3
WCUGNQQ8DZU1,UNIVERSITY OF DENVER,DENVER,CO,2023,National Institutes of Health,6743013.33,5
WCUGNQQ8DZU1,UNIVERSITY OF DENVER,DENVER,CO,2023,National Science Foundation,8225807.0,10
WCUGNQQ8DZU1,UNIVERSITY OF DENVER,DENVER,CO,2024,National Institutes of Health,7866704.890000001,3
WCUGNQQ8DZU1,UNIVERSITY OF DENVER,DENVER,CO,2024,National Science Foundation,4105520.0,11
WCUGNQQ8DZU1,UNIVERSITY OF DENVER,DENVER,CO,2025,National Institutes of Health,7197671.6,5
WCUGNQQ8DZU1,UNIVERSITY OF DENVER,DENVER,CO,2025,National Science Foundation,8232719.0,9
WCUGNQQ8DZU1,UNIVERSITY OF DENVER,DENVER,CO,2026,National Institutes of Health,7772438.550000001,5
WCUGNQQ8DZU1,UNIVERSITY OF DENVER,DENVER,CO,2026,National Science Foundation,575350.0,3
WFVHMSF6BU45,JACKSON STATE UNIVERSITY,JACKSON,MS,2016,National Institutes of Health,4157125.0,6
WFVHMSF6BU45,JACKSON STATE UNIVERSITY,JACKSON,MS,2016,National Science Foundation,14855636.0,18
WFVHMSF6BU45,JACKSON STATE UNIVERSITY,JACKSON,MS,2017,National Institutes of Health,3042076.0,2
WFVHMSF6BU45,JACKSON STATE UNIVERSITY,JACKSON,MS,2017,National Science Foundation,3789902.0,8
WFVHMSF6BU45,JACKSON STATE UNIVERSITY,JACKSON,MS,2018,National Institutes of Health,1375320.0,1
WFVHMSF6BU45,JACKSON STATE UNIVERSITY,JACKSON,MS,2018,National Science Foundation,4694958.0,11
WFVHMSF6BU45,JACKSON STATE UNIVERSITY,JACKSON,MS,2019,National Institutes of Health,1121923.0,1
WFVHMSF6BU45,JACKSON STATE UNIVERSITY,JACKSON,MS,2019,National Science Foundation,5714407.0,7
WFVHMSF6BU45,JACKSON STATE UNIVERSITY,JACKSON,MS,2020,National Institutes of Health,3171130.0,2
WFVHMSF6BU45,JACKSON STATE UNIVERSITY,JACKSON,MS,2020,National Science Foundation,5322229.0,6
WFVHMSF6BU45,JACKSON STATE UNIVERSITY,JACKSON,MS,2021,National Institutes of Health,3137969.5300000003,2
WFVHMSF6BU45,JACKSON STATE UNIVERSITY,JACKSON,MS,2021,National Science Foundation,6723632.0,11
WFVHMSF6BU45,JACKSON STATE UNIVERSITY,JACKSON,MS,2022,National Institutes of Health,3831568.37,2
WFVHMSF6BU45,JACKSON STATE UNIVERSITY,JACKSON,MS,2022,National Science Foundation,4314155.0,8
WFVHMSF6BU45,JACKSON STATE UNIVERSITY,JACKSON,MS,2023,National Institutes of Health,5676971.8100000005,1
WFVHMSF6BU45,JACKSON STATE UNIVERSITY,JACKSON,MS,2023,National Science Foundation,5839278.0,8
WFVHMSF6BU45,JACKSON STATE UNIVERSITY,JACKSON,MS,2024,National Institutes of Health,4529843.6899999995,0
WFVHMSF6BU45,JACKSON STATE UNIVERSITY,JACKSON,MS,2024,National Science Foundation,5748531.0,8
WFVHMSF6BU45,JACKSON STATE UNIVERSITY,JACKSON,MS,2025,National Institutes of Health,2589930.8699999996,2
WFVHMSF6BU45,JACKSON STATE UNIVERSITY,JACKSON,MS,2025,National Science Foundation,4834628.0,5
WFVHMSF6BU45,JACKSON STATE UNIVERSITY,JACKSON,MS,2026,National Institutes of Health,285280.0,0
WFVHMSF6BU45,JACKSON STATE UNIVERSITY,JACKSON,MS,2026,National Science Foundation,-17196.0,0
WK63UJ11C2H7,NEW YORK MEDICAL COLLEGE,VALHALLA,NY,2016,National Institutes of Health,7169910.0,19
WK63UJ11C2H7,NEW YORK MEDICAL COLLEGE,VALHALLA,NY,2016,National Science Foundation,79905.0,1
WK63UJ11C2H7,NEW YORK MEDICAL COLLEGE,VALHALLA,NY,2017,National Institutes of Health,7979505.0,16
WK63UJ11C2H7,NEW YORK MEDICAL COLLEGE,VALHALLA,NY,2018,National Institutes of Health,9172543.0,11
WK63UJ11C2H7,NEW YORK MEDICAL COLLEGE,VALHALLA,NY,2018,National Science Foundation,167808.0,2
WK63UJ11C2H7,NEW YORK MEDICAL COLLEGE,VALHALLA,NY,2019,National Institutes of Health,8130720.0,3
WK63UJ11C2H7,NEW YORK MEDICAL COLLEGE,VALHALLA,NY,2019,National Science Foundation,94662.0,1
WK63UJ11C2H7,NEW YORK MEDICAL COLLEGE,VALHALLA,NY,2020,National Institutes of Health,7326846.0,6
WK63UJ11C2H7,NEW YORK MEDICAL COLLEGE,VALHALLA,NY,2021,National Institutes of Health,6140685.390000001,6
WK63UJ11C2H7,NEW YORK MEDICAL COLLEGE,VALHALLA,NY,2022,National Institutes of Health,6873955.77,8
WK63UJ11C2H7,NEW YORK MEDICAL COLLEGE,VALHALLA,NY,2023,National Institutes of Health,8554688.74,9
WK63UJ11C2H7,NEW YORK MEDICAL COLLEGE,VALHALLA,NY,2024,National Institutes of Health,7727751.18,4
WK63UJ11C2H7,NEW YORK MEDICAL COLLEGE,VALHALLA,NY,2025,National Institutes of Health,3738631.14,3
WK63UJ11C2H7,NEW YORK MEDICAL COLLEGE,VALHALLA,NY,2026,National Institutes of Health,2982026.9699999997,1
WKPTJDWG2C68,"NEW YORK GENOME CENTER, INC.",NEW YORK,NY,2016,National Institutes of Health,18084332.0,5
WKPTJDWG2C68,"NEW YORK GENOME CENTER, INC.",NEW YORK,NY,2017,National Institutes of Health,14915263.0,3
WKPTJDWG2C68,"NEW YORK GENOME CENTER, INC.",NEW YORK,NY,2018,National Institutes of Health,14777841.0,3
WKPTJDWG2C68,"NEW YORK GENOME CENTER, INC.",NEW YORK,NY,2019,National Institutes of Health,11503189.0,0
WKPTJDWG2C68,"NEW YORK GENOME CENTER, INC.",NEW YORK,NY,2020,National Institutes of Health,12746545.0,4
WKPTJDWG2C68,"NEW YORK GENOME CENTER, INC.",NEW YORK,NY,2021,National Institutes of Health,6046316.5600000005,4
WKPTJDWG2C68,"NEW YORK GENOME CENTER, INC.",NEW YORK,NY,2022,National Institutes of Health,7442174.38,5
WKPTJDWG2C68,"NEW YORK GENOME CENTER, INC.",NEW YORK,NY,2023,National Institutes of Health,11304313.05,5
WKPTJDWG2C68,"NEW YORK GENOME CENTER, INC.",NEW YORK,NY,2024,National Institutes of Health,12013716.98,5
WKPTJDWG2C68,"NEW YORK GENOME CENTER, INC.",NEW YORK,NY,2025,National Institutes of Health,16692112.42,1
WKPTJDWG2C68,"NEW YORK GENOME CENTER, INC.",NEW YORK,NY,2025,National Science Foundation,319753.0,1
WKPTJDWG2C68,"NEW YORK GENOME CENTER, INC.",NEW YORK,NY,2026,National Institutes of Health,15791846.0,2
WL9FLBRVPJJ7,TRUSTEES OF TUFTS COLLEGE,MEDFORD,MA,2016,National Institutes of Health,12235685.0,33
WL9FLBRVPJJ7,TRUSTEES OF TUFTS COLLEGE,MEDFORD,MA,2016,National Science Foundation,14489241.0,57
WL9FLBRVPJJ7,TRUSTEES OF TUFTS COLLEGE,MEDFORD,MA,2017,National Institutes of Health,10496760.0,22
WL9FLBRVPJJ7,TRUSTEES OF TUFTS COLLEGE,MEDFORD,MA,2017,National Science Foundation,14841844.0,42
WL9FLBRVPJJ7,TRUSTEES OF TUFTS COLLEGE,MEDFORD,MA,2018,National Institutes of Health,8026737.0,11
WL9FLBRVPJJ7,TRUSTEES OF TUFTS COLLEGE,MEDFORD,MA,2018,National Science Foundation,11791683.0,43
WL9FLBRVPJJ7,TRUSTEES OF TUFTS COLLEGE,MEDFORD,MA,2019,National Institutes of Health,8634490.0,8
WL9FLBRVPJJ7,TRUSTEES OF TUFTS COLLEGE,MEDFORD,MA,2019,National Science Foundation,12696710.0,40
WL9FLBRVPJJ7,TRUSTEES OF TUFTS COLLEGE,MEDFORD,MA,2020,National Institutes of Health,10556634.0,9
WL9FLBRVPJJ7,TRUSTEES OF TUFTS COLLEGE,MEDFORD,MA,2020,National Science Foundation,15687353.0,36
WL9FLBRVPJJ7,TRUSTEES OF TUFTS COLLEGE,MEDFORD,MA,2021,National Institutes of Health,8821508.469999999,8
WL9FLBRVPJJ7,TRUSTEES OF TUFTS COLLEGE,MEDFORD,MA,2021,National Science Foundation,9438657.0,20
WL9FLBRVPJJ7,TRUSTEES OF TUFTS COLLEGE,MEDFORD,MA,2022,National Institutes of Health,8594847.71,8
WL9FLBRVPJJ7,TRUSTEES OF TUFTS COLLEGE,MEDFORD,MA,2022,National Science Foundation,9808233.0,25
WL9FLBRVPJJ7,TRUSTEES OF TUFTS COLLEGE,MEDFORD,MA,2023,National Institutes of Health,9954963.11,10
WL9FLBRVPJJ7,TRUSTEES OF TUFTS COLLEGE,MEDFORD,MA,2023,National Science Foundation,8883272.0,26
WL9FLBRVPJJ7,TRUSTEES OF TUFTS COLLEGE,MEDFORD,MA,2024,National Institutes of Health,13411400.53,6
WL9FLBRVPJJ7,TRUSTEES OF TUFTS COLLEGE,MEDFORD,MA,2024,National Science Foundation,17556103.0,42
WL9FLBRVPJJ7,TRUSTEES OF TUFTS COLLEGE,MEDFORD,MA,2025,National Institutes of Health,13036114.57,11
WL9FLBRVPJJ7,TRUSTEES OF TUFTS COLLEGE,MEDFORD,MA,2025,National Science Foundation,14186066.0,24
WL9FLBRVPJJ7,TRUSTEES OF TUFTS COLLEGE,MEDFORD,MA,2026,National Institutes of Health,14604143.810000002,8
WL9FLBRVPJJ7,TRUSTEES OF TUFTS COLLEGE,MEDFORD,MA,2026,National Science Foundation,6206915.0,14
WLDGTNCFFJZ3,BOARD OF REGENTS OF NEVADA SYSTEM OF HIGHER EDUCATION,RENO,NV,2016,National Institutes of Health,21019309.0,38
WLDGTNCFFJZ3,BOARD OF REGENTS OF NEVADA SYSTEM OF HIGHER EDUCATION,RENO,NV,2016,National Science Foundation,6306253.0,50
WLDGTNCFFJZ3,BOARD OF REGENTS OF NEVADA SYSTEM OF HIGHER EDUCATION,RENO,NV,2017,National Institutes of Health,21018015.0,21
WLDGTNCFFJZ3,BOARD OF REGENTS OF NEVADA SYSTEM OF HIGHER EDUCATION,RENO,NV,2017,National Science Foundation,7915083.0,34
WLDGTNCFFJZ3,BOARD OF REGENTS OF NEVADA SYSTEM OF HIGHER EDUCATION,RENO,NV,2018,National Institutes of Health,23678446.0,22
WLDGTNCFFJZ3,BOARD OF REGENTS OF NEVADA SYSTEM OF HIGHER EDUCATION,RENO,NV,2018,National Science Foundation,11648688.0,35
WLDGTNCFFJZ3,BOARD OF REGENTS OF NEVADA SYSTEM OF HIGHER EDUCATION,RENO,NV,2019,National Institutes of Health,26603775.0,14
WLDGTNCFFJZ3,BOARD OF REGENTS OF NEVADA SYSTEM OF HIGHER EDUCATION,RENO,NV,2019,National Science Foundation,14891550.0,43
WLDGTNCFFJZ3,BOARD OF REGENTS OF NEVADA SYSTEM OF HIGHER EDUCATION,RENO,NV,2020,National Institutes of Health,30067798.0,17
WLDGTNCFFJZ3,BOARD OF REGENTS OF NEVADA SYSTEM OF HIGHER EDUCATION,RENO,NV,2020,National Science Foundation,18516182.0,42
WLDGTNCFFJZ3,BOARD OF REGENTS OF NEVADA SYSTEM OF HIGHER EDUCATION,RENO,NV,2021,National Institutes of Health,25875346.02,12
WLDGTNCFFJZ3,BOARD OF REGENTS OF NEVADA SYSTEM OF HIGHER EDUCATION,RENO,NV,2021,National Science Foundation,17086305.0,45
WLDGTNCFFJZ3,BOARD OF REGENTS OF NEVADA SYSTEM OF HIGHER EDUCATION,RENO,NV,2022,National Institutes of Health,26397640.110000003,11
WLDGTNCFFJZ3,BOARD OF REGENTS OF NEVADA SYSTEM OF HIGHER EDUCATION,RENO,NV,2022,National Science Foundation,23616393.0,48
WLDGTNCFFJZ3,BOARD OF REGENTS OF NEVADA SYSTEM OF HIGHER EDUCATION,RENO,NV,2023,National Institutes of Health,25559277.02,10
WLDGTNCFFJZ3,BOARD OF REGENTS OF NEVADA SYSTEM OF HIGHER EDUCATION,RENO,NV,2023,National Science Foundation,20561928.0,38
WLDGTNCFFJZ3,BOARD OF REGENTS OF NEVADA SYSTEM OF HIGHER EDUCATION,RENO,NV,2024,National Institutes of Health,19958865.590000004,9
WLDGTNCFFJZ3,BOARD OF REGENTS OF NEVADA SYSTEM OF HIGHER EDUCATION,RENO,NV,2024,National Science Foundation,12590783.0,21
WLDGTNCFFJZ3,BOARD OF REGENTS OF NEVADA SYSTEM OF HIGHER EDUCATION,RENO,NV,2025,National Institutes of Health,25802019.03,11
WLDGTNCFFJZ3,BOARD OF REGENTS OF NEVADA SYSTEM OF HIGHER EDUCATION,RENO,NV,2025,National Science Foundation,22130617.0,30
WLDGTNCFFJZ3,BOARD OF REGENTS OF NEVADA SYSTEM OF HIGHER EDUCATION,RENO,NV,2026,National Institutes of Health,13418218.25,7
WLDGTNCFFJZ3,BOARD OF REGENTS OF NEVADA SYSTEM OF HIGHER EDUCATION,RENO,NV,2026,National Science Foundation,7653315.0,9
WMHWCFJNAJL3,BUCK INSTITUTE FOR RESEARCH ON AGING,NOVATO,CA,2016,National Institutes of Health,9971445.0,27
WMHWCFJNAJL3,BUCK INSTITUTE FOR RESEARCH ON AGING,NOVATO,CA,2017,National Institutes of Health,21586379.0,23
WMHWCFJNAJL3,BUCK INSTITUTE FOR RESEARCH ON AGING,NOVATO,CA,2018,National Institutes of Health,20770388.0,12
WMHWCFJNAJL3,BUCK INSTITUTE FOR RESEARCH ON AGING,NOVATO,CA,2019,National Institutes of Health,16471682.0,5
WMHWCFJNAJL3,BUCK INSTITUTE FOR RESEARCH ON AGING,NOVATO,CA,2020,National Institutes of Health,20012864.0,12
WMHWCFJNAJL3,BUCK INSTITUTE FOR RESEARCH ON AGING,NOVATO,CA,2021,National Institutes of Health,21788619.72,8
WMHWCFJNAJL3,BUCK INSTITUTE FOR RESEARCH ON AGING,NOVATO,CA,2022,National Institutes of Health,21401643.36,7
WMHWCFJNAJL3,BUCK INSTITUTE FOR RESEARCH ON AGING,NOVATO,CA,2023,National Institutes of Health,18416646.240000002,6
WMHWCFJNAJL3,BUCK INSTITUTE FOR RESEARCH ON AGING,NOVATO,CA,2024,National Institutes of Health,26618425.82,11
WMHWCFJNAJL3,BUCK INSTITUTE FOR RESEARCH ON AGING,NOVATO,CA,2025,National Institutes of Health,21034520.71,4
WMHWCFJNAJL3,BUCK INSTITUTE FOR RESEARCH ON AGING,NOVATO,CA,2026,National Institutes of Health,10444710.02,4
WNTPS995QBM7,UNIVERSITY OF CONNECTICUT,STORRS MANSFIELD,CT,2016,National Institutes of Health,23231115.0,73
WNTPS995QBM7,UNIVERSITY OF CONNECTICUT,STORRS MANSFIELD,CT,2016,National Science Foundation,20161813.0,113
WNTPS995QBM7,UNIVERSITY OF CONNECTICUT,STORRS MANSFIELD,CT,2017,National Institutes of Health,24951655.0,39
WNTPS995QBM7,UNIVERSITY OF CONNECTICUT,STORRS MANSFIELD,CT,2017,National Science Foundation,32310304.0,98
WNTPS995QBM7,UNIVERSITY OF CONNECTICUT,STORRS MANSFIELD,CT,2018,National Institutes of Health,29324910.0,28
WNTPS995QBM7,UNIVERSITY OF CONNECTICUT,STORRS MANSFIELD,CT,2018,National Science Foundation,22576888.0,72
WNTPS995QBM7,UNIVERSITY OF CONNECTICUT,STORRS MANSFIELD,CT,2019,National Institutes of Health,30989286.0,38
WNTPS995QBM7,UNIVERSITY OF CONNECTICUT,STORRS MANSFIELD,CT,2019,National Science Foundation,27168091.0,69
WNTPS995QBM7,UNIVERSITY OF CONNECTICUT,STORRS MANSFIELD,CT,2020,National Institutes of Health,35731442.0,29
WNTPS995QBM7,UNIVERSITY OF CONNECTICUT,STORRS MANSFIELD,CT,2020,National Science Foundation,22541045.0,67
WNTPS995QBM7,UNIVERSITY OF CONNECTICUT,STORRS MANSFIELD,CT,2021,National Institutes of Health,27248983.03,21
WNTPS995QBM7,UNIVERSITY OF CONNECTICUT,STORRS MANSFIELD,CT,2021,National Science Foundation,25501714.0,52
WNTPS995QBM7,UNIVERSITY OF CONNECTICUT,STORRS MANSFIELD,CT,2022,National Institutes of Health,37610455.99,41
WNTPS995QBM7,UNIVERSITY OF CONNECTICUT,STORRS MANSFIELD,CT,2022,National Science Foundation,34081294.0,72
WNTPS995QBM7,UNIVERSITY OF CONNECTICUT,STORRS MANSFIELD,CT,2023,National Institutes of Health,36459140.42,30
WNTPS995QBM7,UNIVERSITY OF CONNECTICUT,STORRS MANSFIELD,CT,2023,National Science Foundation,28606880.0,57
WNTPS995QBM7,UNIVERSITY OF CONNECTICUT,STORRS MANSFIELD,CT,2024,National Institutes of Health,38366764.2,24
WNTPS995QBM7,UNIVERSITY OF CONNECTICUT,STORRS MANSFIELD,CT,2024,National Science Foundation,19312132.0,47
WNTPS995QBM7,UNIVERSITY OF CONNECTICUT,STORRS MANSFIELD,CT,2025,National Institutes of Health,36966092.300000004,13
WNTPS995QBM7,UNIVERSITY OF CONNECTICUT,STORRS MANSFIELD,CT,2025,National Science Foundation,15936980.0,44
WNTPS995QBM7,UNIVERSITY OF CONNECTICUT,STORRS MANSFIELD,CT,2026,National Institutes of Health,25470807.14,15
WNTPS995QBM7,UNIVERSITY OF CONNECTICUT,STORRS MANSFIELD,CT,2026,National Science Foundation,16326287.0,19
WQNERYY3BK94,LIEBER INSTITUTE INC,BALTIMORE,MD,2016,National Institutes of Health,3429982.0,7
WQNERYY3BK94,LIEBER INSTITUTE INC,BALTIMORE,MD,2017,National Institutes of Health,4447488.0,4
WQNERYY3BK94,LIEBER INSTITUTE INC,BALTIMORE,MD,2018,National Institutes of Health,4954661.0,3
WQNERYY3BK94,LIEBER INSTITUTE INC,BALTIMORE,MD,2019,National Institutes of Health,5271098.0,3
WQNERYY3BK94,LIEBER INSTITUTE INC,BALTIMORE,MD,2020,National Institutes of Health,5681195.0,4
WQNERYY3BK94,LIEBER INSTITUTE INC,BALTIMORE,MD,2021,National Institutes of Health,7984477.23,5
WQNERYY3BK94,LIEBER INSTITUTE INC,BALTIMORE,MD,2022,National Institutes of Health,6747933.21,3
WQNERYY3BK94,LIEBER INSTITUTE INC,BALTIMORE,MD,2023,National Institutes of Health,8850606.64,6
WQNERYY3BK94,LIEBER INSTITUTE INC,BALTIMORE,MD,2024,National Institutes of Health,9542370.0,9
WQNERYY3BK94,LIEBER INSTITUTE INC,BALTIMORE,MD,2025,National Institutes of Health,9499141.0,1
WQNERYY3BK94,LIEBER INSTITUTE INC,BALTIMORE,MD,2026,National Institutes of Health,11574086.0,3
WS29EMGEVEJ4,HEBREW REHABILITATION CENTER,ROSLINDALE,MA,2016,National Institutes of Health,6982012.0,15
WS29EMGEVEJ4,HEBREW REHABILITATION CENTER,ROSLINDALE,MA,2017,National Institutes of Health,7299042.0,7
WS29EMGEVEJ4,HEBREW REHABILITATION CENTER,ROSLINDALE,MA,2018,National Institutes of Health,10760901.0,3
WS29EMGEVEJ4,HEBREW REHABILITATION CENTER,ROSLINDALE,MA,2019,National Institutes of Health,14032881.0,7
WS29EMGEVEJ4,HEBREW REHABILITATION CENTER,ROSLINDALE,MA,2020,National Institutes of Health,10433548.0,1
WS29EMGEVEJ4,HEBREW REHABILITATION CENTER,ROSLINDALE,MA,2021,National Institutes of Health,11656845.0,6
WS29EMGEVEJ4,HEBREW REHABILITATION CENTER,ROSLINDALE,MA,2022,National Institutes of Health,11723595.0,7
WS29EMGEVEJ4,HEBREW REHABILITATION CENTER,ROSLINDALE,MA,2023,National Institutes of Health,8397283.41,2
WS29EMGEVEJ4,HEBREW REHABILITATION CENTER,ROSLINDALE,MA,2024,National Institutes of Health,11038042.0,5
WS29EMGEVEJ4,HEBREW REHABILITATION CENTER,ROSLINDALE,MA,2025,National Institutes of Health,7853340.17,2
WS29EMGEVEJ4,HEBREW REHABILITATION CENTER,ROSLINDALE,MA,2026,National Institutes of Health,4500056.0,2
WUWGNMBAHKG2,VIGNET INC.,FAIRFAX,VA,2018,National Institutes of Health,12000000.0,1
WUWGNMBAHKG2,VIGNET INC.,FAIRFAX,VA,2019,National Institutes of Health,60205202.0,0
WUWGNMBAHKG2,VIGNET INC.,FAIRFAX,VA,2020,National Institutes of Health,6033650.0,0
WUWGNMBAHKG2,VIGNET INC.,FAIRFAX,VA,2021,National Institutes of Health,8092239.0,1
WUWGNMBAHKG2,VIGNET INC.,FAIRFAX,VA,2022,National Institutes of Health,0.0,0
WWH4L4GKKW58,"EDUCATION DEVELOPMENT CENTER, INC.",WALTHAM,MA,2016,National Science Foundation,15423042.0,18
WWH4L4GKKW58,"EDUCATION DEVELOPMENT CENTER, INC.",WALTHAM,MA,2017,National Science Foundation,8852967.0,7
WWH4L4GKKW58,"EDUCATION DEVELOPMENT CENTER, INC.",WALTHAM,MA,2018,National Science Foundation,13955423.0,9
WWH4L4GKKW58,"EDUCATION DEVELOPMENT CENTER, INC.",WALTHAM,MA,2019,National Science Foundation,20057304.0,13
WWH4L4GKKW58,"EDUCATION DEVELOPMENT CENTER, INC.",WALTHAM,MA,2020,National Science Foundation,5152628.0,5
WWH4L4GKKW58,"EDUCATION DEVELOPMENT CENTER, INC.",WALTHAM,MA,2021,National Science Foundation,13313706.0,5
WWH4L4GKKW58,"EDUCATION DEVELOPMENT CENTER, INC.",WALTHAM,MA,2022,National Science Foundation,1447187.0,1
WWH4L4GKKW58,"EDUCATION DEVELOPMENT CENTER, INC.",WALTHAM,MA,2023,National Institutes of Health,142200.0,1
WWH4L4GKKW58,"EDUCATION DEVELOPMENT CENTER, INC.",WALTHAM,MA,2023,National Science Foundation,7124795.0,5
WWH4L4GKKW58,"EDUCATION DEVELOPMENT CENTER, INC.",WALTHAM,MA,2024,National Institutes of Health,142125.0,0
WWH4L4GKKW58,"EDUCATION DEVELOPMENT CENTER, INC.",WALTHAM,MA,2024,National Science Foundation,2023501.0,1
WWH4L4GKKW58,"EDUCATION DEVELOPMENT CENTER, INC.",WALTHAM,MA,2025,National Institutes of Health,141793.0,0
WWH4L4GKKW58,"EDUCATION DEVELOPMENT CENTER, INC.",WALTHAM,MA,2025,National Science Foundation,7105553.0,3
WWH4L4GKKW58,"EDUCATION DEVELOPMENT CENTER, INC.",WALTHAM,MA,2026,National Institutes of Health,139143.0,0
WWH4L4GKKW58,"EDUCATION DEVELOPMENT CENTER, INC.",WALTHAM,MA,2026,National Science Foundation,215637.0,0
X1M1PN3KG3E7,UNIVERSITY OF TENNESSEE,MEMPHIS,TN,2016,National Institutes of Health,32968211.0,96
X1M1PN3KG3E7,UNIVERSITY OF TENNESSEE,MEMPHIS,TN,2017,National Institutes of Health,32939483.0,62
X1M1PN3KG3E7,UNIVERSITY OF TENNESSEE,MEMPHIS,TN,2018,National Institutes of Health,34523876.0,40
X1M1PN3KG3E7,UNIVERSITY OF TENNESSEE,MEMPHIS,TN,2018,National Science Foundation,388254.0,1
X1M1PN3KG3E7,UNIVERSITY OF TENNESSEE,MEMPHIS,TN,2019,National Institutes of Health,43579124.0,41
X1M1PN3KG3E7,UNIVERSITY OF TENNESSEE,MEMPHIS,TN,2020,National Institutes of Health,44172424.0,35
X1M1PN3KG3E7,UNIVERSITY OF TENNESSEE,MEMPHIS,TN,2021,National Institutes of Health,57094640.72999999,32
X1M1PN3KG3E7,UNIVERSITY OF TENNESSEE,MEMPHIS,TN,2021,National Science Foundation,356488.0,1
X1M1PN3KG3E7,UNIVERSITY OF TENNESSEE,MEMPHIS,TN,2022,National Institutes of Health,61441563.419999994,39
X1M1PN3KG3E7,UNIVERSITY OF TENNESSEE,MEMPHIS,TN,2023,National Institutes of Health,53967690.940000005,26
X1M1PN3KG3E7,UNIVERSITY OF TENNESSEE,MEMPHIS,TN,2023,National Science Foundation,254765.0,0
X1M1PN3KG3E7,UNIVERSITY OF TENNESSEE,MEMPHIS,TN,2024,National Institutes of Health,40707745.47,15
X1M1PN3KG3E7,UNIVERSITY OF TENNESSEE,MEMPHIS,TN,2024,National Science Foundation,53000.0,1
X1M1PN3KG3E7,UNIVERSITY OF TENNESSEE,MEMPHIS,TN,2025,National Institutes of Health,49079187.03,23
X1M1PN3KG3E7,UNIVERSITY OF TENNESSEE,MEMPHIS,TN,2025,National Science Foundation,53000.0,0
X1M1PN3KG3E7,UNIVERSITY OF TENNESSEE,MEMPHIS,TN,2026,National Institutes of Health,29562823.98,8
X59NJBFL8BJ3,UNIVERSITY OF MISSISSIPPI MEDICAL CENTER,JACKSON,MS,2016,National Institutes of Health,26967500.0,57
X59NJBFL8BJ3,UNIVERSITY OF MISSISSIPPI MEDICAL CENTER,JACKSON,MS,2016,National Science Foundation,199992.0,1
X59NJBFL8BJ3,UNIVERSITY OF MISSISSIPPI MEDICAL CENTER,JACKSON,MS,2017,National Institutes of Health,28026554.0,38
X59NJBFL8BJ3,UNIVERSITY OF MISSISSIPPI MEDICAL CENTER,JACKSON,MS,2017,National Science Foundation,252912.0,1
X59NJBFL8BJ3,UNIVERSITY OF MISSISSIPPI MEDICAL CENTER,JACKSON,MS,2018,National Institutes of Health,28399625.0,18
X59NJBFL8BJ3,UNIVERSITY OF MISSISSIPPI MEDICAL CENTER,JACKSON,MS,2018,National Science Foundation,424538.0,0
X59NJBFL8BJ3,UNIVERSITY OF MISSISSIPPI MEDICAL CENTER,JACKSON,MS,2019,National Institutes of Health,22591034.0,10
X59NJBFL8BJ3,UNIVERSITY OF MISSISSIPPI MEDICAL CENTER,JACKSON,MS,2019,National Science Foundation,10000.0,1
X59NJBFL8BJ3,UNIVERSITY OF MISSISSIPPI MEDICAL CENTER,JACKSON,MS,2020,National Institutes of Health,23896259.0,19
X59NJBFL8BJ3,UNIVERSITY OF MISSISSIPPI MEDICAL CENTER,JACKSON,MS,2020,National Science Foundation,139942.0,0
X59NJBFL8BJ3,UNIVERSITY OF MISSISSIPPI MEDICAL CENTER,JACKSON,MS,2021,National Institutes of Health,23563321.060000002,13
X59NJBFL8BJ3,UNIVERSITY OF MISSISSIPPI MEDICAL CENTER,JACKSON,MS,2021,National Science Foundation,46000.0,1
X59NJBFL8BJ3,UNIVERSITY OF MISSISSIPPI MEDICAL CENTER,JACKSON,MS,2022,National Institutes of Health,25814775.47,19
X59NJBFL8BJ3,UNIVERSITY OF MISSISSIPPI MEDICAL CENTER,JACKSON,MS,2022,National Science Foundation,46000.0,0
X59NJBFL8BJ3,UNIVERSITY OF MISSISSIPPI MEDICAL CENTER,JACKSON,MS,2023,National Institutes of Health,25908322.150000002,11
X59NJBFL8BJ3,UNIVERSITY OF MISSISSIPPI MEDICAL CENTER,JACKSON,MS,2023,National Science Foundation,49000.0,0
X59NJBFL8BJ3,UNIVERSITY OF MISSISSIPPI MEDICAL CENTER,JACKSON,MS,2024,National Institutes of Health,31403033.6,17
X59NJBFL8BJ3,UNIVERSITY OF MISSISSIPPI MEDICAL CENTER,JACKSON,MS,2024,National Science Foundation,153716.0,1
X59NJBFL8BJ3,UNIVERSITY OF MISSISSIPPI MEDICAL CENTER,JACKSON,MS,2025,National Institutes of Health,25711976.520000003,14
X59NJBFL8BJ3,UNIVERSITY OF MISSISSIPPI MEDICAL CENTER,JACKSON,MS,2026,National Institutes of Health,24623627.08,12
X59NJBFL8BJ3,UNIVERSITY OF MISSISSIPPI MEDICAL CENTER,JACKSON,MS,2026,National Science Foundation,76858.0,0
X5S7PNXMJMC7,"THE MOREHOUSE SCHOOL OF MEDICINE, INC.",ATLANTA,GA,2016,National Institutes of Health,23803909.0,29
X5S7PNXMJMC7,"THE MOREHOUSE SCHOOL OF MEDICINE, INC.",ATLANTA,GA,2017,National Institutes of Health,16152090.0,24
X5S7PNXMJMC7,"THE MOREHOUSE SCHOOL OF MEDICINE, INC.",ATLANTA,GA,2018,National Institutes of Health,16696463.0,14
X5S7PNXMJMC7,"THE MOREHOUSE SCHOOL OF MEDICINE, INC.",ATLANTA,GA,2019,National Institutes of Health,13598802.0,3
X5S7PNXMJMC7,"THE MOREHOUSE SCHOOL OF MEDICINE, INC.",ATLANTA,GA,2019,National Science Foundation,999999.0,1
X5S7PNXMJMC7,"THE MOREHOUSE SCHOOL OF MEDICINE, INC.",ATLANTA,GA,2020,National Institutes of Health,14187568.0,7
X5S7PNXMJMC7,"THE MOREHOUSE SCHOOL OF MEDICINE, INC.",ATLANTA,GA,2020,National Science Foundation,499996.0,1
X5S7PNXMJMC7,"THE MOREHOUSE SCHOOL OF MEDICINE, INC.",ATLANTA,GA,2021,National Institutes of Health,15798033.34,4
X5S7PNXMJMC7,"THE MOREHOUSE SCHOOL OF MEDICINE, INC.",ATLANTA,GA,2021,National Science Foundation,1091652.0,1
X5S7PNXMJMC7,"THE MOREHOUSE SCHOOL OF MEDICINE, INC.",ATLANTA,GA,2022,National Institutes of Health,24277376.779999997,11
X5S7PNXMJMC7,"THE MOREHOUSE SCHOOL OF MEDICINE, INC.",ATLANTA,GA,2022,National Science Foundation,840872.0,1
X5S7PNXMJMC7,"THE MOREHOUSE SCHOOL OF MEDICINE, INC.",ATLANTA,GA,2023,National Institutes of Health,24164665.490000002,7
X5S7PNXMJMC7,"THE MOREHOUSE SCHOOL OF MEDICINE, INC.",ATLANTA,GA,2023,National Science Foundation,910004.0,1
X5S7PNXMJMC7,"THE MOREHOUSE SCHOOL OF MEDICINE, INC.",ATLANTA,GA,2024,National Institutes of Health,27707099.64,4
X5S7PNXMJMC7,"THE MOREHOUSE SCHOOL OF MEDICINE, INC.",ATLANTA,GA,2024,National Science Foundation,996072.0,1
X5S7PNXMJMC7,"THE MOREHOUSE SCHOOL OF MEDICINE, INC.",ATLANTA,GA,2025,National Institutes of Health,14668215.629999999,4
X5S7PNXMJMC7,"THE MOREHOUSE SCHOOL OF MEDICINE, INC.",ATLANTA,GA,2025,National Science Foundation,8768533.0,3
X5S7PNXMJMC7,"THE MOREHOUSE SCHOOL OF MEDICINE, INC.",ATLANTA,GA,2026,National Institutes of Health,9529557.01,2
XA77NAJYELF1,UNIVERSITY OF TOLEDO,TOLEDO,OH,2016,National Institutes of Health,2271405.0,11
XA77NAJYELF1,UNIVERSITY OF TOLEDO,TOLEDO,OH,2016,National Science Foundation,1881665.0,27
XA77NAJYELF1,UNIVERSITY OF TOLEDO,TOLEDO,OH,2017,National Institutes of Health,2711569.0,8
XA77NAJYELF1,UNIVERSITY OF TOLEDO,TOLEDO,OH,2017,National Science Foundation,5295100.0,22
XA77NAJYELF1,UNIVERSITY OF TOLEDO,TOLEDO,OH,2018,National Institutes of Health,2531693.0,8
XA77NAJYELF1,UNIVERSITY OF TOLEDO,TOLEDO,OH,2018,National Science Foundation,3316188.0,7
XA77NAJYELF1,UNIVERSITY OF TOLEDO,TOLEDO,OH,2019,National Institutes of Health,3350117.0,12
XA77NAJYELF1,UNIVERSITY OF TOLEDO,TOLEDO,OH,2019,National Science Foundation,4315358.0,12
XA77NAJYELF1,UNIVERSITY OF TOLEDO,TOLEDO,OH,2020,National Institutes of Health,2829636.0,6
XA77NAJYELF1,UNIVERSITY OF TOLEDO,TOLEDO,OH,2020,National Science Foundation,1808307.0,10
XA77NAJYELF1,UNIVERSITY OF TOLEDO,TOLEDO,OH,2021,National Institutes of Health,3610078.01,5
XA77NAJYELF1,UNIVERSITY OF TOLEDO,TOLEDO,OH,2021,National Science Foundation,1371600.0,8
XA77NAJYELF1,UNIVERSITY OF TOLEDO,TOLEDO,OH,2022,National Institutes of Health,3135840.19,5
XA77NAJYELF1,UNIVERSITY OF TOLEDO,TOLEDO,OH,2022,National Science Foundation,2753739.0,8
XA77NAJYELF1,UNIVERSITY OF TOLEDO,TOLEDO,OH,2023,National Institutes of Health,3671795.27,5
XA77NAJYELF1,UNIVERSITY OF TOLEDO,TOLEDO,OH,2023,National Science Foundation,3999623.0,15
XA77NAJYELF1,UNIVERSITY OF TOLEDO,TOLEDO,OH,2024,National Institutes of Health,2389040.66,2
XA77NAJYELF1,UNIVERSITY OF TOLEDO,TOLEDO,OH,2024,National Science Foundation,3981383.0,7
XA77NAJYELF1,UNIVERSITY OF TOLEDO,TOLEDO,OH,2025,National Institutes of Health,4114977.57,9
XA77NAJYELF1,UNIVERSITY OF TOLEDO,TOLEDO,OH,2025,National Science Foundation,1764851.0,7
XA77NAJYELF1,UNIVERSITY OF TOLEDO,TOLEDO,OH,2026,National Institutes of Health,2621643.0300000003,5
XA77NAJYELF1,UNIVERSITY OF TOLEDO,TOLEDO,OH,2026,National Science Foundation,-1196432.0,0
XAJWT43U55A3,REHABILITATION INSTITUTE OF CHICAGO,CHICAGO,IL,2016,National Institutes of Health,7695165.0,17
XAJWT43U55A3,REHABILITATION INSTITUTE OF CHICAGO,CHICAGO,IL,2016,National Science Foundation,541940.0,2
XAJWT43U55A3,REHABILITATION INSTITUTE OF CHICAGO,CHICAGO,IL,2017,National Institutes of Health,5498004.0,5
XAJWT43U55A3,REHABILITATION INSTITUTE OF CHICAGO,CHICAGO,IL,2017,National Science Foundation,483267.0,1
XAJWT43U55A3,REHABILITATION INSTITUTE OF CHICAGO,CHICAGO,IL,2018,National Institutes of Health,1014788.0,4
XAJWT43U55A3,REHABILITATION INSTITUTE OF CHICAGO,CHICAGO,IL,2018,National Science Foundation,-240650.0,0
XAJWT43U55A3,REHABILITATION INSTITUTE OF CHICAGO,CHICAGO,IL,2019,National Institutes of Health,4736721.0,4
XAJWT43U55A3,REHABILITATION INSTITUTE OF CHICAGO,CHICAGO,IL,2019,National Science Foundation,108235.0,0
XAJWT43U55A3,REHABILITATION INSTITUTE OF CHICAGO,CHICAGO,IL,2020,National Institutes of Health,6348110.0,3
XAJWT43U55A3,REHABILITATION INSTITUTE OF CHICAGO,CHICAGO,IL,2020,National Science Foundation,1610433.0,2
XAJWT43U55A3,REHABILITATION INSTITUTE OF CHICAGO,CHICAGO,IL,2021,National Institutes of Health,6806527.92,5
XAJWT43U55A3,REHABILITATION INSTITUTE OF CHICAGO,CHICAGO,IL,2021,National Science Foundation,714227.0,1
XAJWT43U55A3,REHABILITATION INSTITUTE OF CHICAGO,CHICAGO,IL,2022,National Institutes of Health,7605253.640000001,3
XAJWT43U55A3,REHABILITATION INSTITUTE OF CHICAGO,CHICAGO,IL,2023,National Institutes of Health,8128796.04,5
XAJWT43U55A3,REHABILITATION INSTITUTE OF CHICAGO,CHICAGO,IL,2024,National Institutes of Health,8328234.71,6
XAJWT43U55A3,REHABILITATION INSTITUTE OF CHICAGO,CHICAGO,IL,2025,National Institutes of Health,11525449.2,5
XAJWT43U55A3,REHABILITATION INSTITUTE OF CHICAGO,CHICAGO,IL,2026,National Institutes of Health,8953219.219999999,4
XCPKWEM58CV5,RHO FEDERAL SYSTEMS DIVISION INC,DURHAM,NC,2016,National Institutes of Health,22761538.0,1
XCPKWEM58CV5,RHO FEDERAL SYSTEMS DIVISION INC,DURHAM,NC,2017,National Institutes of Health,23794663.0,0
XCPKWEM58CV5,RHO FEDERAL SYSTEMS DIVISION INC,DURHAM,NC,2018,National Institutes of Health,24936248.0,0
XCPKWEM58CV5,RHO FEDERAL SYSTEMS DIVISION INC,DURHAM,NC,2019,National Institutes of Health,22293250.0,0
XCPKWEM58CV5,RHO FEDERAL SYSTEMS DIVISION INC,DURHAM,NC,2020,National Institutes of Health,33239757.0,0
XCPKWEM58CV5,RHO FEDERAL SYSTEMS DIVISION INC,DURHAM,NC,2021,National Institutes of Health,35803128.0,1
XCPKWEM58CV5,RHO FEDERAL SYSTEMS DIVISION INC,DURHAM,NC,2022,National Institutes of Health,19762800.0,0
XCPKWEM58CV5,RHO FEDERAL SYSTEMS DIVISION INC,DURHAM,NC,2023,National Institutes of Health,14621172.89,3
XCPKWEM58CV5,RHO FEDERAL SYSTEMS DIVISION INC,DURHAM,NC,2024,National Institutes of Health,18741599.630000003,0
XCPKWEM58CV5,RHO FEDERAL SYSTEMS DIVISION INC,DURHAM,NC,2025,National Institutes of Health,19624239.77,0
XCPKWEM58CV5,RHO FEDERAL SYSTEMS DIVISION INC,DURHAM,NC,2026,National Institutes of Health,18146398.0,0
XF3XM9642N96,DREXEL UNIVERSITY,PHILADELPHIA,PA,2016,National Institutes of Health,30251933.0,93
XF3XM9642N96,DREXEL UNIVERSITY,PHILADELPHIA,PA,2016,National Science Foundation,12768767.0,81
XF3XM9642N96,DREXEL UNIVERSITY,PHILADELPHIA,PA,2017,National Institutes of Health,35772506.0,63
XF3XM9642N96,DREXEL UNIVERSITY,PHILADELPHIA,PA,2017,National Science Foundation,17057421.0,58
XF3XM9642N96,DREXEL UNIVERSITY,PHILADELPHIA,PA,2018,National Institutes of Health,38593425.0,36
XF3XM9642N96,DREXEL UNIVERSITY,PHILADELPHIA,PA,2018,National Science Foundation,14083613.0,43
XF3XM9642N96,DREXEL UNIVERSITY,PHILADELPHIA,PA,2019,National Institutes of Health,40514841.0,30
XF3XM9642N96,DREXEL UNIVERSITY,PHILADELPHIA,PA,2019,National Science Foundation,11665902.0,41
XF3XM9642N96,DREXEL UNIVERSITY,PHILADELPHIA,PA,2020,National Institutes of Health,52701287.0,44
XF3XM9642N96,DREXEL UNIVERSITY,PHILADELPHIA,PA,2020,National Science Foundation,14509039.0,39
XF3XM9642N96,DREXEL UNIVERSITY,PHILADELPHIA,PA,2021,National Institutes of Health,45695802.44,33
XF3XM9642N96,DREXEL UNIVERSITY,PHILADELPHIA,PA,2021,National Science Foundation,15783805.0,25
XF3XM9642N96,DREXEL UNIVERSITY,PHILADELPHIA,PA,2022,National Institutes of Health,60850529.88,44
XF3XM9642N96,DREXEL UNIVERSITY,PHILADELPHIA,PA,2022,National Science Foundation,15859374.0,22
XF3XM9642N96,DREXEL UNIVERSITY,PHILADELPHIA,PA,2023,National Institutes of Health,64983580.010000005,45
XF3XM9642N96,DREXEL UNIVERSITY,PHILADELPHIA,PA,2023,National Science Foundation,14691395.0,26
XF3XM9642N96,DREXEL UNIVERSITY,PHILADELPHIA,PA,2024,National Institutes of Health,61763223.849999994,38
XF3XM9642N96,DREXEL UNIVERSITY,PHILADELPHIA,PA,2024,National Science Foundation,6697630.0,21
XF3XM9642N96,DREXEL UNIVERSITY,PHILADELPHIA,PA,2025,National Institutes of Health,49253805.08,26
XF3XM9642N96,DREXEL UNIVERSITY,PHILADELPHIA,PA,2025,National Science Foundation,3826562.0,13
XF3XM9642N96,DREXEL UNIVERSITY,PHILADELPHIA,PA,2026,National Institutes of Health,42829426.08,34
XF3XM9642N96,DREXEL UNIVERSITY,PHILADELPHIA,PA,2026,National Science Foundation,1252597.0,6
XJ7MMPHBMGM7,ANN & ROBERT H LURIE CHILDRENS HOSPITAL OF CHICAGO,CHICAGO,IL,2016,National Institutes of Health,4515232.0,15
XJ7MMPHBMGM7,ANN & ROBERT H LURIE CHILDRENS HOSPITAL OF CHICAGO,CHICAGO,IL,2017,National Institutes of Health,5815100.0,19
XJ7MMPHBMGM7,ANN & ROBERT H LURIE CHILDRENS HOSPITAL OF CHICAGO,CHICAGO,IL,2018,National Institutes of Health,11977034.0,23
XJ7MMPHBMGM7,ANN & ROBERT H LURIE CHILDRENS HOSPITAL OF CHICAGO,CHICAGO,IL,2019,National Institutes of Health,17630231.0,25
XJ7MMPHBMGM7,ANN & ROBERT H LURIE CHILDRENS HOSPITAL OF CHICAGO,CHICAGO,IL,2020,National Institutes of Health,21001727.0,24
XJ7MMPHBMGM7,ANN & ROBERT H LURIE CHILDRENS HOSPITAL OF CHICAGO,CHICAGO,IL,2021,National Institutes of Health,25747814.72,10
XJ7MMPHBMGM7,ANN & ROBERT H LURIE CHILDRENS HOSPITAL OF CHICAGO,CHICAGO,IL,2022,National Institutes of Health,33775222.949999996,20
XJ7MMPHBMGM7,ANN & ROBERT H LURIE CHILDRENS HOSPITAL OF CHICAGO,CHICAGO,IL,2023,National Institutes of Health,28703634.87,14
XJ7MMPHBMGM7,ANN & ROBERT H LURIE CHILDRENS HOSPITAL OF CHICAGO,CHICAGO,IL,2023,National Science Foundation,1199832.0,1
XJ7MMPHBMGM7,ANN & ROBERT H LURIE CHILDRENS HOSPITAL OF CHICAGO,CHICAGO,IL,2024,National Institutes of Health,32155108.990000002,24
XJ7MMPHBMGM7,ANN & ROBERT H LURIE CHILDRENS HOSPITAL OF CHICAGO,CHICAGO,IL,2025,National Institutes of Health,33068237.82,14
XJ7MMPHBMGM7,ANN & ROBERT H LURIE CHILDRENS HOSPITAL OF CHICAGO,CHICAGO,IL,2025,National Science Foundation,-903136.0,0
XJ7MMPHBMGM7,ANN & ROBERT H LURIE CHILDRENS HOSPITAL OF CHICAGO,CHICAGO,IL,2026,National Institutes of Health,27866562.779999997,7
XJUCJAYJWYV1,THE METHODIST HOSPITAL RESEARCH INSTITUTE,HOUSTON,TX,2016,National Institutes of Health,14700346.0,36
XJUCJAYJWYV1,THE METHODIST HOSPITAL RESEARCH INSTITUTE,HOUSTON,TX,2016,National Science Foundation,730920.0,3
XJUCJAYJWYV1,THE METHODIST HOSPITAL RESEARCH INSTITUTE,HOUSTON,TX,2017,National Institutes of Health,15732229.0,24
XJUCJAYJWYV1,THE METHODIST HOSPITAL RESEARCH INSTITUTE,HOUSTON,TX,2017,National Science Foundation,199487.0,0
XJUCJAYJWYV1,THE METHODIST HOSPITAL RESEARCH INSTITUTE,HOUSTON,TX,2018,National Institutes of Health,20912111.0,20
XJUCJAYJWYV1,THE METHODIST HOSPITAL RESEARCH INSTITUTE,HOUSTON,TX,2018,National Science Foundation,49819.0,1
XJUCJAYJWYV1,THE METHODIST HOSPITAL RESEARCH INSTITUTE,HOUSTON,TX,2019,National Institutes of Health,18085229.0,12
XJUCJAYJWYV1,THE METHODIST HOSPITAL RESEARCH INSTITUTE,HOUSTON,TX,2019,National Science Foundation,642827.0,2
XJUCJAYJWYV1,THE METHODIST HOSPITAL RESEARCH INSTITUTE,HOUSTON,TX,2020,National Institutes of Health,26208304.0,18
XJUCJAYJWYV1,THE METHODIST HOSPITAL RESEARCH INSTITUTE,HOUSTON,TX,2021,National Institutes of Health,7306747.21,3
XJUCJAYJWYV1,THE METHODIST HOSPITAL RESEARCH INSTITUTE,HOUSTON,TX,2022,National Institutes of Health,33097505.509999998,41
XJUCJAYJWYV1,THE METHODIST HOSPITAL RESEARCH INSTITUTE,HOUSTON,TX,2022,National Science Foundation,28238.0,1
XJUCJAYJWYV1,THE METHODIST HOSPITAL RESEARCH INSTITUTE,HOUSTON,TX,2023,National Institutes of Health,40768325.55,34
XJUCJAYJWYV1,THE METHODIST HOSPITAL RESEARCH INSTITUTE,HOUSTON,TX,2023,National Science Foundation,420307.0,2
XJUCJAYJWYV1,THE METHODIST HOSPITAL RESEARCH INSTITUTE,HOUSTON,TX,2024,National Institutes of Health,56135987.7,36
XJUCJAYJWYV1,THE METHODIST HOSPITAL RESEARCH INSTITUTE,HOUSTON,TX,2024,National Science Foundation,21000.0,1
XJUCJAYJWYV1,THE METHODIST HOSPITAL RESEARCH INSTITUTE,HOUSTON,TX,2025,National Institutes of Health,50646779.06,14
XJUCJAYJWYV1,THE METHODIST HOSPITAL RESEARCH INSTITUTE,HOUSTON,TX,2026,National Institutes of Health,31515841.44,12
XJUCJAYJWYV1,THE METHODIST HOSPITAL RESEARCH INSTITUTE,HOUSTON,TX,2026,National Science Foundation,549705.0,1
XNAKYW3FTSE1,RESEARCH FOUNDATION OF THE CITY UNIVERSITY OF NEW YORK,BROOKLYN,NY,2016,National Institutes of Health,3111835.0,16
XNAKYW3FTSE1,RESEARCH FOUNDATION OF THE CITY UNIVERSITY OF NEW YORK,BROOKLYN,NY,2016,National Science Foundation,1159797.0,8
XNAKYW3FTSE1,RESEARCH FOUNDATION OF THE CITY UNIVERSITY OF NEW YORK,BROOKLYN,NY,2017,National Institutes of Health,1630585.0,7
XNAKYW3FTSE1,RESEARCH FOUNDATION OF THE CITY UNIVERSITY OF NEW YORK,BROOKLYN,NY,2017,National Science Foundation,826835.0,5
XNAKYW3FTSE1,RESEARCH FOUNDATION OF THE CITY UNIVERSITY OF NEW YORK,BROOKLYN,NY,2018,National Institutes of Health,2178648.0,7
XNAKYW3FTSE1,RESEARCH FOUNDATION OF THE CITY UNIVERSITY OF NEW YORK,BROOKLYN,NY,2018,National Science Foundation,1322785.0,6
XNAKYW3FTSE1,RESEARCH FOUNDATION OF THE CITY UNIVERSITY OF NEW YORK,BROOKLYN,NY,2019,National Institutes of Health,2739246.0,5
XNAKYW3FTSE1,RESEARCH FOUNDATION OF THE CITY UNIVERSITY OF NEW YORK,BROOKLYN,NY,2019,National Science Foundation,1722529.0,5
XNAKYW3FTSE1,RESEARCH FOUNDATION OF THE CITY UNIVERSITY OF NEW YORK,BROOKLYN,NY,2020,National Institutes of Health,4889020.0,4
XNAKYW3FTSE1,RESEARCH FOUNDATION OF THE CITY UNIVERSITY OF NEW YORK,BROOKLYN,NY,2020,National Science Foundation,865126.0,4
XNAKYW3FTSE1,RESEARCH FOUNDATION OF THE CITY UNIVERSITY OF NEW YORK,BROOKLYN,NY,2021,National Institutes of Health,3903491.74,1
XNAKYW3FTSE1,RESEARCH FOUNDATION OF THE CITY UNIVERSITY OF NEW YORK,BROOKLYN,NY,2021,National Science Foundation,1142060.0,5
XNAKYW3FTSE1,RESEARCH FOUNDATION OF THE CITY UNIVERSITY OF NEW YORK,BROOKLYN,NY,2022,National Institutes of Health,3262089.29,2
XNAKYW3FTSE1,RESEARCH FOUNDATION OF THE CITY UNIVERSITY OF NEW YORK,BROOKLYN,NY,2022,National Science Foundation,1447756.0,5
XNAKYW3FTSE1,RESEARCH FOUNDATION OF THE CITY UNIVERSITY OF NEW YORK,BROOKLYN,NY,2023,National Institutes of Health,2783838.0,5
XNAKYW3FTSE1,RESEARCH FOUNDATION OF THE CITY UNIVERSITY OF NEW YORK,BROOKLYN,NY,2023,National Science Foundation,821677.0,2
XNAKYW3FTSE1,RESEARCH FOUNDATION OF THE CITY UNIVERSITY OF NEW YORK,BROOKLYN,NY,2024,National Institutes of Health,1475971.45,0
XNAKYW3FTSE1,RESEARCH FOUNDATION OF THE CITY UNIVERSITY OF NEW YORK,BROOKLYN,NY,2024,National Science Foundation,2186795.0,7
XNAKYW3FTSE1,RESEARCH FOUNDATION OF THE CITY UNIVERSITY OF NEW YORK,BROOKLYN,NY,2025,National Institutes of Health,1204746.3199999998,0
XNAKYW3FTSE1,RESEARCH FOUNDATION OF THE CITY UNIVERSITY OF NEW YORK,BROOKLYN,NY,2025,National Science Foundation,1445598.0,3
XNAKYW3FTSE1,RESEARCH FOUNDATION OF THE CITY UNIVERSITY OF NEW YORK,BROOKLYN,NY,2026,National Institutes of Health,1885293.13,2
XNAKYW3FTSE1,RESEARCH FOUNDATION OF THE CITY UNIVERSITY OF NEW YORK,BROOKLYN,NY,2026,National Science Foundation,0.0,0
XNY5ULPU8EN6,THE ADMINISTRATORS OF TULANE EDUCATIONAL FUND,NEW ORLEANS,LA,2016,National Institutes of Health,64487225.0,118
XNY5ULPU8EN6,THE ADMINISTRATORS OF TULANE EDUCATIONAL FUND,NEW ORLEANS,LA,2016,National Science Foundation,6735127.0,32
XNY5ULPU8EN6,THE ADMINISTRATORS OF TULANE EDUCATIONAL FUND,NEW ORLEANS,LA,2017,National Institutes of Health,58209862.0,66
XNY5ULPU8EN6,THE ADMINISTRATORS OF TULANE EDUCATIONAL FUND,NEW ORLEANS,LA,2017,National Science Foundation,3668519.0,24
XNY5ULPU8EN6,THE ADMINISTRATORS OF TULANE EDUCATIONAL FUND,NEW ORLEANS,LA,2018,National Institutes of Health,66734003.0,38
XNY5ULPU8EN6,THE ADMINISTRATORS OF TULANE EDUCATIONAL FUND,NEW ORLEANS,LA,2018,National Science Foundation,7865087.0,34
XNY5ULPU8EN6,THE ADMINISTRATORS OF TULANE EDUCATIONAL FUND,NEW ORLEANS,LA,2019,National Institutes of Health,76601949.0,50
XNY5ULPU8EN6,THE ADMINISTRATORS OF TULANE EDUCATIONAL FUND,NEW ORLEANS,LA,2019,National Science Foundation,5053569.0,21
XNY5ULPU8EN6,THE ADMINISTRATORS OF TULANE EDUCATIONAL FUND,NEW ORLEANS,LA,2020,National Institutes of Health,81345021.0,40
XNY5ULPU8EN6,THE ADMINISTRATORS OF TULANE EDUCATIONAL FUND,NEW ORLEANS,LA,2020,National Science Foundation,4276406.0,18
XNY5ULPU8EN6,THE ADMINISTRATORS OF TULANE EDUCATIONAL FUND,NEW ORLEANS,LA,2021,National Institutes of Health,89121899.05,49
XNY5ULPU8EN6,THE ADMINISTRATORS OF TULANE EDUCATIONAL FUND,NEW ORLEANS,LA,2021,National Science Foundation,7247442.0,27
XNY5ULPU8EN6,THE ADMINISTRATORS OF TULANE EDUCATIONAL FUND,NEW ORLEANS,LA,2022,National Institutes of Health,103794636.12,42
XNY5ULPU8EN6,THE ADMINISTRATORS OF TULANE EDUCATIONAL FUND,NEW ORLEANS,LA,2022,National Science Foundation,12097154.0,20
XNY5ULPU8EN6,THE ADMINISTRATORS OF TULANE EDUCATIONAL FUND,NEW ORLEANS,LA,2023,National Institutes of Health,103723929.87999997,43
XNY5ULPU8EN6,THE ADMINISTRATORS OF TULANE EDUCATIONAL FUND,NEW ORLEANS,LA,2023,National Science Foundation,12196463.0,12
XNY5ULPU8EN6,THE ADMINISTRATORS OF TULANE EDUCATIONAL FUND,NEW ORLEANS,LA,2024,National Institutes of Health,100104766.29999998,42
XNY5ULPU8EN6,THE ADMINISTRATORS OF TULANE EDUCATIONAL FUND,NEW ORLEANS,LA,2024,National Science Foundation,8172284.0,19
XNY5ULPU8EN6,THE ADMINISTRATORS OF TULANE EDUCATIONAL FUND,NEW ORLEANS,LA,2025,National Institutes of Health,95546143.32,42
XNY5ULPU8EN6,THE ADMINISTRATORS OF TULANE EDUCATIONAL FUND,NEW ORLEANS,LA,2025,National Science Foundation,6086460.0,15
XNY5ULPU8EN6,THE ADMINISTRATORS OF TULANE EDUCATIONAL FUND,NEW ORLEANS,LA,2026,National Institutes of Health,76827611.42999999,21
XNY5ULPU8EN6,THE ADMINISTRATORS OF TULANE EDUCATIONAL FUND,NEW ORLEANS,LA,2026,National Science Foundation,6952639.0,13
XQJNZNQZAFP3,"CORIELL INSTITUTE FOR MEDICAL RESEARCH, INC.",CAMDEN,NJ,2016,National Institutes of Health,3650000.0,2
XQJNZNQZAFP3,"CORIELL INSTITUTE FOR MEDICAL RESEARCH, INC.",CAMDEN,NJ,2017,National Institutes of Health,3650000.0,0
XQJNZNQZAFP3,"CORIELL INSTITUTE FOR MEDICAL RESEARCH, INC.",CAMDEN,NJ,2018,National Institutes of Health,3650000.0,0
XQJNZNQZAFP3,"CORIELL INSTITUTE FOR MEDICAL RESEARCH, INC.",CAMDEN,NJ,2019,National Institutes of Health,4252612.0,1
XQJNZNQZAFP3,"CORIELL INSTITUTE FOR MEDICAL RESEARCH, INC.",CAMDEN,NJ,2020,National Institutes of Health,3525863.0,0
XQJNZNQZAFP3,"CORIELL INSTITUTE FOR MEDICAL RESEARCH, INC.",CAMDEN,NJ,2021,National Institutes of Health,6192204.0,3
XQJNZNQZAFP3,"CORIELL INSTITUTE FOR MEDICAL RESEARCH, INC.",CAMDEN,NJ,2022,National Institutes of Health,6609489.0,1
XQJNZNQZAFP3,"CORIELL INSTITUTE FOR MEDICAL RESEARCH, INC.",CAMDEN,NJ,2023,National Institutes of Health,8094463.0,3
XQJNZNQZAFP3,"CORIELL INSTITUTE FOR MEDICAL RESEARCH, INC.",CAMDEN,NJ,2024,National Institutes of Health,7604870.92,1
XQJNZNQZAFP3,"CORIELL INSTITUTE FOR MEDICAL RESEARCH, INC.",CAMDEN,NJ,2024,National Science Foundation,246324.0,1
XQJNZNQZAFP3,"CORIELL INSTITUTE FOR MEDICAL RESEARCH, INC.",CAMDEN,NJ,2025,National Institutes of Health,13218614.0,1
XQJNZNQZAFP3,"CORIELL INSTITUTE FOR MEDICAL RESEARCH, INC.",CAMDEN,NJ,2026,National Institutes of Health,2324358.0,0
XQQJEDK7JC21,"SCHEPENS EYE RESEARCH INSTITUTE, INC., THE",BOSTON,MA,2016,National Institutes of Health,10029903.0,24
XQQJEDK7JC21,"SCHEPENS EYE RESEARCH INSTITUTE, INC., THE",BOSTON,MA,2017,National Institutes of Health,9872547.0,13
XQQJEDK7JC21,"SCHEPENS EYE RESEARCH INSTITUTE, INC., THE",BOSTON,MA,2018,National Institutes of Health,13262405.0,9
XQQJEDK7JC21,"SCHEPENS EYE RESEARCH INSTITUTE, INC., THE",BOSTON,MA,2019,National Institutes of Health,11853423.0,7
XQQJEDK7JC21,"SCHEPENS EYE RESEARCH INSTITUTE, INC., THE",BOSTON,MA,2020,National Institutes of Health,11941634.0,7
XQQJEDK7JC21,"SCHEPENS EYE RESEARCH INSTITUTE, INC., THE",BOSTON,MA,2021,National Institutes of Health,14281422.120000001,7
XQQJEDK7JC21,"SCHEPENS EYE RESEARCH INSTITUTE, INC., THE",BOSTON,MA,2022,National Institutes of Health,12051974.68,7
XQQJEDK7JC21,"SCHEPENS EYE RESEARCH INSTITUTE, INC., THE",BOSTON,MA,2023,National Institutes of Health,15765009.77,10
XQQJEDK7JC21,"SCHEPENS EYE RESEARCH INSTITUTE, INC., THE",BOSTON,MA,2024,National Institutes of Health,14471107.84,7
XQQJEDK7JC21,"SCHEPENS EYE RESEARCH INSTITUTE, INC., THE",BOSTON,MA,2025,National Institutes of Health,14900716.0,11
XQQJEDK7JC21,"SCHEPENS EYE RESEARCH INSTITUTE, INC., THE",BOSTON,MA,2026,National Institutes of Health,8336336.04,5
XR6LMXNKDJJ1,JACKSON LABORATORY,BAR HARBOR,ME,2016,National Institutes of Health,52125765.0,74
XR6LMXNKDJJ1,JACKSON LABORATORY,BAR HARBOR,ME,2017,National Institutes of Health,61786684.0,42
XR6LMXNKDJJ1,JACKSON LABORATORY,BAR HARBOR,ME,2018,National Institutes of Health,70006939.0,35
XR6LMXNKDJJ1,JACKSON LABORATORY,BAR HARBOR,ME,2019,National Institutes of Health,78147960.0,26
XR6LMXNKDJJ1,JACKSON LABORATORY,BAR HARBOR,ME,2019,National Science Foundation,456600.0,1
XR6LMXNKDJJ1,JACKSON LABORATORY,BAR HARBOR,ME,2020,National Institutes of Health,72979187.0,23
XR6LMXNKDJJ1,JACKSON LABORATORY,BAR HARBOR,ME,2020,National Science Foundation,968735.0,2
XR6LMXNKDJJ1,JACKSON LABORATORY,BAR HARBOR,ME,2021,National Institutes of Health,73286681.91,25
XR6LMXNKDJJ1,JACKSON LABORATORY,BAR HARBOR,ME,2021,National Science Foundation,141960.0,0
XR6LMXNKDJJ1,JACKSON LABORATORY,BAR HARBOR,ME,2022,National Institutes of Health,76745243.99,20
XR6LMXNKDJJ1,JACKSON LABORATORY,BAR HARBOR,ME,2022,National Science Foundation,-119241.0,0
XR6LMXNKDJJ1,JACKSON LABORATORY,BAR HARBOR,ME,2023,National Institutes of Health,70775049.32,23
XR6LMXNKDJJ1,JACKSON LABORATORY,BAR HARBOR,ME,2023,National Science Foundation,657920.0,2
XR6LMXNKDJJ1,JACKSON LABORATORY,BAR HARBOR,ME,2024,National Institutes of Health,73421060.24,19
XR6LMXNKDJJ1,JACKSON LABORATORY,BAR HARBOR,ME,2024,National Science Foundation,270000.0,0
XR6LMXNKDJJ1,JACKSON LABORATORY,BAR HARBOR,ME,2025,National Institutes of Health,75051773.47,12
XR6LMXNKDJJ1,JACKSON LABORATORY,BAR HARBOR,ME,2025,National Science Foundation,63412.0,0
XR6LMXNKDJJ1,JACKSON LABORATORY,BAR HARBOR,ME,2026,National Institutes of Health,68765430.72,16
XR6LMXNKDJJ1,JACKSON LABORATORY,BAR HARBOR,ME,2026,National Science Foundation,465000.0,1
XRJSGX384TD6,WASHINGTON STATE UNIVERSITY,PULLMAN,WA,2016,National Institutes of Health,29269588.0,79
XRJSGX384TD6,WASHINGTON STATE UNIVERSITY,PULLMAN,WA,2016,National Science Foundation,20596002.0,77
XRJSGX384TD6,WASHINGTON STATE UNIVERSITY,PULLMAN,WA,2017,National Institutes of Health,34620394.0,59
XRJSGX384TD6,WASHINGTON STATE UNIVERSITY,PULLMAN,WA,2017,National Science Foundation,17590654.0,52
XRJSGX384TD6,WASHINGTON STATE UNIVERSITY,PULLMAN,WA,2018,National Institutes of Health,36427882.0,38
XRJSGX384TD6,WASHINGTON STATE UNIVERSITY,PULLMAN,WA,2018,National Science Foundation,19674285.0,42
XRJSGX384TD6,WASHINGTON STATE UNIVERSITY,PULLMAN,WA,2019,National Institutes of Health,38932122.0,26
XRJSGX384TD6,WASHINGTON STATE UNIVERSITY,PULLMAN,WA,2019,National Science Foundation,17570391.0,51
XRJSGX384TD6,WASHINGTON STATE UNIVERSITY,PULLMAN,WA,2020,National Institutes of Health,40820948.0,31
XRJSGX384TD6,WASHINGTON STATE UNIVERSITY,PULLMAN,WA,2020,National Science Foundation,20187511.0,46
XRJSGX384TD6,WASHINGTON STATE UNIVERSITY,PULLMAN,WA,2021,National Institutes of Health,46550623.84,33
XRJSGX384TD6,WASHINGTON STATE UNIVERSITY,PULLMAN,WA,2021,National Science Foundation,18996151.0,34
XRJSGX384TD6,WASHINGTON STATE UNIVERSITY,PULLMAN,WA,2022,National Institutes of Health,42408425.879999995,36
XRJSGX384TD6,WASHINGTON STATE UNIVERSITY,PULLMAN,WA,2022,National Science Foundation,13353560.0,36
XRJSGX384TD6,WASHINGTON STATE UNIVERSITY,PULLMAN,WA,2023,National Institutes of Health,37176469.11,21
XRJSGX384TD6,WASHINGTON STATE UNIVERSITY,PULLMAN,WA,2023,National Science Foundation,17800120.0,33
XRJSGX384TD6,WASHINGTON STATE UNIVERSITY,PULLMAN,WA,2024,National Institutes of Health,40814973.629999995,28
XRJSGX384TD6,WASHINGTON STATE UNIVERSITY,PULLMAN,WA,2024,National Science Foundation,10139012.0,30
XRJSGX384TD6,WASHINGTON STATE UNIVERSITY,PULLMAN,WA,2025,National Institutes of Health,28289961.9,16
XRJSGX384TD6,WASHINGTON STATE UNIVERSITY,PULLMAN,WA,2025,National Science Foundation,14183744.0,30
XRJSGX384TD6,WASHINGTON STATE UNIVERSITY,PULLMAN,WA,2026,National Institutes of Health,24797123.54,17
XRJSGX384TD6,WASHINGTON STATE UNIVERSITY,PULLMAN,WA,2026,National Science Foundation,941148.0,7
Y28BEBJ4MNU7,BOARD OF TRUSTEES OF SOUTHERN ILLINOIS UNIVERSITY,CARBONDALE,IL,2016,National Institutes of Health,2262630.0,10
Y28BEBJ4MNU7,BOARD OF TRUSTEES OF SOUTHERN ILLINOIS UNIVERSITY,CARBONDALE,IL,2016,National Science Foundation,5023482.0,13
Y28BEBJ4MNU7,BOARD OF TRUSTEES OF SOUTHERN ILLINOIS UNIVERSITY,CARBONDALE,IL,2017,National Institutes of Health,2166277.0,6
Y28BEBJ4MNU7,BOARD OF TRUSTEES OF SOUTHERN ILLINOIS UNIVERSITY,CARBONDALE,IL,2017,National Science Foundation,309758.0,5
Y28BEBJ4MNU7,BOARD OF TRUSTEES OF SOUTHERN ILLINOIS UNIVERSITY,CARBONDALE,IL,2018,National Institutes of Health,3331368.0,9
Y28BEBJ4MNU7,BOARD OF TRUSTEES OF SOUTHERN ILLINOIS UNIVERSITY,CARBONDALE,IL,2018,National Science Foundation,3215718.0,10
Y28BEBJ4MNU7,BOARD OF TRUSTEES OF SOUTHERN ILLINOIS UNIVERSITY,CARBONDALE,IL,2019,National Institutes of Health,1871270.0,5
Y28BEBJ4MNU7,BOARD OF TRUSTEES OF SOUTHERN ILLINOIS UNIVERSITY,CARBONDALE,IL,2019,National Science Foundation,977296.0,6
Y28BEBJ4MNU7,BOARD OF TRUSTEES OF SOUTHERN ILLINOIS UNIVERSITY,CARBONDALE,IL,2020,National Institutes of Health,1768163.0,5
Y28BEBJ4MNU7,BOARD OF TRUSTEES OF SOUTHERN ILLINOIS UNIVERSITY,CARBONDALE,IL,2020,National Science Foundation,2331514.0,8
Y28BEBJ4MNU7,BOARD OF TRUSTEES OF SOUTHERN ILLINOIS UNIVERSITY,CARBONDALE,IL,2021,National Institutes of Health,1161777.83,3
Y28BEBJ4MNU7,BOARD OF TRUSTEES OF SOUTHERN ILLINOIS UNIVERSITY,CARBONDALE,IL,2021,National Science Foundation,1057217.0,2
Y28BEBJ4MNU7,BOARD OF TRUSTEES OF SOUTHERN ILLINOIS UNIVERSITY,CARBONDALE,IL,2022,National Institutes of Health,4072918.75,8
Y28BEBJ4MNU7,BOARD OF TRUSTEES OF SOUTHERN ILLINOIS UNIVERSITY,CARBONDALE,IL,2022,National Science Foundation,2691568.0,8
Y28BEBJ4MNU7,BOARD OF TRUSTEES OF SOUTHERN ILLINOIS UNIVERSITY,CARBONDALE,IL,2023,National Institutes of Health,3200896.92,4
Y28BEBJ4MNU7,BOARD OF TRUSTEES OF SOUTHERN ILLINOIS UNIVERSITY,CARBONDALE,IL,2023,National Science Foundation,3624543.0,14
Y28BEBJ4MNU7,BOARD OF TRUSTEES OF SOUTHERN ILLINOIS UNIVERSITY,CARBONDALE,IL,2024,National Institutes of Health,-107014.01999999999,2
Y28BEBJ4MNU7,BOARD OF TRUSTEES OF SOUTHERN ILLINOIS UNIVERSITY,CARBONDALE,IL,2024,National Science Foundation,2491343.0,9
Y28BEBJ4MNU7,BOARD OF TRUSTEES OF SOUTHERN ILLINOIS UNIVERSITY,CARBONDALE,IL,2025,National Institutes of Health,986671.94,3
Y28BEBJ4MNU7,BOARD OF TRUSTEES OF SOUTHERN ILLINOIS UNIVERSITY,CARBONDALE,IL,2025,National Science Foundation,1041379.0,3
Y28BEBJ4MNU7,BOARD OF TRUSTEES OF SOUTHERN ILLINOIS UNIVERSITY,CARBONDALE,IL,2026,National Institutes of Health,3163396.66,5
Y28BEBJ4MNU7,BOARD OF TRUSTEES OF SOUTHERN ILLINOIS UNIVERSITY,CARBONDALE,IL,2026,National Science Foundation,57659.0,1
Y2K4F9RPRRG7,MAYO CLINIC,ROCHESTER,MN,2016,National Institutes of Health,215944363.0,380
Y2K4F9RPRRG7,MAYO CLINIC,ROCHESTER,MN,2016,National Science Foundation,530665.0,3
Y2K4F9RPRRG7,MAYO CLINIC,ROCHESTER,MN,2017,National Institutes of Health,252295947.0,160
Y2K4F9RPRRG7,MAYO CLINIC,ROCHESTER,MN,2017,National Science Foundation,161097.0,4
Y2K4F9RPRRG7,MAYO CLINIC,ROCHESTER,MN,2018,National Institutes of Health,217400946.0,110
Y2K4F9RPRRG7,MAYO CLINIC,ROCHESTER,MN,2018,National Science Foundation,1027693.0,1
Y2K4F9RPRRG7,MAYO CLINIC,ROCHESTER,MN,2019,National Institutes of Health,233920012.0,96
Y2K4F9RPRRG7,MAYO CLINIC,ROCHESTER,MN,2019,National Science Foundation,288000.0,0
Y2K4F9RPRRG7,MAYO CLINIC,ROCHESTER,MN,2020,National Institutes of Health,274119521.0,89
Y2K4F9RPRRG7,MAYO CLINIC,ROCHESTER,MN,2020,National Science Foundation,1610891.0,1
Y2K4F9RPRRG7,MAYO CLINIC,ROCHESTER,MN,2021,National Institutes of Health,235219001.79,104
Y2K4F9RPRRG7,MAYO CLINIC,ROCHESTER,MN,2021,National Science Foundation,922141.0,3
Y2K4F9RPRRG7,MAYO CLINIC,ROCHESTER,MN,2022,National Institutes of Health,252789153.01,100
Y2K4F9RPRRG7,MAYO CLINIC,ROCHESTER,MN,2022,National Science Foundation,63333.0,0
Y2K4F9RPRRG7,MAYO CLINIC,ROCHESTER,MN,2023,National Institutes of Health,267997300.5,96
Y2K4F9RPRRG7,MAYO CLINIC,ROCHESTER,MN,2023,National Science Foundation,224000.0,1
Y2K4F9RPRRG7,MAYO CLINIC,ROCHESTER,MN,2024,National Institutes of Health,272814530.31,106
Y2K4F9RPRRG7,MAYO CLINIC,ROCHESTER,MN,2024,National Science Foundation,930332.0,2
Y2K4F9RPRRG7,MAYO CLINIC,ROCHESTER,MN,2025,National Institutes of Health,265551814.57999998,77
Y2K4F9RPRRG7,MAYO CLINIC,ROCHESTER,MN,2025,National Science Foundation,1357196.0,2
Y2K4F9RPRRG7,MAYO CLINIC,ROCHESTER,MN,2026,National Institutes of Health,215371030.57999998,68
Y6MGH342N169,UNIVERSITY OF MISSOURI SYSTEM,ROLLA,MO,2016,National Institutes of Health,435001.0,2
Y6MGH342N169,UNIVERSITY OF MISSOURI SYSTEM,ROLLA,MO,2016,National Science Foundation,6564503.0,45
Y6MGH342N169,UNIVERSITY OF MISSOURI SYSTEM,ROLLA,MO,2017,National Institutes of Health,13500.0,3
Y6MGH342N169,UNIVERSITY OF MISSOURI SYSTEM,ROLLA,MO,2017,National Science Foundation,5736568.0,29
Y6MGH342N169,UNIVERSITY OF MISSOURI SYSTEM,ROLLA,MO,2018,National Institutes of Health,69915.0,2
Y6MGH342N169,UNIVERSITY OF MISSOURI SYSTEM,ROLLA,MO,2018,National Science Foundation,7714786.0,26
Y6MGH342N169,UNIVERSITY OF MISSOURI SYSTEM,ROLLA,MO,2019,National Institutes of Health,480000.0,3
Y6MGH342N169,UNIVERSITY OF MISSOURI SYSTEM,ROLLA,MO,2019,National Science Foundation,5251654.0,21
Y6MGH342N169,UNIVERSITY OF MISSOURI SYSTEM,ROLLA,MO,2020,National Institutes of Health,531522.0,1
Y6MGH342N169,UNIVERSITY OF MISSOURI SYSTEM,ROLLA,MO,2020,National Science Foundation,4486624.0,22
Y6MGH342N169,UNIVERSITY OF MISSOURI SYSTEM,ROLLA,MO,2021,National Institutes of Health,0.0,0
Y6MGH342N169,UNIVERSITY OF MISSOURI SYSTEM,ROLLA,MO,2021,National Science Foundation,6299298.0,17
Y6MGH342N169,UNIVERSITY OF MISSOURI SYSTEM,ROLLA,MO,2022,National Institutes of Health,606368.0,2
Y6MGH342N169,UNIVERSITY OF MISSOURI SYSTEM,ROLLA,MO,2022,National Science Foundation,11584808.0,25
Y6MGH342N169,UNIVERSITY OF MISSOURI SYSTEM,ROLLA,MO,2023,National Institutes of Health,1640705.57,4
Y6MGH342N169,UNIVERSITY OF MISSOURI SYSTEM,ROLLA,MO,2023,National Science Foundation,6013775.0,26
Y6MGH342N169,UNIVERSITY OF MISSOURI SYSTEM,ROLLA,MO,2024,National Institutes of Health,671787.99,2
Y6MGH342N169,UNIVERSITY OF MISSOURI SYSTEM,ROLLA,MO,2024,National Science Foundation,1567558.0,16
Y6MGH342N169,UNIVERSITY OF MISSOURI SYSTEM,ROLLA,MO,2025,National Institutes of Health,481851.86,0
Y6MGH342N169,UNIVERSITY OF MISSOURI SYSTEM,ROLLA,MO,2025,National Science Foundation,8492559.0,19
Y6MGH342N169,UNIVERSITY OF MISSOURI SYSTEM,ROLLA,MO,2026,National Institutes of Health,973794.13,3
Y6MGH342N169,UNIVERSITY OF MISSOURI SYSTEM,ROLLA,MO,2026,National Science Foundation,1936853.0,5
Y8CWNJRCNN91,UNIVERSITY OF ILLINOIS,URBANA,IL,2016,National Institutes of Health,59435052.0,183
Y8CWNJRCNN91,UNIVERSITY OF ILLINOIS,URBANA,IL,2016,National Science Foundation,140089028.0,282
Y8CWNJRCNN91,UNIVERSITY OF ILLINOIS,URBANA,IL,2017,National Institutes of Health,58363537.0,94
Y8CWNJRCNN91,UNIVERSITY OF ILLINOIS,URBANA,IL,2017,National Science Foundation,147093496.0,257
Y8CWNJRCNN91,UNIVERSITY OF ILLINOIS,URBANA,IL,2018,National Institutes of Health,69070112.0,78
Y8CWNJRCNN91,UNIVERSITY OF ILLINOIS,URBANA,IL,2018,National Science Foundation,91559680.0,182
Y8CWNJRCNN91,UNIVERSITY OF ILLINOIS,URBANA,IL,2019,National Institutes of Health,82880544.0,61
Y8CWNJRCNN91,UNIVERSITY OF ILLINOIS,URBANA,IL,2019,National Science Foundation,112221182.0,171
Y8CWNJRCNN91,UNIVERSITY OF ILLINOIS,URBANA,IL,2020,National Institutes of Health,76161425.0,46
Y8CWNJRCNN91,UNIVERSITY OF ILLINOIS,URBANA,IL,2020,National Science Foundation,144134784.0,180
Y8CWNJRCNN91,UNIVERSITY OF ILLINOIS,URBANA,IL,2021,National Institutes of Health,78411861.69,57
Y8CWNJRCNN91,UNIVERSITY OF ILLINOIS,URBANA,IL,2021,National Science Foundation,108752790.0,141
Y8CWNJRCNN91,UNIVERSITY OF ILLINOIS,URBANA,IL,2022,National Institutes of Health,81853183.96,53
Y8CWNJRCNN91,UNIVERSITY OF ILLINOIS,URBANA,IL,2022,National Science Foundation,129943966.0,121
Y8CWNJRCNN91,UNIVERSITY OF ILLINOIS,URBANA,IL,2023,National Institutes of Health,76614365.14,40
Y8CWNJRCNN91,UNIVERSITY OF ILLINOIS,URBANA,IL,2023,National Science Foundation,142624921.0,125
Y8CWNJRCNN91,UNIVERSITY OF ILLINOIS,URBANA,IL,2024,National Institutes of Health,81477663.97,44
Y8CWNJRCNN91,UNIVERSITY OF ILLINOIS,URBANA,IL,2024,National Science Foundation,121780225.0,137
Y8CWNJRCNN91,UNIVERSITY OF ILLINOIS,URBANA,IL,2025,National Institutes of Health,84696580.33,29
Y8CWNJRCNN91,UNIVERSITY OF ILLINOIS,URBANA,IL,2025,National Science Foundation,105785317.0,106
Y8CWNJRCNN91,UNIVERSITY OF ILLINOIS,URBANA,IL,2026,National Institutes of Health,70080823.56,25
Y8CWNJRCNN91,UNIVERSITY OF ILLINOIS,URBANA,IL,2026,National Science Foundation,20351581.0,33
YDWAYVVQHNK5,"HEALTH RESEARCH, INC.",BUFFALO,NY,2016,National Institutes of Health,29294511.0,62
YDWAYVVQHNK5,"HEALTH RESEARCH, INC.",BUFFALO,NY,2017,National Institutes of Health,22483884.0,31
YDWAYVVQHNK5,"HEALTH RESEARCH, INC.",BUFFALO,NY,2018,National Institutes of Health,38164456.0,31
YDWAYVVQHNK5,"HEALTH RESEARCH, INC.",BUFFALO,NY,2019,National Institutes of Health,36637466.0,14
YDWAYVVQHNK5,"HEALTH RESEARCH, INC.",BUFFALO,NY,2020,National Institutes of Health,38400069.0,18
YDWAYVVQHNK5,"HEALTH RESEARCH, INC.",BUFFALO,NY,2021,National Institutes of Health,39130293.50999999,29
YDWAYVVQHNK5,"HEALTH RESEARCH, INC.",BUFFALO,NY,2022,National Institutes of Health,38173601.379999995,21
YDWAYVVQHNK5,"HEALTH RESEARCH, INC.",BUFFALO,NY,2023,National Institutes of Health,41427670.65,15
YDWAYVVQHNK5,"HEALTH RESEARCH, INC.",BUFFALO,NY,2024,National Institutes of Health,49541439.75,20
YDWAYVVQHNK5,"HEALTH RESEARCH, INC.",BUFFALO,NY,2024,National Science Foundation,406525.0,1
YDWAYVVQHNK5,"HEALTH RESEARCH, INC.",BUFFALO,NY,2025,National Institutes of Health,41867285.22,10
YDWAYVVQHNK5,"HEALTH RESEARCH, INC.",BUFFALO,NY,2026,National Institutes of Health,26941295.82,11
YEZEE8W5JKA3,UNIVERSITY CORPORATION FOR ATMOSPHERIC RESEARCH,BOULDER,CO,2016,National Science Foundation,139333355.0,41
YEZEE8W5JKA3,UNIVERSITY CORPORATION FOR ATMOSPHERIC RESEARCH,BOULDER,CO,2017,National Science Foundation,134891574.0,31
YEZEE8W5JKA3,UNIVERSITY CORPORATION FOR ATMOSPHERIC RESEARCH,BOULDER,CO,2018,National Science Foundation,156873259.0,25
YEZEE8W5JKA3,UNIVERSITY CORPORATION FOR ATMOSPHERIC RESEARCH,BOULDER,CO,2019,National Science Foundation,157972835.0,36
YEZEE8W5JKA3,UNIVERSITY CORPORATION FOR ATMOSPHERIC RESEARCH,BOULDER,CO,2020,National Science Foundation,150542982.0,30
YEZEE8W5JKA3,UNIVERSITY CORPORATION FOR ATMOSPHERIC RESEARCH,BOULDER,CO,2021,National Science Foundation,139750612.0,26
YEZEE8W5JKA3,UNIVERSITY CORPORATION FOR ATMOSPHERIC RESEARCH,BOULDER,CO,2022,National Science Foundation,141145494.0,13
YEZEE8W5JKA3,UNIVERSITY CORPORATION FOR ATMOSPHERIC RESEARCH,BOULDER,CO,2023,National Science Foundation,157233239.0,17
YEZEE8W5JKA3,UNIVERSITY CORPORATION FOR ATMOSPHERIC RESEARCH,BOULDER,CO,2024,National Science Foundation,153143068.0,15
YEZEE8W5JKA3,UNIVERSITY CORPORATION FOR ATMOSPHERIC RESEARCH,BOULDER,CO,2025,National Science Foundation,151422287.0,14
YEZEE8W5JKA3,UNIVERSITY CORPORATION FOR ATMOSPHERIC RESEARCH,BOULDER,CO,2026,National Science Foundation,72039555.0,2
YGWAZMUHLGQ3,OREGON RESEARCH INSTITUTE,SPRINGFIELD,OR,2016,National Institutes of Health,8744864.0,17
YGWAZMUHLGQ3,OREGON RESEARCH INSTITUTE,SPRINGFIELD,OR,2017,National Institutes of Health,7482726.0,10
YGWAZMUHLGQ3,OREGON RESEARCH INSTITUTE,SPRINGFIELD,OR,2018,National Institutes of Health,6217701.0,2
YGWAZMUHLGQ3,OREGON RESEARCH INSTITUTE,SPRINGFIELD,OR,2019,National Institutes of Health,6281008.0,3
YGWAZMUHLGQ3,OREGON RESEARCH INSTITUTE,SPRINGFIELD,OR,2020,National Institutes of Health,546645.0,1
YGWAZMUHLGQ3,OREGON RESEARCH INSTITUTE,SPRINGFIELD,OR,2021,National Institutes of Health,3572497.09,1
YGWAZMUHLGQ3,OREGON RESEARCH INSTITUTE,SPRINGFIELD,OR,2022,National Institutes of Health,2160322.79,1
YGWAZMUHLGQ3,OREGON RESEARCH INSTITUTE,SPRINGFIELD,OR,2023,National Institutes of Health,4747048.0,4
YGWAZMUHLGQ3,OREGON RESEARCH INSTITUTE,SPRINGFIELD,OR,2024,National Institutes of Health,4076362.2800000003,1
YGWAZMUHLGQ3,OREGON RESEARCH INSTITUTE,SPRINGFIELD,OR,2024,National Science Foundation,478295.0,4
YGWAZMUHLGQ3,OREGON RESEARCH INSTITUTE,SPRINGFIELD,OR,2025,National Institutes of Health,1803049.0,0
YGWAZMUHLGQ3,OREGON RESEARCH INSTITUTE,SPRINGFIELD,OR,2025,National Science Foundation,167929.0,1
YGWAZMUHLGQ3,OREGON RESEARCH INSTITUTE,SPRINGFIELD,OR,2026,National Institutes of Health,2207608.78,0
YGWAZMUHLGQ3,OREGON RESEARCH INSTITUTE,SPRINGFIELD,OR,2026,National Science Foundation,395059.0,0
YH86RTW2YVJ4,TRUSTEES OF INDIANA UNIVERSITY,BLOOMINGTON,IN,2016,National Institutes of Health,32142936.0,94
YH86RTW2YVJ4,TRUSTEES OF INDIANA UNIVERSITY,BLOOMINGTON,IN,2016,National Science Foundation,55751463.0,169
YH86RTW2YVJ4,TRUSTEES OF INDIANA UNIVERSITY,BLOOMINGTON,IN,2017,National Institutes of Health,33972986.0,71
YH86RTW2YVJ4,TRUSTEES OF INDIANA UNIVERSITY,BLOOMINGTON,IN,2017,National Science Foundation,41443592.0,106
YH86RTW2YVJ4,TRUSTEES OF INDIANA UNIVERSITY,BLOOMINGTON,IN,2018,National Institutes of Health,31218406.0,37
YH86RTW2YVJ4,TRUSTEES OF INDIANA UNIVERSITY,BLOOMINGTON,IN,2018,National Science Foundation,46599847.0,102
YH86RTW2YVJ4,TRUSTEES OF INDIANA UNIVERSITY,BLOOMINGTON,IN,2019,National Institutes of Health,29747792.0,33
YH86RTW2YVJ4,TRUSTEES OF INDIANA UNIVERSITY,BLOOMINGTON,IN,2019,National Science Foundation,55859449.0,102
YH86RTW2YVJ4,TRUSTEES OF INDIANA UNIVERSITY,BLOOMINGTON,IN,2020,National Institutes of Health,36785638.0,26
YH86RTW2YVJ4,TRUSTEES OF INDIANA UNIVERSITY,BLOOMINGTON,IN,2020,National Science Foundation,54094407.0,74
YH86RTW2YVJ4,TRUSTEES OF INDIANA UNIVERSITY,BLOOMINGTON,IN,2021,National Institutes of Health,33481189.899999995,21
YH86RTW2YVJ4,TRUSTEES OF INDIANA UNIVERSITY,BLOOMINGTON,IN,2021,National Science Foundation,37509521.0,72
YH86RTW2YVJ4,TRUSTEES OF INDIANA UNIVERSITY,BLOOMINGTON,IN,2022,National Institutes of Health,37144103.05,21
YH86RTW2YVJ4,TRUSTEES OF INDIANA UNIVERSITY,BLOOMINGTON,IN,2022,National Science Foundation,30829805.0,79
YH86RTW2YVJ4,TRUSTEES OF INDIANA UNIVERSITY,BLOOMINGTON,IN,2023,National Institutes of Health,42658298.35,30
YH86RTW2YVJ4,TRUSTEES OF INDIANA UNIVERSITY,BLOOMINGTON,IN,2023,National Science Foundation,39606440.0,73
YH86RTW2YVJ4,TRUSTEES OF INDIANA UNIVERSITY,BLOOMINGTON,IN,2024,National Institutes of Health,46854424.66,42
YH86RTW2YVJ4,TRUSTEES OF INDIANA UNIVERSITY,BLOOMINGTON,IN,2024,National Science Foundation,27417369.0,55
YH86RTW2YVJ4,TRUSTEES OF INDIANA UNIVERSITY,BLOOMINGTON,IN,2025,National Institutes of Health,50766906.690000005,30
YH86RTW2YVJ4,TRUSTEES OF INDIANA UNIVERSITY,BLOOMINGTON,IN,2025,National Science Foundation,38418613.0,65
YH86RTW2YVJ4,TRUSTEES OF INDIANA UNIVERSITY,BLOOMINGTON,IN,2026,National Institutes of Health,46109784.04,26
YH86RTW2YVJ4,TRUSTEES OF INDIANA UNIVERSITY,BLOOMINGTON,IN,2026,National Science Foundation,13666331.0,16
YKGMTXA2NVL6,CLEVELAND STATE UNIVERSITY,CLEVELAND,OH,2016,National Institutes of Health,1989103.0,5
YKGMTXA2NVL6,CLEVELAND STATE UNIVERSITY,CLEVELAND,OH,2016,National Science Foundation,328253.0,5
YKGMTXA2NVL6,CLEVELAND STATE UNIVERSITY,CLEVELAND,OH,2017,National Institutes of Health,1921354.0,5
YKGMTXA2NVL6,CLEVELAND STATE UNIVERSITY,CLEVELAND,OH,2017,National Science Foundation,2095441.0,5
YKGMTXA2NVL6,CLEVELAND STATE UNIVERSITY,CLEVELAND,OH,2018,National Institutes of Health,2928850.0,4
YKGMTXA2NVL6,CLEVELAND STATE UNIVERSITY,CLEVELAND,OH,2018,National Science Foundation,1260641.0,4
YKGMTXA2NVL6,CLEVELAND STATE UNIVERSITY,CLEVELAND,OH,2019,National Institutes of Health,2221582.0,2
YKGMTXA2NVL6,CLEVELAND STATE UNIVERSITY,CLEVELAND,OH,2019,National Science Foundation,1196571.0,5
YKGMTXA2NVL6,CLEVELAND STATE UNIVERSITY,CLEVELAND,OH,2020,National Institutes of Health,2289272.0,4
YKGMTXA2NVL6,CLEVELAND STATE UNIVERSITY,CLEVELAND,OH,2020,National Science Foundation,4169315.0,7
YKGMTXA2NVL6,CLEVELAND STATE UNIVERSITY,CLEVELAND,OH,2021,National Institutes of Health,5600533.5,8
YKGMTXA2NVL6,CLEVELAND STATE UNIVERSITY,CLEVELAND,OH,2021,National Science Foundation,1936153.0,8
YKGMTXA2NVL6,CLEVELAND STATE UNIVERSITY,CLEVELAND,OH,2022,National Institutes of Health,2854257.9699999997,3
YKGMTXA2NVL6,CLEVELAND STATE UNIVERSITY,CLEVELAND,OH,2022,National Science Foundation,6880265.0,12
YKGMTXA2NVL6,CLEVELAND STATE UNIVERSITY,CLEVELAND,OH,2023,National Institutes of Health,5073421.18,6
YKGMTXA2NVL6,CLEVELAND STATE UNIVERSITY,CLEVELAND,OH,2023,National Science Foundation,1916835.0,7
YKGMTXA2NVL6,CLEVELAND STATE UNIVERSITY,CLEVELAND,OH,2024,National Institutes of Health,4430099.32,3
YKGMTXA2NVL6,CLEVELAND STATE UNIVERSITY,CLEVELAND,OH,2024,National Science Foundation,452171.0,2
YKGMTXA2NVL6,CLEVELAND STATE UNIVERSITY,CLEVELAND,OH,2025,National Institutes of Health,5908257.08,3
YKGMTXA2NVL6,CLEVELAND STATE UNIVERSITY,CLEVELAND,OH,2025,National Science Foundation,2348017.0,8
YKGMTXA2NVL6,CLEVELAND STATE UNIVERSITY,CLEVELAND,OH,2026,National Institutes of Health,4216639.9,2
YKGMTXA2NVL6,CLEVELAND STATE UNIVERSITY,CLEVELAND,OH,2026,National Science Foundation,0.0,0
YL62T9FVJXG3,UNIVERSITY OF GUAM,BARRIGADA,GU,2016,National Institutes of Health,1327275.0,2
YL62T9FVJXG3,UNIVERSITY OF GUAM,BARRIGADA,GU,2016,National Science Foundation,2107332.0,2
YL62T9FVJXG3,UNIVERSITY OF GUAM,BARRIGADA,GU,2017,National Institutes of Health,1477979.0,0
YL62T9FVJXG3,UNIVERSITY OF GUAM,BARRIGADA,GU,2017,National Science Foundation,2494933.0,2
YL62T9FVJXG3,UNIVERSITY OF GUAM,BARRIGADA,GU,2018,National Institutes of Health,1508061.0,0
YL62T9FVJXG3,UNIVERSITY OF GUAM,BARRIGADA,GU,2019,National Institutes of Health,1488139.0,0
YL62T9FVJXG3,UNIVERSITY OF GUAM,BARRIGADA,GU,2019,National Science Foundation,1209530.0,2
YL62T9FVJXG3,UNIVERSITY OF GUAM,BARRIGADA,GU,2020,National Institutes of Health,2058324.0,0
YL62T9FVJXG3,UNIVERSITY OF GUAM,BARRIGADA,GU,2020,National Science Foundation,4490015.0,1
YL62T9FVJXG3,UNIVERSITY OF GUAM,BARRIGADA,GU,2021,National Institutes of Health,1422643.0,0
YL62T9FVJXG3,UNIVERSITY OF GUAM,BARRIGADA,GU,2021,National Science Foundation,5457115.0,0
YL62T9FVJXG3,UNIVERSITY OF GUAM,BARRIGADA,GU,2022,National Institutes of Health,1898142.0,1
YL62T9FVJXG3,UNIVERSITY OF GUAM,BARRIGADA,GU,2022,National Science Foundation,4818465.0,1
YL62T9FVJXG3,UNIVERSITY OF GUAM,BARRIGADA,GU,2023,National Institutes of Health,1903505.0,0
YL62T9FVJXG3,UNIVERSITY OF GUAM,BARRIGADA,GU,2023,National Science Foundation,4386278.0,1
YL62T9FVJXG3,UNIVERSITY OF GUAM,BARRIGADA,GU,2024,National Institutes of Health,2136654.46,0
YL62T9FVJXG3,UNIVERSITY OF GUAM,BARRIGADA,GU,2024,National Science Foundation,3926653.0,0
YL62T9FVJXG3,UNIVERSITY OF GUAM,BARRIGADA,GU,2025,National Institutes of Health,566873.0,0
YL62T9FVJXG3,UNIVERSITY OF GUAM,BARRIGADA,GU,2025,National Science Foundation,8904169.0,3
YL62T9FVJXG3,UNIVERSITY OF GUAM,BARRIGADA,GU,2026,National Institutes of Health,562401.0,0
YLF2SS2NYGC5,SANARIA INC.,ROCKVILLE,MD,2016,National Institutes of Health,6090277.0,8
YLF2SS2NYGC5,SANARIA INC.,ROCKVILLE,MD,2017,National Institutes of Health,8241641.0,6
YLF2SS2NYGC5,SANARIA INC.,ROCKVILLE,MD,2018,National Institutes of Health,6475725.0,3
YLF2SS2NYGC5,SANARIA INC.,ROCKVILLE,MD,2019,National Institutes of Health,3815323.0,1
YLF2SS2NYGC5,SANARIA INC.,ROCKVILLE,MD,2020,National Institutes of Health,4873336.0,4
YLF2SS2NYGC5,SANARIA INC.,ROCKVILLE,MD,2021,National Institutes of Health,9062824.0,4
YLF2SS2NYGC5,SANARIA INC.,ROCKVILLE,MD,2022,National Institutes of Health,10625825.0,2
YLF2SS2NYGC5,SANARIA INC.,ROCKVILLE,MD,2023,National Institutes of Health,7994713.0,4
YLF2SS2NYGC5,SANARIA INC.,ROCKVILLE,MD,2024,National Institutes of Health,6566260.0,1
YLF2SS2NYGC5,SANARIA INC.,ROCKVILLE,MD,2025,National Institutes of Health,4930098.0,0
YLF2SS2NYGC5,SANARIA INC.,ROCKVILLE,MD,2026,National Institutes of Health,-1101.9399999999998,0
YM5EKEVEGB75,"FRIENDS RESEARCH INSTITUTE, INC",BALTIMORE,MD,2016,National Institutes of Health,3711498.0,8
YM5EKEVEGB75,"FRIENDS RESEARCH INSTITUTE, INC",BALTIMORE,MD,2017,National Institutes of Health,4275275.0,4
YM5EKEVEGB75,"FRIENDS RESEARCH INSTITUTE, INC",BALTIMORE,MD,2018,National Institutes of Health,3666547.0,4
YM5EKEVEGB75,"FRIENDS RESEARCH INSTITUTE, INC",BALTIMORE,MD,2019,National Institutes of Health,3454613.0,4
YM5EKEVEGB75,"FRIENDS RESEARCH INSTITUTE, INC",BALTIMORE,MD,2020,National Institutes of Health,6337582.0,0
YM5EKEVEGB75,"FRIENDS RESEARCH INSTITUTE, INC",BALTIMORE,MD,2021,National Institutes of Health,5471238.0,0
YM5EKEVEGB75,"FRIENDS RESEARCH INSTITUTE, INC",BALTIMORE,MD,2022,National Institutes of Health,9766742.0,6
YM5EKEVEGB75,"FRIENDS RESEARCH INSTITUTE, INC",BALTIMORE,MD,2023,National Institutes of Health,8708120.0,4
YM5EKEVEGB75,"FRIENDS RESEARCH INSTITUTE, INC",BALTIMORE,MD,2024,National Institutes of Health,5312370.0,1
YM5EKEVEGB75,"FRIENDS RESEARCH INSTITUTE, INC",BALTIMORE,MD,2025,National Institutes of Health,7747768.74,4
YM5EKEVEGB75,"FRIENDS RESEARCH INSTITUTE, INC",BALTIMORE,MD,2026,National Institutes of Health,1296434.03,2
YND4PLMC9AN7,UNIVERSITY OF ALABAMA AT BIRMINGHAM,BIRMINGHAM,AL,2016,National Institutes of Health,228849232.0,498
YND4PLMC9AN7,UNIVERSITY OF ALABAMA AT BIRMINGHAM,BIRMINGHAM,AL,2016,National Science Foundation,3993563.0,26
YND4PLMC9AN7,UNIVERSITY OF ALABAMA AT BIRMINGHAM,BIRMINGHAM,AL,2017,National Institutes of Health,235362616.0,262
YND4PLMC9AN7,UNIVERSITY OF ALABAMA AT BIRMINGHAM,BIRMINGHAM,AL,2017,National Science Foundation,5754476.0,18
YND4PLMC9AN7,UNIVERSITY OF ALABAMA AT BIRMINGHAM,BIRMINGHAM,AL,2018,National Institutes of Health,281910754.0,182
YND4PLMC9AN7,UNIVERSITY OF ALABAMA AT BIRMINGHAM,BIRMINGHAM,AL,2018,National Science Foundation,8381828.0,15
YND4PLMC9AN7,UNIVERSITY OF ALABAMA AT BIRMINGHAM,BIRMINGHAM,AL,2019,National Institutes of Health,284503178.0,160
YND4PLMC9AN7,UNIVERSITY OF ALABAMA AT BIRMINGHAM,BIRMINGHAM,AL,2019,National Science Foundation,7869822.0,15
YND4PLMC9AN7,UNIVERSITY OF ALABAMA AT BIRMINGHAM,BIRMINGHAM,AL,2020,National Institutes of Health,312984687.0,170
YND4PLMC9AN7,UNIVERSITY OF ALABAMA AT BIRMINGHAM,BIRMINGHAM,AL,2020,National Science Foundation,4185381.0,12
YND4PLMC9AN7,UNIVERSITY OF ALABAMA AT BIRMINGHAM,BIRMINGHAM,AL,2021,National Institutes of Health,303514489.27,154
YND4PLMC9AN7,UNIVERSITY OF ALABAMA AT BIRMINGHAM,BIRMINGHAM,AL,2021,National Science Foundation,3664704.0,13
YND4PLMC9AN7,UNIVERSITY OF ALABAMA AT BIRMINGHAM,BIRMINGHAM,AL,2022,National Institutes of Health,294931287.21,146
YND4PLMC9AN7,UNIVERSITY OF ALABAMA AT BIRMINGHAM,BIRMINGHAM,AL,2022,National Science Foundation,9569864.0,18
YND4PLMC9AN7,UNIVERSITY OF ALABAMA AT BIRMINGHAM,BIRMINGHAM,AL,2023,National Institutes of Health,320105646.88,170
YND4PLMC9AN7,UNIVERSITY OF ALABAMA AT BIRMINGHAM,BIRMINGHAM,AL,2023,National Science Foundation,10674964.0,13
YND4PLMC9AN7,UNIVERSITY OF ALABAMA AT BIRMINGHAM,BIRMINGHAM,AL,2024,National Institutes of Health,323352966.91,150
YND4PLMC9AN7,UNIVERSITY OF ALABAMA AT BIRMINGHAM,BIRMINGHAM,AL,2024,National Science Foundation,10741747.0,17
YND4PLMC9AN7,UNIVERSITY OF ALABAMA AT BIRMINGHAM,BIRMINGHAM,AL,2025,National Institutes of Health,291212454.03999996,121
YND4PLMC9AN7,UNIVERSITY OF ALABAMA AT BIRMINGHAM,BIRMINGHAM,AL,2025,National Science Foundation,1307693.0,6
YND4PLMC9AN7,UNIVERSITY OF ALABAMA AT BIRMINGHAM,BIRMINGHAM,AL,2026,National Institutes of Health,240502449.27999997,99
YND4PLMC9AN7,UNIVERSITY OF ALABAMA AT BIRMINGHAM,BIRMINGHAM,AL,2026,National Science Foundation,4532498.0,6
YNT8TCJH8FQ8,WEILL MEDICAL COLLEGE OF CORNELL UNIVERSITY,NEW YORK,NY,2016,National Institutes of Health,128345105.0,283
YNT8TCJH8FQ8,WEILL MEDICAL COLLEGE OF CORNELL UNIVERSITY,NEW YORK,NY,2016,National Science Foundation,1207804.0,4
YNT8TCJH8FQ8,WEILL MEDICAL COLLEGE OF CORNELL UNIVERSITY,NEW YORK,NY,2017,National Institutes of Health,133303616.0,192
YNT8TCJH8FQ8,WEILL MEDICAL COLLEGE OF CORNELL UNIVERSITY,NEW YORK,NY,2017,National Science Foundation,1064096.0,3
YNT8TCJH8FQ8,WEILL MEDICAL COLLEGE OF CORNELL UNIVERSITY,NEW YORK,NY,2018,National Institutes of Health,160484734.0,118
YNT8TCJH8FQ8,WEILL MEDICAL COLLEGE OF CORNELL UNIVERSITY,NEW YORK,NY,2018,National Science Foundation,1576896.0,5
YNT8TCJH8FQ8,WEILL MEDICAL COLLEGE OF CORNELL UNIVERSITY,NEW YORK,NY,2019,National Institutes of Health,201637411.0,117
YNT8TCJH8FQ8,WEILL MEDICAL COLLEGE OF CORNELL UNIVERSITY,NEW YORK,NY,2019,National Science Foundation,335032.0,0
YNT8TCJH8FQ8,WEILL MEDICAL COLLEGE OF CORNELL UNIVERSITY,NEW YORK,NY,2020,National Institutes of Health,234380088.0,153
YNT8TCJH8FQ8,WEILL MEDICAL COLLEGE OF CORNELL UNIVERSITY,NEW YORK,NY,2020,National Science Foundation,1117384.0,1
YNT8TCJH8FQ8,WEILL MEDICAL COLLEGE OF CORNELL UNIVERSITY,NEW YORK,NY,2021,National Institutes of Health,250630578.06999996,142
YNT8TCJH8FQ8,WEILL MEDICAL COLLEGE OF CORNELL UNIVERSITY,NEW YORK,NY,2021,National Science Foundation,713904.0,2
YNT8TCJH8FQ8,WEILL MEDICAL COLLEGE OF CORNELL UNIVERSITY,NEW YORK,NY,2022,National Institutes of Health,270531971.89,138
YNT8TCJH8FQ8,WEILL MEDICAL COLLEGE OF CORNELL UNIVERSITY,NEW YORK,NY,2022,National Science Foundation,1491347.0,3
YNT8TCJH8FQ8,WEILL MEDICAL COLLEGE OF CORNELL UNIVERSITY,NEW YORK,NY,2023,National Institutes of Health,316931616.47,160
YNT8TCJH8FQ8,WEILL MEDICAL COLLEGE OF CORNELL UNIVERSITY,NEW YORK,NY,2023,National Science Foundation,1993393.0,3
YNT8TCJH8FQ8,WEILL MEDICAL COLLEGE OF CORNELL UNIVERSITY,NEW YORK,NY,2024,National Institutes of Health,310492032.2500001,140
YNT8TCJH8FQ8,WEILL MEDICAL COLLEGE OF CORNELL UNIVERSITY,NEW YORK,NY,2024,National Science Foundation,3366087.0,2
YNT8TCJH8FQ8,WEILL MEDICAL COLLEGE OF CORNELL UNIVERSITY,NEW YORK,NY,2025,National Institutes of Health,300717104.29999995,113
YNT8TCJH8FQ8,WEILL MEDICAL COLLEGE OF CORNELL UNIVERSITY,NEW YORK,NY,2025,National Science Foundation,1429000.0,1
YNT8TCJH8FQ8,WEILL MEDICAL COLLEGE OF CORNELL UNIVERSITY,NEW YORK,NY,2026,National Institutes of Health,260492665.56000003,94
YRXVL4JYCEF5,PURDUE UNIVERSITY,WEST LAFAYETTE,IN,2016,National Institutes of Health,37480224.0,103
YRXVL4JYCEF5,PURDUE UNIVERSITY,WEST LAFAYETTE,IN,2016,National Science Foundation,68839183.0,216
YRXVL4JYCEF5,PURDUE UNIVERSITY,WEST LAFAYETTE,IN,2017,National Institutes of Health,45135407.0,100
YRXVL4JYCEF5,PURDUE UNIVERSITY,WEST LAFAYETTE,IN,2017,National Science Foundation,75596796.0,181
YRXVL4JYCEF5,PURDUE UNIVERSITY,WEST LAFAYETTE,IN,2018,National Institutes of Health,49093315.0,59
YRXVL4JYCEF5,PURDUE UNIVERSITY,WEST LAFAYETTE,IN,2018,National Science Foundation,68860612.0,162
YRXVL4JYCEF5,PURDUE UNIVERSITY,WEST LAFAYETTE,IN,2019,National Institutes of Health,47794303.0,45
YRXVL4JYCEF5,PURDUE UNIVERSITY,WEST LAFAYETTE,IN,2019,National Science Foundation,72842137.0,152
YRXVL4JYCEF5,PURDUE UNIVERSITY,WEST LAFAYETTE,IN,2020,National Institutes of Health,57693098.0,44
YRXVL4JYCEF5,PURDUE UNIVERSITY,WEST LAFAYETTE,IN,2020,National Science Foundation,77924014.0,135
YRXVL4JYCEF5,PURDUE UNIVERSITY,WEST LAFAYETTE,IN,2021,National Institutes of Health,53192025.980000004,39
YRXVL4JYCEF5,PURDUE UNIVERSITY,WEST LAFAYETTE,IN,2021,National Science Foundation,89557223.0,150
YRXVL4JYCEF5,PURDUE UNIVERSITY,WEST LAFAYETTE,IN,2022,National Institutes of Health,59077507.75999999,49
YRXVL4JYCEF5,PURDUE UNIVERSITY,WEST LAFAYETTE,IN,2022,National Science Foundation,67898216.0,143
YRXVL4JYCEF5,PURDUE UNIVERSITY,WEST LAFAYETTE,IN,2023,National Institutes of Health,66780535.449999996,37
YRXVL4JYCEF5,PURDUE UNIVERSITY,WEST LAFAYETTE,IN,2023,National Science Foundation,80380394.0,147
YRXVL4JYCEF5,PURDUE UNIVERSITY,WEST LAFAYETTE,IN,2024,National Institutes of Health,67515254.2,56
YRXVL4JYCEF5,PURDUE UNIVERSITY,WEST LAFAYETTE,IN,2024,National Science Foundation,84616367.0,160
YRXVL4JYCEF5,PURDUE UNIVERSITY,WEST LAFAYETTE,IN,2025,National Institutes of Health,64372888.160000004,33
YRXVL4JYCEF5,PURDUE UNIVERSITY,WEST LAFAYETTE,IN,2025,National Science Foundation,85982538.0,128
YRXVL4JYCEF5,PURDUE UNIVERSITY,WEST LAFAYETTE,IN,2026,National Institutes of Health,56722960.900000006,30
YRXVL4JYCEF5,PURDUE UNIVERSITY,WEST LAFAYETTE,IN,2026,National Science Foundation,17380034.0,41
YVVTQD8CJC79,RUTGERS THE STATE UNIVERSITY OF NEW JERSEY,NEWARK,NJ,2022,National Institutes of Health,51926588.519999996,86
YVVTQD8CJC79,RUTGERS THE STATE UNIVERSITY OF NEW JERSEY,NEWARK,NJ,2023,National Institutes of Health,203800156.05,258
YVVTQD8CJC79,RUTGERS THE STATE UNIVERSITY OF NEW JERSEY,NEWARK,NJ,2023,National Science Foundation,249930.0,2
YVVTQD8CJC79,RUTGERS THE STATE UNIVERSITY OF NEW JERSEY,NEWARK,NJ,2024,National Institutes of Health,223689140.03,117
YVVTQD8CJC79,RUTGERS THE STATE UNIVERSITY OF NEW JERSEY,NEWARK,NJ,2024,National Science Foundation,1149220.0,4
YVVTQD8CJC79,RUTGERS THE STATE UNIVERSITY OF NEW JERSEY,NEWARK,NJ,2025,National Institutes of Health,209524840.86,105
YVVTQD8CJC79,RUTGERS THE STATE UNIVERSITY OF NEW JERSEY,NEWARK,NJ,2025,National Science Foundation,-178877.0,2
YVVTQD8CJC79,RUTGERS THE STATE UNIVERSITY OF NEW JERSEY,NEWARK,NJ,2026,National Institutes of Health,172746821.13,92
YXJGGNC5J269,"UNIVERSITY OF KANSAS MEDICAL CENTER RESEARCH INSTITUTE, INC.",KANSAS CITY,KS,2016,National Institutes of Health,49837697.0,113
YXJGGNC5J269,"UNIVERSITY OF KANSAS MEDICAL CENTER RESEARCH INSTITUTE, INC.",KANSAS CITY,KS,2017,National Institutes of Health,53040724.0,72
YXJGGNC5J269,"UNIVERSITY OF KANSAS MEDICAL CENTER RESEARCH INSTITUTE, INC.",KANSAS CITY,KS,2017,National Science Foundation,39500.0,1
YXJGGNC5J269,"UNIVERSITY OF KANSAS MEDICAL CENTER RESEARCH INSTITUTE, INC.",KANSAS CITY,KS,2018,National Institutes of Health,57975080.0,56
YXJGGNC5J269,"UNIVERSITY OF KANSAS MEDICAL CENTER RESEARCH INSTITUTE, INC.",KANSAS CITY,KS,2018,National Science Foundation,92000.0,0
YXJGGNC5J269,"UNIVERSITY OF KANSAS MEDICAL CENTER RESEARCH INSTITUTE, INC.",KANSAS CITY,KS,2019,National Institutes of Health,70730377.0,51
YXJGGNC5J269,"UNIVERSITY OF KANSAS MEDICAL CENTER RESEARCH INSTITUTE, INC.",KANSAS CITY,KS,2019,National Science Foundation,46000.0,0
YXJGGNC5J269,"UNIVERSITY OF KANSAS MEDICAL CENTER RESEARCH INSTITUTE, INC.",KANSAS CITY,KS,2020,National Institutes of Health,76377516.0,37
YXJGGNC5J269,"UNIVERSITY OF KANSAS MEDICAL CENTER RESEARCH INSTITUTE, INC.",KANSAS CITY,KS,2020,National Science Foundation,619043.0,1
YXJGGNC5J269,"UNIVERSITY OF KANSAS MEDICAL CENTER RESEARCH INSTITUTE, INC.",KANSAS CITY,KS,2021,National Institutes of Health,70238167.14,37
YXJGGNC5J269,"UNIVERSITY OF KANSAS MEDICAL CENTER RESEARCH INSTITUTE, INC.",KANSAS CITY,KS,2021,National Science Foundation,2377261.0,3
YXJGGNC5J269,"UNIVERSITY OF KANSAS MEDICAL CENTER RESEARCH INSTITUTE, INC.",KANSAS CITY,KS,2022,National Institutes of Health,79981803.25,41
YXJGGNC5J269,"UNIVERSITY OF KANSAS MEDICAL CENTER RESEARCH INSTITUTE, INC.",KANSAS CITY,KS,2022,National Science Foundation,59996.0,0
YXJGGNC5J269,"UNIVERSITY OF KANSAS MEDICAL CENTER RESEARCH INSTITUTE, INC.",KANSAS CITY,KS,2023,National Institutes of Health,96761213.69,46
YXJGGNC5J269,"UNIVERSITY OF KANSAS MEDICAL CENTER RESEARCH INSTITUTE, INC.",KANSAS CITY,KS,2023,National Science Foundation,0.0,0
YXJGGNC5J269,"UNIVERSITY OF KANSAS MEDICAL CENTER RESEARCH INSTITUTE, INC.",KANSAS CITY,KS,2024,National Institutes of Health,96447836.52000001,56
YXJGGNC5J269,"UNIVERSITY OF KANSAS MEDICAL CENTER RESEARCH INSTITUTE, INC.",KANSAS CITY,KS,2024,National Science Foundation,-425345.0,0
YXJGGNC5J269,"UNIVERSITY OF KANSAS MEDICAL CENTER RESEARCH INSTITUTE, INC.",KANSAS CITY,KS,2025,National Institutes of Health,99322030.78999999,32
YXJGGNC5J269,"UNIVERSITY OF KANSAS MEDICAL CENTER RESEARCH INSTITUTE, INC.",KANSAS CITY,KS,2026,National Institutes of Health,74512945.57,32
YXJGGNC5J269,"UNIVERSITY OF KANSAS MEDICAL CENTER RESEARCH INSTITUTE, INC.",KANSAS CITY,KS,2026,National Science Foundation,349436.0,1
YY46Q97AEZA8,THE RAND CORPORATION,SANTA MONICA,CA,2016,National Institutes of Health,24822322.0,55
YY46Q97AEZA8,THE RAND CORPORATION,SANTA MONICA,CA,2016,National Science Foundation,187280.0,1
YY46Q97AEZA8,THE RAND CORPORATION,SANTA MONICA,CA,2017,National Institutes of Health,31215154.0,66
YY46Q97AEZA8,THE RAND CORPORATION,SANTA MONICA,CA,2017,National Science Foundation,1683975.0,4
YY46Q97AEZA8,THE RAND CORPORATION,SANTA MONICA,CA,2018,National Institutes of Health,36898472.0,33
YY46Q97AEZA8,THE RAND CORPORATION,SANTA MONICA,CA,2018,National Science Foundation,3340586.0,5
YY46Q97AEZA8,THE RAND CORPORATION,SANTA MONICA,CA,2019,National Institutes of Health,46140553.0,22
YY46Q97AEZA8,THE RAND CORPORATION,SANTA MONICA,CA,2019,National Science Foundation,84620.0,1
YY46Q97AEZA8,THE RAND CORPORATION,SANTA MONICA,CA,2020,National Institutes of Health,35730844.0,27
YY46Q97AEZA8,THE RAND CORPORATION,SANTA MONICA,CA,2020,National Science Foundation,2301125.0,6
YY46Q97AEZA8,THE RAND CORPORATION,SANTA MONICA,CA,2021,National Institutes of Health,33513957.819999997,14
YY46Q97AEZA8,THE RAND CORPORATION,SANTA MONICA,CA,2021,National Science Foundation,2492154.0,4
YY46Q97AEZA8,THE RAND CORPORATION,SANTA MONICA,CA,2022,National Institutes of Health,30722858.009999994,20
YY46Q97AEZA8,THE RAND CORPORATION,SANTA MONICA,CA,2022,National Science Foundation,2267931.0,3
YY46Q97AEZA8,THE RAND CORPORATION,SANTA MONICA,CA,2023,National Institutes of Health,31699893.25,7
YY46Q97AEZA8,THE RAND CORPORATION,SANTA MONICA,CA,2023,National Science Foundation,1076770.0,2
YY46Q97AEZA8,THE RAND CORPORATION,SANTA MONICA,CA,2024,National Institutes of Health,33136945.699999996,14
YY46Q97AEZA8,THE RAND CORPORATION,SANTA MONICA,CA,2024,National Science Foundation,1929693.0,3
YY46Q97AEZA8,THE RAND CORPORATION,SANTA MONICA,CA,2025,National Institutes of Health,30833461.14,7
YY46Q97AEZA8,THE RAND CORPORATION,SANTA MONICA,CA,2025,National Science Foundation,452298.0,3
YY46Q97AEZA8,THE RAND CORPORATION,SANTA MONICA,CA,2026,National Institutes of Health,18809773.96,8
YZJ6DKPM4W63,THE UNIVERSITY OF TEXAS SOUTHWESTERN MEDICAL CENTER,DALLAS,TX,2016,National Institutes of Health,173991721.0,445
YZJ6DKPM4W63,THE UNIVERSITY OF TEXAS SOUTHWESTERN MEDICAL CENTER,DALLAS,TX,2016,National Science Foundation,2447364.0,4
YZJ6DKPM4W63,THE UNIVERSITY OF TEXAS SOUTHWESTERN MEDICAL CENTER,DALLAS,TX,2017,National Institutes of Health,176794535.0,223
YZJ6DKPM4W63,THE UNIVERSITY OF TEXAS SOUTHWESTERN MEDICAL CENTER,DALLAS,TX,2017,National Science Foundation,862495.0,0
YZJ6DKPM4W63,THE UNIVERSITY OF TEXAS SOUTHWESTERN MEDICAL CENTER,DALLAS,TX,2018,National Institutes of Health,176612028.0,133
YZJ6DKPM4W63,THE UNIVERSITY OF TEXAS SOUTHWESTERN MEDICAL CENTER,DALLAS,TX,2018,National Science Foundation,1134953.0,3
YZJ6DKPM4W63,THE UNIVERSITY OF TEXAS SOUTHWESTERN MEDICAL CENTER,DALLAS,TX,2019,National Institutes of Health,224781866.0,130
YZJ6DKPM4W63,THE UNIVERSITY OF TEXAS SOUTHWESTERN MEDICAL CENTER,DALLAS,TX,2019,National Science Foundation,1276410.0,0
YZJ6DKPM4W63,THE UNIVERSITY OF TEXAS SOUTHWESTERN MEDICAL CENTER,DALLAS,TX,2020,National Institutes of Health,224387970.0,131
YZJ6DKPM4W63,THE UNIVERSITY OF TEXAS SOUTHWESTERN MEDICAL CENTER,DALLAS,TX,2020,National Science Foundation,2197241.0,4
YZJ6DKPM4W63,THE UNIVERSITY OF TEXAS SOUTHWESTERN MEDICAL CENTER,DALLAS,TX,2021,National Institutes of Health,257639106.93,151
YZJ6DKPM4W63,THE UNIVERSITY OF TEXAS SOUTHWESTERN MEDICAL CENTER,DALLAS,TX,2021,National Science Foundation,1458846.0,1
YZJ6DKPM4W63,THE UNIVERSITY OF TEXAS SOUTHWESTERN MEDICAL CENTER,DALLAS,TX,2022,National Institutes of Health,272931901.93,146
YZJ6DKPM4W63,THE UNIVERSITY OF TEXAS SOUTHWESTERN MEDICAL CENTER,DALLAS,TX,2022,National Science Foundation,2437878.0,4
YZJ6DKPM4W63,THE UNIVERSITY OF TEXAS SOUTHWESTERN MEDICAL CENTER,DALLAS,TX,2023,National Institutes of Health,291271562.2,137
YZJ6DKPM4W63,THE UNIVERSITY OF TEXAS SOUTHWESTERN MEDICAL CENTER,DALLAS,TX,2023,National Science Foundation,3306466.0,3
YZJ6DKPM4W63,THE UNIVERSITY OF TEXAS SOUTHWESTERN MEDICAL CENTER,DALLAS,TX,2024,National Institutes of Health,299052586.19,146
YZJ6DKPM4W63,THE UNIVERSITY OF TEXAS SOUTHWESTERN MEDICAL CENTER,DALLAS,TX,2024,National Science Foundation,1205101.0,2
YZJ6DKPM4W63,THE UNIVERSITY OF TEXAS SOUTHWESTERN MEDICAL CENTER,DALLAS,TX,2025,National Institutes of Health,314892631.6,146
YZJ6DKPM4W63,THE UNIVERSITY OF TEXAS SOUTHWESTERN MEDICAL CENTER,DALLAS,TX,2025,National Science Foundation,1056021.0,1
YZJ6DKPM4W63,THE UNIVERSITY OF TEXAS SOUTHWESTERN MEDICAL CENTER,DALLAS,TX,2026,National Institutes of Health,241658391.33,125
YZJ6DKPM4W63,THE UNIVERSITY OF TEXAS SOUTHWESTERN MEDICAL CENTER,DALLAS,TX,2026,National Science Foundation,-373560.0,0
Z1H9VJS8NG16,THE UNIVERSITY OF IOWA,IOWA CITY,IA,2016,National Institutes of Health,139719210.0,325
Z1H9VJS8NG16,THE UNIVERSITY OF IOWA,IOWA CITY,IA,2016,National Science Foundation,13740276.0,65
Z1H9VJS8NG16,THE UNIVERSITY OF IOWA,IOWA CITY,IA,2017,National Institutes of Health,142511631.0,175
Z1H9VJS8NG16,THE UNIVERSITY OF IOWA,IOWA CITY,IA,2017,National Science Foundation,8437217.0,37
Z1H9VJS8NG16,THE UNIVERSITY OF IOWA,IOWA CITY,IA,2018,National Institutes of Health,167008335.0,132
Z1H9VJS8NG16,THE UNIVERSITY OF IOWA,IOWA CITY,IA,2018,National Science Foundation,10379116.0,36
Z1H9VJS8NG16,THE UNIVERSITY OF IOWA,IOWA CITY,IA,2019,National Institutes of Health,166120244.0,95
Z1H9VJS8NG16,THE UNIVERSITY OF IOWA,IOWA CITY,IA,2019,National Science Foundation,10812987.0,34
Z1H9VJS8NG16,THE UNIVERSITY OF IOWA,IOWA CITY,IA,2020,National Institutes of Health,186667645.0,111
Z1H9VJS8NG16,THE UNIVERSITY OF IOWA,IOWA CITY,IA,2020,National Science Foundation,13906660.0,39
Z1H9VJS8NG16,THE UNIVERSITY OF IOWA,IOWA CITY,IA,2021,National Institutes of Health,175260513.96,96
Z1H9VJS8NG16,THE UNIVERSITY OF IOWA,IOWA CITY,IA,2021,National Science Foundation,11593325.0,26
Z1H9VJS8NG16,THE UNIVERSITY OF IOWA,IOWA CITY,IA,2022,National Institutes of Health,174192589.82999998,85
Z1H9VJS8NG16,THE UNIVERSITY OF IOWA,IOWA CITY,IA,2022,National Science Foundation,10149383.0,27
Z1H9VJS8NG16,THE UNIVERSITY OF IOWA,IOWA CITY,IA,2023,National Institutes of Health,175188877.13,108
Z1H9VJS8NG16,THE UNIVERSITY OF IOWA,IOWA CITY,IA,2023,National Science Foundation,14634137.0,31
Z1H9VJS8NG16,THE UNIVERSITY OF IOWA,IOWA CITY,IA,2024,National Institutes of Health,179564030.51,91
Z1H9VJS8NG16,THE UNIVERSITY OF IOWA,IOWA CITY,IA,2024,National Science Foundation,18662423.0,44
Z1H9VJS8NG16,THE UNIVERSITY OF IOWA,IOWA CITY,IA,2025,National Institutes of Health,161036635.45000002,74
Z1H9VJS8NG16,THE UNIVERSITY OF IOWA,IOWA CITY,IA,2025,National Science Foundation,13663082.0,35
Z1H9VJS8NG16,THE UNIVERSITY OF IOWA,IOWA CITY,IA,2026,National Institutes of Health,137861793.57999998,57
Z1H9VJS8NG16,THE UNIVERSITY OF IOWA,IOWA CITY,IA,2026,National Science Foundation,10853590.0,14
Z1L9F1MM1RY3,"CHILDREN'S HOSPITAL CORPORATION, THE",BOSTON,MA,2016,National Institutes of Health,144833585.0,330
Z1L9F1MM1RY3,"CHILDREN'S HOSPITAL CORPORATION, THE",BOSTON,MA,2016,National Science Foundation,299999.0,1
Z1L9F1MM1RY3,"CHILDREN'S HOSPITAL CORPORATION, THE",BOSTON,MA,2017,National Institutes of Health,157308084.0,168
Z1L9F1MM1RY3,"CHILDREN'S HOSPITAL CORPORATION, THE",BOSTON,MA,2017,National Science Foundation,970402.0,3
Z1L9F1MM1RY3,"CHILDREN'S HOSPITAL CORPORATION, THE",BOSTON,MA,2018,National Institutes of Health,161872316.0,94
Z1L9F1MM1RY3,"CHILDREN'S HOSPITAL CORPORATION, THE",BOSTON,MA,2018,National Science Foundation,154454.0,0
Z1L9F1MM1RY3,"CHILDREN'S HOSPITAL CORPORATION, THE",BOSTON,MA,2019,National Institutes of Health,184481889.0,103
Z1L9F1MM1RY3,"CHILDREN'S HOSPITAL CORPORATION, THE",BOSTON,MA,2019,National Science Foundation,434987.0,1
Z1L9F1MM1RY3,"CHILDREN'S HOSPITAL CORPORATION, THE",BOSTON,MA,2020,National Institutes of Health,195844461.0,91
Z1L9F1MM1RY3,"CHILDREN'S HOSPITAL CORPORATION, THE",BOSTON,MA,2020,National Science Foundation,562746.0,1
Z1L9F1MM1RY3,"CHILDREN'S HOSPITAL CORPORATION, THE",BOSTON,MA,2021,National Institutes of Health,213742031.68,113
Z1L9F1MM1RY3,"CHILDREN'S HOSPITAL CORPORATION, THE",BOSTON,MA,2021,National Science Foundation,1161694.0,2
Z1L9F1MM1RY3,"CHILDREN'S HOSPITAL CORPORATION, THE",BOSTON,MA,2022,National Institutes of Health,211262022.0,108
Z1L9F1MM1RY3,"CHILDREN'S HOSPITAL CORPORATION, THE",BOSTON,MA,2022,National Science Foundation,1441067.0,2
Z1L9F1MM1RY3,"CHILDREN'S HOSPITAL CORPORATION, THE",BOSTON,MA,2023,National Institutes of Health,236302927.45999998,90
Z1L9F1MM1RY3,"CHILDREN'S HOSPITAL CORPORATION, THE",BOSTON,MA,2023,National Science Foundation,17280.0,0
Z1L9F1MM1RY3,"CHILDREN'S HOSPITAL CORPORATION, THE",BOSTON,MA,2024,National Institutes of Health,227213408.61999995,105
Z1L9F1MM1RY3,"CHILDREN'S HOSPITAL CORPORATION, THE",BOSTON,MA,2024,National Science Foundation,1188672.0,2
Z1L9F1MM1RY3,"CHILDREN'S HOSPITAL CORPORATION, THE",BOSTON,MA,2025,National Institutes of Health,234635248.75,90
Z1L9F1MM1RY3,"CHILDREN'S HOSPITAL CORPORATION, THE",BOSTON,MA,2025,National Science Foundation,77531.0,0
Z1L9F1MM1RY3,"CHILDREN'S HOSPITAL CORPORATION, THE",BOSTON,MA,2026,National Institutes of Health,223371239.0,68
Z3FGN9MF92U2,UNIVERSITY OF OREGON,EUGENE,OR,2016,National Institutes of Health,30571953.0,62
Z3FGN9MF92U2,UNIVERSITY OF OREGON,EUGENE,OR,2016,National Science Foundation,18991205.0,79
Z3FGN9MF92U2,UNIVERSITY OF OREGON,EUGENE,OR,2017,National Institutes of Health,27853918.0,31
Z3FGN9MF92U2,UNIVERSITY OF OREGON,EUGENE,OR,2017,National Science Foundation,19129445.0,58
Z3FGN9MF92U2,UNIVERSITY OF OREGON,EUGENE,OR,2018,National Institutes of Health,35364037.0,25
Z3FGN9MF92U2,UNIVERSITY OF OREGON,EUGENE,OR,2018,National Science Foundation,14474665.0,46
Z3FGN9MF92U2,UNIVERSITY OF OREGON,EUGENE,OR,2019,National Institutes of Health,46764572.0,23
Z3FGN9MF92U2,UNIVERSITY OF OREGON,EUGENE,OR,2019,National Science Foundation,14720393.0,34
Z3FGN9MF92U2,UNIVERSITY OF OREGON,EUGENE,OR,2020,National Institutes of Health,44934965.0,24
Z3FGN9MF92U2,UNIVERSITY OF OREGON,EUGENE,OR,2020,National Science Foundation,20461823.0,53
Z3FGN9MF92U2,UNIVERSITY OF OREGON,EUGENE,OR,2021,National Institutes of Health,43481542.54,26
Z3FGN9MF92U2,UNIVERSITY OF OREGON,EUGENE,OR,2021,National Science Foundation,25162767.0,51
Z3FGN9MF92U2,UNIVERSITY OF OREGON,EUGENE,OR,2022,National Institutes of Health,42260173.510000005,28
Z3FGN9MF92U2,UNIVERSITY OF OREGON,EUGENE,OR,2022,National Science Foundation,26141687.0,32
Z3FGN9MF92U2,UNIVERSITY OF OREGON,EUGENE,OR,2023,National Institutes of Health,43374815.5,35
Z3FGN9MF92U2,UNIVERSITY OF OREGON,EUGENE,OR,2023,National Science Foundation,35187074.0,50
Z3FGN9MF92U2,UNIVERSITY OF OREGON,EUGENE,OR,2024,National Institutes of Health,39270328.65,25
Z3FGN9MF92U2,UNIVERSITY OF OREGON,EUGENE,OR,2024,National Science Foundation,23560461.0,34
Z3FGN9MF92U2,UNIVERSITY OF OREGON,EUGENE,OR,2025,National Institutes of Health,46297156.04,26
Z3FGN9MF92U2,UNIVERSITY OF OREGON,EUGENE,OR,2025,National Science Foundation,23316689.0,32
Z3FGN9MF92U2,UNIVERSITY OF OREGON,EUGENE,OR,2026,National Institutes of Health,43183013.72,28
Z3FGN9MF92U2,UNIVERSITY OF OREGON,EUGENE,OR,2026,National Science Foundation,7513737.0,12
Z94KLERAG5V9,UNIVERSITY OF VERMONT & STATE AGRICULTURAL COLLEGE,BURLINGTON,VT,2016,National Institutes of Health,44778881.0,99
Z94KLERAG5V9,UNIVERSITY OF VERMONT & STATE AGRICULTURAL COLLEGE,BURLINGTON,VT,2016,National Science Foundation,7963350.0,23
Z94KLERAG5V9,UNIVERSITY OF VERMONT & STATE AGRICULTURAL COLLEGE,BURLINGTON,VT,2017,National Institutes of Health,44931569.0,67
Z94KLERAG5V9,UNIVERSITY OF VERMONT & STATE AGRICULTURAL COLLEGE,BURLINGTON,VT,2017,National Science Foundation,13977885.0,21
Z94KLERAG5V9,UNIVERSITY OF VERMONT & STATE AGRICULTURAL COLLEGE,BURLINGTON,VT,2018,National Institutes of Health,53972541.0,39
Z94KLERAG5V9,UNIVERSITY OF VERMONT & STATE AGRICULTURAL COLLEGE,BURLINGTON,VT,2018,National Science Foundation,15094417.0,24
Z94KLERAG5V9,UNIVERSITY OF VERMONT & STATE AGRICULTURAL COLLEGE,BURLINGTON,VT,2019,National Institutes of Health,58862482.0,36
Z94KLERAG5V9,UNIVERSITY OF VERMONT & STATE AGRICULTURAL COLLEGE,BURLINGTON,VT,2019,National Science Foundation,4613703.0,10
Z94KLERAG5V9,UNIVERSITY OF VERMONT & STATE AGRICULTURAL COLLEGE,BURLINGTON,VT,2020,National Institutes of Health,67844472.0,25
Z94KLERAG5V9,UNIVERSITY OF VERMONT & STATE AGRICULTURAL COLLEGE,BURLINGTON,VT,2020,National Science Foundation,12943619.0,14
Z94KLERAG5V9,UNIVERSITY OF VERMONT & STATE AGRICULTURAL COLLEGE,BURLINGTON,VT,2021,National Institutes of Health,59959921.59,28
Z94KLERAG5V9,UNIVERSITY OF VERMONT & STATE AGRICULTURAL COLLEGE,BURLINGTON,VT,2021,National Science Foundation,7489754.0,16
Z94KLERAG5V9,UNIVERSITY OF VERMONT & STATE AGRICULTURAL COLLEGE,BURLINGTON,VT,2022,National Institutes of Health,57684561.669999994,23
Z94KLERAG5V9,UNIVERSITY OF VERMONT & STATE AGRICULTURAL COLLEGE,BURLINGTON,VT,2022,National Science Foundation,10830781.0,15
Z94KLERAG5V9,UNIVERSITY OF VERMONT & STATE AGRICULTURAL COLLEGE,BURLINGTON,VT,2023,National Institutes of Health,51655743.4,33
Z94KLERAG5V9,UNIVERSITY OF VERMONT & STATE AGRICULTURAL COLLEGE,BURLINGTON,VT,2023,National Science Foundation,12373843.0,20
Z94KLERAG5V9,UNIVERSITY OF VERMONT & STATE AGRICULTURAL COLLEGE,BURLINGTON,VT,2024,National Institutes of Health,48618780.56,19
Z94KLERAG5V9,UNIVERSITY OF VERMONT & STATE AGRICULTURAL COLLEGE,BURLINGTON,VT,2024,National Science Foundation,15565352.0,25
Z94KLERAG5V9,UNIVERSITY OF VERMONT & STATE AGRICULTURAL COLLEGE,BURLINGTON,VT,2025,National Institutes of Health,46071409.50000001,23
Z94KLERAG5V9,UNIVERSITY OF VERMONT & STATE AGRICULTURAL COLLEGE,BURLINGTON,VT,2025,National Science Foundation,17929088.0,18
Z94KLERAG5V9,UNIVERSITY OF VERMONT & STATE AGRICULTURAL COLLEGE,BURLINGTON,VT,2026,National Institutes of Health,48056151.55000001,22
Z94KLERAG5V9,UNIVERSITY OF VERMONT & STATE AGRICULTURAL COLLEGE,BURLINGTON,VT,2026,National Science Foundation,4660055.0,5
Z9CRZKD42ZT1,"UNIVERSITY OF MARYLAND, BALTIMORE",BALTIMORE,MD,2016,National Institutes of Health,139072970.0,335
Z9CRZKD42ZT1,"UNIVERSITY OF MARYLAND, BALTIMORE",BALTIMORE,MD,2016,National Science Foundation,1414771.0,5
Z9CRZKD42ZT1,"UNIVERSITY OF MARYLAND, BALTIMORE",BALTIMORE,MD,2017,National Institutes of Health,161164783.0,228
Z9CRZKD42ZT1,"UNIVERSITY OF MARYLAND, BALTIMORE",BALTIMORE,MD,2017,National Science Foundation,1946785.0,4
Z9CRZKD42ZT1,"UNIVERSITY OF MARYLAND, BALTIMORE",BALTIMORE,MD,2018,National Institutes of Health,167369824.0,133
Z9CRZKD42ZT1,"UNIVERSITY OF MARYLAND, BALTIMORE",BALTIMORE,MD,2018,National Science Foundation,604559.0,2
Z9CRZKD42ZT1,"UNIVERSITY OF MARYLAND, BALTIMORE",BALTIMORE,MD,2019,National Institutes of Health,176868288.0,99
Z9CRZKD42ZT1,"UNIVERSITY OF MARYLAND, BALTIMORE",BALTIMORE,MD,2019,National Science Foundation,349007.0,1
Z9CRZKD42ZT1,"UNIVERSITY OF MARYLAND, BALTIMORE",BALTIMORE,MD,2020,National Institutes of Health,202457288.0,111
Z9CRZKD42ZT1,"UNIVERSITY OF MARYLAND, BALTIMORE",BALTIMORE,MD,2020,National Science Foundation,1446844.0,4
Z9CRZKD42ZT1,"UNIVERSITY OF MARYLAND, BALTIMORE",BALTIMORE,MD,2021,National Institutes of Health,219741456.08999997,115
Z9CRZKD42ZT1,"UNIVERSITY OF MARYLAND, BALTIMORE",BALTIMORE,MD,2021,National Science Foundation,1200365.0,3
Z9CRZKD42ZT1,"UNIVERSITY OF MARYLAND, BALTIMORE",BALTIMORE,MD,2022,National Institutes of Health,217404063.91000003,99
Z9CRZKD42ZT1,"UNIVERSITY OF MARYLAND, BALTIMORE",BALTIMORE,MD,2022,National Science Foundation,-125340.0,2
Z9CRZKD42ZT1,"UNIVERSITY OF MARYLAND, BALTIMORE",BALTIMORE,MD,2023,National Institutes of Health,201638923.29,106
Z9CRZKD42ZT1,"UNIVERSITY OF MARYLAND, BALTIMORE",BALTIMORE,MD,2023,National Science Foundation,611571.0,2
Z9CRZKD42ZT1,"UNIVERSITY OF MARYLAND, BALTIMORE",BALTIMORE,MD,2024,National Institutes of Health,195506606.93,89
Z9CRZKD42ZT1,"UNIVERSITY OF MARYLAND, BALTIMORE",BALTIMORE,MD,2024,National Science Foundation,178870.0,0
Z9CRZKD42ZT1,"UNIVERSITY OF MARYLAND, BALTIMORE",BALTIMORE,MD,2025,National Institutes of Health,191776732.42,75
Z9CRZKD42ZT1,"UNIVERSITY OF MARYLAND, BALTIMORE",BALTIMORE,MD,2025,National Science Foundation,299923.0,1
Z9CRZKD42ZT1,"UNIVERSITY OF MARYLAND, BALTIMORE",BALTIMORE,MD,2026,National Institutes of Health,153251165.71,63
Z9CRZKD42ZT1,"UNIVERSITY OF MARYLAND, BALTIMORE",BALTIMORE,MD,2026,National Science Foundation,124805.0,0
ZFCRKN45MMD6,"CARY INSTITUTE OF ECOSYSTEM STUDIES, INC",MILLBROOK,NY,2016,National Science Foundation,3671528.0,9
ZFCRKN45MMD6,"CARY INSTITUTE OF ECOSYSTEM STUDIES, INC",MILLBROOK,NY,2017,National Science Foundation,8053940.0,7
ZFCRKN45MMD6,"CARY INSTITUTE OF ECOSYSTEM STUDIES, INC",MILLBROOK,NY,2018,National Science Foundation,2682126.0,3
ZFCRKN45MMD6,"CARY INSTITUTE OF ECOSYSTEM STUDIES, INC",MILLBROOK,NY,2019,National Science Foundation,3753108.0,4
ZFCRKN45MMD6,"CARY INSTITUTE OF ECOSYSTEM STUDIES, INC",MILLBROOK,NY,2020,National Science Foundation,3269233.0,2
ZFCRKN45MMD6,"CARY INSTITUTE OF ECOSYSTEM STUDIES, INC",MILLBROOK,NY,2021,National Science Foundation,1557656.0,3
ZFCRKN45MMD6,"CARY INSTITUTE OF ECOSYSTEM STUDIES, INC",MILLBROOK,NY,2022,National Science Foundation,3994745.0,4
ZFCRKN45MMD6,"CARY INSTITUTE OF ECOSYSTEM STUDIES, INC",MILLBROOK,NY,2023,National Science Foundation,2738362.0,3
ZFCRKN45MMD6,"CARY INSTITUTE OF ECOSYSTEM STUDIES, INC",MILLBROOK,NY,2024,National Science Foundation,7119560.0,5
ZFCRKN45MMD6,"CARY INSTITUTE OF ECOSYSTEM STUDIES, INC",MILLBROOK,NY,2025,National Science Foundation,5725099.0,3
ZFCRKN45MMD6,"CARY INSTITUTE OF ECOSYSTEM STUDIES, INC",MILLBROOK,NY,2026,National Science Foundation,2229526.0,4
ZGKVAM2JVKG2,AMERICAN ASSOCIATION FOR THE ADVANCEMENT OF SCIENCE,WASHINGTON,DC,2016,National Science Foundation,9069856.0,9
ZGKVAM2JVKG2,AMERICAN ASSOCIATION FOR THE ADVANCEMENT OF SCIENCE,WASHINGTON,DC,2017,National Science Foundation,9852241.0,10
ZGKVAM2JVKG2,AMERICAN ASSOCIATION FOR THE ADVANCEMENT OF SCIENCE,WASHINGTON,DC,2018,National Science Foundation,9454040.0,2
ZGKVAM2JVKG2,AMERICAN ASSOCIATION FOR THE ADVANCEMENT OF SCIENCE,WASHINGTON,DC,2019,National Science Foundation,12992146.0,5
ZGKVAM2JVKG2,AMERICAN ASSOCIATION FOR THE ADVANCEMENT OF SCIENCE,WASHINGTON,DC,2020,National Science Foundation,7887879.0,1
ZGKVAM2JVKG2,AMERICAN ASSOCIATION FOR THE ADVANCEMENT OF SCIENCE,WASHINGTON,DC,2021,National Science Foundation,5393916.0,1
ZGKVAM2JVKG2,AMERICAN ASSOCIATION FOR THE ADVANCEMENT OF SCIENCE,WASHINGTON,DC,2022,National Science Foundation,7769677.0,2
ZGKVAM2JVKG2,AMERICAN ASSOCIATION FOR THE ADVANCEMENT OF SCIENCE,WASHINGTON,DC,2023,National Science Foundation,18196412.0,2
ZGKVAM2JVKG2,AMERICAN ASSOCIATION FOR THE ADVANCEMENT OF SCIENCE,WASHINGTON,DC,2024,National Science Foundation,14417159.0,1
ZGKVAM2JVKG2,AMERICAN ASSOCIATION FOR THE ADVANCEMENT OF SCIENCE,WASHINGTON,DC,2025,National Science Foundation,23919034.0,2
ZGKVAM2JVKG2,AMERICAN ASSOCIATION FOR THE ADVANCEMENT OF SCIENCE,WASHINGTON,DC,2026,National Science Foundation,-235292.0,0
ZM3DYHAGMKM3,SAN DIEGO BIOMEDICAL RESEARCH INSTITUTE,SAN DIEGO,CA,2016,National Institutes of Health,2298401.0,4
ZM3DYHAGMKM3,SAN DIEGO BIOMEDICAL RESEARCH INSTITUTE,SAN DIEGO,CA,2017,National Institutes of Health,1897151.0,4
ZM3DYHAGMKM3,SAN DIEGO BIOMEDICAL RESEARCH INSTITUTE,SAN DIEGO,CA,2018,National Institutes of Health,2764442.0,2
ZM3DYHAGMKM3,SAN DIEGO BIOMEDICAL RESEARCH INSTITUTE,SAN DIEGO,CA,2019,National Institutes of Health,5308303.0,5
ZM3DYHAGMKM3,SAN DIEGO BIOMEDICAL RESEARCH INSTITUTE,SAN DIEGO,CA,2020,National Institutes of Health,3579396.0,0
ZM3DYHAGMKM3,SAN DIEGO BIOMEDICAL RESEARCH INSTITUTE,SAN DIEGO,CA,2021,National Institutes of Health,6058410.359999999,4
ZM3DYHAGMKM3,SAN DIEGO BIOMEDICAL RESEARCH INSTITUTE,SAN DIEGO,CA,2022,National Institutes of Health,4673311.57,3
ZM3DYHAGMKM3,SAN DIEGO BIOMEDICAL RESEARCH INSTITUTE,SAN DIEGO,CA,2023,National Institutes of Health,5905558.36,5
ZM3DYHAGMKM3,SAN DIEGO BIOMEDICAL RESEARCH INSTITUTE,SAN DIEGO,CA,2024,National Institutes of Health,7157669.65,7
ZM3DYHAGMKM3,SAN DIEGO BIOMEDICAL RESEARCH INSTITUTE,SAN DIEGO,CA,2025,National Institutes of Health,7534289.0,3
ZM3DYHAGMKM3,SAN DIEGO BIOMEDICAL RESEARCH INSTITUTE,SAN DIEGO,CA,2026,National Institutes of Health,4552731.0,2
ZPAUY3FQMM26,LA JOLLA INSTITUTE FOR IMMUNOLOGY,LA JOLLA,CA,2016,National Institutes of Health,27590893.0,49
ZPAUY3FQMM26,LA JOLLA INSTITUTE FOR IMMUNOLOGY,LA JOLLA,CA,2017,National Institutes of Health,27557122.0,22
ZPAUY3FQMM26,LA JOLLA INSTITUTE FOR IMMUNOLOGY,LA JOLLA,CA,2018,National Institutes of Health,32499913.0,19
ZPAUY3FQMM26,LA JOLLA INSTITUTE FOR IMMUNOLOGY,LA JOLLA,CA,2019,National Institutes of Health,39421004.0,15
ZPAUY3FQMM26,LA JOLLA INSTITUTE FOR IMMUNOLOGY,LA JOLLA,CA,2020,National Institutes of Health,47146245.0,10
ZPAUY3FQMM26,LA JOLLA INSTITUTE FOR IMMUNOLOGY,LA JOLLA,CA,2021,National Institutes of Health,46133874.05,6
ZPAUY3FQMM26,LA JOLLA INSTITUTE FOR IMMUNOLOGY,LA JOLLA,CA,2022,National Institutes of Health,38833200.96,5
ZPAUY3FQMM26,LA JOLLA INSTITUTE FOR IMMUNOLOGY,LA JOLLA,CA,2023,National Institutes of Health,32752819.4,6
ZPAUY3FQMM26,LA JOLLA INSTITUTE FOR IMMUNOLOGY,LA JOLLA,CA,2024,National Institutes of Health,55603073.72,10
ZPAUY3FQMM26,LA JOLLA INSTITUTE FOR IMMUNOLOGY,LA JOLLA,CA,2025,National Institutes of Health,26007183.65,4
ZPAUY3FQMM26,LA JOLLA INSTITUTE FOR IMMUNOLOGY,LA JOLLA,CA,2026,National Institutes of Health,23874715.17,10
ZQ12LY4L5H39,CARNEGIE INSTITUTION OF WASHINGTON,WASHINGTON,DC,2016,National Institutes of Health,3388857.0,9
ZQ12LY4L5H39,CARNEGIE INSTITUTION OF WASHINGTON,WASHINGTON,DC,2016,National Science Foundation,2930572.0,12
ZQ12LY4L5H39,CARNEGIE INSTITUTION OF WASHINGTON,WASHINGTON,DC,2017,National Institutes of Health,2571761.0,7
ZQ12LY4L5H39,CARNEGIE INSTITUTION OF WASHINGTON,WASHINGTON,DC,2017,National Science Foundation,3360464.0,23
ZQ12LY4L5H39,CARNEGIE INSTITUTION OF WASHINGTON,WASHINGTON,DC,2018,National Institutes of Health,6390654.0,4
ZQ12LY4L5H39,CARNEGIE INSTITUTION OF WASHINGTON,WASHINGTON,DC,2018,National Science Foundation,1841410.0,11
ZQ12LY4L5H39,CARNEGIE INSTITUTION OF WASHINGTON,WASHINGTON,DC,2019,National Institutes of Health,6377318.0,3
ZQ12LY4L5H39,CARNEGIE INSTITUTION OF WASHINGTON,WASHINGTON,DC,2019,National Science Foundation,2485460.0,6
ZQ12LY4L5H39,CARNEGIE INSTITUTION OF WASHINGTON,WASHINGTON,DC,2020,National Institutes of Health,6019215.0,5
ZQ12LY4L5H39,CARNEGIE INSTITUTION OF WASHINGTON,WASHINGTON,DC,2020,National Science Foundation,2128060.0,7
ZQ12LY4L5H39,CARNEGIE INSTITUTION OF WASHINGTON,WASHINGTON,DC,2021,National Institutes of Health,3735870.7800000003,2
ZQ12LY4L5H39,CARNEGIE INSTITUTION OF WASHINGTON,WASHINGTON,DC,2021,National Science Foundation,3692159.0,8
ZQ12LY4L5H39,CARNEGIE INSTITUTION OF WASHINGTON,WASHINGTON,DC,2022,National Institutes of Health,6105623.83,6
ZQ12LY4L5H39,CARNEGIE INSTITUTION OF WASHINGTON,WASHINGTON,DC,2022,National Science Foundation,5350407.0,6
ZQ12LY4L5H39,CARNEGIE INSTITUTION OF WASHINGTON,WASHINGTON,DC,2023,National Institutes of Health,4574087.17,1
ZQ12LY4L5H39,CARNEGIE INSTITUTION OF WASHINGTON,WASHINGTON,DC,2023,National Science Foundation,5585152.0,5
ZQ12LY4L5H39,CARNEGIE INSTITUTION OF WASHINGTON,WASHINGTON,DC,2024,National Institutes of Health,2145746.67,1
ZQ12LY4L5H39,CARNEGIE INSTITUTION OF WASHINGTON,WASHINGTON,DC,2024,National Science Foundation,-1828715.0,4
ZQ12LY4L5H39,CARNEGIE INSTITUTION OF WASHINGTON,WASHINGTON,DC,2025,National Institutes of Health,1807110.5,1
ZQ12LY4L5H39,CARNEGIE INSTITUTION OF WASHINGTON,WASHINGTON,DC,2025,National Science Foundation,1268960.0,5
ZQ12LY4L5H39,CARNEGIE INSTITUTION OF WASHINGTON,WASHINGTON,DC,2026,National Institutes of Health,948057.7,0
ZQ12LY4L5H39,CARNEGIE INSTITUTION OF WASHINGTON,WASHINGTON,DC,2026,National Science Foundation,-494389.0,1
ZUE9HKT2CLC9,THE UNIVERSITY OF CHICAGO,CHICAGO,IL,2016,National Institutes of Health,157749002.0,403
ZUE9HKT2CLC9,THE UNIVERSITY OF CHICAGO,CHICAGO,IL,2016,National Science Foundation,49915037.0,165
ZUE9HKT2CLC9,THE UNIVERSITY OF CHICAGO,CHICAGO,IL,2017,National Institutes of Health,165154972.0,185
ZUE9HKT2CLC9,THE UNIVERSITY OF CHICAGO,CHICAGO,IL,2017,National Science Foundation,57064219.0,105
ZUE9HKT2CLC9,THE UNIVERSITY OF CHICAGO,CHICAGO,IL,2018,National Institutes of Health,179103231.0,130
ZUE9HKT2CLC9,THE UNIVERSITY OF CHICAGO,CHICAGO,IL,2018,National Science Foundation,59830576.0,95
ZUE9HKT2CLC9,THE UNIVERSITY OF CHICAGO,CHICAGO,IL,2019,National Institutes of Health,211719300.0,132
ZUE9HKT2CLC9,THE UNIVERSITY OF CHICAGO,CHICAGO,IL,2019,National Science Foundation,52858361.0,81
ZUE9HKT2CLC9,THE UNIVERSITY OF CHICAGO,CHICAGO,IL,2020,National Institutes of Health,215318357.0,111
ZUE9HKT2CLC9,THE UNIVERSITY OF CHICAGO,CHICAGO,IL,2020,National Science Foundation,73447634.0,108
ZUE9HKT2CLC9,THE UNIVERSITY OF CHICAGO,CHICAGO,IL,2021,National Institutes of Health,212363306.78999996,97
ZUE9HKT2CLC9,THE UNIVERSITY OF CHICAGO,CHICAGO,IL,2021,National Science Foundation,78514766.0,89
ZUE9HKT2CLC9,THE UNIVERSITY OF CHICAGO,CHICAGO,IL,2022,National Institutes of Health,233858719.14000005,104
ZUE9HKT2CLC9,THE UNIVERSITY OF CHICAGO,CHICAGO,IL,2022,National Science Foundation,77531100.0,75
ZUE9HKT2CLC9,THE UNIVERSITY OF CHICAGO,CHICAGO,IL,2023,National Institutes of Health,241952006.29000002,114
ZUE9HKT2CLC9,THE UNIVERSITY OF CHICAGO,CHICAGO,IL,2023,National Science Foundation,72997955.0,77
ZUE9HKT2CLC9,THE UNIVERSITY OF CHICAGO,CHICAGO,IL,2024,National Institutes of Health,270306298.1999999,110
ZUE9HKT2CLC9,THE UNIVERSITY OF CHICAGO,CHICAGO,IL,2024,National Science Foundation,88920248.0,84
ZUE9HKT2CLC9,THE UNIVERSITY OF CHICAGO,CHICAGO,IL,2025,National Institutes of Health,261755854.65999997,93
ZUE9HKT2CLC9,THE UNIVERSITY OF CHICAGO,CHICAGO,IL,2025,National Science Foundation,82066005.0,68
ZUE9HKT2CLC9,THE UNIVERSITY OF CHICAGO,CHICAGO,IL,2026,National Institutes of Health,217737258.92999998,100
ZUE9HKT2CLC9,THE UNIVERSITY OF CHICAGO,CHICAGO,IL,2026,National Science Foundation,16501603.0,18
ZUFBNVZ587D4,UNIVERSITY OF TEXAS HEALTH SCIENCE CENTER AT HOUSTON,HOUSTON,TX,2016,National Institutes of Health,88900163.0,211
ZUFBNVZ587D4,UNIVERSITY OF TEXAS HEALTH SCIENCE CENTER AT HOUSTON,HOUSTON,TX,2016,National Science Foundation,606229.0,6
ZUFBNVZ587D4,UNIVERSITY OF TEXAS HEALTH SCIENCE CENTER AT HOUSTON,HOUSTON,TX,2017,National Institutes of Health,93150153.0,112
ZUFBNVZ587D4,UNIVERSITY OF TEXAS HEALTH SCIENCE CENTER AT HOUSTON,HOUSTON,TX,2017,National Science Foundation,365604.0,5
ZUFBNVZ587D4,UNIVERSITY OF TEXAS HEALTH SCIENCE CENTER AT HOUSTON,HOUSTON,TX,2018,National Institutes of Health,88311130.0,88
ZUFBNVZ587D4,UNIVERSITY OF TEXAS HEALTH SCIENCE CENTER AT HOUSTON,HOUSTON,TX,2018,National Science Foundation,1075865.0,3
ZUFBNVZ587D4,UNIVERSITY OF TEXAS HEALTH SCIENCE CENTER AT HOUSTON,HOUSTON,TX,2019,National Institutes of Health,106881017.0,91
ZUFBNVZ587D4,UNIVERSITY OF TEXAS HEALTH SCIENCE CENTER AT HOUSTON,HOUSTON,TX,2019,National Science Foundation,580193.0,3
ZUFBNVZ587D4,UNIVERSITY OF TEXAS HEALTH SCIENCE CENTER AT HOUSTON,HOUSTON,TX,2020,National Institutes of Health,132916486.0,76
ZUFBNVZ587D4,UNIVERSITY OF TEXAS HEALTH SCIENCE CENTER AT HOUSTON,HOUSTON,TX,2020,National Science Foundation,1527494.0,4
ZUFBNVZ587D4,UNIVERSITY OF TEXAS HEALTH SCIENCE CENTER AT HOUSTON,HOUSTON,TX,2021,National Institutes of Health,129368459.74000001,85
ZUFBNVZ587D4,UNIVERSITY OF TEXAS HEALTH SCIENCE CENTER AT HOUSTON,HOUSTON,TX,2021,National Science Foundation,1856447.0,4
ZUFBNVZ587D4,UNIVERSITY OF TEXAS HEALTH SCIENCE CENTER AT HOUSTON,HOUSTON,TX,2022,National Institutes of Health,120841680.69000003,82
ZUFBNVZ587D4,UNIVERSITY OF TEXAS HEALTH SCIENCE CENTER AT HOUSTON,HOUSTON,TX,2022,National Science Foundation,1050424.0,3
ZUFBNVZ587D4,UNIVERSITY OF TEXAS HEALTH SCIENCE CENTER AT HOUSTON,HOUSTON,TX,2023,National Institutes of Health,147238639.96,94
ZUFBNVZ587D4,UNIVERSITY OF TEXAS HEALTH SCIENCE CENTER AT HOUSTON,HOUSTON,TX,2023,National Science Foundation,1402959.0,5
ZUFBNVZ587D4,UNIVERSITY OF TEXAS HEALTH SCIENCE CENTER AT HOUSTON,HOUSTON,TX,2024,National Institutes of Health,167865615.82999998,122
ZUFBNVZ587D4,UNIVERSITY OF TEXAS HEALTH SCIENCE CENTER AT HOUSTON,HOUSTON,TX,2024,National Science Foundation,2194502.0,4
ZUFBNVZ587D4,UNIVERSITY OF TEXAS HEALTH SCIENCE CENTER AT HOUSTON,HOUSTON,TX,2025,National Institutes of Health,177492561.89,77
ZUFBNVZ587D4,UNIVERSITY OF TEXAS HEALTH SCIENCE CENTER AT HOUSTON,HOUSTON,TX,2025,National Science Foundation,1192718.0,3
ZUFBNVZ587D4,UNIVERSITY OF TEXAS HEALTH SCIENCE CENTER AT HOUSTON,HOUSTON,TX,2026,National Institutes of Health,134400013.32,64
ZUFBNVZ587D4,UNIVERSITY OF TEXAS HEALTH SCIENCE CENTER AT HOUSTON,HOUSTON,TX,2026,National Science Foundation,137340.0,1
