uei,fiscal_year,works_count,cited_by_count
C13DF16LC3H4,2016,984.0,24276.0
C13DF16LC3H4,2017,1032.0,33483.0
C13DF16LC3H4,2018,1026.0,25858.0
C13DF16LC3H4,2019,1140.0,27312.0
C13DF16LC3H4,2020,1442.0,25470.0
C13DF16LC3H4,2021,1418.0,19791.0
C13DF16LC3H4,2022,1400.0,14580.0
C13DF16LC3H4,2023,1379.0,12682.0
C13DF16LC3H4,2024,1203.0,4546.0
C13DF16LC3H4,2025,1253.0,1927.0
C13DF16LC3H4,2026,556.0,83.0
C148TBZATPA8,2016,74.0,3333.0
C148TBZATPA8,2017,69.0,1849.0
C148TBZATPA8,2018,57.0,4642.0
C148TBZATPA8,2019,78.0,1333.0
C148TBZATPA8,2020,82.0,1585.0
C148TBZATPA8,2021,87.0,1689.0
C148TBZATPA8,2022,95.0,832.0
C148TBZATPA8,2023,73.0,443.0
C148TBZATPA8,2024,106.0,394.0
C148TBZATPA8,2025,82.0,61.0
C148TBZATPA8,2026,42.0,6.0
C155UU2TXCP3,2016,1783.0,77484.0
C155UU2TXCP3,2017,2092.0,97974.0
C155UU2TXCP3,2018,2390.0,73391.0
C155UU2TXCP3,2019,2313.0,74628.0
C155UU2TXCP3,2020,2731.0,71411.0
C155UU2TXCP3,2021,2812.0,49155.0
C155UU2TXCP3,2022,2812.0,46015.0
C155UU2TXCP3,2023,2653.0,27617.0
C155UU2TXCP3,2024,2760.0,14155.0
C155UU2TXCP3,2025,2785.0,6724.0
C155UU2TXCP3,2026,1259.0,255.0
C169K7T4QZ96,2016,554.0,9523.0
C169K7T4QZ96,2017,646.0,11630.0
C169K7T4QZ96,2018,695.0,13083.0
C169K7T4QZ96,2019,779.0,18741.0
C169K7T4QZ96,2020,872.0,15112.0
C169K7T4QZ96,2021,860.0,11627.0
C169K7T4QZ96,2022,854.0,10160.0
C169K7T4QZ96,2023,1010.0,6356.0
C169K7T4QZ96,2024,933.0,4284.0
C169K7T4QZ96,2025,989.0,1699.0
C169K7T4QZ96,2026,487.0,61.0
C186U32QSBR9,2016,229.0,37203.0
C186U32QSBR9,2017,252.0,41530.0
C186U32QSBR9,2018,240.0,41908.0
C186U32QSBR9,2019,178.0,17796.0
C186U32QSBR9,2020,224.0,19604.0
C186U32QSBR9,2021,251.0,12537.0
C186U32QSBR9,2022,230.0,15428.0
C186U32QSBR9,2023,210.0,4804.0
C186U32QSBR9,2024,247.0,2946.0
C186U32QSBR9,2025,264.0,973.0
C186U32QSBR9,2026,132.0,68.0
C1ABLRAQTB48,2016,328.0,9853.0
C1ABLRAQTB48,2017,419.0,30828.0
C1ABLRAQTB48,2018,494.0,14395.0
C1ABLRAQTB48,2019,436.0,15665.0
C1ABLRAQTB48,2020,534.0,15105.0
C1ABLRAQTB48,2021,500.0,11397.0
C1ABLRAQTB48,2022,529.0,6386.0
C1ABLRAQTB48,2023,573.0,6284.0
C1ABLRAQTB48,2024,565.0,2343.0
C1ABLRAQTB48,2025,531.0,913.0
C1ABLRAQTB48,2026,235.0,23.0
C1CPANL3EWK4,2016,3329.0,208653.0
C1CPANL3EWK4,2017,3731.0,204612.0
C1CPANL3EWK4,2018,3594.0,177786.0
C1CPANL3EWK4,2019,4040.0,168229.0
C1CPANL3EWK4,2020,5054.0,214649.0
C1CPANL3EWK4,2021,4497.0,132324.0
C1CPANL3EWK4,2022,4255.0,102744.0
C1CPANL3EWK4,2023,4488.0,73009.0
C1CPANL3EWK4,2024,4563.0,47578.0
C1CPANL3EWK4,2025,4951.0,16244.0
C1CPANL3EWK4,2026,2423.0,844.0
C1DEGMMKC7W7,2016,1252.0,35024.0
C1DEGMMKC7W7,2017,1326.0,34191.0
C1DEGMMKC7W7,2018,1421.0,31948.0
C1DEGMMKC7W7,2019,1743.0,28476.0
C1DEGMMKC7W7,2020,1821.0,33354.0
C1DEGMMKC7W7,2021,1761.0,25831.0
C1DEGMMKC7W7,2022,1755.0,19129.0
C1DEGMMKC7W7,2023,1872.0,12939.0
C1DEGMMKC7W7,2024,2018.0,7788.0
C1DEGMMKC7W7,2025,2006.0,2996.0
C1DEGMMKC7W7,2026,1000.0,189.0
C1F5LNUF7W86,2016,2356.951448245933,111368.42687396782
C1F5LNUF7W86,2017,2830.054925976037,90886.60444811471
C1F5LNUF7W86,2018,2650.1701774797716,104524.89940919782
C1F5LNUF7W86,2019,2753.6203808274404,76894.470256473
C1F5LNUF7W86,2020,5049.951327748625,82488.68825915904
C1F5LNUF7W86,2021,3024.4358813108283,69735.97975221138
C1F5LNUF7W86,2022,2952.6137656108544,46297.59004979145
C1F5LNUF7W86,2023,3104.165018922726,32775.26474341654
C1F5LNUF7W86,2024,3338.740002309797,21285.702986898694
C1F5LNUF7W86,2025,5276.619289223772,7354.848215074394
C1F5LNUF7W86,2026,1440.3958249554403,303.7614251164035
C31ES3WEAVQ5,2016,794.0,21921.0
C31ES3WEAVQ5,2017,864.0,21783.0
C31ES3WEAVQ5,2018,922.0,28333.0
C31ES3WEAVQ5,2019,821.0,19290.0
C31ES3WEAVQ5,2020,869.0,16117.0
C31ES3WEAVQ5,2021,846.0,12114.0
C31ES3WEAVQ5,2022,910.0,10670.0
C31ES3WEAVQ5,2023,1093.0,8431.0
C31ES3WEAVQ5,2024,919.0,3606.0
C31ES3WEAVQ5,2025,1119.0,1631.0
C31ES3WEAVQ5,2026,708.0,117.0
C3KXNLTAAY98,2016,1945.0,96482.0
C3KXNLTAAY98,2017,1972.0,81845.0
C3KXNLTAAY98,2018,2229.0,95951.0
C3KXNLTAAY98,2019,2373.0,76068.0
C3KXNLTAAY98,2020,2863.0,86075.0
C3KXNLTAAY98,2021,2940.0,209218.0
C3KXNLTAAY98,2022,2780.0,45999.0
C3KXNLTAAY98,2023,3047.0,33145.0
C3KXNLTAAY98,2024,3037.0,19972.0
C3KXNLTAAY98,2025,3149.0,7342.0
C3KXNLTAAY98,2026,1471.0,224.0
C4BXLBC11LC6,2016,2073.0,74496.0
C4BXLBC11LC6,2017,2071.0,79168.0
C4BXLBC11LC6,2018,2223.0,66932.0
C4BXLBC11LC6,2019,2086.0,79339.0
C4BXLBC11LC6,2020,2687.0,60624.0
C4BXLBC11LC6,2021,2234.0,54112.0
C4BXLBC11LC6,2022,2344.0,40355.0
C4BXLBC11LC6,2023,2408.0,19859.0
C4BXLBC11LC6,2024,2715.0,14843.0
C4BXLBC11LC6,2025,2642.0,4383.0
C4BXLBC11LC6,2026,1219.0,188.0
C5LHMPRJ9J19,2016,389.0,55924.0
C5LHMPRJ9J19,2017,460.0,22510.0
C5LHMPRJ9J19,2018,523.0,28056.0
C5LHMPRJ9J19,2019,564.0,27247.0
C5LHMPRJ9J19,2020,779.0,44711.0
C5LHMPRJ9J19,2021,835.0,30869.0
C5LHMPRJ9J19,2022,898.0,18004.0
C5LHMPRJ9J19,2023,788.0,10969.0
C5LHMPRJ9J19,2024,719.0,5448.0
C5LHMPRJ9J19,2025,735.0,2234.0
C5LHMPRJ9J19,2026,366.0,83.0
C6T9BYG5EYX5,2016,1422.0,50293.0
C6T9BYG5EYX5,2017,1432.0,41139.0
C6T9BYG5EYX5,2018,1708.0,47203.0
C6T9BYG5EYX5,2019,1664.0,41574.0
C6T9BYG5EYX5,2020,2039.0,39412.0
C6T9BYG5EYX5,2021,1972.0,28086.0
C6T9BYG5EYX5,2022,2105.0,22245.0
C6T9BYG5EYX5,2023,2342.0,15415.0
C6T9BYG5EYX5,2024,2716.0,10106.0
C6T9BYG5EYX5,2025,2532.0,4055.0
C6T9BYG5EYX5,2026,1168.0,219.0
C8H9CNG1VBD9,2016,5646.0,342481.0
C8H9CNG1VBD9,2017,5946.0,314213.0
C8H9CNG1VBD9,2018,6359.0,321125.0
C8H9CNG1VBD9,2019,7259.0,284225.0
C8H9CNG1VBD9,2020,9195.0,424194.0
C8H9CNG1VBD9,2021,9844.0,281258.0
C8H9CNG1VBD9,2022,16251.0,185895.0
C8H9CNG1VBD9,2023,11701.0,140988.0
C8H9CNG1VBD9,2024,10844.0,78795.0
C8H9CNG1VBD9,2025,9858.0,29316.0
C8H9CNG1VBD9,2026,4643.0,1172.0
C9MRZK4B7K39,2016,3.0,108.0
C9MRZK4B7K39,2018,3.0,154.0
C9MRZK4B7K39,2020,1.0,4.0
C9MRZK4B7K39,2021,6.0,115.0
C9MRZK4B7K39,2022,9.0,121.0
C9MRZK4B7K39,2023,15.0,103.0
C9MRZK4B7K39,2024,17.0,102.0
C9MRZK4B7K39,2025,16.0,39.0
C9MRZK4B7K39,2026,8.0,0.0
CDAQNZCL6287,2016,0.14459960135038796,1.3736962128286856
CDAQNZCL6287,2017,0.07229980067519398,0.5060986047263578
CDAQNZCL6287,2018,0.14459960135038796,14.89375893908996
CDAQNZCL6287,2019,0.21689940202558194,4.193388439161251
CDAQNZCL6287,2020,0.14459960135038796,2.4581932229565955
CDAQNZCL6287,2021,0.14459960135038796,0.9398974087775218
CDAQNZCL6287,2022,0.5783984054015519,9.109774885074442
CDAQNZCL6287,2023,0.8675976081023278,3.253491030383729
CDAQNZCL6287,2024,0.8675976081023278,4.193388439161251
CDAQNZCL6287,2025,0.5783984054015519,0.7952978074271337
CDAQNZCL6287,2026,0.7952978074271337,0.14459960135038796
CFMMM5JM7HJ9,2016,2707.0,84072.0
CFMMM5JM7HJ9,2017,2909.0,78994.0
CFMMM5JM7HJ9,2018,3033.0,93028.0
CFMMM5JM7HJ9,2019,3100.0,70500.0
CFMMM5JM7HJ9,2020,3622.0,68012.0
CFMMM5JM7HJ9,2021,4187.0,53436.0
CFMMM5JM7HJ9,2022,3090.0,37736.0
CFMMM5JM7HJ9,2023,3004.0,26286.0
CFMMM5JM7HJ9,2024,2878.0,15915.0
CFMMM5JM7HJ9,2025,2746.0,7391.0
CFMMM5JM7HJ9,2026,1162.0,288.0
CGCDJ24JJLZ1,2016,293.5744972059002,15117.955036194802
CGCDJ24JJLZ1,2017,319.9627074851231,15920.871780865704
CGCDJ24JJLZ1,2018,340.19517745907274,14662.928144364565
CGCDJ24JJLZ1,2019,360.1560706548486,12500.54331095188
CGCDJ24JJLZ1,2020,418.4545523694954,15174.759845629493
CGCDJ24JJLZ1,2021,408.22516039161485,9632.82832182542
CGCDJ24JJLZ1,2022,400.62101060274784,7834.130057183844
CGCDJ24JJLZ1,2023,437.60071523074976,5373.101293372681
CGCDJ24JJLZ1,2024,409.0851535224986,2868.212879886445
CGCDJ24JJLZ1,2025,402.2052084754285,1179.1863708307296
CGCDJ24JJLZ1,2026,166.02393705692907,43.76912408234744
CJAJYT2KW771,2016,223.0,9192.0
CJAJYT2KW771,2017,247.0,12918.0
CJAJYT2KW771,2018,264.0,7270.0
CJAJYT2KW771,2019,252.0,6482.0
CJAJYT2KW771,2020,348.0,8893.0
CJAJYT2KW771,2021,289.0,7378.0
CJAJYT2KW771,2022,327.0,5646.0
CJAJYT2KW771,2023,365.0,4329.0
CJAJYT2KW771,2024,386.0,2165.0
CJAJYT2KW771,2025,385.0,870.0
CJAJYT2KW771,2026,147.0,58.0
CJDNG9D14MW7,2016,1314.0,37004.0
CJDNG9D14MW7,2017,1391.0,37430.0
CJDNG9D14MW7,2018,1599.0,45528.0
CJDNG9D14MW7,2019,1633.0,45744.0
CJDNG9D14MW7,2020,1809.0,43781.0
CJDNG9D14MW7,2021,1860.0,33367.0
CJDNG9D14MW7,2022,1979.0,22003.0
CJDNG9D14MW7,2023,2000.0,15463.0
CJDNG9D14MW7,2024,1771.0,9283.0
CJDNG9D14MW7,2025,2117.0,3062.0
CJDNG9D14MW7,2026,800.0,127.0
CL7KJX2VFHS9,2016,289.0,4904.0
CL7KJX2VFHS9,2017,344.0,5990.0
CL7KJX2VFHS9,2018,429.0,6173.0
CL7KJX2VFHS9,2019,443.0,6375.0
CL7KJX2VFHS9,2020,482.0,5155.0
CL7KJX2VFHS9,2021,484.0,4670.0
CL7KJX2VFHS9,2022,498.0,6149.0
CL7KJX2VFHS9,2023,469.0,2820.0
CL7KJX2VFHS9,2024,507.0,1537.0
CL7KJX2VFHS9,2025,509.0,522.0
CL7KJX2VFHS9,2026,267.0,16.0
CWKJEXDG79A7,2016,45.7325372543984,2170.838665904075
CWKJEXDG79A7,2017,51.1799031877478,4107.947328388856
CWKJEXDG79A7,2018,52.32004954589069,2868.73492001621
CWKJEXDG79A7,2019,45.47917139703331,1311.0416289356483
CWKJEXDG79A7,2020,51.43326904511289,1432.1505087561604
CWKJEXDG79A7,2021,46.49263482649366,1033.4793321921943
CWKJEXDG79A7,2022,44.33902503889042,510.7855684480176
CWKJEXDG79A7,2023,38.638293248175934,326.9686389296462
CWKJEXDG79A7,2024,36.10463467452505,269.96132102250135
CWKJEXDG79A7,2025,28.630341882254957,55.867171549001924
CWKJEXDG79A7,2026,12.288244082206774,3.9271707891588656
D33QGS3Q3DJ3,2016,940.0,33215.0
D33QGS3Q3DJ3,2017,1021.0,36524.0
D33QGS3Q3DJ3,2018,1142.0,34614.0
D33QGS3Q3DJ3,2019,1254.0,35742.0
D33QGS3Q3DJ3,2020,1280.0,27137.0
D33QGS3Q3DJ3,2021,1182.0,19598.0
D33QGS3Q3DJ3,2022,1131.0,15263.0
D33QGS3Q3DJ3,2023,1323.0,13503.0
D33QGS3Q3DJ3,2024,1227.0,7658.0
D33QGS3Q3DJ3,2025,1385.0,5303.0
D33QGS3Q3DJ3,2026,660.0,158.0
D3LHU66KBLD5,2016,9643.0,554513.0
D3LHU66KBLD5,2017,10266.0,495152.0
D3LHU66KBLD5,2018,10743.0,487958.0
D3LHU66KBLD5,2019,31240.0,460694.0
D3LHU66KBLD5,2020,29234.0,486030.0
D3LHU66KBLD5,2021,21415.0,340566.0
D3LHU66KBLD5,2022,18324.0,222143.0
D3LHU66KBLD5,2023,18482.0,153367.0
D3LHU66KBLD5,2024,21738.0,81944.0
D3LHU66KBLD5,2025,25062.0,30705.0
D3LHU66KBLD5,2026,10764.0,1404.0
D5S9JZ1KDP49,2016,3.0,37.0
D5S9JZ1KDP49,2017,2.0,114.0
D5S9JZ1KDP49,2018,5.0,13.0
D5S9JZ1KDP49,2019,5.0,179.0
D5S9JZ1KDP49,2020,15.0,99.0
D5S9JZ1KDP49,2021,6.0,229.0
D5S9JZ1KDP49,2023,3.0,0.0
D5S9JZ1KDP49,2024,9.0,18.0
D5S9JZ1KDP49,2025,4.0,20.0
D5S9JZ1KDP49,2026,3.0,0.0
DAY7Z8ZD48Q3,2016,1460.0,68617.0
DAY7Z8ZD48Q3,2017,1209.0,59695.0
DAY7Z8ZD48Q3,2018,1343.0,50566.0
DAY7Z8ZD48Q3,2019,1329.0,68296.0
DAY7Z8ZD48Q3,2020,1783.0,43055.0
DAY7Z8ZD48Q3,2021,1579.0,34530.0
DAY7Z8ZD48Q3,2022,1600.0,25264.0
DAY7Z8ZD48Q3,2023,1759.0,15346.0
DAY7Z8ZD48Q3,2024,2057.0,9519.0
DAY7Z8ZD48Q3,2025,1856.0,3630.0
DAY7Z8ZD48Q3,2026,1037.0,139.0
DBP4N9GHCA14,2016,11.087792236200471,1133.0967679562593
DBP4N9GHCA14,2017,14.867721407632448,307.0562463593244
DBP4N9GHCA14,2018,16.127697798109775,291.3065414783578
DBP4N9GHCA14,2019,15.623707241918845,249.6013229535583
DBP4N9GHCA14,2020,20.789610442875883,299.49638801646046
DBP4N9GHCA14,2021,19.907626969541752,321.16798193267044
DBP4N9GHCA14,2022,23.561558501926,270.51693103548195
DBP4N9GHCA14,2023,25.95551364383292,168.45884340681852
DBP4N9GHCA14,2024,38.17728463146298,139.10139350869682
DBP4N9GHCA14,2025,35.1533412943174,81.1424795467398
DBP4N9GHCA14,2026,17.639669466682566,2.015962224763722
DDL5KU1YZLP3,2016,0.17019836694150428,6.059061863117552
DDL5KU1YZLP3,2017,0.034039673388300856,0.7829124879309197
DDL5KU1YZLP3,2018,0.37443640727130945,2.110459750074653
DDL5KU1YZLP3,2019,0.10211902016490257,0.5786744476011145
DDL5KU1YZLP3,2020,0.238277713718106,4.186879826761006
DDL5KU1YZLP3,2021,0.34039673388300856,2.1444994234629537
DDL5KU1YZLP3,2022,0.34039673388300856,4.697474927585518
DDL5KU1YZLP3,2023,0.8509918347075214,35.23106195689139
DDL5KU1YZLP3,2024,1.0211902016490257,4.084760806596103
DDL5KU1YZLP3,2025,0.8509918347075214,2.587015177510865
DDL5KU1YZLP3,2026,0.27231738710640685,0.3063570604947077
DFNLDECWM8J8,2016,1392.0,29040.0
DFNLDECWM8J8,2017,1186.0,30016.0
DFNLDECWM8J8,2018,1181.0,27114.0
DFNLDECWM8J8,2019,978.0,21881.0
DFNLDECWM8J8,2020,1079.0,21919.0
DFNLDECWM8J8,2021,809.0,27860.0
DFNLDECWM8J8,2022,699.0,13153.0
DFNLDECWM8J8,2023,717.0,6895.0
DFNLDECWM8J8,2024,746.0,3939.0
DFNLDECWM8J8,2025,672.0,1573.0
DFNLDECWM8J8,2026,257.0,40.0
DKMDCB5HNBL7,2016,331.0,15590.0
DKMDCB5HNBL7,2017,386.0,17388.0
DKMDCB5HNBL7,2018,449.0,16227.0
DKMDCB5HNBL7,2019,474.0,14448.0
DKMDCB5HNBL7,2020,474.0,14290.0
DKMDCB5HNBL7,2021,536.0,10676.0
DKMDCB5HNBL7,2022,595.0,8588.0
DKMDCB5HNBL7,2023,593.0,5539.0
DKMDCB5HNBL7,2024,551.0,2917.0
DKMDCB5HNBL7,2025,601.0,1093.0
DKMDCB5HNBL7,2026,326.0,66.0
DLTJBDQBGBC9,2016,174.0,4500.0
DLTJBDQBGBC9,2017,183.0,4743.0
DLTJBDQBGBC9,2018,215.0,10905.0
DLTJBDQBGBC9,2019,197.0,5123.0
DLTJBDQBGBC9,2020,243.0,4716.0
DLTJBDQBGBC9,2021,300.0,4679.0
DLTJBDQBGBC9,2022,355.0,3923.0
DLTJBDQBGBC9,2023,394.0,3319.0
DLTJBDQBGBC9,2024,397.0,1756.0
DLTJBDQBGBC9,2025,452.0,711.0
DLTJBDQBGBC9,2026,243.0,22.0
DLUTVJJ15U66,2016,4.314335869128185,274.88482823302434
DLUTVJJ15U66,2017,4.0061690213333145,154.39159074523005
DLUTVJJ15U66,2018,4.314335869128185,176.8877706342556
DLUTVJJ15U66,2019,3.6980021735384443,67.79670651487147
DLUTVJJ15U66,2020,49.923029342769,129.1219092260507
DLUTVJJ15U66,2021,11.402173368410203,278.27466355876794
DLUTVJJ15U66,2022,4.314335869128185,43.14335869128185
DLUTVJJ15U66,2023,17.56551032430761,77.65804564430734
DLUTVJJ15U66,2024,9.24500543384611,46.53319401702542
DLUTVJJ15U66,2025,4.622502716923055,2.465334782358963
DLUTVJJ15U66,2026,1.2326673911794814,0.0
DLWBSLWAJWR1,2016,12597.0,442061.0
DLWBSLWAJWR1,2017,11620.0,435827.0
DLWBSLWAJWR1,2018,12157.0,437694.0
DLWBSLWAJWR1,2019,13497.0,359918.0
DLWBSLWAJWR1,2020,14671.0,393353.0
DLWBSLWAJWR1,2021,14885.0,276746.0
DLWBSLWAJWR1,2022,13739.0,215219.0
DLWBSLWAJWR1,2023,14272.0,140125.0
DLWBSLWAJWR1,2024,14879.0,80966.0
DLWBSLWAJWR1,2025,13835.0,28284.0
DLWBSLWAJWR1,2026,6340.0,1094.0
DMDEQP66JL85,2016,500.0,13909.0
DMDEQP66JL85,2017,576.0,15328.0
DMDEQP66JL85,2018,647.0,13364.0
DMDEQP66JL85,2019,714.0,20528.0
DMDEQP66JL85,2020,1285.0,20295.0
DMDEQP66JL85,2021,1056.0,13830.0
DMDEQP66JL85,2022,1131.0,14384.0
DMDEQP66JL85,2023,1315.0,8018.0
DMDEQP66JL85,2024,1474.0,5722.0
DMDEQP66JL85,2025,1324.0,1924.0
DMDEQP66JL85,2026,871.0,76.0
DMQNDJDHTDG4,2016,2355.0,71248.0
DMQNDJDHTDG4,2017,2635.0,74528.0
DMQNDJDHTDG4,2018,2753.0,76245.0
DMQNDJDHTDG4,2019,3076.0,78688.0
DMQNDJDHTDG4,2020,3614.0,75159.0
DMQNDJDHTDG4,2021,3682.0,63195.0
DMQNDJDHTDG4,2022,4057.0,49392.0
DMQNDJDHTDG4,2023,4068.0,34825.0
DMQNDJDHTDG4,2024,4281.0,20967.0
DMQNDJDHTDG4,2025,4843.0,6959.0
DMQNDJDHTDG4,2026,1853.0,286.0
DNZNC466DGR7,2016,834.0,24499.0
DNZNC466DGR7,2017,844.0,22481.0
DNZNC466DGR7,2018,805.0,27460.0
DNZNC466DGR7,2019,869.0,22661.0
DNZNC466DGR7,2020,832.0,20033.0
DNZNC466DGR7,2021,813.0,14776.0
DNZNC466DGR7,2022,813.0,10614.0
DNZNC466DGR7,2023,803.0,7765.0
DNZNC466DGR7,2024,1029.0,5956.0
DNZNC466DGR7,2025,1079.0,2407.0
DNZNC466DGR7,2026,532.0,98.0
DPMGH9MG1X67,2016,3664.0,308809.0
DPMGH9MG1X67,2017,3844.0,312323.0
DPMGH9MG1X67,2018,3883.0,310526.0
DPMGH9MG1X67,2019,4315.0,249540.0
DPMGH9MG1X67,2020,4899.0,274736.0
DPMGH9MG1X67,2021,5071.0,243404.0
DPMGH9MG1X67,2022,5086.0,136128.0
DPMGH9MG1X67,2023,5621.0,99119.0
DPMGH9MG1X67,2024,5458.0,60514.0
DPMGH9MG1X67,2025,5225.0,18843.0
DPMGH9MG1X67,2026,2752.0,901.0
DQDBM7FGJPC5,2016,5677.0,159877.0
DQDBM7FGJPC5,2017,6029.0,155639.0
DQDBM7FGJPC5,2018,5866.0,158810.0
DQDBM7FGJPC5,2019,5431.0,147259.0
DQDBM7FGJPC5,2020,5745.0,129185.0
DQDBM7FGJPC5,2021,6692.0,91910.0
DQDBM7FGJPC5,2022,5469.0,65847.0
DQDBM7FGJPC5,2023,5233.0,44140.0
DQDBM7FGJPC5,2024,4998.0,26376.0
DQDBM7FGJPC5,2025,4950.0,9893.0
DQDBM7FGJPC5,2026,2318.0,370.0
DRRKVZVXSND3,2016,4.0,58.0
DRRKVZVXSND3,2017,5.0,561.0
DRRKVZVXSND3,2018,9.0,497.0
DRRKVZVXSND3,2019,23.0,341.0
DRRKVZVXSND3,2020,15.0,235.0
DRRKVZVXSND3,2021,10.0,155.0
DRRKVZVXSND3,2022,16.0,273.0
DRRKVZVXSND3,2023,12.0,60.0
DRRKVZVXSND3,2024,25.0,117.0
DRRKVZVXSND3,2025,26.0,49.0
DRRKVZVXSND3,2026,8.0,0.0
DRTAEZWWJHM8,2016,91.0,3797.0
DRTAEZWWJHM8,2017,123.0,7743.0
DRTAEZWWJHM8,2018,142.0,6246.0
DRTAEZWWJHM8,2019,124.0,5260.0
DRTAEZWWJHM8,2020,125.0,5261.0
DRTAEZWWJHM8,2021,112.0,1781.0
DRTAEZWWJHM8,2022,124.0,2841.0
DRTAEZWWJHM8,2023,187.0,2023.0
DRTAEZWWJHM8,2024,206.0,688.0
DRTAEZWWJHM8,2025,149.0,335.0
DRTAEZWWJHM8,2026,55.0,13.0
DSLXBD7UWRV6,2016,862.3627969488574,23631.066855889498
DSLXBD7UWRV6,2017,854.6087319795035,23218.439827163165
DSLXBD7UWRV6,2018,852.3932848454024,22155.025202794634
DSLXBD7UWRV6,2019,1723.0640085471389,19976.132946406193
DSLXBD7UWRV6,2020,1297.1442970162004,19611.138031063034
DSLXBD7UWRV6,2021,1114.3699084528587,17290.45715809212
DSLXBD7UWRV6,2022,1084.4613721424937,10853.475509961341
DSLXBD7UWRV6,2023,1381.3312881120426,7708.09444132129
DSLXBD7UWRV6,2024,2133.4755901393696,4682.901379706223
DSLXBD7UWRV6,2025,1735.248967784695,2242.5863614938494
DSLXBD7UWRV6,2026,654.110766343353,58.15548727015416
DVHKP4N619V9,2016,1684.0,72900.0
DVHKP4N619V9,2017,1623.0,90186.0
DVHKP4N619V9,2018,1656.0,89716.0
DVHKP4N619V9,2019,2075.0,80952.0
DVHKP4N619V9,2020,2373.0,82483.0
DVHKP4N619V9,2021,2436.0,84886.0
DVHKP4N619V9,2022,2588.0,53647.0
DVHKP4N619V9,2023,2938.0,37868.0
DVHKP4N619V9,2024,2804.0,22713.0
DVHKP4N619V9,2025,2939.0,6287.0
DVHKP4N619V9,2026,1363.0,239.0
DVL1CMRMWRN9,2016,903.0,37372.0
DVL1CMRMWRN9,2017,926.0,37843.0
DVL1CMRMWRN9,2018,1024.0,52551.0
DVL1CMRMWRN9,2019,1071.0,33964.0
DVL1CMRMWRN9,2020,1388.0,48177.0
DVL1CMRMWRN9,2021,1417.0,25707.0
DVL1CMRMWRN9,2022,1356.0,29864.0
DVL1CMRMWRN9,2023,1423.0,14542.0
DVL1CMRMWRN9,2024,1466.0,8115.0
DVL1CMRMWRN9,2025,1385.0,2703.0
DVL1CMRMWRN9,2026,708.0,113.0
DW1XZMGNFBL4,2016,226.0,25212.0
DW1XZMGNFBL4,2017,229.0,25417.0
DW1XZMGNFBL4,2018,234.0,24498.0
DW1XZMGNFBL4,2019,248.0,12429.0
DW1XZMGNFBL4,2020,268.0,12061.0
DW1XZMGNFBL4,2021,296.0,13325.0
DW1XZMGNFBL4,2022,307.0,6455.0
DW1XZMGNFBL4,2023,300.0,3622.0
DW1XZMGNFBL4,2024,273.0,1689.0
DW1XZMGNFBL4,2025,245.0,745.0
DW1XZMGNFBL4,2026,156.0,28.0
DWH7MSXKA2A8,2016,421.80042764399866,20518.22382896248
DWH7MSXKA2A8,2017,401.92048945585935,15916.117870539616
DWH7MSXKA2A8,2018,421.80042764399866,16259.927771445531
DWH7MSXKA2A8,2019,510.4955364833893,13349.07929694139
DWH7MSXKA2A8,2020,508.8333342937455,15033.621484013956
DWH7MSXKA2A8,2021,473.328695522955,10362.766843027424
DWH7MSXKA2A8,2022,465.88202971335096,7012.498597669063
DWH7MSXKA2A8,2023,513.0885718992336,5233.609814312319
DWH7MSXKA2A8,2024,475.85524285121346,2792.6991428642614
DWH7MSXKA2A8,2025,463.4219704726782,961.9496511906325
DWH7MSXKA2A8,2026,245.14157892866064,45.14541147072432
DYZNJGLTHMR9,2016,823.0,26275.0
DYZNJGLTHMR9,2017,896.0,17424.0
DYZNJGLTHMR9,2018,863.0,22877.0
DYZNJGLTHMR9,2019,936.0,17422.0
DYZNJGLTHMR9,2020,1056.0,18802.0
DYZNJGLTHMR9,2021,1184.0,22252.0
DYZNJGLTHMR9,2022,1224.0,12650.0
DYZNJGLTHMR9,2023,1342.0,10292.0
DYZNJGLTHMR9,2024,1279.0,4512.0
DYZNJGLTHMR9,2025,1644.0,2990.0
DYZNJGLTHMR9,2026,742.0,152.0
DZ4YCZ3QSPR5,2016,4083.0,137785.0
DZ4YCZ3QSPR5,2017,4356.0,143146.0
DZ4YCZ3QSPR5,2018,4170.0,138656.0
DZ4YCZ3QSPR5,2019,4525.0,137485.0
DZ4YCZ3QSPR5,2020,5390.0,170704.0
DZ4YCZ3QSPR5,2021,5029.0,95181.0
DZ4YCZ3QSPR5,2022,5294.0,79352.0
DZ4YCZ3QSPR5,2023,5180.0,51799.0
DZ4YCZ3QSPR5,2024,5378.0,32131.0
DZ4YCZ3QSPR5,2025,4841.0,9123.0
DZ4YCZ3QSPR5,2026,2171.0,341.0
DZFJT2KH9C43,2016,272.0,9882.0
DZFJT2KH9C43,2017,323.0,9056.0
DZFJT2KH9C43,2018,352.0,7875.0
DZFJT2KH9C43,2019,356.0,6367.0
DZFJT2KH9C43,2020,518.0,7941.0
DZFJT2KH9C43,2021,485.0,6786.0
DZFJT2KH9C43,2022,418.0,5305.0
DZFJT2KH9C43,2023,511.0,2911.0
DZFJT2KH9C43,2024,476.0,1554.0
DZFJT2KH9C43,2025,386.0,417.0
DZFJT2KH9C43,2026,177.0,51.0
E13MDBKHLDB5,2016,1120.0,32063.0
E13MDBKHLDB5,2017,1161.0,41624.0
E13MDBKHLDB5,2018,1147.0,31902.0
E13MDBKHLDB5,2019,1276.0,29632.0
E13MDBKHLDB5,2020,1458.0,36351.0
E13MDBKHLDB5,2021,1368.0,26929.0
E13MDBKHLDB5,2022,1396.0,22157.0
E13MDBKHLDB5,2023,1435.0,13122.0
E13MDBKHLDB5,2024,1477.0,9102.0
E13MDBKHLDB5,2025,1561.0,2617.0
E13MDBKHLDB5,2026,760.0,146.0
E1KJM4T54MK6,2016,2457.0,106591.0
E1KJM4T54MK6,2017,2765.0,91137.0
E1KJM4T54MK6,2018,2836.0,91056.0
E1KJM4T54MK6,2019,2802.0,66978.0
E1KJM4T54MK6,2020,3051.0,68631.0
E1KJM4T54MK6,2021,3024.0,55820.0
E1KJM4T54MK6,2022,2896.0,44551.0
E1KJM4T54MK6,2023,2857.0,31639.0
E1KJM4T54MK6,2024,4336.0,18524.0
E1KJM4T54MK6,2025,2758.0,5486.0
E1KJM4T54MK6,2026,1188.0,204.0
E2NDENMDUEG8,2016,1052.0,34293.0
E2NDENMDUEG8,2017,1057.0,32029.0
E2NDENMDUEG8,2018,1122.0,26975.0
E2NDENMDUEG8,2019,1113.0,29612.0
E2NDENMDUEG8,2020,1351.0,32962.0
E2NDENMDUEG8,2021,1234.0,22518.0
E2NDENMDUEG8,2022,1153.0,15110.0
E2NDENMDUEG8,2023,1174.0,11458.0
E2NDENMDUEG8,2024,1321.0,8646.0
E2NDENMDUEG8,2025,1257.0,2719.0
E2NDENMDUEG8,2026,509.0,72.0
E2NYLCDML6V1,2016,10227.0,735137.0
E2NYLCDML6V1,2017,10308.0,716321.0
E2NYLCDML6V1,2018,11022.0,652583.0
E2NYLCDML6V1,2019,14913.0,623535.0
E2NYLCDML6V1,2020,14319.0,550840.0
E2NYLCDML6V1,2021,13162.0,389202.0
E2NYLCDML6V1,2022,11589.0,282539.0
E2NYLCDML6V1,2023,12633.0,210873.0
E2NYLCDML6V1,2024,13339.0,118403.0
E2NYLCDML6V1,2025,12509.0,38715.0
E2NYLCDML6V1,2026,5539.0,3229.0
E3FDXZ6TBHW3,2016,4748.0,269294.0
E3FDXZ6TBHW3,2017,5152.0,227251.0
E3FDXZ6TBHW3,2018,5718.0,262022.0
E3FDXZ6TBHW3,2019,5653.0,184917.0
E3FDXZ6TBHW3,2020,6454.0,210924.0
E3FDXZ6TBHW3,2021,6491.0,165236.0
E3FDXZ6TBHW3,2022,6547.0,108247.0
E3FDXZ6TBHW3,2023,6808.0,83894.0
E3FDXZ6TBHW3,2024,7049.0,49205.0
E3FDXZ6TBHW3,2025,6875.0,16879.0
E3FDXZ6TBHW3,2026,2992.0,761.0
E4SPG9ZLLE76,2016,23.0,944.0
E4SPG9ZLLE76,2017,14.0,265.0
E4SPG9ZLLE76,2018,19.0,324.0
E4SPG9ZLLE76,2019,13.0,268.0
E4SPG9ZLLE76,2020,16.0,361.0
E4SPG9ZLLE76,2021,9.0,56.0
E4SPG9ZLLE76,2022,14.0,147.0
E4SPG9ZLLE76,2023,16.0,60.0
E4SPG9ZLLE76,2024,13.0,49.0
E4SPG9ZLLE76,2025,17.0,77.0
E4SPG9ZLLE76,2026,21.0,2.0
E4Z2NUYUMHF9,2016,1025.0,31917.0
E4Z2NUYUMHF9,2017,1150.0,31366.0
E4Z2NUYUMHF9,2018,1129.0,26231.0
E4Z2NUYUMHF9,2019,1264.0,29518.0
E4Z2NUYUMHF9,2020,1418.0,26780.0
E4Z2NUYUMHF9,2021,1423.0,23724.0
E4Z2NUYUMHF9,2022,1467.0,21560.0
E4Z2NUYUMHF9,2023,1708.0,10222.0
E4Z2NUYUMHF9,2024,2074.0,7474.0
E4Z2NUYUMHF9,2025,1757.0,3161.0
E4Z2NUYUMHF9,2026,850.0,132.0
E6KZG3MNE1D5,2016,90.0,5053.0
E6KZG3MNE1D5,2017,92.0,2731.0
E6KZG3MNE1D5,2018,98.0,3409.0
E6KZG3MNE1D5,2019,141.0,4133.0
E6KZG3MNE1D5,2020,171.0,4891.0
E6KZG3MNE1D5,2021,176.0,3261.0
E6KZG3MNE1D5,2022,182.0,2431.0
E6KZG3MNE1D5,2023,169.0,2498.0
E6KZG3MNE1D5,2024,194.0,1036.0
E6KZG3MNE1D5,2025,133.0,555.0
E6KZG3MNE1D5,2026,84.0,9.0
E8VWJXMMUQ67,2016,2382.0,84492.0
E8VWJXMMUQ67,2017,2694.0,83715.0
E8VWJXMMUQ67,2018,2889.0,88872.0
E8VWJXMMUQ67,2019,3125.0,82118.0
E8VWJXMMUQ67,2020,3558.0,108789.0
E8VWJXMMUQ67,2021,3790.0,76622.0
E8VWJXMMUQ67,2022,3933.0,53708.0
E8VWJXMMUQ67,2023,4316.0,42211.0
E8VWJXMMUQ67,2024,4260.0,22141.0
E8VWJXMMUQ67,2025,4160.0,8990.0
E8VWJXMMUQ67,2026,1885.0,530.0
EADLFP7Z72E5,2016,2847.0,87048.0
EADLFP7Z72E5,2017,3016.0,87476.0
EADLFP7Z72E5,2018,3206.0,68295.0
EADLFP7Z72E5,2019,3284.0,81603.0
EADLFP7Z72E5,2020,5023.0,73542.0
EADLFP7Z72E5,2021,3924.0,65609.0
EADLFP7Z72E5,2022,4107.0,46092.0
EADLFP7Z72E5,2023,4707.0,31396.0
EADLFP7Z72E5,2024,5577.0,18259.0
EADLFP7Z72E5,2025,6903.0,8149.0
EADLFP7Z72E5,2026,2189.0,384.0
EAL3QNJK3CB9,2016,0.4896508825724583,102.50025141850128
EAL3QNJK3CB9,2017,2.4482544128622914,395.3114791968313
EAL3QNJK3CB9,2018,4.896508825724583,284.81359669631325
EAL3QNJK3CB9,2019,2.774688334577264,189.65810851639884
EAL3QNJK3CB9,2020,4.570074904009611,223.280802453041
EAL3QNJK3CB9,2021,5.549376669154528,128.77818211655654
EAL3QNJK3CB9,2022,4.406857943152125,86.9946401370401
EAL3QNJK3CB9,2023,3.9172070605796665,52.55586139611052
EAL3QNJK3CB9,2024,4.243640982294639,16.648130007463582
EAL3QNJK3CB9,2025,4.243640982294639,11.098753338309056
EAL3QNJK3CB9,2026,1.1425187260024028,0.1632169608574861
EB8ASJBCFER9,2016,2781.0,137151.0
EB8ASJBCFER9,2017,2825.0,116224.0
EB8ASJBCFER9,2018,2951.0,98838.0
EB8ASJBCFER9,2019,3863.0,84406.0
EB8ASJBCFER9,2020,5309.0,134020.0
EB8ASJBCFER9,2021,4525.0,68887.0
EB8ASJBCFER9,2022,4377.0,49446.0
EB8ASJBCFER9,2023,4041.0,35232.0
EB8ASJBCFER9,2024,5235.0,19655.0
EB8ASJBCFER9,2025,6414.0,9811.0
EB8ASJBCFER9,2026,2052.0,763.0
ECESTN2SSVH1,2016,1019.0,20390.0
ECESTN2SSVH1,2017,1124.0,24922.0
ECESTN2SSVH1,2018,1178.0,19161.0
ECESTN2SSVH1,2019,1122.0,17569.0
ECESTN2SSVH1,2020,1355.0,25103.0
ECESTN2SSVH1,2021,1268.0,17694.0
ECESTN2SSVH1,2022,1127.0,10237.0
ECESTN2SSVH1,2023,1193.0,6279.0
ECESTN2SSVH1,2024,1057.0,4120.0
ECESTN2SSVH1,2025,1102.0,1208.0
ECESTN2SSVH1,2026,612.0,69.0
ECQEYCHRNKJ4,2016,2901.5357520205407,94214.8455939932
ECQEYCHRNKJ4,2017,2589.883591022599,90819.92503126127
ECQEYCHRNKJ4,2018,4141.184422193495,81976.1182988234
ECQEYCHRNKJ4,2019,2944.068925357729,70351.41536055774
ECQEYCHRNKJ4,2020,3234.841164899233,76830.37765544796
ECQEYCHRNKJ4,2021,3005.93535930273,51469.779720543476
ECQEYCHRNKJ4,2022,2978.868794451792,43557.062818977865
ECQEYCHRNKJ4,2023,2912.362377960916,30560.471707981804
ECQEYCHRNKJ4,2024,2951.0288991765415,18715.369598787074
ECQEYCHRNKJ4,2025,2913.909038809541,4824.808517285755
ECQEYCHRNKJ4,2026,1381.941468246457,203.38590159419036
ECR5E2LU5BL6,2016,4091.0,156456.0
ECR5E2LU5BL6,2017,4504.0,140875.0
ECR5E2LU5BL6,2018,4934.0,126936.0
ECR5E2LU5BL6,2019,5349.0,130621.0
ECR5E2LU5BL6,2020,6779.0,152627.0
ECR5E2LU5BL6,2021,6588.0,106929.0
ECR5E2LU5BL6,2022,6007.0,85129.0
ECR5E2LU5BL6,2023,5949.0,53959.0
ECR5E2LU5BL6,2024,6224.0,29955.0
ECR5E2LU5BL6,2025,5936.0,10784.0
ECR5E2LU5BL6,2026,2654.0,524.0
ED44Y3W6P7B9,2016,7565.0,304804.0
ED44Y3W6P7B9,2017,7887.0,285863.0
ED44Y3W6P7B9,2018,8835.0,289548.0
ED44Y3W6P7B9,2019,9558.0,301940.0
ED44Y3W6P7B9,2020,11081.0,287428.0
ED44Y3W6P7B9,2021,10750.0,206092.0
ED44Y3W6P7B9,2022,10448.0,147037.0
ED44Y3W6P7B9,2023,12324.0,117973.0
ED44Y3W6P7B9,2024,11086.0,65707.0
ED44Y3W6P7B9,2025,10719.0,22521.0
ED44Y3W6P7B9,2026,5039.0,1196.0
EGLKRQ5JBCZ7,2016,3476.0,125384.0
EGLKRQ5JBCZ7,2017,3892.0,123223.0
EGLKRQ5JBCZ7,2018,4029.0,98424.0
EGLKRQ5JBCZ7,2019,4365.0,104433.0
EGLKRQ5JBCZ7,2020,5029.0,96953.0
EGLKRQ5JBCZ7,2021,5212.0,80471.0
EGLKRQ5JBCZ7,2022,4886.0,66358.0
EGLKRQ5JBCZ7,2023,5507.0,46984.0
EGLKRQ5JBCZ7,2024,6249.0,28282.0
EGLKRQ5JBCZ7,2025,6018.0,11306.0
EGLKRQ5JBCZ7,2026,2904.0,454.0
EJ3UF7TK8RT5,2016,1278.0,71213.0
EJ3UF7TK8RT5,2017,1255.0,67186.0
EJ3UF7TK8RT5,2018,1373.0,51243.0
EJ3UF7TK8RT5,2019,1405.0,50878.0
EJ3UF7TK8RT5,2020,1663.0,44924.0
EJ3UF7TK8RT5,2021,1590.0,31149.0
EJ3UF7TK8RT5,2022,1560.0,17444.0
EJ3UF7TK8RT5,2023,1757.0,15138.0
EJ3UF7TK8RT5,2024,1772.0,9444.0
EJ3UF7TK8RT5,2025,1618.0,2228.0
EJ3UF7TK8RT5,2026,793.0,112.0
EJABWGUJM228,2016,0.41916296297263467,110.74285481737009
EJABWGUJM228,2017,0.25149777778358084,7.880263703885532
EJABWGUJM228,2018,0.16766518518905388,2.5149777778358082
EJABWGUJM228,2019,1.1736562963233772,103.53325185424077
EJABWGUJM228,2020,0.5868281481616886,35.37735407489037
EJABWGUJM228,2021,0.25149777778358084,1.8443170370795927
EJABWGUJM228,2022,0.41916296297263467,5.616783703833305
EJABWGUJM228,2023,0.5029955555671617,1.7604844444850658
EJABWGUJM228,2024,0.6706607407562155,4.526960000104455
EJABWGUJM228,2025,1.6766518518905387,9.640748148370598
EJABWGUJM228,2026,1.341321481512431,0.16766518518905388
EJCVPNN1WFS5,2016,2144.0,80683.0
EJCVPNN1WFS5,2017,2195.0,78518.0
EJCVPNN1WFS5,2018,2377.0,80651.0
EJCVPNN1WFS5,2019,2251.0,61230.0
EJCVPNN1WFS5,2020,2520.0,62812.0
EJCVPNN1WFS5,2021,2589.0,48719.0
EJCVPNN1WFS5,2022,2319.0,32003.0
EJCVPNN1WFS5,2023,2589.0,26855.0
EJCVPNN1WFS5,2024,2678.0,17286.0
EJCVPNN1WFS5,2025,3003.0,7035.0
EJCVPNN1WFS5,2026,1330.0,298.0
EJMHW8SL81L7,2016,181.81507839125535,6931.2374307749205
EJMHW8SL81L7,2017,214.027476895314,6489.219259425461
EJMHW8SL81L7,2018,195.19179569721248,6943.350916766994
EJMHW8SL81L7,2019,210.28289835772736,6266.439394141089
EJMHW8SL81L7,2020,240.1267381482523,6566.073350254122
EJMHW8SL81L7,2021,240.4651036787571,4963.5290823792375
EJMHW8SL81L7,2022,237.08144837370892,3909.7460318770673
EJMHW8SL81L7,2023,247.39031820308904,2545.2531935633397
EJMHW8SL81L7,2024,247.57077981935828,1461.3330531442066
EJMHW8SL81L7,2025,230.06600304124237,548.7161019686461
EJMHW8SL81L7,2026,123.18761080578729,18.9935851123371
EK93EZLLBSC4,2016,1.1030411399868818,291.42346918453416
EK93EZLLBSC4,2017,0.661824683992129,20.737173431753376
EK93EZLLBSC4,2018,0.4412164559947527,6.61824683992129
EK93EZLLBSC4,2019,3.0885151919632685,272.4511615767598
EK93EZLLBSC4,2020,1.5442575959816343,93.09667221489282
EK93EZLLBSC4,2021,0.661824683992129,4.853381015942279
EK93EZLLBSC4,2022,1.1030411399868818,14.780751275824215
EK93EZLLBSC4,2023,1.323649367984258,4.632772787944903
EK93EZLLBSC4,2024,1.7648658239790107,11.912844311858322
EK93EZLLBSC4,2025,4.412164559947527,25.369946219698278
EK93EZLLBSC4,2026,3.5297316479580214,0.4412164559947527
EKHKFP33NN53,2016,211.0,4896.0
EKHKFP33NN53,2017,199.0,4281.0
EKHKFP33NN53,2018,203.0,4567.0
EKHKFP33NN53,2019,270.0,3779.0
EKHKFP33NN53,2020,322.0,4021.0
EKHKFP33NN53,2021,309.0,3988.0
EKHKFP33NN53,2022,259.0,2193.0
EKHKFP33NN53,2023,262.0,1290.0
EKHKFP33NN53,2024,261.0,999.0
EKHKFP33NN53,2025,266.0,517.0
EKHKFP33NN53,2026,122.0,11.0
ELA9KB9GJCN8,2016,694.6372030511427,19034.933144110502
ELA9KB9GJCN8,2017,688.3912680204966,18702.560172836835
ELA9KB9GJCN8,2018,686.6067151545977,17845.97479720537
ELA9KB9GJCN8,2019,1387.9359914528611,16090.86705359381
ELA9KB9GJCN8,2020,1044.8557029837998,15796.86196893697
ELA9KB9GJCN8,2021,897.6300915471413,13927.542841907882
ELA9KB9GJCN8,2022,873.5386278575064,8742.524490038659
ELA9KB9GJCN8,2023,1112.6687118879574,6208.905558678711
ELA9KB9GJCN8,2024,1718.5244098606304,3772.0986202937775
ELA9KB9GJCN8,2025,1397.751032215305,1806.4136385061508
ELA9KB9GJCN8,2026,526.8892336566471,46.844512729845846
ELVQARY4EJZ4,2016,69.0,4633.0
ELVQARY4EJZ4,2017,78.0,3503.0
ELVQARY4EJZ4,2018,97.0,2853.0
ELVQARY4EJZ4,2019,98.0,3946.0
ELVQARY4EJZ4,2020,183.0,7710.0
ELVQARY4EJZ4,2021,164.0,2563.0
ELVQARY4EJZ4,2022,237.0,2505.0
ELVQARY4EJZ4,2023,184.0,1541.0
ELVQARY4EJZ4,2024,206.0,1525.0
ELVQARY4EJZ4,2025,214.0,899.0
ELVQARY4EJZ4,2026,122.0,20.0
EMW9FC8J3HN4,2016,6825.0,333814.0
EMW9FC8J3HN4,2017,7060.0,363403.0
EMW9FC8J3HN4,2018,7449.0,306626.0
EMW9FC8J3HN4,2019,7988.0,321301.0
EMW9FC8J3HN4,2020,8915.0,278323.0
EMW9FC8J3HN4,2021,8947.0,214586.0
EMW9FC8J3HN4,2022,9488.0,138697.0
EMW9FC8J3HN4,2023,8678.0,101704.0
EMW9FC8J3HN4,2024,8955.0,60113.0
EMW9FC8J3HN4,2025,8916.0,19563.0
EMW9FC8J3HN4,2026,4411.0,861.0
EN9DMTETW3N1,2016,606.0,11657.0
EN9DMTETW3N1,2017,724.0,16207.0
EN9DMTETW3N1,2018,669.0,16437.0
EN9DMTETW3N1,2019,716.0,13018.0
EN9DMTETW3N1,2020,970.0,15415.0
EN9DMTETW3N1,2021,955.0,13513.0
EN9DMTETW3N1,2022,982.0,10398.0
EN9DMTETW3N1,2023,985.0,8569.0
EN9DMTETW3N1,2024,966.0,4065.0
EN9DMTETW3N1,2025,977.0,1689.0
EN9DMTETW3N1,2026,537.0,73.0
ENBLDJUN4N73,2016,120.29629391177338,5190.447481009993
ENBLDJUN4N73,2017,130.1487395185223,5228.54819723749
ENBLDJUN4N73,2018,130.63102706570578,4468.118531771142
ENBLDJUN4N73,2019,136.6940705160128,4362.153067832823
ENBLDJUN4N73,2020,158.3970101392709,4753.219370377625
ENBLDJUN4N73,2021,150.06032539509874,3302.5673266706444
ENBLDJUN4N73,2022,145.78863569147333,2273.8479885282113
ENBLDJUN4N73,2023,159.01709412850684,1479.9337876431225
ENBLDJUN4N73,2024,203.45644669041624,1597.6119491558998
ENBLDJUN4N73,2025,341.1839905218223,1094.3104445593908
ENBLDJUN4N73,2026,168.86953973525576,46.29960452961724
EQH8NQ4AXFT7,2016,1931.011188256072,67056.39523710616
EQH8NQ4AXFT7,2017,2101.2772147960795,73800.72478617403
EQH8NQ4AXFT7,2018,2357.0501917068373,71645.60062887042
EQH8NQ4AXFT7,2019,2438.81777107012,66335.94308966747
EQH8NQ4AXFT7,2020,2898.2618221875928,68575.07844893885
EQH8NQ4AXFT7,2021,2730.4887096525636,52554.36659594679
EQH8NQ4AXFT7,2022,2691.8485425754025,37413.653386712016
EQH8NQ4AXFT7,2023,2728.494378448581,26479.233978076874
EQH8NQ4AXFT7,2024,3449.445108688261,16460.7111748707
EQH8NQ4AXFT7,2025,2874.8284305407983,5690.824090564112
EQH8NQ4AXFT7,2026,1301.3011105985922,229.84667125898508
ETGMYV7CKAJ7,2016,51.0,1654.0
ETGMYV7CKAJ7,2017,89.0,4235.0
ETGMYV7CKAJ7,2018,88.0,3472.0
ETGMYV7CKAJ7,2019,115.0,2273.0
ETGMYV7CKAJ7,2020,117.0,2265.0
ETGMYV7CKAJ7,2021,164.0,3088.0
ETGMYV7CKAJ7,2022,311.0,3627.0
ETGMYV7CKAJ7,2023,441.0,3108.0
ETGMYV7CKAJ7,2024,450.0,2814.0
ETGMYV7CKAJ7,2025,594.0,830.0
ETGMYV7CKAJ7,2026,306.0,62.0
EUYXHRL5MLL3,2016,0.5051168903486418,133.45188243011117
EUYXHRL5MLL3,2017,0.30307013420918505,9.496197538554465
EUYXHRL5MLL3,2018,0.20204675613945672,3.030701342091851
EUYXHRL5MLL3,2019,1.414327292976197,124.76387191611452
EUYXHRL5MLL3,2020,0.7071636464880985,42.63186554542537
EUYXHRL5MLL3,2021,0.30307013420918505,2.222514317534024
EUYXHRL5MLL3,2022,0.5051168903486418,6.7685663306718
EUYXHRL5MLL3,2023,0.6061402684183701,2.1214909394642953
EUYXHRL5MLL3,2024,0.8081870245578269,5.455262415765332
EUYXHRL5MLL3,2025,2.0204675613945673,11.617688478018762
EUYXHRL5MLL3,2026,1.6163740491156537,0.20204675613945672
EVTSTTLCEWS5,2016,1459.2031557150751,44108.84090641313
EVTSTTLCEWS5,2017,1430.8088103317473,42706.426441464704
EVTSTTLCEWS5,2018,1447.6679529030982,45265.46681913711
EVTSTTLCEWS5,2019,1576.3298304213017,41652.28636910866
EVTSTTLCEWS5,2020,1829.6606306381786,39553.7667806221
EVTSTTLCEWS5,2021,1578.5481386543743,29694.27400790817
EVTSTTLCEWS5,2022,1625.1326115488964,24463.50319432327
EVTSTTLCEWS5,2023,1907.74508044233,16586.73432032952
EVTSTTLCEWS5,2024,1974.7379890811187,11272.555117181097
EVTSTTLCEWS5,2025,1709.4283244056505,3386.913010255057
EVTSTTLCEWS5,2026,863.3655643118078,174.80268876611115
EVWJPCY6AD97,2016,1268.0,57920.0
EVWJPCY6AD97,2017,1148.0,62515.0
EVWJPCY6AD97,2018,1183.0,34640.0
EVWJPCY6AD97,2019,1137.0,35167.0
EVWJPCY6AD97,2020,4462.0,22801.0
EVWJPCY6AD97,2021,1171.0,17078.0
EVWJPCY6AD97,2022,1284.0,13245.0
EVWJPCY6AD97,2023,1163.0,8035.0
EVWJPCY6AD97,2024,1516.0,5128.0
EVWJPCY6AD97,2025,1467.0,1725.0
EVWJPCY6AD97,2026,584.0,77.0
EXZVPWZBLUE8,2016,2422.88180097372,136839.4530963085
EXZVPWZBLUE8,2017,2540.403458747497,142319.55712868666
EXZVPWZBLUE8,2018,2745.3059255954227,137023.6164470787
EXZVPWZBLUE8,2019,2914.260591241958,124554.70681805487
EXZVPWZBLUE8,2020,3264.336870633961,137292.67191299374
EXZVPWZBLUE8,2021,3227.2829832417588,106988.95202176925
EXZVPWZBLUE8,2022,3137.966523333688,69001.25136297368
EXZVPWZBLUE8,2023,3158.9821609591168,49852.13418454066
EXZVPWZBLUE8,2024,3074.6430889097005,28209.622210469646
EXZVPWZBLUE8,2025,3021.827473298427,10818.629032332325
EXZVPWZBLUE8,2026,1329.7921229037458,367.2206153495892
EYMJXLN2MFB4,2016,1641.0,53126.0
EYMJXLN2MFB4,2017,1579.0,60226.0
EYMJXLN2MFB4,2018,1895.0,82814.0
EYMJXLN2MFB4,2019,1989.0,47895.0
EYMJXLN2MFB4,2020,2237.0,64685.0
EYMJXLN2MFB4,2021,2198.0,41270.0
EYMJXLN2MFB4,2022,2367.0,39223.0
EYMJXLN2MFB4,2023,2368.0,23462.0
EYMJXLN2MFB4,2024,2518.0,11761.0
EYMJXLN2MFB4,2025,2550.0,4124.0
EYMJXLN2MFB4,2026,1254.0,243.0
EYNYSU6L8ZX6,2016,865.0,27654.0
EYNYSU6L8ZX6,2017,793.0,18254.0
EYNYSU6L8ZX6,2018,999.0,30400.0
EYNYSU6L8ZX6,2019,917.0,30635.0
EYNYSU6L8ZX6,2020,1194.0,26324.0
EYNYSU6L8ZX6,2021,1110.0,18809.0
EYNYSU6L8ZX6,2022,1135.0,14750.0
EYNYSU6L8ZX6,2023,1042.0,8558.0
EYNYSU6L8ZX6,2024,1152.0,4453.0
EYNYSU6L8ZX6,2025,1205.0,1558.0
EYNYSU6L8ZX6,2026,565.0,60.0
EZ4WPGRE1RD5,2016,1281.0,39710.0
EZ4WPGRE1RD5,2017,1320.0,29486.0
EZ4WPGRE1RD5,2018,1236.0,28539.0
EZ4WPGRE1RD5,2019,1427.0,31172.0
EZ4WPGRE1RD5,2020,1597.0,30414.0
EZ4WPGRE1RD5,2021,1571.0,27808.0
EZ4WPGRE1RD5,2022,1379.0,17854.0
EZ4WPGRE1RD5,2023,1527.0,13442.0
EZ4WPGRE1RD5,2024,1854.0,10785.0
EZ4WPGRE1RD5,2025,1705.0,4077.0
EZ4WPGRE1RD5,2026,751.0,143.0
F125YU6SWK59,2016,315.2674627456016,14965.161334095927
F125YU6SWK59,2017,352.82009681225225,28319.05267161115
F125YU6SWK59,2018,360.67995045410936,19776.265079983794
F125YU6SWK59,2019,313.52082860296673,9037.958371064353
F125YU6SWK59,2020,354.56673095488713,9872.84949124384
F125YU6SWK59,2021,320.5073651735064,7124.520667807807
F125YU6SWK59,2022,305.6609749611096,3521.2144315519827
F125YU6SWK59,2023,266.3617067518241,2254.0313610703543
F125YU6SWK59,2024,248.89536532547498,1861.0386789774989
F125YU6SWK59,2025,197.36965811774508,385.13282845099815
F125YU6SWK59,2026,84.71175591779324,27.07282921084114
F27KDXZMF9Y8,2016,3453.0,135372.0
F27KDXZMF9Y8,2017,3427.0,137720.0
F27KDXZMF9Y8,2018,3640.0,148641.0
F27KDXZMF9Y8,2019,4168.0,132054.0
F27KDXZMF9Y8,2020,5230.0,114354.0
F27KDXZMF9Y8,2021,5598.0,83340.0
F27KDXZMF9Y8,2022,6347.0,61495.0
F27KDXZMF9Y8,2023,4805.0,47051.0
F27KDXZMF9Y8,2024,5082.0,26458.0
F27KDXZMF9Y8,2025,5279.0,13105.0
F27KDXZMF9Y8,2026,4909.0,561.0
F2VSMAKDH8Z7,2016,1179.0,30950.0
F2VSMAKDH8Z7,2017,1225.0,30567.0
F2VSMAKDH8Z7,2018,1219.0,30093.0
F2VSMAKDH8Z7,2019,1309.0,28466.0
F2VSMAKDH8Z7,2020,1608.0,30465.0
F2VSMAKDH8Z7,2021,1477.0,23334.0
F2VSMAKDH8Z7,2022,1365.0,12402.0
F2VSMAKDH8Z7,2023,1508.0,10557.0
F2VSMAKDH8Z7,2024,1535.0,6241.0
F2VSMAKDH8Z7,2025,1525.0,2607.0
F2VSMAKDH8Z7,2026,1511.0,96.0
F3GJXVP1L166,2016,1.0,3.0
F3GJXVP1L166,2019,1.0,1.0
F3GJXVP1L166,2021,2.0,0.0
F3GJXVP1L166,2022,2.0,1.0
F3GJXVP1L166,2023,1.0,0.0
F3GJXVP1L166,2024,1.0,4.0
F3GJXVP1L166,2025,1.0,0.0
F4BMNBQK9BM1,2016,6.0,196.0
F4BMNBQK9BM1,2017,1.0,36.0
F4BMNBQK9BM1,2018,2.0,42.0
F4BMNBQK9BM1,2019,2.0,14.0
F4BMNBQK9BM1,2020,4.0,173.0
F4BMNBQK9BM1,2021,6.0,339.0
F4BMNBQK9BM1,2022,4.0,472.0
F4BMNBQK9BM1,2023,7.0,43.0
F4BMNBQK9BM1,2024,14.0,131.0
F4BMNBQK9BM1,2025,19.0,13.0
F4BMNBQK9BM1,2026,12.0,1.0
F4N1QNPB95M4,2016,3102.62300448418,169151.78325444792
F4N1QNPB95M4,2017,3160.251912298144,172034.82944814092
F4N1QNPB95M4,2018,3495.086538717238,156483.29515384405
F4N1QNPB95M4,2019,3704.2581300419947,139495.57377268342
F4N1QNPB95M4,2020,4637.793076528377,158256.98487211825
F4N1QNPB95M4,2021,4663.939525443972,107966.157986466
F4N1QNPB95M4,2022,4305.092854102393,78848.88551296174
F4N1QNPB95M4,2023,4413.947457750991,53358.23222425012
F4N1QNPB95M4,2024,4439.026704670031,31002.217999919318
F4N1QNPB95M4,2025,4602.308610142928,10510.338863070754
F4N1QNPB95M4,2026,1839.5894415614775,521.3281753170597
F4SLJ5WF59F6,2016,825.0,22175.0
F4SLJ5WF59F6,2017,866.0,19091.0
F4SLJ5WF59F6,2018,869.0,17311.0
F4SLJ5WF59F6,2019,813.0,14824.0
F4SLJ5WF59F6,2020,951.0,12285.0
F4SLJ5WF59F6,2021,916.0,11832.0
F4SLJ5WF59F6,2022,808.0,6743.0
F4SLJ5WF59F6,2023,745.0,4762.0
F4SLJ5WF59F6,2024,814.0,2870.0
F4SLJ5WF59F6,2025,752.0,1140.0
F4SLJ5WF59F6,2026,363.0,32.0
F6G9C4HMNHW4,2016,98.0,1275.0
F6G9C4HMNHW4,2017,37.0,831.0
F6G9C4HMNHW4,2018,142.0,956.0
F6G9C4HMNHW4,2019,48.0,724.0
F6G9C4HMNHW4,2020,1085.0,4455.0
F6G9C4HMNHW4,2021,46.0,382.0
F6G9C4HMNHW4,2022,17.0,181.0
F6G9C4HMNHW4,2023,23.0,139.0
F6G9C4HMNHW4,2024,830.0,839.0
F6G9C4HMNHW4,2025,34.0,22.0
F6G9C4HMNHW4,2026,16.0,0.0
F6XLTRUQJEN4,2016,1661.618424942287,71091.59343402494
F6XLTRUQJEN4,2017,1631.583339710094,62787.376804182175
F6XLTRUQJEN4,2018,1763.3501652448758,52745.000725740894
F6XLTRUQJEN4,2019,1743.9726909015255,47213.21623757297
F6XLTRUQJEN4,2020,1849.5799260727847,50310.70551135751
F6XLTRUQJEN4,2021,1900.9302330826629,37562.74957772595
F6XLTRUQJEN4,2022,1768.1945338307135,30318.480794464438
F6XLTRUQJEN4,2023,1848.6110523556172,18395.036394142426
F6XLTRUQJEN4,2024,1713.453168810749,9693.097103402397
F6XLTRUQJEN4,2025,1642.2409505989367,3487.4609449444674
F6XLTRUQJEN4,2026,733.9218407543921,133.22013611053322
F8THLJQSAF93,2016,4340.581486764116,159666.46377991664
F8THLJQSAF93,2017,4688.580435865464,166022.93107093452
F8THLJQSAF93,2018,4638.418425184189,135647.48225917155
F8THLJQSAF93,2019,5216.065329435752,142346.46202937252
F8THLJQSAF93,2020,6312.575531671757,158680.46675746283
F8THLJQSAF93,2021,6064.1168225160645,124880.67693528591
F8THLJQSAF93,2022,6100.954549110126,86432.27952950518
F8THLJQSAF93,2023,6597.871967421511,59666.92792396025
F8THLJQSAF93,2024,6779.709256141135,37922.48007504424
F8THLJQSAF93,2025,6809.492949983142,13769.47193201011
F8THLJQSAF93,2026,3211.1524650185233,710.1059637068056
FA4VKPTJRLY8,2016,850.4642479794592,27615.1544060068
FA4VKPTJRLY8,2017,759.1164089774011,26620.074968738725
FA4VKPTJRLY8,2018,1213.8155778065043,24027.881701176597
FA4VKPTJRLY8,2019,862.9310746422711,20620.584639442262
FA4VKPTJRLY8,2020,948.1588351007671,22519.622344552045
FA4VKPTJRLY8,2021,881.0646406972703,15086.220279456527
FA4VKPTJRLY8,2022,873.1312055482082,12766.937181022138
FA4VKPTJRLY8,2023,853.637622039084,8957.528292018196
FA4VKPTJRLY8,2024,864.9711008234585,5485.630401212925
FA4VKPTJRLY8,2025,854.0909611904591,1414.1914827142448
FA4VKPTJRLY8,2026,405.0585317535431,59.61409840580964
FBYMGMHW4X95,2016,3666.355829073659,188803.19339098342
FBYMGMHW4X95,2017,3995.9095522235116,198830.55787632687
FBYMGMHW4X95,2018,4248.586249046812,183120.51143759498
FBYMGMHW4X95,2019,4497.871312355705,156115.19485138392
FBYMGMHW4X95,2020,5225.941973448347,189512.61006774683
FBYMGMHW4X95,2021,5098.1904444056945,120301.2407560062
FBYMGMHW4X95,2022,5003.224706002306,97837.88671783812
FBYMGMHW4X95,2023,5465.052136214021,67102.90381028446
FBYMGMHW4X95,2024,5108.930617201316,35820.17209015412
FBYMGMHW4X95,2025,5023.009234836345,14726.472719553958
FBYMGMHW4X95,2026,2073.4186218073055,546.6182680718823
FDLEQSJ8FF63,2016,1142.0,37316.0
FDLEQSJ8FF63,2017,990.0,31577.0
FDLEQSJ8FF63,2018,1085.0,35359.0
FDLEQSJ8FF63,2019,1041.0,32147.0
FDLEQSJ8FF63,2020,2404.0,34734.0
FDLEQSJ8FF63,2021,1450.0,25012.0
FDLEQSJ8FF63,2022,1325.0,18880.0
FDLEQSJ8FF63,2023,1393.0,8827.0
FDLEQSJ8FF63,2024,1758.0,5309.0
FDLEQSJ8FF63,2025,1581.0,2525.0
FDLEQSJ8FF63,2026,756.0,79.0
FDR5YF2K32X5,2016,1445.0,58048.0
FDR5YF2K32X5,2017,1431.0,54949.0
FDR5YF2K32X5,2018,1722.0,54411.0
FDR5YF2K32X5,2019,1740.0,49140.0
FDR5YF2K32X5,2020,1935.0,43609.0
FDR5YF2K32X5,2021,1942.0,40242.0
FDR5YF2K32X5,2022,2038.0,23150.0
FDR5YF2K32X5,2023,2033.0,16934.0
FDR5YF2K32X5,2024,2379.0,9560.0
FDR5YF2K32X5,2025,2167.0,4288.0
FDR5YF2K32X5,2026,1120.0,235.0
FF1XVJMDYVR1,2016,222.0,23118.0
FF1XVJMDYVR1,2017,203.0,15111.0
FF1XVJMDYVR1,2018,224.0,14407.0
FF1XVJMDYVR1,2019,240.0,15712.0
FF1XVJMDYVR1,2020,271.0,30079.0
FF1XVJMDYVR1,2021,271.0,8664.0
FF1XVJMDYVR1,2022,233.0,8089.0
FF1XVJMDYVR1,2023,278.0,3763.0
FF1XVJMDYVR1,2024,244.0,3161.0
FF1XVJMDYVR1,2025,265.0,1264.0
FF1XVJMDYVR1,2026,125.0,25.0
FFM7VPAG8P92,2016,932.0,42124.0
FFM7VPAG8P92,2017,936.0,47185.0
FFM7VPAG8P92,2018,1203.0,58062.0
FFM7VPAG8P92,2019,2125.0,70718.0
FFM7VPAG8P92,2020,1638.0,50559.0
FFM7VPAG8P92,2021,1577.0,34736.0
FFM7VPAG8P92,2022,1606.0,32008.0
FFM7VPAG8P92,2023,1724.0,18040.0
FFM7VPAG8P92,2024,1450.0,10539.0
FFM7VPAG8P92,2025,1519.0,3291.0
FFM7VPAG8P92,2026,716.0,159.0
FFWJTXCKDLK5,2016,43.0,3308.0
FFWJTXCKDLK5,2017,35.0,1588.0
FFWJTXCKDLK5,2018,38.0,1898.0
FFWJTXCKDLK5,2019,34.0,769.0
FFWJTXCKDLK5,2020,18.0,196.0
FFWJTXCKDLK5,2021,13.0,306.0
FFWJTXCKDLK5,2022,2.0,63.0
FFWJTXCKDLK5,2023,4.0,5.0
FFWJTXCKDLK5,2024,6.0,48.0
FFWJTXCKDLK5,2025,6.0,1.0
FFWJTXCKDLK5,2026,3.0,2.0
FL6GV84CKN57,2016,11333.0,591825.0
FL6GV84CKN57,2017,12242.0,585395.0
FL6GV84CKN57,2018,13494.0,544198.0
FL6GV84CKN57,2019,13984.0,504315.0
FL6GV84CKN57,2020,20632.0,621708.0
FL6GV84CKN57,2021,17775.0,427134.0
FL6GV84CKN57,2022,17856.0,327621.0
FL6GV84CKN57,2023,18609.0,232602.0
FL6GV84CKN57,2024,27628.0,138251.0
FL6GV84CKN57,2025,31132.0,49131.0
FL6GV84CKN57,2026,12208.0,2590.0
FL8UNYTG72D1,2016,228.0,26479.0
FL8UNYTG72D1,2017,206.0,25302.0
FL8UNYTG72D1,2018,223.0,15056.0
FL8UNYTG72D1,2019,197.0,12221.0
FL8UNYTG72D1,2020,231.0,9611.0
FL8UNYTG72D1,2021,188.0,5910.0
FL8UNYTG72D1,2022,158.0,4589.0
FL8UNYTG72D1,2023,184.0,2007.0
FL8UNYTG72D1,2024,195.0,1347.0
FL8UNYTG72D1,2025,167.0,387.0
FL8UNYTG72D1,2026,1014.0,20.0
FLJ7DQKLL226,2016,9189.0,620701.0
FLJ7DQKLL226,2017,9700.0,594645.0
FLJ7DQKLL226,2018,10364.0,612866.0
FLJ7DQKLL226,2019,11306.0,557827.0
FLJ7DQKLL226,2020,13789.0,626142.0
FLJ7DQKLL226,2021,14099.0,444432.0
FLJ7DQKLL226,2022,14330.0,327925.0
FLJ7DQKLL226,2023,14785.0,224753.0
FLJ7DQKLL226,2024,14989.0,129271.0
FLJ7DQKLL226,2025,14603.0,47073.0
FLJ7DQKLL226,2026,6538.0,1947.0
FN2YCS2YAUW3,2016,2722.867586482298,104188.20510346894
FN2YCS2YAUW3,2017,2962.0182899487354,103047.77749514763
FN2YCS2YAUW3,2018,3221.395669827757,112996.92268114937
FN2YCS2YAUW3,2019,3865.674803793309,106965.20879446727
FN2YCS2YAUW3,2020,4059.018034207717,104979.42509254943
FN2YCS2YAUW3,2021,3700.291979008061,73998.70075319207
FN2YCS2YAUW3,2022,4019.1595836299775,55848.23318413485
FN2YCS2YAUW3,2023,4243.437730910691,31694.6070362721
FN2YCS2YAUW3,2024,3897.799525154472,22199.96716730608
FN2YCS2YAUW3,2025,3750.8586700395217,7450.555746800153
FN2YCS2YAUW3,2026,1791.8455692559935,349.8025214882218
FPU6XGFXMBE9,2016,3403.0,116287.0
FPU6XGFXMBE9,2017,3527.0,117040.0
FPU6XGFXMBE9,2018,3535.0,112792.0
FPU6XGFXMBE9,2019,6662.0,89478.0
FPU6XGFXMBE9,2020,4289.0,92726.0
FPU6XGFXMBE9,2021,3989.0,73609.0
FPU6XGFXMBE9,2022,3908.0,50901.0
FPU6XGFXMBE9,2023,4053.0,32611.0
FPU6XGFXMBE9,2024,4186.0,19115.0
FPU6XGFXMBE9,2025,4507.0,7098.0
FPU6XGFXMBE9,2026,1973.0,324.0
FTAAW94S6LC6,2016,191.0,3009.0
FTAAW94S6LC6,2017,193.0,3050.0
FTAAW94S6LC6,2018,234.0,3265.0
FTAAW94S6LC6,2019,334.0,3141.0
FTAAW94S6LC6,2020,345.0,6573.0
FTAAW94S6LC6,2021,382.0,5774.0
FTAAW94S6LC6,2022,345.0,3188.0
FTAAW94S6LC6,2023,393.0,2090.0
FTAAW94S6LC6,2024,517.0,2254.0
FTAAW94S6LC6,2025,622.0,1134.0
FTAAW94S6LC6,2026,293.0,44.0
FTMTDMBR29C7,2016,10390.79962253664,584722.5099864257
FTMTDMBR29C7,2017,11408.428611810064,567872.5122649898
FTMTDMBR29C7,2018,12322.033304402206,547546.4231389246
FTMTDMBR29C7,2019,13061.833426762887,523190.5232153367
FTMTDMBR29C7,2020,18089.889804239578,573361.8937842705
FTMTDMBR29C7,2021,15918.947960456271,463591.70846704516
FTMTDMBR29C7,2022,18726.95785720694,272132.0829137452
FTMTDMBR29C7,2023,15766.465140476254,192097.9858335553
FTMTDMBR29C7,2024,16646.471923581274,113904.66652507335
FTMTDMBR29C7,2025,15889.226732833047,37551.47887465533
FTMTDMBR29C7,2026,8080.943345296963,2444.894028832151
FWY1FX3THXC5,2016,0.5796178040611953,153.13502383296782
FWY1FX3THXC5,2017,0.3477706824367172,10.896814716350473
FWY1FX3THXC5,2018,0.23184712162447815,3.4777068243671723
FWY1FX3THXC5,2019,1.622929851371347,143.16559760311526
FWY1FX3THXC5,2020,0.8114649256856735,48.91974266276489
FWY1FX3THXC5,2021,0.3477706824367172,2.5503183378692595
FWY1FX3THXC5,2022,0.5796178040611953,7.766878574420018
FWY1FX3THXC5,2023,0.6955413648734344,2.4343947770570207
FWY1FX3THXC5,2024,0.9273884864979126,6.25987228386091
FWY1FX3THXC5,2025,2.3184712162447814,13.331209493407494
FWY1FX3THXC5,2026,1.8547769729958252,0.23184712162447815
FXKMA43NTV21,2016,5531.0,255064.0
FXKMA43NTV21,2017,5983.0,301070.0
FXKMA43NTV21,2018,6592.0,251657.0
FXKMA43NTV21,2019,6710.0,245037.0
FXKMA43NTV21,2020,8398.0,266437.0
FXKMA43NTV21,2021,8216.0,180058.0
FXKMA43NTV21,2022,8577.0,149441.0
FXKMA43NTV21,2023,8695.0,104231.0
FXKMA43NTV21,2024,9437.0,55213.0
FXKMA43NTV21,2025,7936.0,19715.0
FXKMA43NTV21,2026,3952.0,964.0
FY85DRNMJAM4,2016,42.0,437.0
FY85DRNMJAM4,2017,61.0,879.0
FY85DRNMJAM4,2018,42.0,574.0
FY85DRNMJAM4,2019,49.0,1059.0
FY85DRNMJAM4,2020,100.0,12442.0
FY85DRNMJAM4,2021,74.0,3707.0
FY85DRNMJAM4,2022,65.0,1185.0
FY85DRNMJAM4,2023,77.0,639.0
FY85DRNMJAM4,2024,52.0,272.0
FY85DRNMJAM4,2025,82.0,80.0
FY85DRNMJAM4,2026,36.0,2.0
FZRNFQTKADH1,2016,3.141396759431017,26.91745850728146
FZRNFQTKADH1,2017,2.9566087147586044,14.598255529120609
FZRNFQTKADH1,2018,2.8334166849769957,51.12469235936753
FZRNFQTKADH1,2019,3.2645887892126253,53.958109044344525
FZRNFQTKADH1,2020,3.9421449530114723,30.305239326275693
FZRNFQTKADH1,2021,4.065336982793081,15.152619663137846
FZRNFQTKADH1,2022,3.0182047296494083,10.40972651654592
FZRNFQTKADH1,2023,2.2790525509597575,9.362594263402247
FZRNFQTKADH1,2024,4.496509087028711,9.732170352747072
FZRNFQTKADH1,2025,6.898753667770077,3.6957608934482553
FZRNFQTKADH1,2026,2.4022445807413657,0.24638405956321702
G15AG3BLLMH4,2016,28.490724607450208,244.12640496972043
G15AG3BLLMH4,2017,26.814799630541373,132.39807317579803
G15AG3BLLMH4,2018,25.697516312602147,463.6725769447779
G15AG3BLLMH4,2019,29.608007925389433,489.37009325738006
G15AG3BLLMH4,2020,35.753066174055164,274.8516962130491
G15AG3BLLMH4,2021,36.87034949199439,137.42584810652454
G15AG3BLLMH4,2022,27.373441289510986,94.41044036586442
G15AG3BLLMH4,2023,20.669741381875642,84.913532163381
G15AG3BLLMH4,2024,40.78084110478167,88.26538211719868
G15AG3BLLMH4,2025,62.567865804596536,33.51849953817671
G15AG3BLLMH4,2026,21.787024699814864,2.2345666358784477
G192A9HR62S5,2016,80.0,5077.0
G192A9HR62S5,2017,92.0,2721.0
G192A9HR62S5,2018,52.0,1577.0
G192A9HR62S5,2019,58.0,3127.0
G192A9HR62S5,2020,60.0,1915.0
G192A9HR62S5,2021,43.0,3688.0
G192A9HR62S5,2022,43.0,766.0
G192A9HR62S5,2023,45.0,646.0
G192A9HR62S5,2024,28.0,182.0
G192A9HR62S5,2025,58.0,57.0
G192A9HR62S5,2026,20.0,0.0
G1THVER8BNL4,2016,1674.0,65657.0
G1THVER8BNL4,2017,1469.0,63346.0
G1THVER8BNL4,2018,1676.0,51074.0
G1THVER8BNL4,2019,1692.0,47395.0
G1THVER8BNL4,2020,2158.0,51478.0
G1THVER8BNL4,2021,1709.0,36361.0
G1THVER8BNL4,2022,1575.0,22414.0
G1THVER8BNL4,2023,2241.0,18782.0
G1THVER8BNL4,2024,2157.0,9725.0
G1THVER8BNL4,2025,1702.0,3537.0
G1THVER8BNL4,2026,20529.0,104.0
G389MFAYJNG9,2016,1768.3815750577132,75659.40656597506
G389MFAYJNG9,2017,1736.4166602899063,66821.62319581783
G389MFAYJNG9,2018,1876.6498347551242,56133.99927425911
G389MFAYJNG9,2019,1856.0273090984745,50246.78376242704
G389MFAYJNG9,2020,1968.4200739272155,53543.294488642496
G389MFAYJNG9,2021,2023.0697669173373,39976.25042227406
G389MFAYJNG9,2022,1881.8054661692868,32266.519205535566
G389MFAYJNG9,2023,1967.388947644383,19576.963605857578
G389MFAYJNG9,2024,1823.5468311892512,10315.902896597605
G389MFAYJNG9,2025,1747.7590494010635,3711.539055055533
G389MFAYJNG9,2026,781.078159245608,141.7798638894668
G47WN1XZNWX9,2016,2188.0,72087.0
G47WN1XZNWX9,2017,2272.0,78179.0
G47WN1XZNWX9,2018,2517.0,68234.0
G47WN1XZNWX9,2019,4131.0,65152.0
G47WN1XZNWX9,2020,3093.0,65678.0
G47WN1XZNWX9,2021,3039.0,64641.0
G47WN1XZNWX9,2022,3327.0,39784.0
G47WN1XZNWX9,2023,3421.0,31377.0
G47WN1XZNWX9,2024,3326.0,17199.0
G47WN1XZNWX9,2025,3543.0,6469.0
G47WN1XZNWX9,2026,1493.0,250.0
G56PUALJ3KT5,2016,13585.0,691111.0
G56PUALJ3KT5,2017,14465.0,751160.0
G56PUALJ3KT5,2018,16998.0,691049.0
G56PUALJ3KT5,2019,18327.0,662235.0
G56PUALJ3KT5,2020,20330.0,700900.0
G56PUALJ3KT5,2021,20323.0,496356.0
G56PUALJ3KT5,2022,22350.0,348546.0
G56PUALJ3KT5,2023,21091.0,245496.0
G56PUALJ3KT5,2024,23115.0,151119.0
G56PUALJ3KT5,2025,22249.0,55490.0
G56PUALJ3KT5,2026,10763.0,2560.0
G6VVMPNK4Y48,2016,697.0,29371.0
G6VVMPNK4Y48,2017,709.0,17390.0
G6VVMPNK4Y48,2018,748.0,21160.0
G6VVMPNK4Y48,2019,884.0,15228.0
G6VVMPNK4Y48,2020,937.0,22172.0
G6VVMPNK4Y48,2021,1119.0,16286.0
G6VVMPNK4Y48,2022,901.0,8276.0
G6VVMPNK4Y48,2023,927.0,5609.0
G6VVMPNK4Y48,2024,876.0,4184.0
G6VVMPNK4Y48,2025,947.0,1420.0
G6VVMPNK4Y48,2026,418.0,63.0
G7MQPLSUX1L4,2016,2641.0,126913.0
G7MQPLSUX1L4,2017,2862.0,142517.0
G7MQPLSUX1L4,2018,3451.0,138838.0
G7MQPLSUX1L4,2019,3810.0,144667.0
G7MQPLSUX1L4,2020,4623.0,151075.0
G7MQPLSUX1L4,2021,4598.0,105127.0
G7MQPLSUX1L4,2022,4721.0,76824.0
G7MQPLSUX1L4,2023,4778.0,52542.0
G7MQPLSUX1L4,2024,5131.0,30296.0
G7MQPLSUX1L4,2025,5493.0,11557.0
G7MQPLSUX1L4,2026,2621.0,593.0
G88KLJR3KYT5,2016,8408.0,378893.0
G88KLJR3KYT5,2017,8936.0,402613.0
G88KLJR3KYT5,2018,9626.0,366446.0
G88KLJR3KYT5,2019,10414.0,317877.0
G88KLJR3KYT5,2020,14357.0,354836.0
G88KLJR3KYT5,2021,12297.0,260488.0
G88KLJR3KYT5,2022,12098.0,190663.0
G88KLJR3KYT5,2023,12500.0,136421.0
G88KLJR3KYT5,2024,12750.0,82707.0
G88KLJR3KYT5,2025,12077.0,33164.0
G88KLJR3KYT5,2026,5257.0,1061.0
G9QBQDH39DF4,2016,4089.0,228199.0
G9QBQDH39DF4,2017,4259.0,215236.0
G9QBQDH39DF4,2018,4406.0,202439.0
G9QBQDH39DF4,2019,4923.0,215258.0
G9QBQDH39DF4,2020,5421.0,187850.0
G9QBQDH39DF4,2021,5666.0,119180.0
G9QBQDH39DF4,2022,6168.0,89593.0
G9QBQDH39DF4,2023,5496.0,59314.0
G9QBQDH39DF4,2024,4955.0,38534.0
G9QBQDH39DF4,2025,4850.0,12720.0
G9QBQDH39DF4,2026,3606.0,1976.0
GBNGC495XA67,2016,406.0,3068.0
GBNGC495XA67,2017,344.0,4688.0
GBNGC495XA67,2018,390.0,2135.0
GBNGC495XA67,2019,415.0,3098.0
GBNGC495XA67,2020,536.0,3805.0
GBNGC495XA67,2021,1878.0,2704.0
GBNGC495XA67,2022,1832.0,1417.0
GBNGC495XA67,2023,621.0,1119.0
GBNGC495XA67,2024,835.0,814.0
GBNGC495XA67,2025,1283.0,494.0
GBNGC495XA67,2026,381.0,16.0
GFKFBWG2TV98,2016,809.0,35360.0
GFKFBWG2TV98,2017,868.0,40020.0
GFKFBWG2TV98,2018,992.0,35207.0
GFKFBWG2TV98,2019,1101.0,60128.0
GFKFBWG2TV98,2020,1232.0,39552.0
GFKFBWG2TV98,2021,1378.0,24929.0
GFKFBWG2TV98,2022,1246.0,14248.0
GFKFBWG2TV98,2023,1500.0,12529.0
GFKFBWG2TV98,2024,1627.0,6471.0
GFKFBWG2TV98,2025,1635.0,2327.0
GFKFBWG2TV98,2026,812.0,132.0
GGFBMCXBJLY1,2016,173.77644393036576,6034.569855401655
GGFBMCXBJLY1,2017,189.09910223199753,6641.5086514373015
GGFBMCXBJLY1,2018,212.11674120340925,6447.5637304744805
GGFBMCXBJLY1,2019,219.4752066835487,5969.734595530915
GGFBMCXBJLY1,2020,260.82170631738086,6171.239891087659
GGFBMCXBJLY1,2021,245.72339147550943,4729.496646937781
GGFBMCXBJLY1,2022,242.24606784922403,3366.946644083306
GGFBMCXBJLY1,2023,245.54391670770116,2382.931360882467
GGFBMCXBJLY1,2024,310.42404527039383,1481.3398647975794
GGFBMCXBJLY1,2025,258.7128777956336,512.131249940923
GGFBMCXBJLY1,2026,117.10728599490179,20.684466989904106
GKMSN3DA6P91,2016,1428.0,37375.0
GKMSN3DA6P91,2017,1374.0,39163.0
GKMSN3DA6P91,2018,1478.0,37092.0
GKMSN3DA6P91,2019,1364.0,30165.0
GKMSN3DA6P91,2020,1742.0,34779.0
GKMSN3DA6P91,2021,1507.0,29207.0
GKMSN3DA6P91,2022,1315.0,16475.0
GKMSN3DA6P91,2023,1452.0,12763.0
GKMSN3DA6P91,2024,1371.0,7366.0
GKMSN3DA6P91,2025,1413.0,2904.0
GKMSN3DA6P91,2026,1261.0,91.0
GKPBCFV1QMM3,2016,3645.0,189359.0
GKPBCFV1QMM3,2017,3781.0,171632.0
GKPBCFV1QMM3,2018,4733.0,194725.0
GKPBCFV1QMM3,2019,5043.0,183896.0
GKPBCFV1QMM3,2020,6066.0,249841.0
GKPBCFV1QMM3,2021,6170.0,147112.0
GKPBCFV1QMM3,2022,6324.0,114388.0
GKPBCFV1QMM3,2023,6923.0,74299.0
GKPBCFV1QMM3,2024,7368.0,52380.0
GKPBCFV1QMM3,2025,8341.0,22398.0
GKPBCFV1QMM3,2026,4056.0,937.0
GL8EKK2U5YE9,2016,11.0,471.0
GL8EKK2U5YE9,2017,7.0,478.0
GL8EKK2U5YE9,2018,6.0,157.0
GL8EKK2U5YE9,2019,11.0,75.0
GL8EKK2U5YE9,2020,2.0,0.0
GL8EKK2U5YE9,2021,5.0,23.0
GL8EKK2U5YE9,2022,7.0,45.0
GL8EKK2U5YE9,2023,2.0,0.0
GL8EKK2U5YE9,2024,5.0,0.0
GL8EKK2U5YE9,2025,5.0,5.0
GL8EKK2U5YE9,2026,12.0,0.0
GM1XX56LEP58,2016,11947.0,676848.0
GM1XX56LEP58,2017,12545.0,675760.0
GM1XX56LEP58,2018,14035.0,734779.0
GM1XX56LEP58,2019,15465.0,574348.0
GM1XX56LEP58,2020,17625.0,683384.0
GM1XX56LEP58,2021,17274.0,510549.0
GM1XX56LEP58,2022,16293.0,340445.0
GM1XX56LEP58,2023,16920.0,233322.0
GM1XX56LEP58,2024,16884.0,141637.0
GM1XX56LEP58,2025,16778.0,51676.0
GM1XX56LEP58,2026,7214.0,2599.0
GM6EL1UH2L83,2016,121.0,5559.0
GM6EL1UH2L83,2017,140.0,7359.0
GM6EL1UH2L83,2018,147.0,7987.0
GM6EL1UH2L83,2019,160.0,7341.0
GM6EL1UH2L83,2020,176.0,5367.0
GM6EL1UH2L83,2021,171.0,3566.0
GM6EL1UH2L83,2022,169.0,1811.0
GM6EL1UH2L83,2023,178.0,2150.0
GM6EL1UH2L83,2024,225.0,984.0
GM6EL1UH2L83,2025,206.0,357.0
GM6EL1UH2L83,2026,672.0,12.0
GMR5T8P487D7,2016,46.0,2598.0
GMR5T8P487D7,2017,61.0,3516.0
GMR5T8P487D7,2018,78.0,4748.0
GMR5T8P487D7,2019,60.0,4149.0
GMR5T8P487D7,2020,67.0,3299.0
GMR5T8P487D7,2021,69.0,1944.0
GMR5T8P487D7,2022,69.0,1266.0
GMR5T8P487D7,2023,89.0,839.0
GMR5T8P487D7,2024,101.0,740.0
GMR5T8P487D7,2025,103.0,243.0
GMR5T8P487D7,2026,47.0,16.0
GNJ7BBP73WE9,2016,17370.0,888723.0
GNJ7BBP73WE9,2017,18829.0,827008.0
GNJ7BBP73WE9,2018,21173.0,770408.0
GNJ7BBP73WE9,2019,23444.0,726464.0
GNJ7BBP73WE9,2020,26724.0,771663.0
GNJ7BBP73WE9,2021,23219.0,533124.0
GNJ7BBP73WE9,2022,457101.0,378614.0
GNJ7BBP73WE9,2023,23481.0,266501.0
GNJ7BBP73WE9,2024,24332.0,145952.0
GNJ7BBP73WE9,2025,23819.0,54930.0
GNJ7BBP73WE9,2026,13593.0,2898.0
GS3YEVSS12N6,2016,1625.7037060882267,70144.55251899
GS3YEVSS12N6,2017,1758.8512604814778,70659.45180276252
GS3YEVSS12N6,2018,1765.3689729342943,60382.88146822886
GS3YEVSS12N6,2019,1847.3059294839873,58950.84693216718
GS3YEVSS12N6,2020,2140.602989860729,64235.78062962238
GS3YEVSS12N6,2021,2027.9396746049013,44631.43267332936
GS3YEVSS12N6,2022,1970.2113643085268,30729.15201147179
GS3YEVSS12N6,2023,2148.982905871493,20000.066212356876
GS3YEVSS12N6,2024,2749.543553309584,21590.3880508441
GS3YEVSS12N6,2025,4610.816009478178,14788.68955544061
GS3YEVSS12N6,2026,2282.130460264744,625.7003954703828
GT28BRBA2Q49,2016,2260.0,88733.0
GT28BRBA2Q49,2017,2486.0,100673.0
GT28BRBA2Q49,2018,2395.0,95632.0
GT28BRBA2Q49,2019,2173.0,72943.0
GT28BRBA2Q49,2020,3602.0,109487.0
GT28BRBA2Q49,2021,2817.0,59933.0
GT28BRBA2Q49,2022,2131.0,31986.0
GT28BRBA2Q49,2023,2663.0,24711.0
GT28BRBA2Q49,2024,2181.0,9775.0
GT28BRBA2Q49,2025,1721.0,3226.0
GT28BRBA2Q49,2026,619.0,76.0
GTNBNWXJ12D5,2016,5922.199572356001,288081.7761710375
GTNBNWXJ12D5,2017,5643.079510544141,223466.8821294604
GTNBNWXJ12D5,2018,5922.199572356001,228294.07222855446
GTNBNWXJ12D5,2019,7167.5044635166105,187424.92070305863
GTNBNWXJ12D5,2020,7144.166665706254,211076.37851598606
GTNBNWXJ12D5,2021,6645.671304477045,145496.23315697256
GTNBNWXJ12D5,2022,6541.117970286649,98457.50140233093
GTNBNWXJ12D5,2023,7203.911428100767,73481.39018568768
GTNBNWXJ12D5,2024,6681.144757148787,39210.30085713574
GTNBNWXJ12D5,2025,6506.578029527322,13506.050348809367
GTNBNWXJ12D5,2026,3441.8584210713393,633.8545885292757
GV31TMFLPY88,2016,579.0,36573.0
GV31TMFLPY88,2017,308.0,31566.0
GV31TMFLPY88,2018,380.0,49959.0
GV31TMFLPY88,2019,399.0,34515.0
GV31TMFLPY88,2020,495.0,37965.0
GV31TMFLPY88,2021,434.0,19937.0
GV31TMFLPY88,2022,572.0,10242.0
GV31TMFLPY88,2023,533.0,12301.0
GV31TMFLPY88,2024,458.0,4525.0
GV31TMFLPY88,2025,474.0,1673.0
GV31TMFLPY88,2026,229.0,56.0
GY8NMUZQXVS7,2016,1829.7968442849244,55311.15909358686
GY8NMUZQXVS7,2017,1794.191189668252,53552.57355853528
GY8NMUZQXVS7,2018,1815.3320470969013,56761.53318086287
GY8NMUZQXVS7,2019,1976.6701695786976,52230.71363089132
GY8NMUZQXVS7,2020,2294.3393693618204,49599.233219377886
GY8NMUZQXVS7,2021,1979.451861345625,37235.725992091815
GY8NMUZQXVS7,2022,2037.8673884511031,30676.49680567672
GY8NMUZQXVS7,2023,2392.2549195576694,20799.265679670472
GY8NMUZQXVS7,2024,2476.2620109188806,14135.4448828189
GY8NMUZQXVS7,2025,2143.571675594349,4247.086989744941
GY8NMUZQXVS7,2026,1082.6344356881918,219.19731123388877
GYLUH9UXHDX5,2016,2508.0,117398.0
GYLUH9UXHDX5,2017,3162.0,164394.0
GYLUH9UXHDX5,2018,3651.0,176544.0
GYLUH9UXHDX5,2019,4441.0,180847.0
GYLUH9UXHDX5,2020,5390.0,209490.0
GYLUH9UXHDX5,2021,5951.0,157914.0
GYLUH9UXHDX5,2022,6224.0,108309.0
GYLUH9UXHDX5,2023,6767.0,88355.0
GYLUH9UXHDX5,2024,6758.0,50633.0
GYLUH9UXHDX5,2025,6789.0,16808.0
GYLUH9UXHDX5,2026,3768.0,653.0
GZRNJ1GZDBM1,2016,206.69995144888838,4866.7857727436085
GZRNJ1GZDBM1,2017,172.57192208193797,6164.938738852515
GZRNJ1GZDBM1,2018,190.92378693020376,3944.041129671157
GZRNJ1GZDBM1,2019,195.10929996577315,5276.644087688212
GZRNJ1GZDBM1,2020,225.05181629715418,5305.298753854801
GZRNJ1GZDBM1,2021,227.94947916793296,5383.53565136583
GZRNJ1GZDBM1,2022,200.5826631661331,2735.071787473998
GZRNJ1GZDBM1,2023,228.59340425032826,2133.6457605167966
GZRNJ1GZDBM1,2024,236.6424677802694,1118.1759055794225
GZRNJ1GZDBM1,2025,276.2438603475798,350.2952448230383
GZRNJ1GZDBM1,2026,128.1410913966629,18.673827389463437
H1HYA8Z1NTM5,2016,5186.0,149854.0
H1HYA8Z1NTM5,2017,5240.0,149158.0
H1HYA8Z1NTM5,2018,5378.0,160121.0
H1HYA8Z1NTM5,2019,5808.0,131152.0
H1HYA8Z1NTM5,2020,6782.0,148443.0
H1HYA8Z1NTM5,2021,6380.0,111912.0
H1HYA8Z1NTM5,2022,6647.0,71113.0
H1HYA8Z1NTM5,2023,6728.0,49526.0
H1HYA8Z1NTM5,2024,6598.0,27109.0
H1HYA8Z1NTM5,2025,6554.0,10179.0
H1HYA8Z1NTM5,2026,9465.0,417.0
H1TYS4PK8EC5,2016,58.0,1012.0
H1TYS4PK8EC5,2017,62.0,1339.0
H1TYS4PK8EC5,2018,73.0,879.0
H1TYS4PK8EC5,2019,85.0,1175.0
H1TYS4PK8EC5,2020,100.0,1638.0
H1TYS4PK8EC5,2021,125.0,2109.0
H1TYS4PK8EC5,2022,114.0,955.0
H1TYS4PK8EC5,2023,149.0,735.0
H1TYS4PK8EC5,2024,121.0,373.0
H1TYS4PK8EC5,2025,179.0,189.0
H1TYS4PK8EC5,2026,87.0,9.0
H2BMNX7DSKU8,2016,2681.0,71961.0
H2BMNX7DSKU8,2017,2484.0,69904.0
H2BMNX7DSKU8,2018,2680.0,73461.0
H2BMNX7DSKU8,2019,3873.0,65202.0
H2BMNX7DSKU8,2020,3524.0,75264.0
H2BMNX7DSKU8,2021,3447.0,65286.0
H2BMNX7DSKU8,2022,3601.0,48771.0
H2BMNX7DSKU8,2023,3834.0,34564.0
H2BMNX7DSKU8,2024,4320.0,20275.0
H2BMNX7DSKU8,2025,4260.0,8534.0
H2BMNX7DSKU8,2026,1889.0,345.0
H4CAHK2RD945,2016,1457.0,30728.0
H4CAHK2RD945,2017,1588.0,35807.0
H4CAHK2RD945,2018,1495.0,33963.0
H4CAHK2RD945,2019,1723.0,31617.0
H4CAHK2RD945,2020,1844.0,28878.0
H4CAHK2RD945,2021,1834.0,20249.0
H4CAHK2RD945,2022,1752.0,16477.0
H4CAHK2RD945,2023,1687.0,10432.0
H4CAHK2RD945,2024,1642.0,5678.0
H4CAHK2RD945,2025,1551.0,1840.0
H4CAHK2RD945,2026,735.0,81.0
H4VNDUN2VWU5,2016,942.0,53486.0
H4VNDUN2VWU5,2017,1004.0,41059.0
H4VNDUN2VWU5,2018,1125.0,26691.0
H4VNDUN2VWU5,2019,1327.0,28512.0
H4VNDUN2VWU5,2020,1469.0,26706.0
H4VNDUN2VWU5,2021,1268.0,21880.0
H4VNDUN2VWU5,2022,1222.0,16977.0
H4VNDUN2VWU5,2023,1383.0,10343.0
H4VNDUN2VWU5,2024,1284.0,5864.0
H4VNDUN2VWU5,2025,1588.0,1801.0
H4VNDUN2VWU5,2026,638.0,142.0
H58TR2D7DNE3,2016,55.0,3417.0
H58TR2D7DNE3,2017,79.0,3054.0
H58TR2D7DNE3,2018,88.0,4187.0
H58TR2D7DNE3,2019,102.0,4867.0
H58TR2D7DNE3,2020,109.0,7052.0
H58TR2D7DNE3,2021,103.0,2510.0
H58TR2D7DNE3,2022,79.0,1610.0
H58TR2D7DNE3,2023,93.0,1116.0
H58TR2D7DNE3,2024,101.0,1271.0
H58TR2D7DNE3,2025,139.0,511.0
H58TR2D7DNE3,2026,58.0,35.0
H59JKGFZKHL7,2016,1775.0,74917.0
H59JKGFZKHL7,2017,1875.0,60172.0
H59JKGFZKHL7,2018,2006.0,58492.0
H59JKGFZKHL7,2019,2113.0,88820.0
H59JKGFZKHL7,2020,2373.0,51680.0
H59JKGFZKHL7,2021,2327.0,35633.0
H59JKGFZKHL7,2022,2214.0,26133.0
H59JKGFZKHL7,2023,2831.0,20341.0
H59JKGFZKHL7,2024,2595.0,10844.0
H59JKGFZKHL7,2025,2422.0,3769.0
H59JKGFZKHL7,2026,1295.0,290.0
H5G9NWEFHXN4,2016,2003.0,282306.0
H5G9NWEFHXN4,2017,1999.0,282630.0
H5G9NWEFHXN4,2018,2070.0,303323.0
H5G9NWEFHXN4,2019,2596.0,286902.0
H5G9NWEFHXN4,2020,3660.0,280871.0
H5G9NWEFHXN4,2021,20168.0,196818.0
H5G9NWEFHXN4,2022,4246.0,134071.0
H5G9NWEFHXN4,2023,3902.0,100981.0
H5G9NWEFHXN4,2024,4210.0,54192.0
H5G9NWEFHXN4,2025,6930.0,18138.0
H5G9NWEFHXN4,2026,1950.0,857.0
H65GNDPBTRY7,2016,297.0,16295.0
H65GNDPBTRY7,2017,317.0,16547.0
H65GNDPBTRY7,2018,316.0,11141.0
H65GNDPBTRY7,2019,394.0,10087.0
H65GNDPBTRY7,2020,414.0,11888.0
H65GNDPBTRY7,2021,440.0,10224.0
H65GNDPBTRY7,2022,518.0,7193.0
H65GNDPBTRY7,2023,551.0,4312.0
H65GNDPBTRY7,2024,479.0,2591.0
H65GNDPBTRY7,2025,489.0,1116.0
H65GNDPBTRY7,2026,238.0,41.0
H6D6JMXJXDE6,2016,900.0,40294.0
H6D6JMXJXDE6,2017,887.0,35503.0
H6D6JMXJXDE6,2018,847.0,32273.0
H6D6JMXJXDE6,2019,989.0,36983.0
H6D6JMXJXDE6,2020,1243.0,41551.0
H6D6JMXJXDE6,2021,1166.0,22020.0
H6D6JMXJXDE6,2022,1136.0,16196.0
H6D6JMXJXDE6,2023,1179.0,12917.0
H6D6JMXJXDE6,2024,1230.0,7076.0
H6D6JMXJXDE6,2025,1238.0,2790.0
H6D6JMXJXDE6,2026,673.0,128.0
H6N1ZF5HJ2G3,2016,2450.017981462831,121649.98989351063
H6N1ZF5HJ2G3,2017,2408.934158490865,109532.63233733668
H6N1ZF5HJ2G3,2018,2402.6135703413315,98229.84057893383
H6N1ZF5HJ2G3,2019,2529.025333331997,93547.07483364837
H6N1ZF5HJ2G3,2020,3133.431575131115,110460.96872179938
H6N1ZF5HJ2G3,2021,3183.996280327381,77601.81107941332
H6N1ZF5HJ2G3,2022,3366.503263145154,59687.68411659868
H6N1ZF5HJ2G3,2023,3297.76686701898,35039.76055397503
H6N1ZF5HJ2G3,2024,3515.037084659186,22954.005938548737
H6N1ZF5HJ2G3,2025,3285.1256907199136,8166.989962715667
H6N1ZF5HJ2G3,2026,1512.990788294525,368.96433322900424
HB6KNGVNJRU1,2016,759.0,44123.0
HB6KNGVNJRU1,2017,741.0,21705.0
HB6KNGVNJRU1,2018,795.0,17539.0
HB6KNGVNJRU1,2019,958.0,21917.0
HB6KNGVNJRU1,2020,1013.0,22729.0
HB6KNGVNJRU1,2021,869.0,11235.0
HB6KNGVNJRU1,2022,916.0,9676.0
HB6KNGVNJRU1,2023,911.0,6235.0
HB6KNGVNJRU1,2024,897.0,3583.0
HB6KNGVNJRU1,2025,1000.0,1957.0
HB6KNGVNJRU1,2026,528.0,61.0
HD1WMN6945W6,2016,8252.81713065567,501107.4899120067
HD1WMN6945W6,2017,8359.48655662582,460689.32995522796
HD1WMN6945W6,2018,10690.823811784352,428101.5549745166
HD1WMN6945W6,2019,11430.610775975338,409065.0426413065
HD1WMN6945W6,2020,31732.296798303974,448340.08845112164
HD1WMN6945W6,2021,12018.088659303472,298542.24999469344
HD1WMN6945W6,2022,12000.575768472552,212953.03764835655
HD1WMN6945W6,2023,12533.392204661755,144632.06635496832
HD1WMN6945W6,2024,12319.522659059914,92649.03012584384
HD1WMN6945W6,2025,11596.187198376763,27204.418478018837
HD1WMN6945W6,2026,5165.241407798318,1266.7657701032142
HFT7XTHB6563,2016,548.8910123537001,22030.623586683538
HFT7XTHB6563,2017,620.5497313285439,24966.41481561167
HFT7XTHB6563,2018,11067.393645792557,22781.193261719014
HFT7XTHB6563,2019,776.9799761009476,21856.6480370075
HFT7XTHB6563,2020,925.8380366517829,30868.470697774253
HFT7XTHB6563,2021,926.576786331936,21484.87226047049
HFT7XTHB6563,2022,1017.812371830835,15328.317113495186
HFT7XTHB6563,2023,1051.7948571178742,10684.351936633213
HFT7XTHB6563,2024,1163.1613714009434,6874.250461243968
HFT7XTHB6563,2025,972.3792665014237,2267.4074558096827
HFT7XTHB6563,2026,449.71386779315606,64.08653475327522
HGAAKCE3A7P7,2016,118.0,2886.0
HGAAKCE3A7P7,2017,137.0,3007.0
HGAAKCE3A7P7,2018,110.0,1633.0
HGAAKCE3A7P7,2019,129.0,1765.0
HGAAKCE3A7P7,2020,189.0,2004.0
HGAAKCE3A7P7,2021,173.0,1229.0
HGAAKCE3A7P7,2022,183.0,1150.0
HGAAKCE3A7P7,2023,132.0,748.0
HGAAKCE3A7P7,2024,138.0,285.0
HGAAKCE3A7P7,2025,142.0,139.0
HGAAKCE3A7P7,2026,66.0,8.0
HH1NQ1B5MPV3,2016,427.0,21326.0
HH1NQ1B5MPV3,2017,456.0,13312.0
HH1NQ1B5MPV3,2018,486.0,10649.0
HH1NQ1B5MPV3,2019,551.0,8609.0
HH1NQ1B5MPV3,2020,674.0,9126.0
HH1NQ1B5MPV3,2021,608.0,8108.0
HH1NQ1B5MPV3,2022,681.0,4197.0
HH1NQ1B5MPV3,2023,628.0,3167.0
HH1NQ1B5MPV3,2024,726.0,2904.0
HH1NQ1B5MPV3,2025,958.0,1823.0
HH1NQ1B5MPV3,2026,469.0,47.0
HJD6G4D6TJY5,2016,16666.0,1178893.0
HJD6G4D6TJY5,2017,17613.0,1170046.0
HJD6G4D6TJY5,2018,18992.0,1072907.0
HJD6G4D6TJY5,2019,22014.0,1016056.0
HJD6G4D6TJY5,2020,27316.0,947284.0
HJD6G4D6TJY5,2021,25573.0,673822.0
HJD6G4D6TJY5,2022,26670.0,517330.0
HJD6G4D6TJY5,2023,25165.0,369051.0
HJD6G4D6TJY5,2024,25658.0,229944.0
HJD6G4D6TJY5,2025,25569.0,78086.0
HJD6G4D6TJY5,2026,12352.0,3683.0
HJMKEF7EJW69,2016,5140.0,219580.0
HJMKEF7EJW69,2017,5521.0,214242.0
HJMKEF7EJW69,2018,5637.0,216539.0
HJMKEF7EJW69,2019,5882.0,185874.0
HJMKEF7EJW69,2020,6764.0,208001.0
HJMKEF7EJW69,2021,6659.0,134586.0
HJMKEF7EJW69,2022,6880.0,99642.0
HJMKEF7EJW69,2023,7108.0,66634.0
HJMKEF7EJW69,2024,6860.0,45125.0
HJMKEF7EJW69,2025,6658.0,15004.0
HJMKEF7EJW69,2026,3085.0,598.0
HJNQME41NBU4,2016,777.0,18220.0
HJNQME41NBU4,2017,922.0,27278.0
HJNQME41NBU4,2018,908.0,27201.0
HJNQME41NBU4,2019,977.0,21770.0
HJNQME41NBU4,2020,1274.0,31079.0
HJNQME41NBU4,2021,1031.0,20051.0
HJNQME41NBU4,2022,1045.0,11789.0
HJNQME41NBU4,2023,1080.0,13063.0
HJNQME41NBU4,2024,1145.0,5265.0
HJNQME41NBU4,2025,1184.0,2083.0
HJNQME41NBU4,2026,518.0,91.0
HJTLACN81NK1,2016,1139.0,26586.0
HJTLACN81NK1,2017,1118.0,22292.0
HJTLACN81NK1,2018,1224.0,26933.0
HJTLACN81NK1,2019,1218.0,21192.0
HJTLACN81NK1,2020,3861.0,30447.0
HJTLACN81NK1,2021,1587.0,19024.0
HJTLACN81NK1,2022,1615.0,13815.0
HJTLACN81NK1,2023,1295.0,10030.0
HJTLACN81NK1,2024,1191.0,4499.0
HJTLACN81NK1,2025,1315.0,1690.0
HJTLACN81NK1,2026,660.0,93.0
HKJCKTFJNBM7,2016,931.0,22565.0
HKJCKTFJNBM7,2017,993.0,22165.0
HKJCKTFJNBM7,2018,1045.0,24004.0
HKJCKTFJNBM7,2019,1188.0,24645.0
HKJCKTFJNBM7,2020,1275.0,28944.0
HKJCKTFJNBM7,2021,1205.0,23385.0
HKJCKTFJNBM7,2022,1082.0,11806.0
HKJCKTFJNBM7,2023,1119.0,11496.0
HKJCKTFJNBM7,2024,1365.0,5932.0
HKJCKTFJNBM7,2025,1188.0,1725.0
HKJCKTFJNBM7,2026,599.0,78.0
HLTMVS2JZBS6,2016,2872.0,139816.0
HLTMVS2JZBS6,2017,3166.0,127497.0
HLTMVS2JZBS6,2018,3555.0,181304.0
HLTMVS2JZBS6,2019,3630.0,133546.0
HLTMVS2JZBS6,2020,3852.0,134880.0
HLTMVS2JZBS6,2021,4042.0,95466.0
HLTMVS2JZBS6,2022,4043.0,66332.0
HLTMVS2JZBS6,2023,4306.0,54245.0
HLTMVS2JZBS6,2024,4683.0,37909.0
HLTMVS2JZBS6,2025,4581.0,11608.0
HLTMVS2JZBS6,2026,1963.0,496.0
HMSNCM57QNR5,2016,1099.6057616419778,75900.31467490771
HMSNCM57QNR5,2017,1060.2185091395909,71821.84561099618
HMSNCM57QNR5,2018,1192.9481545585932,68132.93266087538
HMSNCM57QNR5,2019,1331.0733140190182,64412.186177910175
HMSNCM57QNR5,2020,1663.436978970666,87709.47625736991
HMSNCM57QNR5,2021,1681.7817267115036,71311.96953408173
HMSNCM57QNR5,2022,1686.6376893487843,49194.678375481155
HMSNCM57QNR5,2023,1911.091073471975,25320.607844993312
HMSNCM57QNR5,2024,1878.7179892234378,16637.607098131513
HMSNCM57QNR5,2025,1955.8738400157847,6128.224848248078
HMSNCM57QNR5,2026,876.2314803270715,232.54665518532502
HS5HWWK1AAU5,2016,774.0,19762.0
HS5HWWK1AAU5,2017,1003.0,19624.0
HS5HWWK1AAU5,2018,962.0,21440.0
HS5HWWK1AAU5,2019,1040.0,23830.0
HS5HWWK1AAU5,2020,1231.0,23148.0
HS5HWWK1AAU5,2021,1275.0,22807.0
HS5HWWK1AAU5,2022,1449.0,16581.0
HS5HWWK1AAU5,2023,1304.0,10739.0
HS5HWWK1AAU5,2024,1306.0,7580.0
HS5HWWK1AAU5,2025,1276.0,2714.0
HS5HWWK1AAU5,2026,576.0,113.0
HTQ6K6NJFHA6,2016,19.36787863311877,165.9561365229981
HTQ6K6NJFHA6,2017,18.22859165470002,90.00367129508135
HTQ6K6NJFHA6,2018,17.46906700242085,315.2027306958545
HTQ6K6NJFHA6,2019,20.127403285397936,332.6717976982753
HTQ6K6NJFHA6,2020,24.304788872933358,186.84306446067518
HTQ6K6NJFHA6,2021,25.064313525212526,93.42153223033759
HTQ6K6NJFHA6,2022,18.608353980839603,64.17983311758965
HTQ6K6NJFHA6,2023,14.051206067164598,57.72387357321672
HTQ6K6NJFHA6,2024,27.72264980818961,60.002447530054226
HTQ6K6NJFHA6,2025,42.533380527633376,22.78573956837502
HTQ6K6NJFHA6,2026,14.810730719443765,1.5190493045583349
HWPEKM8VFTJ9,2016,1415.0,36753.0
HWPEKM8VFTJ9,2017,1451.0,35241.0
HWPEKM8VFTJ9,2018,1675.0,40137.0
HWPEKM8VFTJ9,2019,1760.0,28970.0
HWPEKM8VFTJ9,2020,2025.0,42244.0
HWPEKM8VFTJ9,2021,1709.0,27521.0
HWPEKM8VFTJ9,2022,1795.0,18144.0
HWPEKM8VFTJ9,2023,1806.0,12408.0
HWPEKM8VFTJ9,2024,1958.0,7638.0
HWPEKM8VFTJ9,2025,1775.0,3054.0
HWPEKM8VFTJ9,2026,848.0,113.0
HYN3WD58HNN7,2016,0.12654334722193264,1.2021617986083601
HYN3WD58HNN7,2017,0.06327167361096632,0.44290171527676425
HYN3WD58HNN7,2018,0.12654334722193264,13.033964763859062
HYN3WD58HNN7,2019,0.18981502083289897,3.6697570694360464
HYN3WD58HNN7,2020,0.12654334722193264,2.151236902772855
HYN3WD58HNN7,2021,0.12654334722193264,0.8225317569425622
HYN3WD58HNN7,2022,0.5061733888877306,7.972230874981756
HYN3WD58HNN7,2023,0.7592600833315959,2.8472253124934843
HYN3WD58HNN7,2024,0.7592600833315959,3.6697570694360464
HYN3WD58HNN7,2025,0.5061733888877306,0.6959884097206295
HYN3WD58HNN7,2026,0.6959884097206295,0.12654334722193264
HYWTVM5HNFM3,2016,720.0,25955.0
HYWTVM5HNFM3,2017,803.0,21504.0
HYWTVM5HNFM3,2018,1012.0,21158.0
HYWTVM5HNFM3,2019,1123.0,22753.0
HYWTVM5HNFM3,2020,1487.0,21401.0
HYWTVM5HNFM3,2021,1396.0,17835.0
HYWTVM5HNFM3,2022,1447.0,12611.0
HYWTVM5HNFM3,2023,1509.0,8545.0
HYWTVM5HNFM3,2024,1831.0,4927.0
HYWTVM5HNFM3,2025,1813.0,2012.0
HYWTVM5HNFM3,2026,990.0,83.0
HYYJJ5ZP7CR9,2016,185.0,2814.0
HYYJJ5ZP7CR9,2017,163.0,2265.0
HYYJJ5ZP7CR9,2018,185.0,2866.0
HYYJJ5ZP7CR9,2019,141.0,3738.0
HYYJJ5ZP7CR9,2020,223.0,2809.0
HYYJJ5ZP7CR9,2021,179.0,2089.0
HYYJJ5ZP7CR9,2022,227.0,1703.0
HYYJJ5ZP7CR9,2023,191.0,1013.0
HYYJJ5ZP7CR9,2024,185.0,779.0
HYYJJ5ZP7CR9,2025,238.0,402.0
HYYJJ5ZP7CR9,2026,137.0,13.0
HZJ2JZUALWN4,2016,351.0,9793.0
HZJ2JZUALWN4,2017,364.0,8925.0
HZJ2JZUALWN4,2018,480.0,8071.0
HZJ2JZUALWN4,2019,428.0,6653.0
HZJ2JZUALWN4,2020,487.0,9706.0
HZJ2JZUALWN4,2021,519.0,6956.0
HZJ2JZUALWN4,2022,493.0,4281.0
HZJ2JZUALWN4,2023,593.0,6878.0
HZJ2JZUALWN4,2024,610.0,2428.0
HZJ2JZUALWN4,2025,569.0,855.0
HZJ2JZUALWN4,2026,287.0,37.0
J19ZXYATJLT3,2016,218.0,11919.0
J19ZXYATJLT3,2017,267.0,19292.0
J19ZXYATJLT3,2018,289.0,28936.0
J19ZXYATJLT3,2019,329.0,19124.0
J19ZXYATJLT3,2020,355.0,14495.0
J19ZXYATJLT3,2021,279.0,7201.0
J19ZXYATJLT3,2022,297.0,8376.0
J19ZXYATJLT3,2023,413.0,5560.0
J19ZXYATJLT3,2024,345.0,2947.0
J19ZXYATJLT3,2025,334.0,1148.0
J19ZXYATJLT3,2026,177.0,28.0
J22LNTMEDP73,2016,3491.0,122381.0
J22LNTMEDP73,2017,3585.0,117822.0
J22LNTMEDP73,2018,3858.0,113536.0
J22LNTMEDP73,2019,4234.0,116745.0
J22LNTMEDP73,2020,4889.0,101480.0
J22LNTMEDP73,2021,4579.0,89717.0
J22LNTMEDP73,2022,4631.0,56579.0
J22LNTMEDP73,2023,4765.0,38590.0
J22LNTMEDP73,2024,4889.0,22055.0
J22LNTMEDP73,2025,4843.0,7995.0
J22LNTMEDP73,2026,2523.0,322.0
J3M5GZAT8N85,2016,1104.0,36529.0
J3M5GZAT8N85,2017,1291.0,40832.0
J3M5GZAT8N85,2018,1310.0,30542.0
J3M5GZAT8N85,2019,1312.0,25117.0
J3M5GZAT8N85,2020,1420.0,29287.0
J3M5GZAT8N85,2021,1531.0,26885.0
J3M5GZAT8N85,2022,1487.0,17028.0
J3M5GZAT8N85,2023,2051.0,11645.0
J3M5GZAT8N85,2024,1545.0,7508.0
J3M5GZAT8N85,2025,1646.0,3369.0
J3M5GZAT8N85,2026,1163.0,89.0
J3Z5MNJJ3FZ4,2016,171.0,7895.0
J3Z5MNJJ3FZ4,2017,174.0,8255.0
J3Z5MNJJ3FZ4,2018,224.0,10465.0
J3Z5MNJJ3FZ4,2019,188.0,8342.0
J3Z5MNJJ3FZ4,2020,243.0,7075.0
J3Z5MNJJ3FZ4,2021,206.0,6607.0
J3Z5MNJJ3FZ4,2022,245.0,4153.0
J3Z5MNJJ3FZ4,2023,213.0,1808.0
J3Z5MNJJ3FZ4,2024,219.0,1268.0
J3Z5MNJJ3FZ4,2025,183.0,357.0
J3Z5MNJJ3FZ4,2026,95.0,19.0
J4EYPCJDQ1H6,2016,123.0,5997.0
J4EYPCJDQ1H6,2017,146.0,5917.0
J4EYPCJDQ1H6,2018,150.0,4876.0
J4EYPCJDQ1H6,2019,205.0,5241.0
J4EYPCJDQ1H6,2020,221.0,19588.0
J4EYPCJDQ1H6,2021,308.0,10922.0
J4EYPCJDQ1H6,2022,311.0,4359.0
J4EYPCJDQ1H6,2023,275.0,3354.0
J4EYPCJDQ1H6,2024,287.0,1362.0
J4EYPCJDQ1H6,2025,241.0,596.0
J4EYPCJDQ1H6,2026,123.0,20.0
J6TWTRKC1X14,2016,1153.0,50540.0
J6TWTRKC1X14,2017,1190.0,48314.0
J6TWTRKC1X14,2018,1221.0,32786.0
J6TWTRKC1X14,2019,1349.0,43670.0
J6TWTRKC1X14,2020,1636.0,35044.0
J6TWTRKC1X14,2021,1451.0,26668.0
J6TWTRKC1X14,2022,1463.0,20137.0
J6TWTRKC1X14,2023,1414.0,18557.0
J6TWTRKC1X14,2024,1508.0,8933.0
J6TWTRKC1X14,2025,1586.0,3193.0
J6TWTRKC1X14,2026,867.0,175.0
J7WULLYGFRH1,2016,942.0,17442.0
J7WULLYGFRH1,2017,976.0,19449.0
J7WULLYGFRH1,2018,1060.0,21037.0
J7WULLYGFRH1,2019,1034.0,19817.0
J7WULLYGFRH1,2020,1302.0,23714.0
J7WULLYGFRH1,2021,3855.0,13229.0
J7WULLYGFRH1,2022,1056.0,9109.0
J7WULLYGFRH1,2023,1068.0,6883.0
J7WULLYGFRH1,2024,1169.0,4301.0
J7WULLYGFRH1,2025,1073.0,1274.0
J7WULLYGFRH1,2026,521.0,120.0
J9CDGR596MN3,2016,413.4542552341702,12928.714561172503
J9CDGR596MN3,2017,412.07607438338965,12742.167938870418
J9CDGR596MN3,2018,421.13269140280477,11981.608992218227
J9CDGR596MN3,2019,435.2098243786349,10206.01984896615
J9CDGR596MN3,2020,539.3609201019092,10448.284354235506
J9CDGR596MN3,2021,488.6635530910526,9810.974152238834
J9CDGR596MN3,2022,501.26406372676064,6255.464440203654
J9CDGR596MN3,2023,504.0204254283218,4235.740403384732
J9CDGR596MN3,2024,638.786824336793,2509.0766803353645
J9CDGR596MN3,2025,568.5980424363255,1021.3304519177419
J9CDGR596MN3,2026,250.7304733527218,34.651404248197125
JB33DT84JNA5,2016,1613.0,42770.0
JB33DT84JNA5,2017,1768.0,42846.0
JB33DT84JNA5,2018,1891.0,47493.0
JB33DT84JNA5,2019,2078.0,43928.0
JB33DT84JNA5,2020,2347.0,47547.0
JB33DT84JNA5,2021,2130.0,34640.0
JB33DT84JNA5,2022,2065.0,21696.0
JB33DT84JNA5,2023,2300.0,17185.0
JB33DT84JNA5,2024,2352.0,9551.0
JB33DT84JNA5,2025,2337.0,4450.0
JB33DT84JNA5,2026,1041.0,168.0
JBQ9M3PLFDP5,2016,13.916338272589853,634.1152001345697
JBQ9M3PLFDP5,2017,13.054001071937916,538.8715431108404
JBQ9M3PLFDP5,2018,12.964793775318752,468.6951364370967
JBQ9M3PLFDP5,2019,11.83483468480932,288.97216951501747
JBQ9M3PLFDP5,2020,13.946074038129574,391.82818251691555
JBQ9M3PLFDP5,2021,14.600260880003455,224.59423712151957
JBQ9M3PLFDP5,2022,16.5628214056251,173.38924886211845
JBQ9M3PLFDP5,2023,21.05292200212311,143.50480449469794
JBQ9M3PLFDP5,2024,26.613510158051106,80.13788812955053
JBQ9M3PLFDP5,2025,45.614664337933405,58.19289316123577
JBQ9M3PLFDP5,2026,14.243431693526793,2.0815035877805337
JDLVAVGYJQ21,2016,2186.003975439312,123013.22109867992
JDLVAVGYJQ21,2017,2400.091542987933,119468.33876591771
JDLVAVGYJQ21,2018,2592.2946036315834,115192.16048813227
JDLVAVGYJQ21,2019,2747.9328670240725,110068.19544285431
JDLVAVGYJQ21,2020,3805.729343635733,120623.1882731514
JDLVAVGYJQ21,2021,3349.009199532009,97529.86820106392
JDLVAVGYJQ21,2022,3939.7549573518854,57250.82156370201
JDLVAVGYJQ21,2023,3316.930046553295,40413.344108306694
JDLVAVGYJQ21,2024,3502.064819252483,23963.127275099316
JDLVAVGYJQ21,2025,3342.7564832734465,7900.035135465575
JDLVAVGYJQ21,2026,1700.0591792575226,514.3538765739557
JE8AKPCR2KA4,2016,474.0,22016.0
JE8AKPCR2KA4,2017,507.0,14128.0
JE8AKPCR2KA4,2018,514.0,13969.0
JE8AKPCR2KA4,2019,536.0,15200.0
JE8AKPCR2KA4,2020,673.0,16279.0
JE8AKPCR2KA4,2021,708.0,13937.0
JE8AKPCR2KA4,2022,812.0,9794.0
JE8AKPCR2KA4,2023,620.0,4633.0
JE8AKPCR2KA4,2024,749.0,2745.0
JE8AKPCR2KA4,2025,759.0,1057.0
JE8AKPCR2KA4,2026,366.0,43.0
JF2BLNN4PJC3,2016,3608.0,159102.0
JF2BLNN4PJC3,2017,3701.0,133602.0
JF2BLNN4PJC3,2018,3981.0,148637.0
JF2BLNN4PJC3,2019,4885.0,109459.0
JF2BLNN4PJC3,2020,5041.0,118499.0
JF2BLNN4PJC3,2021,4707.0,84745.0
JF2BLNN4PJC3,2022,4542.0,60423.0
JF2BLNN4PJC3,2023,4628.0,41331.0
JF2BLNN4PJC3,2024,4704.0,26848.0
JF2BLNN4PJC3,2025,5052.0,8111.0
JF2BLNN4PJC3,2026,2353.0,368.0
JF6XLNB4CDJ5,2016,2325.9056209104206,80769.51990155592
JF6XLNB4CDJ5,2017,2530.9912830691883,88893.07408024305
JF6XLNB4CDJ5,2018,2839.0701840573233,86297.22408117636
JF6XLNB4CDJ5,2019,2937.5593453868632,79901.73430325602
JF6XLNB4CDJ5,2020,3490.960334198883,82598.77591015214
JF6XLNB4CDJ5,2021,3288.8773903733327,63301.80654172867
JF6XLNB4CDJ5,2022,3242.3352562084588,45064.796744931045
JF6XLNB4CDJ5,2023,3286.4752157067587,31894.273591771627
JF6XLNB4CDJ5,2024,4154.861357673313,19826.949154236387
JF6XLNB4CDJ5,2025,3462.7347818666367,6854.605411069336
JF6XLNB4CDJ5,2026,1567.4189699396327,276.8506303226707
JGA3E25MFDV9,2016,112.0,3416.0
JGA3E25MFDV9,2017,103.0,3993.0
JGA3E25MFDV9,2018,88.0,2123.0
JGA3E25MFDV9,2019,109.0,1658.0
JGA3E25MFDV9,2020,112.0,2066.0
JGA3E25MFDV9,2021,138.0,2577.0
JGA3E25MFDV9,2022,126.0,1916.0
JGA3E25MFDV9,2023,231.0,2470.0
JGA3E25MFDV9,2024,153.0,819.0
JGA3E25MFDV9,2025,118.0,126.0
JGA3E25MFDV9,2026,104.0,5.0
JHTYTGKYWLL9,2016,199.0,10467.0
JHTYTGKYWLL9,2017,215.0,10503.0
JHTYTGKYWLL9,2018,286.0,12641.0
JHTYTGKYWLL9,2019,367.0,10768.0
JHTYTGKYWLL9,2020,322.0,11667.0
JHTYTGKYWLL9,2021,363.0,7548.0
JHTYTGKYWLL9,2022,364.0,5329.0
JHTYTGKYWLL9,2023,341.0,4721.0
JHTYTGKYWLL9,2024,370.0,2154.0
JHTYTGKYWLL9,2025,494.0,721.0
JHTYTGKYWLL9,2026,370.0,25.0
JJ6CN5Y5A2R5,2016,567.0,11452.0
JJ6CN5Y5A2R5,2017,754.0,24358.0
JJ6CN5Y5A2R5,2018,805.0,20752.0
JJ6CN5Y5A2R5,2019,950.0,27490.0
JJ6CN5Y5A2R5,2020,1156.0,30000.0
JJ6CN5Y5A2R5,2021,991.0,21347.0
JJ6CN5Y5A2R5,2022,1044.0,15271.0
JJ6CN5Y5A2R5,2023,1106.0,11112.0
JJ6CN5Y5A2R5,2024,1276.0,7101.0
JJ6CN5Y5A2R5,2025,2276.0,2728.0
JJ6CN5Y5A2R5,2026,600.0,83.0
JJDYK36PRTL5,2016,698.0,21794.0
JJDYK36PRTL5,2017,837.0,21624.0
JJDYK36PRTL5,2018,867.0,16714.0
JJDYK36PRTL5,2019,922.0,13588.0
JJDYK36PRTL5,2020,1249.0,22972.0
JJDYK36PRTL5,2021,1155.0,19288.0
JJDYK36PRTL5,2022,1082.0,11803.0
JJDYK36PRTL5,2023,1020.0,8176.0
JJDYK36PRTL5,2024,984.0,3389.0
JJDYK36PRTL5,2025,1091.0,1394.0
JJDYK36PRTL5,2026,531.0,69.0
JJG6HU8PA4S5,2016,6296.0,238406.0
JJG6HU8PA4S5,2017,7472.0,218306.0
JJG6HU8PA4S5,2018,6795.0,270559.0
JJG6HU8PA4S5,2019,7218.0,203873.0
JJG6HU8PA4S5,2020,8753.0,222448.0
JJG6HU8PA4S5,2021,8268.0,159164.0
JJG6HU8PA4S5,2022,8182.0,125939.0
JJG6HU8PA4S5,2023,8657.0,82598.0
JJG6HU8PA4S5,2024,8783.0,56526.0
JJG6HU8PA4S5,2025,10255.0,16481.0
JJG6HU8PA4S5,2026,5452.0,813.0
JJHCMK4NT5N3,2016,830.0,57895.0
JJHCMK4NT5N3,2017,938.0,35275.0
JJHCMK4NT5N3,2018,1042.0,37662.0
JJHCMK4NT5N3,2019,1012.0,32705.0
JJHCMK4NT5N3,2020,1105.0,27952.0
JJHCMK4NT5N3,2021,1022.0,19203.0
JJHCMK4NT5N3,2022,1312.0,20040.0
JJHCMK4NT5N3,2023,1190.0,10855.0
JJHCMK4NT5N3,2024,1268.0,6716.0
JJHCMK4NT5N3,2025,1115.0,1957.0
JJHCMK4NT5N3,2026,444.0,53.0
JJKGF97BMBE1,2016,123.0,1604.0
JJKGF97BMBE1,2017,88.0,1825.0
JJKGF97BMBE1,2018,106.0,2130.0
JJKGF97BMBE1,2019,92.0,972.0
JJKGF97BMBE1,2020,95.0,1171.0
JJKGF97BMBE1,2021,103.0,646.0
JJKGF97BMBE1,2022,144.0,764.0
JJKGF97BMBE1,2023,117.0,470.0
JJKGF97BMBE1,2024,132.0,349.0
JJKGF97BMBE1,2025,180.0,304.0
JJKGF97BMBE1,2026,72.0,8.0
JKKNZLNYLJ19,2016,520.0,12952.0
JKKNZLNYLJ19,2017,507.0,9589.0
JKKNZLNYLJ19,2018,579.0,8770.0
JKKNZLNYLJ19,2019,645.0,8912.0
JKKNZLNYLJ19,2020,732.0,10844.0
JKKNZLNYLJ19,2021,556.0,6261.0
JKKNZLNYLJ19,2022,597.0,5074.0
JKKNZLNYLJ19,2023,625.0,3363.0
JKKNZLNYLJ19,2024,629.0,3060.0
JKKNZLNYLJ19,2025,731.0,1009.0
JKKNZLNYLJ19,2026,333.0,32.0
JL4JHE9SDRR3,2016,1220.0,104648.0
JL4JHE9SDRR3,2017,1165.0,76404.0
JL4JHE9SDRR3,2018,1331.0,84201.0
JL4JHE9SDRR3,2019,1405.0,80356.0
JL4JHE9SDRR3,2020,1787.0,91289.0
JL4JHE9SDRR3,2021,1938.0,75896.0
JL4JHE9SDRR3,2022,2067.0,47145.0
JL4JHE9SDRR3,2023,2355.0,29077.0
JL4JHE9SDRR3,2024,2405.0,17810.0
JL4JHE9SDRR3,2025,2430.0,7616.0
JL4JHE9SDRR3,2026,1209.0,336.0
JNBLLTBTLLD8,2016,1695.0,68990.0
JNBLLTBTLLD8,2017,1858.0,68627.0
JNBLLTBTLLD8,2018,1735.0,55976.0
JNBLLTBTLLD8,2019,1785.0,53491.0
JNBLLTBTLLD8,2020,2070.0,47978.0
JNBLLTBTLLD8,2021,1963.0,43784.0
JNBLLTBTLLD8,2022,1938.0,26794.0
JNBLLTBTLLD8,2023,2025.0,19154.0
JNBLLTBTLLD8,2024,2125.0,10475.0
JNBLLTBTLLD8,2025,2133.0,3557.0
JNBLLTBTLLD8,2026,909.0,139.0
JQH2GEMCAVN5,2016,293.0,18710.0
JQH2GEMCAVN5,2017,352.0,16135.0
JQH2GEMCAVN5,2018,325.0,16708.0
JQH2GEMCAVN5,2019,337.0,10879.0
JQH2GEMCAVN5,2020,388.0,10543.0
JQH2GEMCAVN5,2021,408.0,11746.0
JQH2GEMCAVN5,2022,384.0,9125.0
JQH2GEMCAVN5,2023,437.0,4442.0
JQH2GEMCAVN5,2024,388.0,1806.0
JQH2GEMCAVN5,2025,476.0,832.0
JQH2GEMCAVN5,2026,196.0,41.0
JTFKX11JLHS8,2016,60.0,1659.0
JTFKX11JLHS8,2017,55.0,2138.0
JTFKX11JLHS8,2018,72.0,1193.0
JTFKX11JLHS8,2019,59.0,1159.0
JTFKX11JLHS8,2020,88.0,1046.0
JTFKX11JLHS8,2021,102.0,1192.0
JTFKX11JLHS8,2022,92.0,710.0
JTFKX11JLHS8,2023,130.0,1110.0
JTFKX11JLHS8,2024,76.0,275.0
JTFKX11JLHS8,2025,110.0,110.0
JTFKX11JLHS8,2026,50.0,19.0
JW2NGMP4NMA3,2016,1212.0,41168.0
JW2NGMP4NMA3,2017,1338.0,44588.0
JW2NGMP4NMA3,2018,1412.0,61583.0
JW2NGMP4NMA3,2019,1542.0,71699.0
JW2NGMP4NMA3,2020,1991.0,49976.0
JW2NGMP4NMA3,2021,2906.0,32134.0
JW2NGMP4NMA3,2022,1637.0,26085.0
JW2NGMP4NMA3,2023,2122.0,14841.0
JW2NGMP4NMA3,2024,3709.0,14631.0
JW2NGMP4NMA3,2025,1834.0,3622.0
JW2NGMP4NMA3,2026,1295.0,149.0
JW7MLW3RRK34,2016,346.0,15137.0
JW7MLW3RRK34,2017,403.0,17471.0
JW7MLW3RRK34,2018,515.0,25484.0
JW7MLW3RRK34,2019,477.0,14728.0
JW7MLW3RRK34,2020,612.0,21236.0
JW7MLW3RRK34,2021,546.0,14794.0
JW7MLW3RRK34,2022,609.0,7320.0
JW7MLW3RRK34,2023,610.0,5254.0
JW7MLW3RRK34,2024,587.0,3381.0
JW7MLW3RRK34,2025,630.0,1216.0
JW7MLW3RRK34,2026,293.0,47.0
JWSYC7RUMJD1,2016,2133.0,52063.0
JWSYC7RUMJD1,2017,2544.0,64541.0
JWSYC7RUMJD1,2018,2438.0,57624.0
JWSYC7RUMJD1,2019,3075.0,67379.0
JWSYC7RUMJD1,2020,3046.0,86999.0
JWSYC7RUMJD1,2021,2604.0,33736.0
JWSYC7RUMJD1,2022,2926.0,25464.0
JWSYC7RUMJD1,2023,3657.0,16957.0
JWSYC7RUMJD1,2024,3037.0,9620.0
JWSYC7RUMJD1,2025,2966.0,3086.0
JWSYC7RUMJD1,2026,3226.0,180.0
JZ8RQC4EMDZ5,2016,897.0,38435.0
JZ8RQC4EMDZ5,2017,1005.0,36716.0
JZ8RQC4EMDZ5,2018,1081.0,39303.0
JZ8RQC4EMDZ5,2019,1276.0,36781.0
JZ8RQC4EMDZ5,2020,1649.0,49095.0
JZ8RQC4EMDZ5,2021,1713.0,34864.0
JZ8RQC4EMDZ5,2022,1543.0,26791.0
JZ8RQC4EMDZ5,2023,1775.0,23897.0
JZ8RQC4EMDZ5,2024,1839.0,11494.0
JZ8RQC4EMDZ5,2025,2170.0,4461.0
JZ8RQC4EMDZ5,2026,1098.0,178.0
JZD1HLM2ZU83,2016,2775.0,119267.0
JZD1HLM2ZU83,2017,2999.0,127537.0
JZD1HLM2ZU83,2018,3165.0,126645.0
JZD1HLM2ZU83,2019,3246.0,115356.0
JZD1HLM2ZU83,2020,4013.0,165093.0
JZD1HLM2ZU83,2021,3892.0,84091.0
JZD1HLM2ZU83,2022,4071.0,62973.0
JZD1HLM2ZU83,2023,3855.0,41627.0
JZD1HLM2ZU83,2024,3953.0,20978.0
JZD1HLM2ZU83,2025,3741.0,8094.0
JZD1HLM2ZU83,2026,1840.0,305.0
JZDRNT166LE4,2016,124.0,4359.0
JZDRNT166LE4,2017,168.0,4499.0
JZDRNT166LE4,2018,182.0,5057.0
JZDRNT166LE4,2019,167.0,6059.0
JZDRNT166LE4,2020,164.0,3479.0
JZDRNT166LE4,2021,212.0,7423.0
JZDRNT166LE4,2022,198.0,3480.0
JZDRNT166LE4,2023,281.0,1959.0
JZDRNT166LE4,2024,231.0,1478.0
JZDRNT166LE4,2025,266.0,526.0
JZDRNT166LE4,2026,110.0,38.0
K49BLGJHG935,2016,17.0,479.0
K49BLGJHG935,2017,14.0,216.0
K49BLGJHG935,2018,15.0,257.0
K49BLGJHG935,2019,12.0,324.0
K49BLGJHG935,2020,11.0,159.0
K49BLGJHG935,2021,7.0,68.0
K49BLGJHG935,2022,10.0,97.0
K49BLGJHG935,2023,7.0,12.0
K49BLGJHG935,2024,12.0,37.0
K49BLGJHG935,2025,9.0,3.0
K49BLGJHG935,2026,5.0,0.0
K4FYB2EJVL32,2016,239.0,8568.0
K4FYB2EJVL32,2017,284.0,8645.0
K4FYB2EJVL32,2018,263.0,5574.0
K4FYB2EJVL32,2019,241.0,5436.0
K4FYB2EJVL32,2020,303.0,7443.0
K4FYB2EJVL32,2021,332.0,6180.0
K4FYB2EJVL32,2022,354.0,4357.0
K4FYB2EJVL32,2023,364.0,4515.0
K4FYB2EJVL32,2024,430.0,2236.0
K4FYB2EJVL32,2025,476.0,726.0
K4FYB2EJVL32,2026,264.0,38.0
K51LECU1G8N3,2016,2823.0,130358.0
K51LECU1G8N3,2017,2782.0,128920.0
K51LECU1G8N3,2018,2878.0,122133.0
K51LECU1G8N3,2019,2960.0,107415.0
K51LECU1G8N3,2020,3669.0,112471.0
K51LECU1G8N3,2021,3571.0,83607.0
K51LECU1G8N3,2022,3618.0,61435.0
K51LECU1G8N3,2023,3872.0,45226.0
K51LECU1G8N3,2024,3939.0,28212.0
K51LECU1G8N3,2025,4017.0,11482.0
K51LECU1G8N3,2026,1877.0,552.0
KABJZBBJ4B54,2016,10500.0,495622.0
KABJZBBJ4B54,2017,12387.0,468356.0
KABJZBBJ4B54,2018,11427.0,476007.0
KABJZBBJ4B54,2019,11566.0,425058.0
KABJZBBJ4B54,2020,12875.0,419726.0
KABJZBBJ4B54,2021,12476.0,303347.0
KABJZBBJ4B54,2022,12245.0,209862.0
KABJZBBJ4B54,2023,12078.0,135452.0
KABJZBBJ4B54,2024,11386.0,73196.0
KABJZBBJ4B54,2025,11375.0,27426.0
KABJZBBJ4B54,2026,4821.0,1323.0
KD5TGBT7AKC9,2016,221.0,8200.0
KD5TGBT7AKC9,2017,276.0,8383.0
KD5TGBT7AKC9,2018,257.0,7335.0
KD5TGBT7AKC9,2019,240.0,5646.0
KD5TGBT7AKC9,2020,301.0,6483.0
KD5TGBT7AKC9,2021,297.0,4397.0
KD5TGBT7AKC9,2022,269.0,2934.0
KD5TGBT7AKC9,2023,235.0,1669.0
KD5TGBT7AKC9,2024,225.0,760.0
KD5TGBT7AKC9,2025,151.0,328.0
KD5TGBT7AKC9,2026,71.0,8.0
KG76WYENL5K1,2016,6339.118199026279,358020.54690369143
KG76WYENL5K1,2017,6646.596541252503,372358.4428713133
KG76WYENL5K1,2018,7182.694074404577,358502.38355292124
KG76WYENL5K1,2019,7624.7394087580415,325879.2931819451
KG76WYENL5K1,2020,8540.663129366038,359206.32808700623
KG76WYENL5K1,2021,8443.71701675824,279921.04797823075
KG76WYENL5K1,2022,8210.03347666631,180531.74863702632
KG76WYENL5K1,2023,8265.017839040882,130430.86581545933
KG76WYENL5K1,2024,8044.356911090299,73806.37778953035
KG76WYENL5K1,2025,7906.172526701573,28305.370967667674
KG76WYENL5K1,2026,3479.207877096254,960.7793846504107
KH6NJ6ND8737,2016,207.0,32801.0
KH6NJ6ND8737,2017,234.0,22769.0
KH6NJ6ND8737,2018,259.0,19579.0
KH6NJ6ND8737,2019,283.0,23339.0
KH6NJ6ND8737,2020,345.0,29057.0
KH6NJ6ND8737,2021,384.0,23015.0
KH6NJ6ND8737,2022,472.0,14309.0
KH6NJ6ND8737,2023,391.0,11459.0
KH6NJ6ND8737,2024,525.0,7413.0
KH6NJ6ND8737,2025,444.0,1836.0
KH6NJ6ND8737,2026,218.0,120.0
KMH5K9V7S518,2016,9809.0,621363.0
KMH5K9V7S518,2017,10152.0,608931.0
KMH5K9V7S518,2018,11169.0,627613.0
KMH5K9V7S518,2019,11988.0,537115.0
KMH5K9V7S518,2020,14774.0,555460.0
KMH5K9V7S518,2021,15264.0,419118.0
KMH5K9V7S518,2022,15526.0,281607.0
KMH5K9V7S518,2023,15623.0,211434.0
KMH5K9V7S518,2024,15983.0,117474.0
KMH5K9V7S518,2025,15440.0,41778.0
KMH5K9V7S518,2026,6972.0,1945.0
KMZBB7SJBP72,2016,2.0,122.0
KMZBB7SJBP72,2017,2.0,0.0
KMZBB7SJBP72,2018,3.0,4.0
KMZBB7SJBP72,2019,6.0,68.0
KMZBB7SJBP72,2020,8.0,30.0
KMZBB7SJBP72,2021,18.0,55.0
KMZBB7SJBP72,2022,25.0,80.0
KMZBB7SJBP72,2023,5.0,5.0
KMZBB7SJBP72,2024,4.0,6.0
KMZBB7SJBP72,2025,7.0,52.0
KMZBB7SJBP72,2026,2.0,1.0
KQ1KJG78NNS9,2016,177.37398134066694,7661.918722127564
KQ1KJG78NNS9,2017,179.71064456790927,9031.415797221312
KQ1KJG78NNS9,2018,212.84877760880033,6685.405917070025
KQ1KJG78NNS9,2019,242.3757038439533,5000.884154158061
KQ1KJG78NNS9,2020,261.06900966189187,6100.390414540448
KQ1KJG78NNS9,2021,308.8643938554847,3965.1050727004663
KQ1KJG78NNS9,2022,503.8695613653437,2664.645774775241
KQ1KJG78NNS9,2023,499.4086588406084,1848.9378845379224
KQ1KJG78NNS9,2024,571.8452188851203,913.2104739922482
KQ1KJG78NNS9,2025,348.1628208591056,322.88437321893866
KQ1KJG78NNS9,2026,127.02950999008245,14.869675082451122
KSJKE3KVNBB4,2016,265.0,23323.0
KSJKE3KVNBB4,2017,251.0,5172.0
KSJKE3KVNBB4,2018,188.0,5561.0
KSJKE3KVNBB4,2019,175.0,3409.0
KSJKE3KVNBB4,2020,191.0,2257.0
KSJKE3KVNBB4,2021,232.0,5099.0
KSJKE3KVNBB4,2022,170.0,2838.0
KSJKE3KVNBB4,2023,158.0,1277.0
KSJKE3KVNBB4,2024,153.0,895.0
KSJKE3KVNBB4,2025,163.0,204.0
KSJKE3KVNBB4,2026,102.0,10.0
KU3DCFJJTVN3,2016,1043.4023681100107,36233.245054631494
KU3DCFJJTVN3,2017,1135.403893725701,39877.47532404128
KU3DCFJJTVN3,2018,1273.608235280164,38712.97577946201
KU3DCFJJTVN3,2019,1317.790519909661,35843.95602237769
KU3DCFJJTVN3,2020,1566.0464667760114,37053.85017037203
KU3DCFJJTVN3,2021,1475.3919620331717,28397.22053099818
KU3DCFJJTVN3,2022,1454.5131385039886,20216.089259740565
KU3DCFJJTVN3,2023,1474.3143453348912,14307.786307243625
KU3DCFJJTVN3,2024,1863.8727817632607,8894.378823431965
KU3DCFJJTVN3,2025,1553.3844705712165,3074.979248543161
KU3DCFJJTVN3,2026,703.1448956279701,124.19532447681769
KUKXRCZ6NZC2,2016,4709.0,358056.0
KUKXRCZ6NZC2,2017,4928.0,323586.0
KUKXRCZ6NZC2,2018,5199.0,367965.0
KUKXRCZ6NZC2,2019,5718.0,301556.0
KUKXRCZ6NZC2,2020,6166.0,293331.0
KUKXRCZ6NZC2,2021,5911.0,240194.0
KUKXRCZ6NZC2,2022,6722.0,176290.0
KUKXRCZ6NZC2,2023,7294.0,122822.0
KUKXRCZ6NZC2,2024,6889.0,68217.0
KUKXRCZ6NZC2,2025,6749.0,25175.0
KUKXRCZ6NZC2,2026,3337.0,918.0
KULSKCCZJT27,2016,262.0,7443.0
KULSKCCZJT27,2017,301.0,18217.0
KULSKCCZJT27,2018,364.0,8487.0
KULSKCCZJT27,2019,380.0,10302.0
KULSKCCZJT27,2020,512.0,7129.0
KULSKCCZJT27,2021,428.0,4121.0
KULSKCCZJT27,2022,569.0,5353.0
KULSKCCZJT27,2023,660.0,4437.0
KULSKCCZJT27,2024,834.0,3087.0
KULSKCCZJT27,2025,864.0,2163.0
KULSKCCZJT27,2026,409.0,66.0
KWTAB1GYM4L9,2016,242.0,6697.0
KWTAB1GYM4L9,2017,250.0,5091.0
KWTAB1GYM4L9,2018,270.0,4617.0
KWTAB1GYM4L9,2019,296.0,4098.0
KWTAB1GYM4L9,2020,367.0,4208.0
KWTAB1GYM4L9,2021,387.0,4328.0
KWTAB1GYM4L9,2022,410.0,3755.0
KWTAB1GYM4L9,2023,392.0,2991.0
KWTAB1GYM4L9,2024,376.0,2246.0
KWTAB1GYM4L9,2025,399.0,532.0
KWTAB1GYM4L9,2026,228.0,40.0
KXN7HGCF6K91,2016,524.9075645202344,19308.503916776903
KXN7HGCF6K91,2017,566.9911612423333,20077.19303708371
KXN7HGCF6K91,2018,560.925057210319,16403.882697072575
KXN7HGCF6K91,2019,630.7800364539833,17213.99193397298
KXN7HGCF6K91,2020,763.3812792787951,19189.26705939762
KXN7HGCF6K91,2021,733.3351077452244,15101.850336326012
KXN7HGCF6K91,2022,737.7899028937348,10452.276378662578
KXN7HGCF6K91,2023,797.8822459608762,7215.535963205467
KXN7HGCF6K91,2024,819.871873076928,4585.974648202784
KXN7HGCF6K91,2025,823.4736223459364,1665.1455567879154
KXN7HGCF6K91,2026,388.32544092441316,85.87328520320193
KXNVA7JCC5K6,2016,1750.0,43670.0
KXNVA7JCC5K6,2017,1816.0,50017.0
KXNVA7JCC5K6,2018,1739.0,36478.0
KXNVA7JCC5K6,2019,1574.0,39345.0
KXNVA7JCC5K6,2020,1627.0,36917.0
KXNVA7JCC5K6,2021,1529.0,27163.0
KXNVA7JCC5K6,2022,1477.0,15642.0
KXNVA7JCC5K6,2023,1559.0,13654.0
KXNVA7JCC5K6,2024,1917.0,9305.0
KXNVA7JCC5K6,2025,2197.0,2682.0
KXNVA7JCC5K6,2026,626.0,81.0
KZNHNMDUTJA5,2016,329.0,5166.0
KZNHNMDUTJA5,2017,396.0,8477.0
KZNHNMDUTJA5,2018,382.0,5421.0
KZNHNMDUTJA5,2019,347.0,6563.0
KZNHNMDUTJA5,2020,513.0,7122.0
KZNHNMDUTJA5,2021,405.0,5736.0
KZNHNMDUTJA5,2022,409.0,4184.0
KZNHNMDUTJA5,2023,427.0,4668.0
KZNHNMDUTJA5,2024,533.0,2408.0
KZNHNMDUTJA5,2025,585.0,1199.0
KZNHNMDUTJA5,2026,299.0,34.0
L1DXXP1KGP77,2016,205.0,5654.0
L1DXXP1KGP77,2017,267.0,5713.0
L1DXXP1KGP77,2018,221.0,3604.0
L1DXXP1KGP77,2019,238.0,4587.0
L1DXXP1KGP77,2020,284.0,4680.0
L1DXXP1KGP77,2021,278.0,6268.0
L1DXXP1KGP77,2022,315.0,3082.0
L1DXXP1KGP77,2023,231.0,2193.0
L1DXXP1KGP77,2024,244.0,1008.0
L1DXXP1KGP77,2025,266.0,470.0
L1DXXP1KGP77,2026,131.0,23.0
L3ATVUT2KNK7,2016,691.0,46051.0
L3ATVUT2KNK7,2017,820.0,41280.0
L3ATVUT2KNK7,2018,924.0,25477.0
L3ATVUT2KNK7,2019,1027.0,32092.0
L3ATVUT2KNK7,2020,1123.0,26365.0
L3ATVUT2KNK7,2021,1248.0,26749.0
L3ATVUT2KNK7,2022,1234.0,19175.0
L3ATVUT2KNK7,2023,1371.0,11685.0
L3ATVUT2KNK7,2024,1537.0,7105.0
L3ATVUT2KNK7,2025,1444.0,2549.0
L3ATVUT2KNK7,2026,817.0,101.0
L4EEW9SQX2F6,2016,7.0,109.0
L4EEW9SQX2F6,2017,12.0,165.0
L4EEW9SQX2F6,2018,11.0,411.0
L4EEW9SQX2F6,2019,15.0,185.0
L4EEW9SQX2F6,2020,19.0,289.0
L4EEW9SQX2F6,2021,13.0,247.0
L4EEW9SQX2F6,2022,16.0,174.0
L4EEW9SQX2F6,2023,12.0,101.0
L4EEW9SQX2F6,2024,15.0,129.0
L4EEW9SQX2F6,2025,26.0,17.0
L4EEW9SQX2F6,2026,10.0,8.0
L6NFUM28LQM5,2016,7298.18286934433,443142.5100879933
L6NFUM28LQM5,2017,7392.513443374181,407399.67004477204
L6NFUM28LQM5,2018,9454.176188215648,378581.4450254834
L6NFUM28LQM5,2019,10108.389224024662,361746.9573586935
L6NFUM28LQM5,2020,28061.703201696026,396478.91154887836
L6NFUM28LQM5,2021,10627.911340696528,264008.75000530656
L6NFUM28LQM5,2022,10612.424231527448,188319.96235164345
L6NFUM28LQM5,2023,11083.607795338245,127901.93364503168
L6NFUM28LQM5,2024,10894.477340940086,81931.96987415616
L6NFUM28LQM5,2025,10254.812801623237,24057.581521981163
L6NFUM28LQM5,2026,4567.758592201682,1120.2342298967858
L952KGDMSLV5,2016,1.7633369454560002,465.8736209894753
L952KGDMSLV5,2017,1.0580021672736002,33.1507345745728
L952KGDMSLV5,2018,0.7053347781824001,10.580021672736
L952KGDMSLV5,2019,4.937343447276801,435.5442255276321
L952KGDMSLV5,2020,2.4686717236384004,148.8256381964864
L952KGDMSLV5,2021,1.0580021672736002,7.758682560006401
L952KGDMSLV5,2022,1.7633369454560002,23.628715069110402
L952KGDMSLV5,2023,2.1160043345472004,7.406015170915201
L952KGDMSLV5,2024,2.8213391127296004,19.044039010924802
L952KGDMSLV5,2025,7.053347781824001,40.556749745488005
L952KGDMSLV5,2026,5.642678225459201,0.7053347781824001
LAGNHMC58DF3,2016,198.0,1654.0
LAGNHMC58DF3,2017,148.0,2026.0
LAGNHMC58DF3,2018,249.0,1628.0
LAGNHMC58DF3,2019,207.0,1650.0
LAGNHMC58DF3,2020,291.0,1202.0
LAGNHMC58DF3,2021,329.0,1872.0
LAGNHMC58DF3,2022,255.0,660.0
LAGNHMC58DF3,2023,278.0,360.0
LAGNHMC58DF3,2024,271.0,238.0
LAGNHMC58DF3,2025,1189.0,195.0
LAGNHMC58DF3,2026,118.0,5.0
LCLSJAGTNZQ7,2016,454.0836617274102,20690.88479986543
LCLSJAGTNZQ7,2017,425.94599892806207,17583.12845688916
LCLSJAGTNZQ7,2018,423.03520622468125,15293.304863562904
LCLSJAGTNZQ7,2019,386.1651653151907,9429.027830484982
LCLSJAGTNZQ7,2020,455.05392596187045,12785.171817483084
LCLSJAGTNZQ7,2021,476.3997391199965,7328.40576287848
LCLSJAGTNZQ7,2022,540.4371785943749,5657.610751137881
LCLSJAGTNZQ7,2023,686.9470779978769,4682.495195505302
LCLSJAGTNZQ7,2024,868.3864898419489,2614.8621118704496
LCLSJAGTNZQ7,2025,1488.3853356620666,1898.8071068387642
LCLSJAGTNZQ7,2026,464.7565683064732,67.91849641221947
LFDKLGTB62C4,2016,4.594364697915523,163.55938324579265
LFDKLGTB62C4,2017,0.9188729395831047,21.134077610411406
LFDKLGTB62C4,2018,10.107602335414152,56.97012225415249
LFDKLGTB62C4,2019,2.756618818749314,15.62083997291278
LFDKLGTB62C4,2020,6.432110577081732,113.02137156872188
LFDKLGTB62C4,2021,9.188729395831047,57.888995193735596
LFDKLGTB62C4,2022,9.188729395831047,126.80446566246844
LFDKLGTB62C4,2023,22.971823489577616,951.0334924685134
LFDKLGTB62C4,2024,27.56618818749314,110.26475274997256
LFDKLGTB62C4,2025,22.971823489577616,69.83434340831596
LFDKLGTB62C4,2026,7.350983516664837,8.269856456247942
LGHBJMLVD8H3,2016,1000.0,38809.0
LGHBJMLVD8H3,2017,1083.0,43397.0
LGHBJMLVD8H3,2018,1237.0,42670.0
LGHBJMLVD8H3,2019,1257.0,41605.0
LGHBJMLVD8H3,2020,1426.0,31027.0
LGHBJMLVD8H3,2021,1444.0,25910.0
LGHBJMLVD8H3,2022,1327.0,17178.0
LGHBJMLVD8H3,2023,1350.0,14202.0
LGHBJMLVD8H3,2024,1654.0,8159.0
LGHBJMLVD8H3,2025,1320.0,2557.0
LGHBJMLVD8H3,2026,576.0,89.0
LHGDNJMZ64Y1,2016,984.0,81529.0
LHGDNJMZ64Y1,2017,1041.0,74304.0
LHGDNJMZ64Y1,2018,1133.0,76876.0
LHGDNJMZ64Y1,2019,1030.0,57539.0
LHGDNJMZ64Y1,2020,1133.0,73249.0
LHGDNJMZ64Y1,2021,1152.0,54336.0
LHGDNJMZ64Y1,2022,1132.0,34972.0
LHGDNJMZ64Y1,2023,1289.0,20415.0
LHGDNJMZ64Y1,2024,1159.0,13470.0
LHGDNJMZ64Y1,2025,1803.0,4121.0
LHGDNJMZ64Y1,2026,489.0,190.0
LJBXV5VF2BT9,2016,902.0,15434.0
LJBXV5VF2BT9,2017,1013.0,16809.0
LJBXV5VF2BT9,2018,1094.0,15773.0
LJBXV5VF2BT9,2019,1220.0,15895.0
LJBXV5VF2BT9,2020,1271.0,16859.0
LJBXV5VF2BT9,2021,1331.0,13286.0
LJBXV5VF2BT9,2022,1450.0,11685.0
LJBXV5VF2BT9,2023,1352.0,7022.0
LJBXV5VF2BT9,2024,1325.0,4606.0
LJBXV5VF2BT9,2025,1394.0,1367.0
LJBXV5VF2BT9,2026,573.0,52.0
LL8GLEVH6MG3,2016,7408.0,284998.0
LL8GLEVH6MG3,2017,7742.0,299961.0
LL8GLEVH6MG3,2018,8748.0,291813.0
LL8GLEVH6MG3,2019,10878.0,276689.0
LL8GLEVH6MG3,2020,10727.0,288635.0
LL8GLEVH6MG3,2021,10992.0,220008.0
LL8GLEVH6MG3,2022,11726.0,156862.0
LL8GLEVH6MG3,2023,11103.0,114793.0
LL8GLEVH6MG3,2024,11087.0,63938.0
LL8GLEVH6MG3,2025,11366.0,23936.0
LL8GLEVH6MG3,2026,5158.0,1043.0
LLABHNB9ABM4,2016,171.4094028467345,4035.8637592386895
LLABHNB9ABM4,2017,143.10816187827055,5112.37888739762
LLABHNB9ABM4,2018,158.32675371980307,3270.6622817328625
LLABHNB9ABM4,2019,161.79766063102977,4375.745643699583
LLABHNB9ABM4,2020,186.627994688267,4399.508006399519
LLABHNB9ABM4,2021,189.0309302421932,4464.387266355526
LLABHNB9ABM4,2022,166.336538899557,2268.104170066993
LLABHNB9ABM4,2023,189.56491592084345,1769.3615462076473
LLABHNB9ABM4,2024,196.23973690397173,927.2661309761821
LLABHNB9ABM4,2025,229.07985614096293,290.4882091857432
LLABHNB9ABM4,2026,106.26315005140239,15.485584680857635
LLLYTJ6LYD21,2016,1.0,6.0
LLLYTJ6LYD21,2017,4.0,13.0
LLLYTJ6LYD21,2018,8.0,161.0
LLLYTJ6LYD21,2019,4.0,24.0
LLLYTJ6LYD21,2020,10.0,87.0
LLLYTJ6LYD21,2021,13.0,37.0
LLLYTJ6LYD21,2022,27.0,105.0
LLLYTJ6LYD21,2023,37.0,150.0
LLLYTJ6LYD21,2024,18.0,56.0
LLLYTJ6LYD21,2025,24.0,12.0
LLLYTJ6LYD21,2026,11.0,0.0
LMCJKRFW5R81,2016,0.6275806779270555,5.9620164403070275
LMCJKRFW5R81,2017,0.31379033896352776,2.196532372744694
LMCJKRFW5R81,2018,0.6275806779270555,64.64080982648672
LMCJKRFW5R81,2019,0.9413710168905833,18.19983965988461
LMCJKRFW5R81,2020,0.6275806779270555,10.668871524759943
LMCJKRFW5R81,2021,0.6275806779270555,4.079274406525861
LMCJKRFW5R81,2022,2.510322711708222,39.5375827094045
LMCJKRFW5R81,2023,3.7654840675623333,14.12056525335875
LMCJKRFW5R81,2024,3.7654840675623333,18.19983965988461
LMCJKRFW5R81,2025,2.510322711708222,3.4516937285988054
LMCJKRFW5R81,2026,3.4516937285988054,0.6275806779270555
LMF5HEYNM148,2016,83.0,1540.0
LMF5HEYNM148,2017,85.0,2245.0
LMF5HEYNM148,2018,120.0,1572.0
LMF5HEYNM148,2019,145.0,1513.0
LMF5HEYNM148,2020,151.0,3109.0
LMF5HEYNM148,2021,182.0,1538.0
LMF5HEYNM148,2022,183.0,1059.0
LMF5HEYNM148,2023,216.0,1177.0
LMF5HEYNM148,2024,224.0,532.0
LMF5HEYNM148,2025,329.0,329.0
LMF5HEYNM148,2026,191.0,21.0
LMLUKUPJJ9N3,2016,1739.0,49759.0
LMLUKUPJJ9N3,2017,1902.0,58673.0
LMLUKUPJJ9N3,2018,2048.0,50549.0
LMLUKUPJJ9N3,2019,2073.0,50109.0
LMLUKUPJJ9N3,2020,2382.0,49075.0
LMLUKUPJJ9N3,2021,2849.0,38059.0
LMLUKUPJJ9N3,2022,2365.0,29303.0
LMLUKUPJJ9N3,2023,2554.0,22189.0
LMLUKUPJJ9N3,2024,2441.0,11338.0
LMLUKUPJJ9N3,2025,2681.0,4362.0
LMLUKUPJJ9N3,2026,1160.0,228.0
LN53LCFJFL45,2016,1988.6669227531806,111908.45332799804
LN53LCFJFL45,2017,2183.428171561554,108683.57802153863
LN53LCFJFL45,2018,2358.28049271396,104793.42302073697
LN53LCFJFL45,2019,2499.868829149254,100132.01347465414
LN53LCFJFL45,2020,3462.174885166245,109734.17584368208
LN53LCFJFL45,2021,3046.6842210417153,88725.5581650783
LN53LCFJFL45,2022,3584.1016098170744,52082.62035356006
LN53LCFJFL45,2023,3017.500948204397,36765.111852040565
LN53LCFJFL45,2024,3185.9230566977335,21799.904809476666
LN53LCFJFL45,2025,3040.9959559971535,7186.875567932602
LN53LCFJFL45,2026,1546.589802442111,467.92162888310133
LNGXAKMH8J26,2016,11.0,74.0
LNGXAKMH8J26,2017,19.0,410.0
LNGXAKMH8J26,2018,35.0,1190.0
LNGXAKMH8J26,2019,50.0,537.0
LNGXAKMH8J26,2020,47.0,1078.0
LNGXAKMH8J26,2021,43.0,2410.0
LNGXAKMH8J26,2022,54.0,818.0
LNGXAKMH8J26,2023,65.0,343.0
LNGXAKMH8J26,2024,49.0,140.0
LNGXAKMH8J26,2025,44.0,60.0
LNGXAKMH8J26,2026,32.0,11.0
LT9CXX8L19G1,2016,3777.0,148330.0
LT9CXX8L19G1,2017,4351.0,166434.0
LT9CXX8L19G1,2018,4785.0,150948.0
LT9CXX8L19G1,2019,5021.0,188447.0
LT9CXX8L19G1,2020,5603.0,146831.0
LT9CXX8L19G1,2021,5786.0,107811.0
LT9CXX8L19G1,2022,5570.0,75414.0
LT9CXX8L19G1,2023,5794.0,47979.0
LT9CXX8L19G1,2024,5916.0,33299.0
LT9CXX8L19G1,2025,5992.0,11276.0
LT9CXX8L19G1,2026,2652.0,476.0
LTJVF4QSFCP9,2016,376.0,20966.0
LTJVF4QSFCP9,2017,388.0,23165.0
LTJVF4QSFCP9,2018,431.0,30609.0
LTJVF4QSFCP9,2019,405.0,21687.0
LTJVF4QSFCP9,2020,225.0,10458.0
LTJVF4QSFCP9,2021,110.0,3869.0
LTJVF4QSFCP9,2022,67.0,4977.0
LTJVF4QSFCP9,2023,44.0,614.0
LTJVF4QSFCP9,2024,58.0,69.0
LTJVF4QSFCP9,2025,69.0,80.0
LTJVF4QSFCP9,2026,8.0,0.0
LTNVSTJ3R6D5,2016,1002.0,29886.0
LTNVSTJ3R6D5,2017,1053.0,38581.0
LTNVSTJ3R6D5,2018,1048.0,28596.0
LTNVSTJ3R6D5,2019,1202.0,24081.0
LTNVSTJ3R6D5,2020,1385.0,25362.0
LTNVSTJ3R6D5,2021,1401.0,27201.0
LTNVSTJ3R6D5,2022,1303.0,15297.0
LTNVSTJ3R6D5,2023,1394.0,11322.0
LTNVSTJ3R6D5,2024,1556.0,7033.0
LTNVSTJ3R6D5,2025,1477.0,2845.0
LTNVSTJ3R6D5,2026,614.0,270.0
LV8GL8MLU9A3,2016,7.0,155.0
LV8GL8MLU9A3,2017,49.0,630.0
LV8GL8MLU9A3,2018,106.0,2352.0
LV8GL8MLU9A3,2019,237.0,6821.0
LV8GL8MLU9A3,2020,411.0,14016.0
LV8GL8MLU9A3,2021,501.0,11974.0
LV8GL8MLU9A3,2022,486.0,8242.0
LV8GL8MLU9A3,2023,735.0,6531.0
LV8GL8MLU9A3,2024,618.0,2710.0
LV8GL8MLU9A3,2025,644.0,1030.0
LV8GL8MLU9A3,2026,368.0,56.0
LWLJAPATKEL8,2016,85.0,2075.0
LWLJAPATKEL8,2017,69.0,2640.0
LWLJAPATKEL8,2018,86.0,1431.0
LWLJAPATKEL8,2019,96.0,1825.0
LWLJAPATKEL8,2020,111.0,2054.0
LWLJAPATKEL8,2021,142.0,2176.0
LWLJAPATKEL8,2022,109.0,1329.0
LWLJAPATKEL8,2023,121.0,1285.0
LWLJAPATKEL8,2024,104.0,799.0
LWLJAPATKEL8,2025,126.0,113.0
LWLJAPATKEL8,2026,75.0,7.0
LXCNYLGGX6N7,2016,124.0,11423.0
LXCNYLGGX6N7,2017,136.0,4067.0
LXCNYLGGX6N7,2018,139.0,3923.0
LXCNYLGGX6N7,2019,132.0,4749.0
LXCNYLGGX6N7,2020,152.0,14189.0
LXCNYLGGX6N7,2021,146.0,3604.0
LXCNYLGGX6N7,2022,130.0,1776.0
LXCNYLGGX6N7,2023,119.0,767.0
LXCNYLGGX6N7,2024,135.0,434.0
LXCNYLGGX6N7,2025,125.0,233.0
LXCNYLGGX6N7,2026,59.0,10.0
LXEJEU58YZG6,2016,117.0,10761.0
LXEJEU58YZG6,2017,181.0,5724.0
LXEJEU58YZG6,2018,190.0,7939.0
LXEJEU58YZG6,2019,147.0,4180.0
LXEJEU58YZG6,2020,156.0,7349.0
LXEJEU58YZG6,2021,148.0,5736.0
LXEJEU58YZG6,2022,135.0,2381.0
LXEJEU58YZG6,2023,151.0,4454.0
LXEJEU58YZG6,2024,180.0,586.0
LXEJEU58YZG6,2025,146.0,1146.0
LXEJEU58YZG6,2026,62.0,11.0
LXHMMWRKN5N8,2016,1822.0,45498.0
LXHMMWRKN5N8,2017,1920.0,51998.0
LXHMMWRKN5N8,2018,1826.0,40352.0
LXHMMWRKN5N8,2019,1681.0,40216.0
LXHMMWRKN5N8,2020,1887.0,33338.0
LXHMMWRKN5N8,2021,1640.0,26663.0
LXHMMWRKN5N8,2022,1482.0,14758.0
LXHMMWRKN5N8,2023,1641.0,11870.0
LXHMMWRKN5N8,2024,1678.0,7864.0
LXHMMWRKN5N8,2025,1732.0,4813.0
LXHMMWRKN5N8,2026,741.0,401.0
LZYFSK879778,2016,650.9820185371689,32323.010106489357
LZYFSK879778,2017,640.0658415091351,29103.367662663317
LZYFSK879778,2018,638.3864296586684,26100.15942106617
LZYFSK879778,2019,671.974666668003,24855.92516635163
LZYFSK879778,2020,832.5684248688848,29350.03127820062
LZYFSK879778,2021,846.0037196726187,20619.18892058667
LZYFSK879778,2022,894.4967368548457,15859.315883401321
LZYFSK879778,2023,876.2331329810199,9310.239446024972
LZYFSK879778,2024,933.962915340814,6098.994061451263
LZYFSK879778,2025,872.8743092800864,2170.010037284332
LZYFSK879778,2026,402.00921170547514,98.03566677099576
M1K8LJAET5R1,2016,766.0,14245.0
M1K8LJAET5R1,2017,750.0,17195.0
M1K8LJAET5R1,2018,772.0,19146.0
M1K8LJAET5R1,2019,713.0,43052.0
M1K8LJAET5R1,2020,835.0,14384.0
M1K8LJAET5R1,2021,810.0,12065.0
M1K8LJAET5R1,2022,817.0,9600.0
M1K8LJAET5R1,2023,831.0,5481.0
M1K8LJAET5R1,2024,779.0,3770.0
M1K8LJAET5R1,2025,806.0,1358.0
M1K8LJAET5R1,2026,386.0,49.0
M1LVPE5GLSD9,2016,3281.855051469164,125112.37668731708
M1LVPE5GLSD9,2017,3863.3053012828077,117133.722874223
M1LVPE5GLSD9,2018,3523.31163279934,125331.03129806633
M1LVPE5GLSD9,2019,3795.713745632202,113112.43249105806
M1LVPE5GLSD9,2020,4334.410300606607,118520.97847724477
M1LVPE5GLSD9,2021,4340.517971297927,89594.2357270621
M1LVPE5GLSD9,2022,4279.441264384729,70572.91330406185
M1LVPE5GLSD9,2023,4465.521631446938,45943.12047424568
M1LVPE5GLSD9,2024,4468.779055815642,26377.808181671884
M1LVPE5GLSD9,2025,4152.808892051366,9904.60597109025
M1LVPE5GLSD9,2026,2223.5993096864895,342.8439148060839
M2EEE68GGCY9,2016,1143.0,36968.0
M2EEE68GGCY9,2017,1119.0,24959.0
M2EEE68GGCY9,2018,1065.0,37984.0
M2EEE68GGCY9,2019,1030.0,26914.0
M2EEE68GGCY9,2020,1132.0,29186.0
M2EEE68GGCY9,2021,1054.0,18289.0
M2EEE68GGCY9,2022,986.0,15960.0
M2EEE68GGCY9,2023,1105.0,8428.0
M2EEE68GGCY9,2024,1037.0,5546.0
M2EEE68GGCY9,2025,1008.0,1488.0
M2EEE68GGCY9,2026,399.0,48.0
M2XKLRTA9G44,2016,239.0,18950.0
M2XKLRTA9G44,2017,212.0,11637.0
M2XKLRTA9G44,2018,238.0,15378.0
M2XKLRTA9G44,2019,245.0,14173.0
M2XKLRTA9G44,2020,292.0,9727.0
M2XKLRTA9G44,2021,279.0,6532.0
M2XKLRTA9G44,2022,307.0,3954.0
M2XKLRTA9G44,2023,292.0,3047.0
M2XKLRTA9G44,2024,304.0,1498.0
M2XKLRTA9G44,2025,297.0,639.0
M2XKLRTA9G44,2026,120.0,36.0
M3GAQBN4BWH6,2016,454.0,22477.0
M3GAQBN4BWH6,2017,420.0,19393.0
M3GAQBN4BWH6,2018,227.0,15086.0
M3GAQBN4BWH6,2019,150.0,6803.0
M3GAQBN4BWH6,2020,597.0,20085.0
M3GAQBN4BWH6,2021,273.0,6934.0
M3GAQBN4BWH6,2022,492.0,4446.0
M3GAQBN4BWH6,2023,269.0,2035.0
M3GAQBN4BWH6,2024,264.0,1425.0
M3GAQBN4BWH6,2025,173.0,513.0
M3GAQBN4BWH6,2026,72.0,29.0
M3KHEEYRM1S6,2016,1090.0,46649.0
M3KHEEYRM1S6,2017,1223.0,52812.0
M3KHEEYRM1S6,2018,1279.0,35512.0
M3KHEEYRM1S6,2019,1419.0,37843.0
M3KHEEYRM1S6,2020,1568.0,46298.0
M3KHEEYRM1S6,2021,1500.0,27839.0
M3KHEEYRM1S6,2022,1402.0,20409.0
M3KHEEYRM1S6,2023,1434.0,13493.0
M3KHEEYRM1S6,2024,1526.0,6502.0
M3KHEEYRM1S6,2025,1505.0,3008.0
M3KHEEYRM1S6,2026,732.0,138.0
M5QFLTCTSQN6,2016,865.0,35925.0
M5QFLTCTSQN6,2017,981.0,44264.0
M5QFLTCTSQN6,2018,1028.0,47326.0
M5QFLTCTSQN6,2019,1172.0,40622.0
M5QFLTCTSQN6,2020,1476.0,63596.0
M5QFLTCTSQN6,2021,1452.0,41748.0
M5QFLTCTSQN6,2022,1478.0,26716.0
M5QFLTCTSQN6,2023,1521.0,22044.0
M5QFLTCTSQN6,2024,1619.0,13968.0
M5QFLTCTSQN6,2025,1831.0,7050.0
M5QFLTCTSQN6,2026,791.0,203.0
M5SZJ6VHUHN8,2016,6042.322547798033,269222.68274677964
M5SZJ6VHUHN8,2017,6529.2656605895745,294343.9904608846
M5SZJ6VHUHN8,2018,7110.97315161899,283939.5906871216
M5SZJ6VHUHN8,2019,8002.48726381069,253242.49274885125
M5SZJ6VHUHN8,2020,9706.788158581085,276239.62047691643
M5SZJ6VHUHN8,2021,9320.441078072825,220455.4757920579
M5SZJ6VHUHN8,2022,9458.213904895581,141001.37629364527
M5SZJ6VHUHN8,2023,10138.330557941254,116163.6327574983
M5SZJ6VHUHN8,2024,10999.228486394562,61913.21308658199
M5SZJ6VHUHN8,2025,10861.455659571806,23349.942797812353
M5SZJ6VHUHN8,2026,5177.050878810668,1011.7919768782326
M6K6NTJ2MNE5,2016,3879.0,158325.0
M6K6NTJ2MNE5,2017,4344.0,128713.0
M6K6NTJ2MNE5,2018,4203.0,111938.0
M6K6NTJ2MNE5,2019,4210.0,99429.0
M6K6NTJ2MNE5,2020,5099.0,112465.0
M6K6NTJ2MNE5,2021,4805.0,92767.0
M6K6NTJ2MNE5,2022,5152.0,55534.0
M6K6NTJ2MNE5,2023,4509.0,34333.0
M6K6NTJ2MNE5,2024,4990.0,22269.0
M6K6NTJ2MNE5,2025,4581.0,7546.0
M6K6NTJ2MNE5,2026,2336.0,293.0
M746VC6XMNH9,2016,0.7006381398554252,6.65606232862654
M746VC6XMNH9,2017,0.3503190699277126,2.452233489493988
M746VC6XMNH9,2018,0.7006381398554252,72.1657284051088
M746VC6XMNH9,2019,1.050957209783138,20.318506055807333
M746VC6XMNH9,2020,0.7006381398554252,11.910848377542228
M746VC6XMNH9,2021,0.7006381398554252,4.554147909060264
M746VC6XMNH9,2022,2.802552559421701,44.140202810891786
M746VC6XMNH9,2023,4.203828839132552,15.764358146747067
M746VC6XMNH9,2024,4.203828839132552,20.318506055807333
M746VC6XMNH9,2025,2.802552559421701,3.853509769204839
M746VC6XMNH9,2026,3.853509769204839,0.7006381398554252
M7KCJ79FAVH5,2016,914.0,33293.0
M7KCJ79FAVH5,2017,1094.0,22068.0
M7KCJ79FAVH5,2018,975.0,32966.0
M7KCJ79FAVH5,2019,1125.0,25070.0
M7KCJ79FAVH5,2020,1250.0,40765.0
M7KCJ79FAVH5,2021,1253.0,19377.0
M7KCJ79FAVH5,2022,1266.0,15118.0
M7KCJ79FAVH5,2023,1250.0,8956.0
M7KCJ79FAVH5,2024,1328.0,5559.0
M7KCJ79FAVH5,2025,1340.0,2320.0
M7KCJ79FAVH5,2026,699.0,66.0
M7PNRH24BBM8,2016,2845.0,101870.0
M7PNRH24BBM8,2017,3457.0,113922.0
M7PNRH24BBM8,2018,3576.0,104115.0
M7PNRH24BBM8,2019,3635.0,94730.0
M7PNRH24BBM8,2020,4353.0,82313.0
M7PNRH24BBM8,2021,4270.0,68799.0
M7PNRH24BBM8,2022,4030.0,38306.0
M7PNRH24BBM8,2023,4563.0,37807.0
M7PNRH24BBM8,2024,4550.0,20384.0
M7PNRH24BBM8,2025,4193.0,6322.0
M7PNRH24BBM8,2026,1793.0,271.0
M9ACC5DQCNL6,2016,834.5693358738456,26185.48746174716
M9ACC5DQCNL6,2017,721.1278752490773,20645.846091590527
M9ACC5DQCNL6,2018,716.1304540761801,19322.02922289004
M9ACC5DQCNL6,2019,746.1149811135638,18636.882780085823
M9ACC5DQCNL6,2020,903.0340059425383,20159.597011467624
M9ACC5DQCNL6,2021,1232.364061236469,13941.305846031539
M9ACC5DQCNL6,2022,1644.1515658832047,11824.897979309542
M9ACC5DQCNL6,2023,1723.1108204149818,8613.05539148846
M9ACC5DQCNL6,2024,970.9989338939413,4619.616132226245
M9ACC5DQCNL6,2025,967.5007390729132,2076.928239456109
M9ACC5DQCNL6,2026,411.28776252944607,52.972664432711156
MAYKB1LWD5U9,2016,13.0,373.0
MAYKB1LWD5U9,2017,20.0,661.0
MAYKB1LWD5U9,2018,20.0,278.0
MAYKB1LWD5U9,2019,14.0,154.0
MAYKB1LWD5U9,2020,31.0,1087.0
MAYKB1LWD5U9,2021,51.0,844.0
MAYKB1LWD5U9,2022,103.0,884.0
MAYKB1LWD5U9,2023,209.0,2599.0
MAYKB1LWD5U9,2024,325.0,1359.0
MAYKB1LWD5U9,2025,342.0,695.0
MAYKB1LWD5U9,2026,202.0,41.0
MBD2CZMR5N48,2016,25.0,693.0
MBD2CZMR5N48,2017,23.0,103.0
MBD2CZMR5N48,2018,23.0,392.0
MBD2CZMR5N48,2019,47.0,526.0
MBD2CZMR5N48,2020,26.0,229.0
MBD2CZMR5N48,2021,31.0,135.0
MBD2CZMR5N48,2022,43.0,240.0
MBD2CZMR5N48,2023,19.0,101.0
MBD2CZMR5N48,2024,10.0,31.0
MBD2CZMR5N48,2025,12.0,2.0
MBD2CZMR5N48,2026,1.0,0.0
MBKKNQM9QME3,2016,583.0,25466.0
MBKKNQM9QME3,2017,513.0,20732.0
MBKKNQM9QME3,2018,583.0,17668.0
MBKKNQM9QME3,2019,592.0,14765.0
MBKKNQM9QME3,2020,682.0,31329.0
MBKKNQM9QME3,2021,644.0,14277.0
MBKKNQM9QME3,2022,618.0,13157.0
MBKKNQM9QME3,2023,703.0,6893.0
MBKKNQM9QME3,2024,625.0,3696.0
MBKKNQM9QME3,2025,527.0,963.0
MBKKNQM9QME3,2026,188.0,80.0
MBU6HCLNZ431,2016,130.98469071872543,5632.722055723977
MBU6HCLNZ431,2017,137.97371051388063,4659.3940744558295
MBU6HCLNZ431,2018,139.59021849371246,5459.185169653796
MBU6HCLNZ431,2019,147.00713745999963,4165.836152731296
MBU6HCLNZ431,2020,170.20878140582104,4785.4341525303635
MBU6HCLNZ431,2021,177.9109664861962,3209.3864165466866
MBU6HCLNZ431,2022,186.89684907996718,2953.0748130386473
MBU6HCLNZ431,2023,197.78450576765798,1780.6786284894458
MBU6HCLNZ431,2024,217.3727789350318,1219.5126377260642
MBU6HCLNZ431,2025,217.18260152563983,450.3876497925539
MBU6HCLNZ431,2026,104.78775257498033,22.39338995590551
MC4RJJM9XLT5,2016,884.0,17236.0
MC4RJJM9XLT5,2017,810.0,17439.0
MC4RJJM9XLT5,2018,889.0,14450.0
MC4RJJM9XLT5,2019,898.0,27259.0
MC4RJJM9XLT5,2020,1339.0,57462.0
MC4RJJM9XLT5,2021,1142.0,13427.0
MC4RJJM9XLT5,2022,904.0,7792.0
MC4RJJM9XLT5,2023,866.0,5484.0
MC4RJJM9XLT5,2024,1027.0,3625.0
MC4RJJM9XLT5,2025,1029.0,1238.0
MC4RJJM9XLT5,2026,797.0,88.0
MCKWJYCWNVN3,2016,444.0,29690.0
MCKWJYCWNVN3,2017,510.0,25650.0
MCKWJYCWNVN3,2018,540.0,24589.0
MCKWJYCWNVN3,2019,650.0,25488.0
MCKWJYCWNVN3,2020,740.0,35590.0
MCKWJYCWNVN3,2021,737.0,18255.0
MCKWJYCWNVN3,2022,665.0,16151.0
MCKWJYCWNVN3,2023,702.0,8773.0
MCKWJYCWNVN3,2024,785.0,5793.0
MCKWJYCWNVN3,2025,849.0,2007.0
MCKWJYCWNVN3,2026,346.0,96.0
MECEHTM8DB17,2016,76.91220776379954,7859.903232043741
MECEHTM8DB17,2017,103.13227859236756,2129.943753640676
MECEHTM8DB17,2018,111.87230220189024,2020.6934585216425
MECEHTM8DB17,2019,108.37629275808116,1731.398677046442
MECEHTM8DB17,2020,144.21038955712413,2077.50361198354
MECEHTM8DB17,2021,138.09237303045825,2227.83201806733
MECEHTM8DB17,2022,163.438441498074,1876.4830689645182
MECEHTM8DB17,2023,180.04448635616708,1168.5411565931815
MECEHTM8DB17,2024,264.82271536853705,964.8986064913033
MECEHTM8DB17,2025,243.84665870568261,562.8575204532602
MECEHTM8DB17,2026,122.36033053331745,13.98403777523628
MG5BM5RM42J9,2016,485.15740294288577,18495.392026061003
MG5BM5RM42J9,2017,571.1133299158934,17315.905759229012
MG5BM5RM42J9,2018,520.8519860626291,18527.71578851514
MG5BM5RM42J9,2019,561.1212543714121,16721.437457558546
MG5BM5RM42J9,2020,640.7568925964043,17520.984080795562
MG5BM5RM42J9,2021,641.659790988978,13244.73690711461
MG5BM5RM42J9,2022,632.6308070632418,10432.810346509534
MG5BM5RM42J9,2023,660.1391114236511,6791.7822886172
MG5BM5RM42J9,2024,660.6206572330237,3899.4375778469016
MG5BM5RM42J9,2025,613.9107137238824,1464.2002266235356
MG5BM5RM42J9,2026,328.7152081229652,50.682696436465235
MGUCX773RNJ8,2016,156.84832201583458,10982.470525723804
MGUCX773RNJ8,2017,148.11677931026878,9406.427067369175
MGUCX773RNJ8,2018,154.0797840848015,11269.014201585725
MGUCX773RNJ8,2019,154.6121952253848,7433.8437915081195
MGUCX773RNJ8,2020,158.55203766570108,8787.23291087082
MGUCX773RNJ8,2021,146.20009920416896,5489.158859413627
MGUCX773RNJ8,2022,133.2092673739369,3408.6026042422814
MGUCX773RNJ8,2023,121.07029336863809,2482.8461129960724
MGUCX773RNJ8,2024,124.6906891246044,1225.3974811664796
MGUCX773RNJ8,2025,138.3204143235364,470.3320015912704
MGUCX773RNJ8,2026,62.29210344824388,22.787196816964425
MJ3JH8CRJBZ7,2016,1507.0,51770.0
MJ3JH8CRJBZ7,2017,1543.0,48785.0
MJ3JH8CRJBZ7,2018,1714.0,44430.0
MJ3JH8CRJBZ7,2019,1730.0,42703.0
MJ3JH8CRJBZ7,2020,2008.0,47965.0
MJ3JH8CRJBZ7,2021,1883.0,40351.0
MJ3JH8CRJBZ7,2022,1948.0,28783.0
MJ3JH8CRJBZ7,2023,2128.0,19037.0
MJ3JH8CRJBZ7,2024,2207.0,11482.0
MJ3JH8CRJBZ7,2025,2106.0,4923.0
MJ3JH8CRJBZ7,2026,979.0,191.0
MJC5FCYQTPE6,2016,6561.0,272298.0
MJC5FCYQTPE6,2017,6682.0,297775.0
MJC5FCYQTPE6,2018,7180.0,283865.0
MJC5FCYQTPE6,2019,7736.0,265104.0
MJC5FCYQTPE6,2020,9005.0,348080.0
MJC5FCYQTPE6,2021,9852.0,209959.0
MJC5FCYQTPE6,2022,9901.0,157376.0
MJC5FCYQTPE6,2023,9937.0,117081.0
MJC5FCYQTPE6,2024,10029.0,59497.0
MJC5FCYQTPE6,2025,9676.0,22676.0
MJC5FCYQTPE6,2026,4322.0,1132.0
MJL7LEL4B6M6,2016,307.0,11716.0
MJL7LEL4B6M6,2017,358.0,9707.0
MJL7LEL4B6M6,2018,358.0,10482.0
MJL7LEL4B6M6,2019,373.0,8322.0
MJL7LEL4B6M6,2020,414.0,10637.0
MJL7LEL4B6M6,2021,349.0,7655.0
MJL7LEL4B6M6,2022,408.0,4901.0
MJL7LEL4B6M6,2023,466.0,4117.0
MJL7LEL4B6M6,2024,514.0,2237.0
MJL7LEL4B6M6,2025,497.0,684.0
MJL7LEL4B6M6,2026,246.0,13.0
MKAGLD59JRL1,2016,9081.0,466619.0
MKAGLD59JRL1,2017,9663.0,437971.0
MKAGLD59JRL1,2018,10405.0,416417.0
MKAGLD59JRL1,2019,11060.0,381427.0
MKAGLD59JRL1,2020,12857.0,395017.0
MKAGLD59JRL1,2021,12557.0,292264.0
MKAGLD59JRL1,2022,13140.0,223925.0
MKAGLD59JRL1,2023,13593.0,138517.0
MKAGLD59JRL1,2024,14004.0,88055.0
MKAGLD59JRL1,2025,13232.0,34666.0
MKAGLD59JRL1,2026,6134.0,1747.0
MLQFL4JSSAA9,2016,3443.0,146145.0
MLQFL4JSSAA9,2017,3858.0,147190.0
MLQFL4JSSAA9,2018,4033.0,149348.0
MLQFL4JSSAA9,2019,4275.0,126925.0
MLQFL4JSSAA9,2020,4851.0,128800.0
MLQFL4JSSAA9,2021,4656.0,102588.0
MLQFL4JSSAA9,2022,4713.0,63674.0
MLQFL4JSSAA9,2023,4736.0,55486.0
MLQFL4JSSAA9,2024,4721.0,27036.0
MLQFL4JSSAA9,2025,4877.0,10987.0
MLQFL4JSSAA9,2026,2503.0,433.0
MND6UJJX4PB3,2016,95.0,9867.0
MND6UJJX4PB3,2017,96.0,6321.0
MND6UJJX4PB3,2018,90.0,5763.0
MND6UJJX4PB3,2019,81.0,4577.0
MND6UJJX4PB3,2020,97.0,4129.0
MND6UJJX4PB3,2021,110.0,3621.0
MND6UJJX4PB3,2022,93.0,944.0
MND6UJJX4PB3,2023,76.0,591.0
MND6UJJX4PB3,2024,100.0,581.0
MND6UJJX4PB3,2025,64.0,90.0
MND6UJJX4PB3,2026,18.0,13.0
MNJ3PQ7MXFN6,2016,177.94672710060033,6783.766376677439
MNJ3PQ7MXFN6,2017,209.4737651030392,6351.152714452097
MNJ3PQ7MXFN6,2018,191.03883741954027,6795.622132564911
MNJ3PQ7MXFN6,2019,205.8088573240442,6133.112779359599
MNJ3PQ7MXFN6,2020,235.0177307674802,6426.371634952313
MNJ3PQ7MXFN6,2021,235.34889713305205,4857.9235720886845
MNJ3PQ7MXFN6,2022,232.03723347733367,3826.5611209094604
MNJ3PQ7MXFN6,2023,242.1267687484223,2491.099635104471
MNJ3PQ7MXFN6,2024,242.30339081006062,1430.2412996316489
MNJ3PQ7MXFN6,2025,225.17105083114427,537.0414561689954
MNJ3PQ7MXFN6,2026,120.5666348258534,18.589471987432443
MNJDKB4FXLM6,2016,1007.0,28290.0
MNJDKB4FXLM6,2017,981.0,31295.0
MNJDKB4FXLM6,2018,1651.0,33505.0
MNJDKB4FXLM6,2019,1315.0,19587.0
MNJDKB4FXLM6,2020,1491.0,21438.0
MNJDKB4FXLM6,2021,2768.0,18414.0
MNJDKB4FXLM6,2022,2299.0,16664.0
MNJDKB4FXLM6,2023,2722.0,9577.0
MNJDKB4FXLM6,2024,2718.0,5333.0
MNJDKB4FXLM6,2025,1739.0,2349.0
MNJDKB4FXLM6,2026,1094.0,111.0
MNS7B9CVKDN7,2016,2486.0,82698.0
MNS7B9CVKDN7,2017,2539.0,72476.0
MNS7B9CVKDN7,2018,2707.0,67572.0
MNS7B9CVKDN7,2019,3063.0,61576.0
MNS7B9CVKDN7,2020,3131.0,85689.0
MNS7B9CVKDN7,2021,3075.0,69732.0
MNS7B9CVKDN7,2022,4790.0,37541.0
MNS7B9CVKDN7,2023,2791.0,24704.0
MNS7B9CVKDN7,2024,2824.0,12209.0
MNS7B9CVKDN7,2025,2890.0,3889.0
MNS7B9CVKDN7,2026,1231.0,193.0
MPYFY5UMSDP4,2016,61.0,3477.0
MPYFY5UMSDP4,2017,83.0,2395.0
MPYFY5UMSDP4,2018,77.0,1377.0
MPYFY5UMSDP4,2019,75.0,1741.0
MPYFY5UMSDP4,2020,115.0,2153.0
MPYFY5UMSDP4,2021,113.0,1526.0
MPYFY5UMSDP4,2022,127.0,2019.0
MPYFY5UMSDP4,2023,119.0,1285.0
MPYFY5UMSDP4,2024,160.0,603.0
MPYFY5UMSDP4,2025,121.0,139.0
MPYFY5UMSDP4,2026,45.0,0.0
MQE2JHHJW9Q8,2016,2119.0,113591.0
MQE2JHHJW9Q8,2017,2394.0,118332.0
MQE2JHHJW9Q8,2018,2279.0,115053.0
MQE2JHHJW9Q8,2019,2500.0,83382.0
MQE2JHHJW9Q8,2020,2861.0,91866.0
MQE2JHHJW9Q8,2021,2922.0,74401.0
MQE2JHHJW9Q8,2022,2995.0,54994.0
MQE2JHHJW9Q8,2023,3060.0,36278.0
MQE2JHHJW9Q8,2024,3324.0,21024.0
MQE2JHHJW9Q8,2025,6155.0,7794.0
MQE2JHHJW9Q8,2026,1447.0,286.0
MR5QC5FCAVH5,2016,3098.0,145118.0
MR5QC5FCAVH5,2017,3553.0,139198.0
MR5QC5FCAVH5,2018,4069.0,145641.0
MR5QC5FCAVH5,2019,4944.0,141176.0
MR5QC5FCAVH5,2020,4743.0,117789.0
MR5QC5FCAVH5,2021,4814.0,93147.0
MR5QC5FCAVH5,2022,5303.0,72645.0
MR5QC5FCAVH5,2023,5113.0,52539.0
MR5QC5FCAVH5,2024,5000.0,29188.0
MR5QC5FCAVH5,2025,4636.0,9943.0
MR5QC5FCAVH5,2026,2448.0,377.0
MR7ZQXJSQKA5,2019,1.0,3.0
MR7ZQXJSQKA5,2024,3.0,23.0
MR7ZQXJSQKA5,2025,2.0,2.0
MR7ZQXJSQKA5,2026,2.0,0.0
MSPWVMXXMN76,2016,1725.0,74624.0
MSPWVMXXMN76,2017,1743.0,59725.0
MSPWVMXXMN76,2018,1921.0,48846.0
MSPWVMXXMN76,2019,1718.0,41904.0
MSPWVMXXMN76,2020,2030.0,58803.0
MSPWVMXXMN76,2021,2181.0,48007.0
MSPWVMXXMN76,2022,2198.0,28389.0
MSPWVMXXMN76,2023,2311.0,20360.0
MSPWVMXXMN76,2024,2527.0,12142.0
MSPWVMXXMN76,2025,2596.0,5759.0
MSPWVMXXMN76,2026,1231.0,243.0
MV9GTK4QFA99,2016,2.0,33.0
MV9GTK4QFA99,2017,1.0,19.0
MV9GTK4QFA99,2018,54.0,5202.0
MV9GTK4QFA99,2019,226.0,5648.0
MV9GTK4QFA99,2020,334.0,9933.0
MV9GTK4QFA99,2021,373.0,8998.0
MV9GTK4QFA99,2022,369.0,5565.0
MV9GTK4QFA99,2023,369.0,5595.0
MV9GTK4QFA99,2024,407.0,2644.0
MV9GTK4QFA99,2025,367.0,1367.0
MV9GTK4QFA99,2026,218.0,25.0
MVRJYL6A9VF1,2016,149.0,9418.0
MVRJYL6A9VF1,2017,165.0,8494.0
MVRJYL6A9VF1,2018,157.0,6325.0
MVRJYL6A9VF1,2019,195.0,7914.0
MVRJYL6A9VF1,2020,549.0,7366.0
MVRJYL6A9VF1,2021,361.0,5491.0
MVRJYL6A9VF1,2022,1468.0,3369.0
MVRJYL6A9VF1,2023,672.0,2714.0
MVRJYL6A9VF1,2024,302.0,1977.0
MVRJYL6A9VF1,2025,274.0,618.0
MVRJYL6A9VF1,2026,1453.0,26.0
MW8JHK6ZYEX8,2016,669.2024669592158,12766.542478755906
MW8JHK6ZYEX8,2017,731.6916616667827,14231.630052854223
MW8JHK6ZYEX8,2018,840.1956270226488,14425.914640035931
MW8JHK6ZYEX8,2019,1082.1992356174076,13748.190919252957
MW8JHK6ZYEX8,2020,1512.8065955113682,11117.395822064393
MW8JHK6ZYEX8,2021,1479.2896638045825,7326.005954079837
MW8JHK6ZYEX8,2022,1359.4240266837041,5327.4878906141985
MW8JHK6ZYEX8,2023,1812.754730107689,3151.7277476143713
MW8JHK6ZYEX8,2024,1842.2950766967208,4757.131968010589
MW8JHK6ZYEX8,2025,2170.647390705572,2187.68989835309
MW8JHK6ZYEX8,2026,1237.854138798074,132.93155965064219
MWYVQTQ32ME5,2016,349.0,24833.0
MWYVQTQ32ME5,2017,307.0,24393.0
MWYVQTQ32ME5,2018,341.0,19440.0
MWYVQTQ32ME5,2019,380.0,17323.0
MWYVQTQ32ME5,2020,464.0,29280.0
MWYVQTQ32ME5,2021,499.0,15382.0
MWYVQTQ32ME5,2022,479.0,14428.0
MWYVQTQ32ME5,2023,590.0,9606.0
MWYVQTQ32ME5,2024,546.0,5604.0
MWYVQTQ32ME5,2025,530.0,2804.0
MWYVQTQ32ME5,2026,294.0,87.0
MX8ULDF6SDD6,2016,69.0,3150.0
MX8ULDF6SDD6,2017,70.0,7610.0
MX8ULDF6SDD6,2018,87.0,6303.0
MX8ULDF6SDD6,2019,109.0,5582.0
MX8ULDF6SDD6,2020,166.0,6584.0
MX8ULDF6SDD6,2021,155.0,4439.0
MX8ULDF6SDD6,2022,153.0,2831.0
MX8ULDF6SDD6,2023,169.0,3692.0
MX8ULDF6SDD6,2024,185.0,2103.0
MX8ULDF6SDD6,2025,181.0,485.0
MX8ULDF6SDD6,2026,81.0,17.0
MXHAS3AKPRN1,2016,851.0,34530.0
MXHAS3AKPRN1,2017,970.0,35635.0
MXHAS3AKPRN1,2018,1394.0,58842.0
MXHAS3AKPRN1,2019,1415.0,75087.0
MXHAS3AKPRN1,2020,1966.0,50151.0
MXHAS3AKPRN1,2021,1873.0,33860.0
MXHAS3AKPRN1,2022,1815.0,24035.0
MXHAS3AKPRN1,2023,1737.0,15358.0
MXHAS3AKPRN1,2024,1887.0,10007.0
MXHAS3AKPRN1,2025,1707.0,3019.0
MXHAS3AKPRN1,2026,3927.0,139.0
MXLZGAMFEKN5,2016,1038.0,51579.0
MXLZGAMFEKN5,2017,973.0,36975.0
MXLZGAMFEKN5,2018,956.0,29035.0
MXLZGAMFEKN5,2019,1086.0,39379.0
MXLZGAMFEKN5,2020,1237.0,40702.0
MXLZGAMFEKN5,2021,1156.0,23327.0
MXLZGAMFEKN5,2022,1142.0,18343.0
MXLZGAMFEKN5,2023,1263.0,11051.0
MXLZGAMFEKN5,2024,1324.0,6424.0
MXLZGAMFEKN5,2025,1233.0,2082.0
MXLZGAMFEKN5,2026,484.0,83.0
MY2ERHGDV956,2016,1212.0,50951.0
MY2ERHGDV956,2017,1072.0,49248.0
MY2ERHGDV956,2018,1137.0,42256.0
MY2ERHGDV956,2019,1225.0,42208.0
MY2ERHGDV956,2020,1559.0,55326.0
MY2ERHGDV956,2021,1438.0,34875.0
MY2ERHGDV956,2022,1615.0,21223.0
MY2ERHGDV956,2023,1592.0,16973.0
MY2ERHGDV956,2024,1496.0,9035.0
MY2ERHGDV956,2025,1505.0,3601.0
MY2ERHGDV956,2026,664.0,128.0
MZ4DYXE1SL98,2016,3924.0,148301.0
MZ4DYXE1SL98,2017,4789.0,160138.0
MZ4DYXE1SL98,2018,4565.0,131427.0
MZ4DYXE1SL98,2019,4541.0,132689.0
MZ4DYXE1SL98,2020,5584.0,121940.0
MZ4DYXE1SL98,2021,5547.0,99295.0
MZ4DYXE1SL98,2022,6663.0,57649.0
MZ4DYXE1SL98,2023,5830.0,44823.0
MZ4DYXE1SL98,2024,5407.0,22211.0
MZ4DYXE1SL98,2025,5356.0,8940.0
MZ4DYXE1SL98,2026,2154.0,515.0
N4WWJC8T2593,2016,404.0,13547.0
N4WWJC8T2593,2017,548.0,15193.0
N4WWJC8T2593,2018,591.0,14013.0
N4WWJC8T2593,2019,734.0,14957.0
N4WWJC8T2593,2020,914.0,17456.0
N4WWJC8T2593,2021,814.0,10267.0
N4WWJC8T2593,2022,821.0,8912.0
N4WWJC8T2593,2023,1009.0,6127.0
N4WWJC8T2593,2024,1087.0,3455.0
N4WWJC8T2593,2025,1124.0,1523.0
N4WWJC8T2593,2026,609.0,133.0
N52NHWMBZNG5,2016,651.0,19175.0
N52NHWMBZNG5,2017,643.0,22013.0
N52NHWMBZNG5,2018,806.0,27657.0
N52NHWMBZNG5,2019,829.0,23362.0
N52NHWMBZNG5,2020,936.0,20129.0
N52NHWMBZNG5,2021,987.0,18290.0
N52NHWMBZNG5,2022,909.0,11434.0
N52NHWMBZNG5,2023,930.0,7440.0
N52NHWMBZNG5,2024,904.0,4315.0
N52NHWMBZNG5,2025,896.0,1452.0
N52NHWMBZNG5,2026,468.0,85.0
N63ZMY7UETA3,2016,325.0,7120.0
N63ZMY7UETA3,2017,301.0,8217.0
N63ZMY7UETA3,2018,334.0,6756.0
N63ZMY7UETA3,2019,338.0,7456.0
N63ZMY7UETA3,2020,502.0,6859.0
N63ZMY7UETA3,2021,361.0,4965.0
N63ZMY7UETA3,2022,380.0,4385.0
N63ZMY7UETA3,2023,418.0,3619.0
N63ZMY7UETA3,2024,434.0,2493.0
N63ZMY7UETA3,2025,421.0,1408.0
N63ZMY7UETA3,2026,327.0,40.0
N876TLXYGCG4,2016,767.0,28677.0
N876TLXYGCG4,2017,835.0,30929.0
N876TLXYGCG4,2018,954.0,37261.0
N876TLXYGCG4,2019,823.0,21632.0
N876TLXYGCG4,2020,918.0,28649.0
N876TLXYGCG4,2021,967.0,25966.0
N876TLXYGCG4,2022,899.0,11133.0
N876TLXYGCG4,2023,834.0,7407.0
N876TLXYGCG4,2024,805.0,4338.0
N876TLXYGCG4,2025,667.0,1502.0
N876TLXYGCG4,2026,261.0,68.0
NA7AKMLK2BM1,2016,614.480572620223,19345.494609604804
NA7AKMLK2BM1,2017,669.8263978677719,31189.50121258028
NA7AKMLK2BM1,2018,742.2017078068744,23320.460161358256
NA7AKMLK2BM1,2019,828.0586931267901,18287.53787314204
NA7AKMLK2BM1,2020,869.9228429935258,29645.49460054609
NA7AKMLK2BM1,2021,857.8602913370088,18164.074109128276
NA7AKMLK2BM1,2022,701.0471198022867,9013.564334866851
NA7AKMLK2BM1,2023,691.1132537322138,9279.650033172375
NA7AKMLK2BM1,2024,785.4849813979063,5748.160645261462
NA7AKMLK2BM1,2025,684.7271969728813,1562.4552204500358
NA7AKMLK2BM1,2026,379.615596249214,55.34582524754895
NCSMA19DF7E6,2016,1920.0,116781.0
NCSMA19DF7E6,2017,1985.0,100133.0
NCSMA19DF7E6,2018,2092.0,114018.0
NCSMA19DF7E6,2019,2118.0,93882.0
NCSMA19DF7E6,2020,2859.0,134532.0
NCSMA19DF7E6,2021,2869.0,75935.0
NCSMA19DF7E6,2022,3195.0,55579.0
NCSMA19DF7E6,2023,3608.0,47978.0
NCSMA19DF7E6,2024,3960.0,32838.0
NCSMA19DF7E6,2025,3884.0,12277.0
NCSMA19DF7E6,2026,1975.0,434.0
NFHEUCKBFMU4,2016,184.0,28749.0
NFHEUCKBFMU4,2017,209.0,31563.0
NFHEUCKBFMU4,2018,237.0,23530.0
NFHEUCKBFMU4,2019,268.0,22135.0
NFHEUCKBFMU4,2020,424.0,21533.0
NFHEUCKBFMU4,2021,493.0,18067.0
NFHEUCKBFMU4,2022,542.0,14161.0
NFHEUCKBFMU4,2023,613.0,19707.0
NFHEUCKBFMU4,2024,554.0,6123.0
NFHEUCKBFMU4,2025,561.0,2720.0
NFHEUCKBFMU4,2026,252.0,128.0
NGCNCJ1X6XA4,2016,255.0,16643.0
NGCNCJ1X6XA4,2017,245.0,10060.0
NGCNCJ1X6XA4,2018,279.0,9175.0
NGCNCJ1X6XA4,2019,314.0,9848.0
NGCNCJ1X6XA4,2020,328.0,10109.0
NGCNCJ1X6XA4,2021,343.0,10061.0
NGCNCJ1X6XA4,2022,411.0,6490.0
NGCNCJ1X6XA4,2023,376.0,3639.0
NGCNCJ1X6XA4,2024,442.0,3073.0
NGCNCJ1X6XA4,2025,366.0,1186.0
NGCNCJ1X6XA4,2026,165.0,22.0
NH64NT271S93,2016,750.0,24136.0
NH64NT271S93,2017,795.0,22047.0
NH64NT271S93,2018,825.0,16050.0
NH64NT271S93,2019,971.0,19980.0
NH64NT271S93,2020,1188.0,17801.0
NH64NT271S93,2021,1262.0,16005.0
NH64NT271S93,2022,1280.0,10981.0
NH64NT271S93,2023,1366.0,9883.0
NH64NT271S93,2024,1579.0,4745.0
NH64NT271S93,2025,1521.0,2526.0
NH64NT271S93,2026,781.0,102.0
NH77YPDEGG84,2016,339.9669550155516,12890.489664302806
NH77YPDEGG84,2017,372.186343379626,14326.371543475727
NH77YPDEGG84,2018,374.2826543622956,12482.620462239911
NH77YPDEGG84,2019,449.5675618268655,12792.920059652899
NH77YPDEGG84,2020,546.2712988969728,11404.797613302537
NH77YPDEGG84,2021,482.9262496380429,9533.657773358364
NH77YPDEGG84,2022,548.4131818575265,6814.879144769518
NH77YPDEGG84,2023,628.6198629335817,4413.554914121467
NH77YPDEGG84,2024,592.937004250314,2638.161799711834
NH77YPDEGG84,2025,483.2452534832318,910.9382659257186
NH77YPDEGG84,2026,361.6592164883938,41.65278778608769
NHH3T1Z96H29,2016,0.11738265399125743,1.1151352129169456
NHH3T1Z96H29,2017,0.05869132699562871,0.410839288969401
NHH3T1Z96H29,2018,0.11738265399125743,12.090413361099515
NHH3T1Z96H29,2019,0.17607398098688615,3.4040969657464655
NHH3T1Z96H29,2020,0.11738265399125743,1.9955051178513763
NHH3T1Z96H29,2021,0.11738265399125743,0.7629872509431733
NHH3T1Z96H29,2022,0.4695306159650297,7.395107201449218
NHH3T1Z96H29,2023,0.7042959239475446,2.6411097148032923
NHH3T1Z96H29,2024,0.7042959239475446,3.4040969657464655
NHH3T1Z96H29,2025,0.4695306159650297,0.6456045969519159
NHH3T1Z96H29,2026,0.6456045969519159,0.11738265399125743
NHV3GTWSALA7,2016,2807.0,119866.0
NHV3GTWSALA7,2017,2736.0,110952.0
NHV3GTWSALA7,2018,2878.0,116793.0
NHV3GTWSALA7,2019,3007.0,102089.0
NHV3GTWSALA7,2020,3485.0,87872.0
NHV3GTWSALA7,2021,3272.0,72831.0
NHV3GTWSALA7,2022,3390.0,47635.0
NHV3GTWSALA7,2023,3628.0,31328.0
NHV3GTWSALA7,2024,3941.0,20244.0
NHV3GTWSALA7,2025,3906.0,8710.0
NHV3GTWSALA7,2026,1923.0,356.0
NJ14V2NZYM68,2016,0.14104223842622457,1.3399012650491333
NJ14V2NZYM68,2017,0.07052111921311228,0.493647834491786
NJ14V2NZYM68,2018,0.14104223842622457,14.52735055790113
NJ14V2NZYM68,2019,0.21156335763933687,4.090224914360513
NJ14V2NZYM68,2020,0.14104223842622457,2.3977180532458178
NJ14V2NZYM68,2021,0.14104223842622457,0.9167745497704597
NJ14V2NZYM68,2022,0.5641689537048983,8.885661020852147
NJ14V2NZYM68,2023,0.8462534305573475,3.1734503645900527
NJ14V2NZYM68,2024,0.8462534305573475,4.090224914360513
NJ14V2NZYM68,2025,0.5641689537048983,0.7757323113442351
NJ14V2NZYM68,2026,0.7757323113442351,0.14104223842622457
NJ1YPQXQG7U5,2016,5630.0,337079.0
NJ1YPQXQG7U5,2017,5936.0,346260.0
NJ1YPQXQG7U5,2018,7164.0,350637.0
NJ1YPQXQG7U5,2019,7882.0,284651.0
NJ1YPQXQG7U5,2020,9295.0,329234.0
NJ1YPQXQG7U5,2021,8539.0,217336.0
NJ1YPQXQG7U5,2022,8267.0,156204.0
NJ1YPQXQG7U5,2023,8839.0,107473.0
NJ1YPQXQG7U5,2024,8565.0,78655.0
NJ1YPQXQG7U5,2025,8510.0,21302.0
NJ1YPQXQG7U5,2026,3966.0,1202.0
NJH3YBU1VHB7,2016,154.0,4100.0
NJH3YBU1VHB7,2017,151.0,3429.0
NJH3YBU1VHB7,2018,164.0,5862.0
NJH3YBU1VHB7,2019,194.0,5015.0
NJH3YBU1VHB7,2020,224.0,3951.0
NJH3YBU1VHB7,2021,206.0,2802.0
NJH3YBU1VHB7,2022,253.0,2301.0
NJH3YBU1VHB7,2023,279.0,2002.0
NJH3YBU1VHB7,2024,379.0,1317.0
NJH3YBU1VHB7,2025,366.0,462.0
NJH3YBU1VHB7,2026,147.0,19.0
NJZEFMRACCH9,2016,23.0,874.0
NJZEFMRACCH9,2017,20.0,406.0
NJZEFMRACCH9,2018,38.0,2650.0
NJZEFMRACCH9,2019,40.0,643.0
NJZEFMRACCH9,2020,64.0,1566.0
NJZEFMRACCH9,2021,82.0,2295.0
NJZEFMRACCH9,2022,69.0,1184.0
NJZEFMRACCH9,2023,71.0,1271.0
NJZEFMRACCH9,2024,107.0,720.0
NJZEFMRACCH9,2025,119.0,278.0
NJZEFMRACCH9,2026,57.0,22.0
NKAZLXLL7Z91,2016,4585.0,126355.0
NKAZLXLL7Z91,2017,4511.0,127007.0
NKAZLXLL7Z91,2018,4749.0,131955.0
NKAZLXLL7Z91,2019,5189.0,128007.0
NKAZLXLL7Z91,2020,6270.0,129257.0
NKAZLXLL7Z91,2021,6097.0,101003.0
NKAZLXLL7Z91,2022,6324.0,68569.0
NKAZLXLL7Z91,2023,6319.0,52291.0
NKAZLXLL7Z91,2024,6434.0,28626.0
NKAZLXLL7Z91,2025,6302.0,10043.0
NKAZLXLL7Z91,2026,2901.0,423.0
NLG5Q8FA5TE8,2016,69.0,687.0
NLG5Q8FA5TE8,2017,36.0,1576.0
NLG5Q8FA5TE8,2018,41.0,2456.0
NLG5Q8FA5TE8,2019,48.0,3011.0
NLG5Q8FA5TE8,2020,59.0,3658.0
NLG5Q8FA5TE8,2021,60.0,1882.0
NLG5Q8FA5TE8,2022,56.0,3124.0
NLG5Q8FA5TE8,2023,69.0,1138.0
NLG5Q8FA5TE8,2024,62.0,914.0
NLG5Q8FA5TE8,2025,87.0,290.0
NLG5Q8FA5TE8,2026,41.0,29.0
NMJHD63STRC5,2016,8.0,28.0
NMJHD63STRC5,2017,9.0,202.0
NMJHD63STRC5,2018,23.0,215.0
NMJHD63STRC5,2019,24.0,742.0
NMJHD63STRC5,2020,27.0,376.0
NMJHD63STRC5,2021,25.0,416.0
NMJHD63STRC5,2022,26.0,438.0
NMJHD63STRC5,2023,52.0,191.0
NMJHD63STRC5,2024,10.0,5.0
NMJHD63STRC5,2025,15.0,629.0
NMJHD63STRC5,2026,9.0,0.0
NNFQH1JAPEP3,2016,10989.0,384616.0
NNFQH1JAPEP3,2017,11602.0,419821.0
NNFQH1JAPEP3,2018,13016.0,390465.0
NNFQH1JAPEP3,2019,14671.0,417395.0
NNFQH1JAPEP3,2020,16661.0,416017.0
NNFQH1JAPEP3,2021,17047.0,293574.0
NNFQH1JAPEP3,2022,16561.0,204781.0
NNFQH1JAPEP3,2023,17682.0,151707.0
NNFQH1JAPEP3,2024,17634.0,84625.0
NNFQH1JAPEP3,2025,16828.0,34000.0
NNFQH1JAPEP3,2026,11731.0,1188.0
NNJ6BMBTFGN5,2016,403.0,51455.0
NNJ6BMBTFGN5,2017,353.0,39140.0
NNJ6BMBTFGN5,2018,401.0,37515.0
NNJ6BMBTFGN5,2019,477.0,36189.0
NNJ6BMBTFGN5,2020,526.0,31681.0
NNJ6BMBTFGN5,2021,485.0,22378.0
NNJ6BMBTFGN5,2022,655.0,17608.0
NNJ6BMBTFGN5,2023,535.0,11695.0
NNJ6BMBTFGN5,2024,615.0,5166.0
NNJ6BMBTFGN5,2025,519.0,2039.0
NNJ6BMBTFGN5,2026,286.0,91.0
NNYDFK5FTSX9,2016,1685.0,52998.0
NNYDFK5FTSX9,2017,1871.0,53935.0
NNYDFK5FTSX9,2018,1871.0,56808.0
NNYDFK5FTSX9,2019,1933.0,56767.0
NNYDFK5FTSX9,2020,2102.0,53951.0
NNYDFK5FTSX9,2021,3381.0,43857.0
NNYDFK5FTSX9,2022,2140.0,30529.0
NNYDFK5FTSX9,2023,2173.0,24960.0
NNYDFK5FTSX9,2024,2089.0,13263.0
NNYDFK5FTSX9,2025,2067.0,4205.0
NNYDFK5FTSX9,2026,815.0,158.0
NPH1VN32EWN5,2016,886.0,50848.0
NPH1VN32EWN5,2017,975.0,45418.0
NPH1VN32EWN5,2018,1147.0,65736.0
NPH1VN32EWN5,2019,1217.0,50001.0
NPH1VN32EWN5,2020,1420.0,65225.0
NPH1VN32EWN5,2021,1372.0,49796.0
NPH1VN32EWN5,2022,1548.0,34364.0
NPH1VN32EWN5,2023,1810.0,24194.0
NPH1VN32EWN5,2024,1754.0,19150.0
NPH1VN32EWN5,2025,1930.0,6515.0
NPH1VN32EWN5,2026,1037.0,259.0
NPM2J7MSCF61,2016,7806.96516037483,331249.5921333982
NPM2J7MSCF61,2017,8229.616019791874,306765.27690063335
NPM2J7MSCF61,2018,8607.737592234622,280012.232233212
NPM2J7MSCF61,2019,9252.280152845615,268667.0755925745
NPM2J7MSCF61,2020,11024.394827687078,258549.11591160146
NPM2J7MSCF61,2021,10378.342799721026,206511.73831323296
NPM2J7MSCF61,2022,9891.539577713893,142699.76061171212
NPM2J7MSCF61,2023,10244.000205120607,103395.49488695961
NPM2J7MSCF61,2024,10259.094878671216,58316.007061744196
NPM2J7MSCF61,2025,9457.567713133893,19232.12357083057
NPM2J7MSCF61,2026,4387.266867484424,1009.8336605357233
NPSNT86JKN51,2016,3975.0,204630.0
NPSNT86JKN51,2017,4306.0,192983.0
NPSNT86JKN51,2018,4781.0,215747.0
NPSNT86JKN51,2019,6129.0,175334.0
NPSNT86JKN51,2020,8175.0,214055.0
NPSNT86JKN51,2021,7395.0,288538.0
NPSNT86JKN51,2022,6031.0,103844.0
NPSNT86JKN51,2023,6601.0,61600.0
NPSNT86JKN51,2024,7634.0,38641.0
NPSNT86JKN51,2025,5913.0,13618.0
NPSNT86JKN51,2026,6527.0,685.0
NPT2UNTNHJZ1,2016,1209.0,25857.0
NPT2UNTNHJZ1,2017,1270.0,28318.0
NPT2UNTNHJZ1,2018,1068.0,22367.0
NPT2UNTNHJZ1,2019,949.0,18400.0
NPT2UNTNHJZ1,2020,1000.0,16561.0
NPT2UNTNHJZ1,2021,890.0,14870.0
NPT2UNTNHJZ1,2022,1042.0,11800.0
NPT2UNTNHJZ1,2023,875.0,9073.0
NPT2UNTNHJZ1,2024,885.0,2857.0
NPT2UNTNHJZ1,2025,1026.0,1165.0
NPT2UNTNHJZ1,2026,402.0,65.0
NPU8ULVAAS23,2016,7630.0,388257.0
NPU8ULVAAS23,2017,7862.0,376981.0
NPU8ULVAAS23,2018,8382.0,383012.0
NPU8ULVAAS23,2019,8334.0,315462.0
NPU8ULVAAS23,2020,9484.0,304201.0
NPU8ULVAAS23,2021,9441.0,230913.0
NPU8ULVAAS23,2022,9146.0,161010.0
NPU8ULVAAS23,2023,9575.0,115867.0
NPU8ULVAAS23,2024,10033.0,59993.0
NPU8ULVAAS23,2025,9823.0,20034.0
NPU8ULVAAS23,2026,4461.0,958.0
NQMVAAQUFU53,2016,0.14221334122771648,1.3510267416633066
NQMVAAQUFU53,2017,0.07110667061385824,0.4977466942970077
NQMVAAQUFU53,2018,0.14221334122771648,14.647974146454796
NQMVAAQUFU53,2019,0.21332001184157473,4.124186895603778
NQMVAAQUFU53,2020,0.14221334122771648,2.4176268008711803
NQMVAAQUFU53,2021,0.14221334122771648,0.9243867179801571
NQMVAAQUFU53,2022,0.5688533649108659,8.959440497346138
NQMVAAQUFU53,2023,0.8532800473662989,3.199800177623621
NQMVAAQUFU53,2024,0.8532800473662989,4.124186895603778
NQMVAAQUFU53,2025,0.5688533649108659,0.7821733767524406
NQMVAAQUFU53,2026,0.7821733767524406,0.14221334122771648
NRJ8QC6LM4T1,2016,21.0,399.0
NRJ8QC6LM4T1,2017,14.0,270.0
NRJ8QC6LM4T1,2018,5.0,120.0
NRJ8QC6LM4T1,2019,11.0,335.0
NRJ8QC6LM4T1,2020,17.0,185.0
NRJ8QC6LM4T1,2021,10.0,278.0
NRJ8QC6LM4T1,2022,20.0,241.0
NRJ8QC6LM4T1,2023,29.0,81.0
NRJ8QC6LM4T1,2024,24.0,159.0
NRJ8QC6LM4T1,2025,32.0,14.0
NRJ8QC6LM4T1,2026,14.0,0.0
NSCKLFSSABF2,2016,1527.5667365918923,65929.8550033152
NSCKLFSSABF2,2017,1533.1656372757968,68420.43265753862
NSCKLFSSABF2,2018,1655.4083022077075,74079.9880988519
NSCKLFSSABF2,2019,1496.7727828304187,50740.0374478828
NSCKLFSSABF2,2020,1783.2498678235224,53181.158146065085
NSCKLFSSABF2,2021,1851.3698261443583,45023.559849616504
NSCKLFSSABF2,2022,1647.943101295835,27146.269965910044
NSCKLFSSABF2,2023,1648.8762514098191,16029.652658018038
NSCKLFSSABF2,2024,1649.8094015238032,9965.110067235686
NSCKLFSSABF2,2025,1361.4660163027313,2498.97600524929
NSCKLFSSABF2,2026,656.0045301307882,124.10896515987886
NTLHJXM55KZ6,2016,7046.0,261948.0
NTLHJXM55KZ6,2017,7252.0,269922.0
NTLHJXM55KZ6,2018,7892.0,244118.0
NTLHJXM55KZ6,2019,8482.0,223307.0
NTLHJXM55KZ6,2020,11999.0,251239.0
NTLHJXM55KZ6,2021,10020.0,175498.0
NTLHJXM55KZ6,2022,9388.0,117366.0
NTLHJXM55KZ6,2023,9301.0,87047.0
NTLHJXM55KZ6,2024,10270.0,53741.0
NTLHJXM55KZ6,2025,9964.0,37088.0
NTLHJXM55KZ6,2026,4526.0,932.0
NTXJM52SHKS7,2016,1633.0,41818.0
NTXJM52SHKS7,2017,1832.0,47507.0
NTXJM52SHKS7,2018,2020.0,53135.0
NTXJM52SHKS7,2019,2053.0,52184.0
NTXJM52SHKS7,2020,2585.0,53633.0
NTXJM52SHKS7,2021,2476.0,40896.0
NTXJM52SHKS7,2022,2639.0,37562.0
NTXJM52SHKS7,2023,2678.0,23372.0
NTXJM52SHKS7,2024,2657.0,15633.0
NTXJM52SHKS7,2025,2598.0,5024.0
NTXJM52SHKS7,2026,1309.0,148.0
NUNHAKQ7MS86,2016,3.0,121.0
NUNHAKQ7MS86,2017,6.0,54.0
NUNHAKQ7MS86,2018,5.0,114.0
NUNHAKQ7MS86,2019,4.0,31.0
NUNHAKQ7MS86,2020,15.0,585.0
NUNHAKQ7MS86,2021,21.0,312.0
NUNHAKQ7MS86,2022,8.0,60.0
NUNHAKQ7MS86,2023,22.0,103.0
NUNHAKQ7MS86,2024,61.0,120.0
NUNHAKQ7MS86,2025,41.0,30.0
NUNHAKQ7MS86,2026,37.0,1.0
NVUWAFWQ57S5,2016,131.0,6050.0
NVUWAFWQ57S5,2017,188.0,11161.0
NVUWAFWQ57S5,2018,164.0,9195.0
NVUWAFWQ57S5,2019,160.0,3660.0
NVUWAFWQ57S5,2020,267.0,3937.0
NVUWAFWQ57S5,2021,221.0,3481.0
NVUWAFWQ57S5,2022,214.0,2827.0
NVUWAFWQ57S5,2023,188.0,1769.0
NVUWAFWQ57S5,2024,179.0,881.0
NVUWAFWQ57S5,2025,176.0,259.0
NVUWAFWQ57S5,2026,76.0,16.0
NX9PXMKW5KW8,2016,2246.677452201966,100103.31725322033
NX9PXMKW5KW8,2017,2427.7343394104246,109444.00953911539
NX9PXMKW5KW8,2018,2644.026848381008,105575.40931287837
NX9PXMKW5KW8,2019,2975.512736189309,94161.50725114872
NX9PXMKW5KW8,2020,3609.211841418914,102712.37952308354
NX9PXMKW5KW8,2021,3465.558921927173,81970.52420794206
NX9PXMKW5KW8,2022,3516.7860951044167,52427.623706354694
NX9PXMKW5KW8,2023,3769.6694420587455,43192.367242501685
NX9PXMKW5KW8,2024,4089.7715136054367,23020.786913417996
NX9PXMKW5KW8,2025,4038.544340428193,8682.057202187643
NX9PXMKW5KW8,2026,1924.9491211893308,376.20802312176727
NZBMKZMW68N3,2016,7.0,44.0
NZBMKZMW68N3,2018,5.0,6.0
NZBMKZMW68N3,2019,4.0,19.0
NZBMKZMW68N3,2020,5.0,47.0
NZBMKZMW68N3,2021,7.0,21.0
NZBMKZMW68N3,2022,5.0,11.0
NZBMKZMW68N3,2023,6.0,457.0
NZBMKZMW68N3,2024,19.0,16.0
NZBMKZMW68N3,2025,9.0,7.0
NZBMKZMW68N3,2026,3.0,0.0
NZVVQ8GNVX65,2016,237.0,23364.0
NZVVQ8GNVX65,2017,243.0,12655.0
NZVVQ8GNVX65,2018,361.0,14623.0
NZVVQ8GNVX65,2019,423.0,18428.0
NZVVQ8GNVX65,2020,511.0,17947.0
NZVVQ8GNVX65,2021,498.0,22338.0
NZVVQ8GNVX65,2022,451.0,7980.0
NZVVQ8GNVX65,2023,494.0,6139.0
NZVVQ8GNVX65,2024,538.0,3716.0
NZVVQ8GNVX65,2025,466.0,1364.0
NZVVQ8GNVX65,2026,254.0,123.0
P1RTMASB37B5,2016,43.0,993.0
P1RTMASB37B5,2017,22.0,459.0
P1RTMASB37B5,2018,25.0,403.0
P1RTMASB37B5,2019,37.0,493.0
P1RTMASB37B5,2020,46.0,381.0
P1RTMASB37B5,2021,35.0,1055.0
P1RTMASB37B5,2022,42.0,112.0
P1RTMASB37B5,2023,29.0,110.0
P1RTMASB37B5,2024,34.0,118.0
P1RTMASB37B5,2025,37.0,45.0
P1RTMASB37B5,2026,37.0,2.0
P2TDH1JCJD31,2016,686.0,14531.0
P2TDH1JCJD31,2017,697.0,18673.0
P2TDH1JCJD31,2018,706.0,15234.0
P2TDH1JCJD31,2019,795.0,12143.0
P2TDH1JCJD31,2020,891.0,18321.0
P2TDH1JCJD31,2021,855.0,16485.0
P2TDH1JCJD31,2022,811.0,8375.0
P2TDH1JCJD31,2023,776.0,4963.0
P2TDH1JCJD31,2024,1178.0,3299.0
P2TDH1JCJD31,2025,1459.0,960.0
P2TDH1JCJD31,2026,346.0,30.0
PB11V1KH3KV4,2016,609.0,35030.0
PB11V1KH3KV4,2017,585.0,19195.0
PB11V1KH3KV4,2018,643.0,19884.0
PB11V1KH3KV4,2019,615.0,15271.0
PB11V1KH3KV4,2020,887.0,14714.0
PB11V1KH3KV4,2021,887.0,9767.0
PB11V1KH3KV4,2022,1025.0,12984.0
PB11V1KH3KV4,2023,899.0,6653.0
PB11V1KH3KV4,2024,1191.0,3804.0
PB11V1KH3KV4,2025,1322.0,1366.0
PB11V1KH3KV4,2026,439.0,113.0
PB3AJE5ZEJ59,2016,39.0,152.0
PB3AJE5ZEJ59,2017,7.0,29.0
PB3AJE5ZEJ59,2018,10.0,451.0
PB3AJE5ZEJ59,2019,7.0,19.0
PB3AJE5ZEJ59,2020,27.0,35.0
PB3AJE5ZEJ59,2021,26.0,123.0
PB3AJE5ZEJ59,2022,19.0,137.0
PB3AJE5ZEJ59,2023,19.0,48.0
PB3AJE5ZEJ59,2024,37.0,140.0
PB3AJE5ZEJ59,2025,52.0,45.0
PB3AJE5ZEJ59,2026,23.0,2.0
PBBNV32ZW7Q6,2019,1.0,0.0
PBBNV32ZW7Q6,2020,1.0,0.0
PBBNV32ZW7Q6,2022,4.0,0.0
PBBNV32ZW7Q6,2023,30.0,154.0
PBBNV32ZW7Q6,2024,37.0,32.0
PBBNV32ZW7Q6,2025,308.0,9.0
PBBNV32ZW7Q6,2026,8.0,0.0
PFBDNBDS57H3,2016,125.0,6214.0
PFBDNBDS57H3,2017,130.0,4244.0
PFBDNBDS57H3,2018,140.0,6566.0
PFBDNBDS57H3,2019,196.0,6057.0
PFBDNBDS57H3,2020,305.0,6024.0
PFBDNBDS57H3,2021,247.0,3766.0
PFBDNBDS57H3,2022,221.0,2118.0
PFBDNBDS57H3,2023,247.0,1280.0
PFBDNBDS57H3,2024,302.0,1309.0
PFBDNBDS57H3,2025,303.0,694.0
PFBDNBDS57H3,2026,139.0,10.0
PHMKYKKJLQS1,2016,439.0,38043.0
PHMKYKKJLQS1,2017,448.0,33672.0
PHMKYKKJLQS1,2018,346.0,23037.0
PHMKYKKJLQS1,2019,367.0,36881.0
PHMKYKKJLQS1,2020,495.0,23856.0
PHMKYKKJLQS1,2021,366.0,16316.0
PHMKYKKJLQS1,2022,477.0,6959.0
PHMKYKKJLQS1,2023,306.0,4457.0
PHMKYKKJLQS1,2024,329.0,3078.0
PHMKYKKJLQS1,2025,282.0,1083.0
PHMKYKKJLQS1,2026,101.0,18.0
PHZJFZ32NKH4,2016,1316.1516779841654,92156.52947427619
PHZJFZ32NKH4,2017,1242.8832206897312,78931.57293263082
PHZJFZ32NKH4,2018,1292.9202159151985,94560.98579841427
PHZJFZ32NKH4,2019,1297.3878047746152,62379.156208491884
PHZJFZ32NKH4,2020,1330.4479623342988,73735.76708912918
PHZJFZ32NKH4,2021,1226.799900795831,46060.84114058637
PHZJFZ32NKH4,2022,1117.7907326260631,28602.39739575772
PHZJFZ32NKH4,2023,1015.9297066313619,20834.153887003926
PHZJFZ32NKH4,2024,1046.3093108753956,10282.60251883352
PHZJFZ32NKH4,2025,1160.6795856764636,3946.6679984087295
PHZJFZ32NKH4,2026,522.7078965517561,191.21280318303556
PK9FMGRDRVD5,2016,4.0,2.0
PK9FMGRDRVD5,2017,2.0,2.0
PK9FMGRDRVD5,2018,2.0,1.0
PK9FMGRDRVD5,2019,4.0,1.0
PK9FMGRDRVD5,2020,3.0,1.0
PK9FMGRDRVD5,2021,2.0,1.0
PK9FMGRDRVD5,2022,2.0,1.0
PK9FMGRDRVD5,2023,7.0,415.0
PK9FMGRDRVD5,2024,2.0,2.0
PK9FMGRDRVD5,2025,11.0,2.0
PK9FMGRDRVD5,2026,1.0,0.0
PKFJZHG2MLG9,2016,45.0,3028.0
PKFJZHG2MLG9,2017,36.0,867.0
PKFJZHG2MLG9,2018,61.0,3003.0
PKFJZHG2MLG9,2019,78.0,2028.0
PKFJZHG2MLG9,2020,74.0,1369.0
PKFJZHG2MLG9,2021,72.0,7512.0
PKFJZHG2MLG9,2022,65.0,886.0
PKFJZHG2MLG9,2023,67.0,832.0
PKFJZHG2MLG9,2024,62.0,277.0
PKFJZHG2MLG9,2025,105.0,95.0
PKFJZHG2MLG9,2026,42.0,9.0
PMMKPCKNN9R2,2016,491.0,18668.0
PMMKPCKNN9R2,2017,528.0,13394.0
PMMKPCKNN9R2,2018,466.0,11758.0
PMMKPCKNN9R2,2019,529.0,13122.0
PMMKPCKNN9R2,2020,573.0,11077.0
PMMKPCKNN9R2,2021,524.0,8496.0
PMMKPCKNN9R2,2022,493.0,6222.0
PMMKPCKNN9R2,2023,558.0,4634.0
PMMKPCKNN9R2,2024,533.0,2404.0
PMMKPCKNN9R2,2025,629.0,2400.0
PMMKPCKNN9R2,2026,356.0,104.0
Q266L2NDAVP1,2016,1292.0,40930.0
Q266L2NDAVP1,2017,1417.0,32808.0
Q266L2NDAVP1,2018,1590.0,37167.0
Q266L2NDAVP1,2019,1603.0,50012.0
Q266L2NDAVP1,2020,2034.0,37465.0
Q266L2NDAVP1,2021,2229.0,36091.0
Q266L2NDAVP1,2022,2079.0,30641.0
Q266L2NDAVP1,2023,1923.0,15282.0
Q266L2NDAVP1,2024,2159.0,9735.0
Q266L2NDAVP1,2025,3051.0,3774.0
Q266L2NDAVP1,2026,1016.0,100.0
Q3KCVK5S9CP1,2016,2896.0,109357.0
Q3KCVK5S9CP1,2017,2973.0,85368.0
Q3KCVK5S9CP1,2018,3152.0,95761.0
Q3KCVK5S9CP1,2019,3456.0,86152.0
Q3KCVK5S9CP1,2020,4056.0,93561.0
Q3KCVK5S9CP1,2021,4007.0,67861.0
Q3KCVK5S9CP1,2022,3878.0,42548.0
Q3KCVK5S9CP1,2023,3961.0,35724.0
Q3KCVK5S9CP1,2024,4310.0,19783.0
Q3KCVK5S9CP1,2025,4144.0,8196.0
Q3KCVK5S9CP1,2026,11465.0,438.0
Q3LLLDFHPNL3,2016,263.89064570437705,6213.3504680177
Q3LLLDFHPNL3,2017,220.31991603979142,7870.682373749863
Q3LLLDFHPNL3,2018,243.74945934999312,5035.296588595979
Q3LLLDFHPNL3,2019,249.09303940319703,6736.610268612205
Q3LLLDFHPNL3,2020,287.3201890145788,6773.193239745678
Q3LLLDFHPNL3,2021,291.01959058987376,6873.077082278643
Q3LLLDFHPNL3,2022,256.0807979343098,3491.8240424590076
Q3LLLDFHPNL3,2023,291.8416798288282,2723.9926932755557
Q3LLLDFHPNL3,2024,302.11779531575877,1427.5579634443948
Q3LLLDFHPNL3,2025,352.6762835114572,447.2165459912184
Q3LLLDFHPNL3,2026,163.5957585519347,23.840587929678925
Q7KKMKT2ANN7,2016,1391.0,81757.0
Q7KKMKT2ANN7,2017,1502.0,74493.0
Q7KKMKT2ANN7,2018,1876.0,71101.0
Q7KKMKT2ANN7,2019,1721.0,74623.0
Q7KKMKT2ANN7,2020,6166.0,59727.0
Q7KKMKT2ANN7,2021,2319.0,48405.0
Q7KKMKT2ANN7,2022,2129.0,37184.0
Q7KKMKT2ANN7,2023,2677.0,27628.0
Q7KKMKT2ANN7,2024,2596.0,16674.0
Q7KKMKT2ANN7,2025,3600.0,7448.0
Q7KKMKT2ANN7,2026,1764.0,469.0
Q7N8CH7NR418,2016,657.626018659333,28407.081277872432
Q7N8CH7NR418,2017,666.2893554320907,33484.584202778686
Q7N8CH7NR418,2018,789.1512223911996,24786.594082929973
Q7N8CH7NR418,2019,898.6242961560466,18541.115845841938
Q7N8CH7NR418,2020,967.9309903381081,22617.60958545955
Q7N8CH7NR418,2021,1145.1356061445151,14700.894927299532
Q7N8CH7NR418,2022,1868.1304386346562,9879.354225224759
Q7N8CH7NR418,2023,1851.5913411593915,6855.062115462077
Q7N8CH7NR418,2024,2120.1547811148794,3385.7895260077516
Q7N8CH7NR418,2025,1290.8371791408942,1197.1156267810613
Q7N8CH7NR418,2026,470.9704900099175,55.130324917548876
QB12VPNQQFE8,2016,690.0,15654.0
QB12VPNQQFE8,2017,767.0,34703.0
QB12VPNQQFE8,2018,776.0,53483.0
QB12VPNQQFE8,2019,853.0,32427.0
QB12VPNQQFE8,2020,929.0,15733.0
QB12VPNQQFE8,2021,947.0,17530.0
QB12VPNQQFE8,2022,957.0,12932.0
QB12VPNQQFE8,2023,911.0,5884.0
QB12VPNQQFE8,2024,1004.0,4014.0
QB12VPNQQFE8,2025,1019.0,1505.0
QB12VPNQQFE8,2026,503.0,53.0
QCKAHGYGVCE4,2016,123.0,5380.0
QCKAHGYGVCE4,2017,147.0,7108.0
QCKAHGYGVCE4,2018,135.0,12483.0
QCKAHGYGVCE4,2019,187.0,4489.0
QCKAHGYGVCE4,2020,151.0,3441.0
QCKAHGYGVCE4,2021,196.0,3529.0
QCKAHGYGVCE4,2022,191.0,7222.0
QCKAHGYGVCE4,2023,184.0,3518.0
QCKAHGYGVCE4,2024,199.0,1407.0
QCKAHGYGVCE4,2025,193.0,374.0
QCKAHGYGVCE4,2026,66.0,9.0
QD1MX6N5YTN4,2016,2271.9043787931314,78894.26995130478
QD1MX6N5YTN4,2017,2472.228506177034,86829.21715810434
QD1MX6N5YTN4,2018,2773.1546477522666,84293.63578001673
QD1MX6N5YTN4,2019,2869.357156949807,78046.63198916792
QD1MX6N5YTN4,2020,3409.9096705201323,80681.05557944934
QD1MX6N5YTN4,2021,3212.5185464654232,61832.10968438859
QD1MX6N5YTN4,2022,3167.0569948629272,44018.51396453307
QD1MX6N5YTN4,2023,3210.1721438020686,31153.774762025412
QD1MX6N5YTN4,2024,4058.3967066047717,19366.62098266337
QD1MX6N5YTN4,2025,3382.3394392257155,6695.459999882469
QD1MX6N5YTN4,2026,1531.0277378389035,270.4229069516224
QD4MGHFDJKU1,2016,4494.0,183263.0
QD4MGHFDJKU1,2017,3805.0,147605.0
QD4MGHFDJKU1,2018,3835.0,172767.0
QD4MGHFDJKU1,2019,4093.0,115434.0
QD4MGHFDJKU1,2020,4536.0,155500.0
QD4MGHFDJKU1,2021,4464.0,120679.0
QD4MGHFDJKU1,2022,4312.0,55083.0
QD4MGHFDJKU1,2023,4105.0,40038.0
QD4MGHFDJKU1,2024,4046.0,21424.0
QD4MGHFDJKU1,2025,4676.0,6483.0
QD4MGHFDJKU1,2026,2036.0,718.0
QDE5UHE5XD16,2016,5454.0,174406.0
QDE5UHE5XD16,2017,5872.0,188523.0
QDE5UHE5XD16,2018,6028.0,185332.0
QDE5UHE5XD16,2019,6527.0,188374.0
QDE5UHE5XD16,2020,7784.0,212430.0
QDE5UHE5XD16,2021,7269.0,134513.0
QDE5UHE5XD16,2022,7508.0,95046.0
QDE5UHE5XD16,2023,8057.0,69947.0
QDE5UHE5XD16,2024,9323.0,38789.0
QDE5UHE5XD16,2025,8491.0,13425.0
QDE5UHE5XD16,2026,3538.0,577.0
QHF5ZZ114M72,2016,8526.37699551582,464849.21674555214
QHF5ZZ114M72,2017,8684.748087701857,472772.17055185913
QHF5ZZ114M72,2018,9604.913461282762,430034.704846156
QHF5ZZ114M72,2019,10179.741869958007,383350.4262273166
QHF5ZZ114M72,2020,12745.206923471624,434909.0151278818
QHF5ZZ114M72,2021,12817.060474556029,296703.84201353404
QHF5ZZ114M72,2022,11830.907145897609,216686.11448703826
QHF5ZZ114M72,2023,12130.05254224901,146634.7677757499
QHF5ZZ114M72,2024,12198.97329532997,85197.7820000807
QHF5ZZ114M72,2025,12647.691389857073,28883.661136929248
QHF5ZZ114M72,2026,5055.4105584385225,1432.6718246829403
QHHJD3X516J9,2016,822.2300021480912,31345.427552113837
QHHJD3X516J9,2017,967.905491362418,29346.470121333212
QHHJD3X516J9,2018,882.7240953582424,31400.208881041075
QHHJD3X516J9,2019,950.9712258094921,28338.983334582026
QHHJD3X516J9,2020,1085.9352819933538,29694.03061975983
QHHJD3X516J9,2021,1087.4654867119916,22446.777044994982
QHHJD3X516J9,2022,1072.1634395256128,17681.209482917056
QHHJD3X516J9,2023,1118.7836766201137,11510.505934537912
QHHJD3X516J9,2024,1119.5997858033872,6608.648138853306
QHHJD3X516J9,2025,1040.437195025854,2481.4819853911067
QHHJD3X516J9,2026,557.0965312321,85.89549153954005
QJ8HMDK7MRM3,2016,1451.015787657116,80583.57739269664
QJ8HMDK7MRM3,2017,1510.5478813841632,79440.0808917442
QJ8HMDK7MRM3,2018,1680.2965053234932,81375.82190114915
QJ8HMDK7MRM3,2019,1958.7449182336522,84369.48992646785
QJ8HMDK7MRM3,2020,2302.7923898366726,88226.18371817356
QJ8HMDK7MRM3,2021,2190.427142865664,58526.367888860106
QJ8HMDK7MRM3,2022,2293.5655472844974,42292.43359137712
QJ8HMDK7MRM3,2023,2342.8596376317337,28013.831544334516
QJ8HMDK7MRM3,2024,2330.8521028035607,16414.04731990558
QJ8HMDK7MRM3,2025,2323.2683965962938,5790.791664765747
QJ8HMDK7MRM3,2026,1332.2043904099307,263.9129760128971
QJZ1F3UMLEJ4,2016,249.0,5514.0
QJZ1F3UMLEJ4,2017,269.0,7991.0
QJZ1F3UMLEJ4,2018,277.0,5066.0
QJZ1F3UMLEJ4,2019,291.0,4264.0
QJZ1F3UMLEJ4,2020,504.0,8191.0
QJZ1F3UMLEJ4,2021,406.0,4630.0
QJZ1F3UMLEJ4,2022,429.0,4510.0
QJZ1F3UMLEJ4,2023,478.0,2819.0
QJZ1F3UMLEJ4,2024,414.0,1263.0
QJZ1F3UMLEJ4,2025,441.0,857.0
QJZ1F3UMLEJ4,2026,333.0,43.0
QKWEF8XLMTT3,2016,12.0,127.0
QKWEF8XLMTT3,2017,8.0,192.0
QKWEF8XLMTT3,2018,6.0,43.0
QKWEF8XLMTT3,2019,4.0,58.0
QKWEF8XLMTT3,2020,9.0,114.0
QKWEF8XLMTT3,2021,22.0,412.0
QKWEF8XLMTT3,2022,18.0,194.0
QKWEF8XLMTT3,2023,19.0,138.0
QKWEF8XLMTT3,2024,21.0,50.0
QKWEF8XLMTT3,2025,47.0,50.0
QKWEF8XLMTT3,2026,23.0,1.0
QL3ZB67MLJL5,2016,319.45026531693196,12178.228867634954
QL3ZB67MLJL5,2017,376.04765723660677,11401.600089857626
QL3ZB67MLJL5,2018,342.9532438942199,12199.512340646766
QL3ZB67MLJL5,2019,369.4684085960844,11010.174429774495
QL3ZB67MLJL5,2020,421.90422758048896,11536.633223100154
QL3ZB67MLJL5,2021,422.4987379998133,8720.952609124288
QL3ZB67MLJL5,2022,416.55363380657013,6869.448993208596
QL3ZB67MLJL5,2023,434.66638458198423,4472.026276241363
QL3ZB67MLJL5,2024,434.98345680562386,2567.571598977852
QL3ZB67MLJL5,2025,404.22745111257933,964.0977300042643
QL3ZB67MLJL5,2026,216.44142666200565,33.37185153807155
QLRCUJ8JTN53,2016,172.0,22543.0
QLRCUJ8JTN53,2017,216.0,29875.0
QLRCUJ8JTN53,2018,238.0,34513.0
QLRCUJ8JTN53,2019,205.0,13135.0
QLRCUJ8JTN53,2020,348.0,24596.0
QLRCUJ8JTN53,2021,255.0,9044.0
QLRCUJ8JTN53,2022,286.0,4266.0
QLRCUJ8JTN53,2023,379.0,3994.0
QLRCUJ8JTN53,2024,368.0,2546.0
QLRCUJ8JTN53,2025,412.0,1073.0
QLRCUJ8JTN53,2026,284.0,108.0
QN6MS4VN7BD1,2016,8437.0,588892.0
QN6MS4VN7BD1,2017,8793.0,594461.0
QN6MS4VN7BD1,2018,9249.0,534264.0
QN6MS4VN7BD1,2019,9838.0,524321.0
QN6MS4VN7BD1,2020,12016.0,568190.0
QN6MS4VN7BD1,2021,12234.0,539443.0
QN6MS4VN7BD1,2022,12217.0,295475.0
QN6MS4VN7BD1,2023,12380.0,194937.0
QN6MS4VN7BD1,2024,12870.0,117275.0
QN6MS4VN7BD1,2025,12039.0,41796.0
QN6MS4VN7BD1,2026,5689.0,1832.0
QWYKRJH5NNJ3,2016,1316.0,49996.0
QWYKRJH5NNJ3,2017,1360.0,44177.0
QWYKRJH5NNJ3,2018,1498.0,46172.0
QWYKRJH5NNJ3,2019,1537.0,40800.0
QWYKRJH5NNJ3,2020,1787.0,35518.0
QWYKRJH5NNJ3,2021,1632.0,25068.0
QWYKRJH5NNJ3,2022,8525.0,16811.0
QWYKRJH5NNJ3,2023,3458.0,11570.0
QWYKRJH5NNJ3,2024,1628.0,6980.0
QWYKRJH5NNJ3,2025,1694.0,2415.0
QWYKRJH5NNJ3,2026,751.0,105.0
R28EKN92ZTZ9,2016,7120.033044984449,269969.5103356972
R28EKN92ZTZ9,2017,7794.813656620375,300041.6284565243
R28EKN92ZTZ9,2018,7838.717345637705,261427.3795377601
R28EKN92ZTZ9,2019,9415.432438173135,267926.0799403471
R28EKN92ZTZ9,2020,11440.728701103028,238854.20238669746
R28EKN92ZTZ9,2021,10114.073750361958,199666.34222664166
R28EKN92ZTZ9,2022,11485.586818142474,142726.1208552305
R28EKN92ZTZ9,2023,13165.380137066419,92434.44508587854
R28EKN92ZTZ9,2024,12418.062995749686,55251.83820028817
R28EKN92ZTZ9,2025,10120.754746516768,19078.061734074283
R28EKN92ZTZ9,2026,7574.340783511607,872.3472122139124
R8JEVL4ULGB7,2016,2246.0,92842.0
R8JEVL4ULGB7,2017,2397.0,84888.0
R8JEVL4ULGB7,2018,2606.0,97273.0
R8JEVL4ULGB7,2019,2818.0,74317.0
R8JEVL4ULGB7,2020,3394.0,83468.0
R8JEVL4ULGB7,2021,3427.0,58328.0
R8JEVL4ULGB7,2022,3334.0,40024.0
R8JEVL4ULGB7,2023,3517.0,30833.0
R8JEVL4ULGB7,2024,3556.0,20935.0
R8JEVL4ULGB7,2025,3259.0,6608.0
R8JEVL4ULGB7,2026,1558.0,289.0
R9NXPE2GTCN9,2016,672.0,20687.0
R9NXPE2GTCN9,2017,704.0,23611.0
R9NXPE2GTCN9,2018,768.0,28571.0
R9NXPE2GTCN9,2019,888.0,21515.0
R9NXPE2GTCN9,2020,1069.0,24313.0
R9NXPE2GTCN9,2021,1122.0,22631.0
R9NXPE2GTCN9,2022,1238.0,17040.0
R9NXPE2GTCN9,2023,1327.0,13011.0
R9NXPE2GTCN9,2024,1592.0,7784.0
R9NXPE2GTCN9,2025,1690.0,2927.0
R9NXPE2GTCN9,2026,849.0,160.0
RCNJEHZ83EV6,2016,2256.0,78352.0
RCNJEHZ83EV6,2017,2609.0,87863.0
RCNJEHZ83EV6,2018,3101.0,92352.0
RCNJEHZ83EV6,2019,3123.0,72996.0
RCNJEHZ83EV6,2020,3318.0,77911.0
RCNJEHZ83EV6,2021,3291.0,56433.0
RCNJEHZ83EV6,2022,3212.0,45401.0
RCNJEHZ83EV6,2023,3381.0,27846.0
RCNJEHZ83EV6,2024,3647.0,21004.0
RCNJEHZ83EV6,2025,4016.0,7059.0
RCNJEHZ83EV6,2026,1896.0,271.0
RD7MXJV7DKT9,2016,3530.0,107285.0
RD7MXJV7DKT9,2017,3679.0,103685.0
RD7MXJV7DKT9,2018,4035.0,111695.0
RD7MXJV7DKT9,2019,4572.0,98266.0
RD7MXJV7DKT9,2020,5732.0,134453.0
RD7MXJV7DKT9,2021,4660.0,77116.0
RD7MXJV7DKT9,2022,4384.0,53882.0
RD7MXJV7DKT9,2023,4504.0,42620.0
RD7MXJV7DKT9,2024,4619.0,23022.0
RD7MXJV7DKT9,2025,5882.0,7858.0
RD7MXJV7DKT9,2026,2632.0,277.0
RFRPFMNR8LA5,2016,1385.0,50806.0
RFRPFMNR8LA5,2017,1524.0,39339.0
RFRPFMNR8LA5,2018,1502.0,49873.0
RFRPFMNR8LA5,2019,1649.0,32202.0
RFRPFMNR8LA5,2020,1764.0,44324.0
RFRPFMNR8LA5,2021,1923.0,31358.0
RFRPFMNR8LA5,2022,2001.0,21699.0
RFRPFMNR8LA5,2023,2017.0,18212.0
RFRPFMNR8LA5,2024,2024.0,7515.0
RFRPFMNR8LA5,2025,2002.0,4153.0
RFRPFMNR8LA5,2026,970.0,154.0
RN64EPNH8JC6,2016,11934.0,605117.0
RN64EPNH8JC6,2017,12337.0,601848.0
RN64EPNH8JC6,2018,13407.0,640799.0
RN64EPNH8JC6,2019,14087.0,573432.0
RN64EPNH8JC6,2020,19147.0,583303.0
RN64EPNH8JC6,2021,20620.0,436743.0
RN64EPNH8JC6,2022,19466.0,315297.0
RN64EPNH8JC6,2023,19899.0,215193.0
RN64EPNH8JC6,2024,21817.0,121405.0
RN64EPNH8JC6,2025,17387.0,47024.0
RN64EPNH8JC6,2026,7792.0,1845.0
RNKYWXURFRL5,2016,1337.0,51615.0
RNKYWXURFRL5,2017,1186.0,36874.0
RNKYWXURFRL5,2018,1322.0,40365.0
RNKYWXURFRL5,2019,1410.0,31586.0
RNKYWXURFRL5,2020,1708.0,45875.0
RNKYWXURFRL5,2021,1650.0,30033.0
RNKYWXURFRL5,2022,1569.0,18947.0
RNKYWXURFRL5,2023,1787.0,14859.0
RNKYWXURFRL5,2024,1779.0,8773.0
RNKYWXURFRL5,2025,1909.0,3712.0
RNKYWXURFRL5,2026,949.0,131.0
RQMFJGDTQ5V3,2016,672.5109487156496,24738.032303306452
RQMFJGDTQ5V3,2017,726.4284028922023,25722.875891981774
RQMFJGDTQ5V3,2018,718.656517605492,21016.63504375588
RQMFJGDTQ5V3,2019,808.1546341102652,22054.546036654516
RQMFJGDTQ5V3,2020,978.0431890494478,24585.266183139553
RQMFJGDTQ5V3,2021,939.548069738711,19348.47272838808
RQMFJGDTQ5V3,2022,945.2555479961388,13391.444091832247
RQMFJGDTQ5V3,2023,1022.2457866176127,9244.536112834283
RQMFJGDTQ5V3,2024,1050.4188707819374,5875.545276752978
RQMFJGDTQ5V3,2025,1055.0334276709216,2133.382511201974
RQMFJGDTQ5V3,2026,497.5220940570633,110.02075108999252
RRCZRDT5DHP1,2016,57.0,4245.0
RRCZRDT5DHP1,2017,56.0,8376.0
RRCZRDT5DHP1,2018,58.0,5808.0
RRCZRDT5DHP1,2019,69.0,10279.0
RRCZRDT5DHP1,2020,67.0,4338.0
RRCZRDT5DHP1,2021,64.0,2166.0
RRCZRDT5DHP1,2022,72.0,3016.0
RRCZRDT5DHP1,2023,64.0,1876.0
RRCZRDT5DHP1,2024,71.0,692.0
RRCZRDT5DHP1,2025,69.0,353.0
RRCZRDT5DHP1,2026,32.0,14.0
RSWNKK6J8CF3,2016,856.0,25412.0
RSWNKK6J8CF3,2017,927.0,25426.0
RSWNKK6J8CF3,2018,952.0,27151.0
RSWNKK6J8CF3,2019,968.0,23264.0
RSWNKK6J8CF3,2020,1019.0,22949.0
RSWNKK6J8CF3,2021,963.0,18197.0
RSWNKK6J8CF3,2022,1210.0,14793.0
RSWNKK6J8CF3,2023,1194.0,8853.0
RSWNKK6J8CF3,2024,1393.0,6734.0
RSWNKK6J8CF3,2025,1368.0,2169.0
RSWNKK6J8CF3,2026,609.0,62.0
RZZ8BMQ47KX3,2016,154.0,3360.0
RZZ8BMQ47KX3,2017,134.0,2188.0
RZZ8BMQ47KX3,2018,146.0,3858.0
RZZ8BMQ47KX3,2019,158.0,2126.0
RZZ8BMQ47KX3,2020,139.0,2523.0
RZZ8BMQ47KX3,2021,152.0,1368.0
RZZ8BMQ47KX3,2022,161.0,1296.0
RZZ8BMQ47KX3,2023,168.0,1104.0
RZZ8BMQ47KX3,2024,183.0,874.0
RZZ8BMQ47KX3,2025,180.0,246.0
RZZ8BMQ47KX3,2026,97.0,20.0
S352L5PJLMP8,2016,8122.0,414242.0
S352L5PJLMP8,2017,8608.0,376209.0
S352L5PJLMP8,2018,9236.0,348214.0
S352L5PJLMP8,2019,10112.0,326167.0
S352L5PJLMP8,2020,12578.0,424632.0
S352L5PJLMP8,2021,12371.0,291562.0
S352L5PJLMP8,2022,13145.0,204877.0
S352L5PJLMP8,2023,13040.0,145709.0
S352L5PJLMP8,2024,13347.0,79422.0
S352L5PJLMP8,2025,13598.0,31003.0
S352L5PJLMP8,2026,7082.0,1402.0
S3GMKS8ELA16,2016,6902.0,347900.0
S3GMKS8ELA16,2017,7532.0,397302.0
S3GMKS8ELA16,2018,7619.0,398342.0
S3GMKS8ELA16,2019,8165.0,301048.0
S3GMKS8ELA16,2020,8761.0,358715.0
S3GMKS8ELA16,2021,8558.0,258504.0
S3GMKS8ELA16,2022,9487.0,183396.0
S3GMKS8ELA16,2023,9976.0,132401.0
S3GMKS8ELA16,2024,9369.0,74355.0
S3GMKS8ELA16,2025,9200.0,26844.0
S3GMKS8ELA16,2026,4866.0,944.0
S9GFNEC7QLZ7,2016,0.6297242571746473,166.3731487455418
S9GFNEC7QLZ7,2017,0.37783455430478835,11.838816034883369
S9GFNEC7QLZ7,2018,0.2518897028698589,3.7783455430478834
S9GFNEC7QLZ7,2019,1.7632279200890122,155.54189152213786
S9GFNEC7QLZ7,2020,0.8816139600445061,53.14872730554023
S9GFNEC7QLZ7,2021,0.37783455430478835,2.770786731568448
S9GFNEC7QLZ7,2022,0.6297242571746473,8.438305046140274
S9GFNEC7QLZ7,2023,0.7556691086095767,2.6448418801335185
S9GFNEC7QLZ7,2024,1.0075588114794356,6.80102197748619
S9GFNEC7QLZ7,2025,2.5188970286985892,14.483657915016886
S9GFNEC7QLZ7,2026,2.015117622958871,0.2518897028698589
SB35ENJFKK14,2016,83.0,3313.0
SB35ENJFKK14,2017,82.0,1617.0
SB35ENJFKK14,2018,108.0,2603.0
SB35ENJFKK14,2019,97.0,3307.0
SB35ENJFKK14,2020,163.0,4306.0
SB35ENJFKK14,2021,151.0,2794.0
SB35ENJFKK14,2022,199.0,1342.0
SB35ENJFKK14,2023,239.0,2306.0
SB35ENJFKK14,2024,230.0,1281.0
SB35ENJFKK14,2025,311.0,933.0
SB35ENJFKK14,2026,164.0,57.0
SGBMHQ7VXNH5,2016,1046.0,28979.0
SGBMHQ7VXNH5,2017,1110.0,33282.0
SGBMHQ7VXNH5,2018,1195.0,43402.0
SGBMHQ7VXNH5,2019,1223.0,39908.0
SGBMHQ7VXNH5,2020,1522.0,36697.0
SGBMHQ7VXNH5,2021,1450.0,29476.0
SGBMHQ7VXNH5,2022,1450.0,20912.0
SGBMHQ7VXNH5,2023,1665.0,15565.0
SGBMHQ7VXNH5,2024,1494.0,10321.0
SGBMHQ7VXNH5,2025,1647.0,3210.0
SGBMHQ7VXNH5,2026,970.0,203.0
SHHBRBAPSM35,2016,1217.2903409689102,25363.212553222107
SHHBRBAPSM35,2017,1291.9877028010933,28927.93665399129
SHHBRBAPSM35,2018,2693.254879393714,19595.60792064271
SHHBRBAPSM35,2019,1693.8318437686712,15496.936011221253
SHHBRBAPSM35,2020,1870.8922570005127,20485.059840237038
SHHBRBAPSM35,2021,1787.2035460589,15167.02266312911
SHHBRBAPSM35,2022,1529.2209908421935,8507.199541998634
SHHBRBAPSM35,2023,1717.347679901025,9703.740615791938
SHHBRBAPSM35,2024,1969.7970972042367,8598.496317571302
SHHBRBAPSM35,2025,2298.327160818005,2775.5603058569527
SHHBRBAPSM35,2026,1090.7198111977111,294.6395938936112
SKG7TLUN8JH6,2016,8.0,310.0
SKG7TLUN8JH6,2017,13.0,507.0
SKG7TLUN8JH6,2018,15.0,686.0
SKG7TLUN8JH6,2019,11.0,128.0
SKG7TLUN8JH6,2020,20.0,1547.0
SKG7TLUN8JH6,2021,21.0,644.0
SKG7TLUN8JH6,2022,18.0,149.0
SKG7TLUN8JH6,2023,9.0,372.0
SKG7TLUN8JH6,2024,19.0,131.0
SKG7TLUN8JH6,2025,15.0,26.0
SKG7TLUN8JH6,2026,4.0,0.0
SKH5GMBR9GL3,2016,516.0,12393.0
SKH5GMBR9GL3,2017,525.0,12156.0
SKH5GMBR9GL3,2018,551.0,10572.0
SKH5GMBR9GL3,2019,547.0,12459.0
SKH5GMBR9GL3,2020,789.0,13220.0
SKH5GMBR9GL3,2021,663.0,12437.0
SKH5GMBR9GL3,2022,760.0,10910.0
SKH5GMBR9GL3,2023,774.0,7154.0
SKH5GMBR9GL3,2024,1092.0,6059.0
SKH5GMBR9GL3,2025,1252.0,3336.0
SKH5GMBR9GL3,2026,611.0,95.0
SKX6AXF9ZTM3,2016,96.0,1985.0
SKX6AXF9ZTM3,2017,92.0,2185.0
SKX6AXF9ZTM3,2018,109.0,2601.0
SKX6AXF9ZTM3,2019,130.0,2332.0
SKX6AXF9ZTM3,2020,165.0,2699.0
SKX6AXF9ZTM3,2021,175.0,1823.0
SKX6AXF9ZTM3,2022,145.0,1400.0
SKX6AXF9ZTM3,2023,170.0,751.0
SKX6AXF9ZTM3,2024,185.0,563.0
SKX6AXF9ZTM3,2025,231.0,266.0
SKX6AXF9ZTM3,2026,110.0,6.0
SL2PF6R7MRN1,2016,568.0,20504.0
SL2PF6R7MRN1,2017,492.0,17193.0
SL2PF6R7MRN1,2018,592.0,17602.0
SL2PF6R7MRN1,2019,576.0,14904.0
SL2PF6R7MRN1,2020,637.0,10958.0
SL2PF6R7MRN1,2021,622.0,10022.0
SL2PF6R7MRN1,2022,658.0,8086.0
SL2PF6R7MRN1,2023,554.0,4972.0
SL2PF6R7MRN1,2024,691.0,3953.0
SL2PF6R7MRN1,2025,558.0,1221.0
SL2PF6R7MRN1,2026,225.0,42.0
SLMPURD4W9U9,2016,120.0,2025.0
SLMPURD4W9U9,2017,131.0,2983.0
SLMPURD4W9U9,2018,132.0,2578.0
SLMPURD4W9U9,2019,139.0,2832.0
SLMPURD4W9U9,2020,147.0,2465.0
SLMPURD4W9U9,2021,165.0,2553.0
SLMPURD4W9U9,2022,148.0,1956.0
SLMPURD4W9U9,2023,140.0,855.0
SLMPURD4W9U9,2024,69.0,266.0
SLMPURD4W9U9,2025,57.0,96.0
SLMPURD4W9U9,2026,33.0,2.0
SMK9PCMKXED6,2016,158.0,12109.0
SMK9PCMKXED6,2017,194.0,13603.0
SMK9PCMKXED6,2018,239.0,32488.0
SMK9PCMKXED6,2019,274.0,39524.0
SMK9PCMKXED6,2020,352.0,39335.0
SMK9PCMKXED6,2021,335.0,13665.0
SMK9PCMKXED6,2022,386.0,12009.0
SMK9PCMKXED6,2023,391.0,7157.0
SMK9PCMKXED6,2024,665.0,3621.0
SMK9PCMKXED6,2025,338.0,1246.0
SMK9PCMKXED6,2026,135.0,62.0
SN7KD2UK7GC5,2016,2624.0153092812748,112840.27794427602
SN7KD2UK7GC5,2017,2764.0262894861194,93341.60592554417
SN7KD2UK7GC5,2018,2796.4097815062873,109363.81483034621
SN7KD2UK7GC5,2019,2944.9928625400003,83454.1638472687
SN7KD2UK7GC5,2020,3409.791218594179,95866.56584746964
SN7KD2UK7GC5,2021,3564.0890335138038,64293.61358345331
SN7KD2UK7GC5,2022,3744.103150920033,59158.92518696135
SN7KD2UK7GC5,2023,3962.215494232342,35672.32137151055
SN7KD2UK7GC5,2024,4354.627221064969,24430.487362273936
SN7KD2UK7GC5,2025,4350.81739847436,9022.612350207446
SN7KD2UK7GC5,2026,2099.2122474250195,448.6066100440945
SPE2YDWHDYU4,2016,1835.0,51767.0
SPE2YDWHDYU4,2017,1775.0,57657.0
SPE2YDWHDYU4,2018,2298.0,62710.0
SPE2YDWHDYU4,2019,2240.0,58363.0
SPE2YDWHDYU4,2020,2550.0,50917.0
SPE2YDWHDYU4,2021,2785.0,42807.0
SPE2YDWHDYU4,2022,2694.0,28317.0
SPE2YDWHDYU4,2023,2959.0,17676.0
SPE2YDWHDYU4,2024,2658.0,11145.0
SPE2YDWHDYU4,2025,2623.0,3726.0
SPE2YDWHDYU4,2026,1322.0,143.0
SPVKK1RC2MZ3,2016,508.79753304078423,9706.457521244094
SPVKK1RC2MZ3,2017,556.3083383332174,10820.369947145778
SPVKK1RC2MZ3,2018,638.8043729773514,10968.08535996407
SPVKK1RC2MZ3,2019,822.8007643825924,10452.809080747045
SPVKK1RC2MZ3,2020,1150.1934044886318,8452.60417793561
SPVKK1RC2MZ3,2021,1124.7103361954178,5569.994045920164
SPVKK1RC2MZ3,2022,1033.5759733162959,4050.512109385802
SPVKK1RC2MZ3,2023,1378.2452698923112,2396.272252385629
SPVKK1RC2MZ3,2024,1400.7049233032794,3616.868031989412
SPVKK1RC2MZ3,2025,1650.3526092944282,1663.31010164691
SPVKK1RC2MZ3,2026,941.145861201926,101.06844034935781
SRG2J1WS9X63,2016,361.0,13210.0
SRG2J1WS9X63,2017,338.0,14009.0
SRG2J1WS9X63,2018,309.0,8549.0
SRG2J1WS9X63,2019,343.0,11484.0
SRG2J1WS9X63,2020,298.0,6509.0
SRG2J1WS9X63,2021,377.0,6147.0
SRG2J1WS9X63,2022,351.0,4216.0
SRG2J1WS9X63,2023,347.0,3042.0
SRG2J1WS9X63,2024,343.0,1864.0
SRG2J1WS9X63,2025,272.0,479.0
SRG2J1WS9X63,2026,161.0,244.0
SSUJB3GSH8A5,2016,3476.0,106507.0
SSUJB3GSH8A5,2017,3662.0,101076.0
SSUJB3GSH8A5,2018,4536.0,89215.0
SSUJB3GSH8A5,2019,9479.0,93544.0
SSUJB3GSH8A5,2020,4389.0,80025.0
SSUJB3GSH8A5,2021,4313.0,65154.0
SSUJB3GSH8A5,2022,4237.0,46014.0
SSUJB3GSH8A5,2023,4094.0,31751.0
SSUJB3GSH8A5,2024,4723.0,18740.0
SSUJB3GSH8A5,2025,5090.0,6490.0
SSUJB3GSH8A5,2026,1976.0,312.0
SZ32VTCXM799,2016,894.0,41956.0
SZ32VTCXM799,2017,1045.0,49073.0
SZ32VTCXM799,2018,1242.0,53539.0
SZ32VTCXM799,2019,1170.0,43623.0
SZ32VTCXM799,2020,1628.0,58212.0
SZ32VTCXM799,2021,1593.0,33422.0
SZ32VTCXM799,2022,1662.0,29481.0
SZ32VTCXM799,2023,1635.0,15917.0
SZ32VTCXM799,2024,1556.0,8867.0
SZ32VTCXM799,2025,1104.0,2578.0
SZ32VTCXM799,2026,380.0,71.0
SZAKFNU35ZX5,2016,990.0,21002.0
SZAKFNU35ZX5,2017,1079.0,28327.0
SZAKFNU35ZX5,2018,1180.0,30058.0
SZAKFNU35ZX5,2019,1164.0,26413.0
SZAKFNU35ZX5,2020,1404.0,29838.0
SZAKFNU35ZX5,2021,1428.0,22835.0
SZAKFNU35ZX5,2022,1446.0,14271.0
SZAKFNU35ZX5,2023,1676.0,9656.0
SZAKFNU35ZX5,2024,1636.0,6041.0
SZAKFNU35ZX5,2025,1401.0,3029.0
SZAKFNU35ZX5,2026,779.0,93.0
SZPJL5ZRCLF4,2016,3302.713265755863,103275.84382018585
SZPJL5ZRCLF4,2017,3291.7042215366773,101785.69104908885
SZPJL5ZRCLF4,2018,3364.049369262758,95710.2713607008
SZPJL5ZRCLF4,2019,3476.4988923587316,81526.69060488211
SZPJL5ZRCLF4,2020,4308.468091208661,83461.92330655477
SZPJL5ZRCLF4,2021,3903.4925360028824,78371.02671548253
SZPJL5ZRCLF4,2022,4004.146654578299,49969.26535058484
SZPJL5ZRCLF4,2023,4026.1647430166713,33835.51104736745
SZPJL5ZRCLF4,2024,5102.691995592809,20042.75136132987
SZPJL5ZRCLF4,2025,4542.017100715682,8158.488126718353
SZPJL5ZRCLF4,2026,2002.85968759052,276.79882608239615
T3NGNR66YK89,2016,448.8792470980553,17112.379605220616
T3NGNR66YK89,2017,528.4077290901178,16021.090666400965
T3NGNR66YK89,2018,481.9047301661877,17142.28632428906
T3NGNR66YK89,2019,519.162821519612,15471.074358170146
T3NGNR66YK89,2020,592.8436210122579,16210.834040453456
T3NGNR66YK89,2021,593.6790042264603,12254.34775356263
T3NGNR66YK89,2022,585.3251720844369,9652.685963465156
T3NGNR66YK89,2023,610.7765140104681,6283.919613872814
T3NGNR66YK89,2024,611.2220517247093,3607.8530254970497
T3NGNR66YK89,2025,568.0048934433084,1354.7131123647887
T3NGNR66YK89,2026,304.13518218393057,46.89284442389114
T6J6AF3AM8M8,2016,1181.0,25046.0
T6J6AF3AM8M8,2017,1288.0,28299.0
T6J6AF3AM8M8,2018,1405.0,21694.0
T6J6AF3AM8M8,2019,1343.0,24252.0
T6J6AF3AM8M8,2020,1616.0,24218.0
T6J6AF3AM8M8,2021,1402.0,17916.0
T6J6AF3AM8M8,2022,1321.0,12086.0
T6J6AF3AM8M8,2023,1402.0,8430.0
T6J6AF3AM8M8,2024,1472.0,4616.0
T6J6AF3AM8M8,2025,1801.0,4287.0
T6J6AF3AM8M8,2026,537.0,67.0
T72NHKM259N3,2016,2840.0,110291.0
T72NHKM259N3,2017,3128.0,109822.0
T72NHKM259N3,2018,3183.0,114526.0
T72NHKM259N3,2019,3618.0,102086.0
T72NHKM259N3,2020,3985.0,104526.0
T72NHKM259N3,2021,4068.0,74688.0
T72NHKM259N3,2022,4324.0,61300.0
T72NHKM259N3,2023,4066.0,35803.0
T72NHKM259N3,2024,4237.0,24406.0
T72NHKM259N3,2025,5114.0,8167.0
T72NHKM259N3,2026,1900.0,402.0
TF2CMKY1HMX9,2016,3508.0,120706.0
TF2CMKY1HMX9,2017,3832.0,101993.0
TF2CMKY1HMX9,2018,4047.0,127219.0
TF2CMKY1HMX9,2019,6064.0,114008.0
TF2CMKY1HMX9,2020,5400.0,130560.0
TF2CMKY1HMX9,2021,5259.0,90334.0
TF2CMKY1HMX9,2022,5161.0,65412.0
TF2CMKY1HMX9,2023,5430.0,41472.0
TF2CMKY1HMX9,2024,5870.0,24610.0
TF2CMKY1HMX9,2025,5768.0,11148.0
TF2CMKY1HMX9,2026,2936.0,471.0
THL6A6JLE1S7,2016,2526.0696737204403,130082.85157282175
THL6A6JLE1S7,2017,2753.1277402913647,136991.5703428074
THL6A6JLE1S7,2018,2927.2185734941145,126167.56041804043
THL6A6JLE1S7,2019,3098.972616989445,107561.26183766419
THL6A6JLE1S7,2020,3600.603474182157,130571.63008662366
THL6A6JLE1S7,2021,3512.5843952026903,82885.93092216838
THL6A6JLE1S7,2022,3447.154283394945,67408.98322497803
THL6A6JLE1S7,2023,3765.347148555229,46232.99489634285
THL6A6JLE1S7,2024,3519.9842292761855,24679.615029959426
THL6A6JLE1S7,2025,3460.7855566882254,10146.34090961531
THL6A6JLE1S7,2026,1428.5574411357654,376.6126078457702
TJFZLPP6NYL6,2016,938.3942383580223,64772.68532509229
TJFZLPP6NYL6,2017,904.7814908604091,61292.154389003816
TJFZLPP6NYL6,2018,1018.051845441407,58144.067339124624
TJFZLPP6NYL6,2019,1135.9266859809818,54968.813822089825
TJFZLPP6NYL6,2020,1419.563021029334,74850.52374263009
TJFZLPP6NYL6,2021,1435.2182732884964,60857.03046591828
TJFZLPP6NYL6,2022,1439.3623106512157,41982.321624518845
TJFZLPP6NYL6,2023,1630.908926528025,21608.392155006688
TJFZLPP6NYL6,2024,1603.2820107765622,14198.392901868487
TJFZLPP6NYL6,2025,1669.1261599842153,5229.775151751922
TJFZLPP6NYL6,2026,747.7685196729285,198.45334481467498
TNKGNDAWB445,2016,2537.034839625171,107646.40786660182
TNKGNDAWB445,2017,2674.383980208127,99689.72309936669
TNKGNDAWB445,2018,2797.2624077653786,90995.76776678805
TNKGNDAWB445,2019,3006.7198471543866,87308.92440742555
TNKGNDAWB445,2020,3582.605172312923,84020.88408839858
TNKGNDAWB445,2021,3372.6572002789762,67110.26168676707
TNKGNDAWB445,2022,3214.460422286107,46373.2393882879
TNKGNDAWB445,2023,3328.999794879394,33600.5051130404
TNKGNDAWB445,2024,3333.905121328785,18950.99293825581
TNKGNDAWB445,2025,3073.432286866108,6249.876429169433
TNKGNDAWB445,2026,1425.7331325155762,328.1663394642768
TP7EK8DZV6N5,2016,9176.0,419701.0
TP7EK8DZV6N5,2017,9532.0,424721.0
TP7EK8DZV6N5,2018,10457.0,451679.0
TP7EK8DZV6N5,2019,11544.0,410840.0
TP7EK8DZV6N5,2020,14904.0,417525.0
TP7EK8DZV6N5,2021,14126.0,289817.0
TP7EK8DZV6N5,2022,13841.0,232525.0
TP7EK8DZV6N5,2023,14431.0,147881.0
TP7EK8DZV6N5,2024,15060.0,87351.0
TP7EK8DZV6N5,2025,14049.0,33445.0
TP7EK8DZV6N5,2026,6607.0,1906.0
TPALZA9N4M11,2016,65.0,5658.0
TPALZA9N4M11,2017,61.0,6060.0
TPALZA9N4M11,2018,87.0,19782.0
TPALZA9N4M11,2019,90.0,25104.0
TPALZA9N4M11,2020,129.0,18067.0
TPALZA9N4M11,2021,130.0,3959.0
TPALZA9N4M11,2022,110.0,4577.0
TPALZA9N4M11,2023,209.0,2205.0
TPALZA9N4M11,2024,285.0,693.0
TPALZA9N4M11,2025,210.0,166.0
TPALZA9N4M11,2026,80.0,11.0
TUS8D6ZGL9R3,2016,146.0,5779.0
TUS8D6ZGL9R3,2017,145.0,10621.0
TUS8D6ZGL9R3,2018,148.0,6119.0
TUS8D6ZGL9R3,2019,148.0,7541.0
TUS8D6ZGL9R3,2020,133.0,6227.0
TUS8D6ZGL9R3,2021,154.0,5653.0
TUS8D6ZGL9R3,2022,127.0,3211.0
TUS8D6ZGL9R3,2023,155.0,3344.0
TUS8D6ZGL9R3,2024,116.0,1502.0
TUS8D6ZGL9R3,2025,131.0,399.0
TUS8D6ZGL9R3,2026,73.0,23.0
TX2DAGQPENZ5,2016,9210.0,418763.0
TX2DAGQPENZ5,2017,9507.0,403140.0
TX2DAGQPENZ5,2018,10728.0,399071.0
TX2DAGQPENZ5,2019,11749.0,386646.0
TX2DAGQPENZ5,2020,13208.0,418639.0
TX2DAGQPENZ5,2021,14163.0,257197.0
TX2DAGQPENZ5,2022,14364.0,201847.0
TX2DAGQPENZ5,2023,14352.0,129761.0
TX2DAGQPENZ5,2024,12645.0,76366.0
TX2DAGQPENZ5,2025,12423.0,25606.0
TX2DAGQPENZ5,2026,5568.0,1056.0
TYVNMW8FNQQ3,2016,2.510349117427542,525.4997485814988
TYVNMW8FNQQ3,2017,12.55174558713771,2026.6885208031688
TYVNMW8FNQQ3,2018,25.10349117427542,1460.1864033036868
TYVNMW8FNQQ3,2019,14.225311665422737,972.3418914836012
TYVNMW8FNQQ3,2020,23.42992509599039,1144.719197546959
TYVNMW8FNQQ3,2021,28.450623330845474,660.2218178834435
TYVNMW8FNQQ3,2022,22.593142056847878,446.00535986295995
TYVNMW8FNQQ3,2023,20.082792939420337,269.4441386038895
TYVNMW8FNQQ3,2024,21.756359017705364,85.35186999253642
TYVNMW8FNQQ3,2025,21.756359017705364,56.90124666169095
TYVNMW8FNQQ3,2026,5.857481273997598,0.836783039142514
U2JMKHNS5TG4,2016,8022.0,317073.0
U2JMKHNS5TG4,2017,8733.0,262396.0
U2JMKHNS5TG4,2018,9954.0,263122.0
U2JMKHNS5TG4,2019,11751.0,237996.0
U2JMKHNS5TG4,2020,9890.0,237447.0
U2JMKHNS5TG4,2021,6579.0,161172.0
U2JMKHNS5TG4,2022,6367.0,122319.0
U2JMKHNS5TG4,2023,6439.0,88831.0
U2JMKHNS5TG4,2024,6747.0,52298.0
U2JMKHNS5TG4,2025,5733.0,16903.0
U2JMKHNS5TG4,2026,2801.0,1277.0
U3NKNFLNQ613,2016,4735.0,222552.0
U3NKNFLNQ613,2017,5100.0,261025.0
U3NKNFLNQ613,2018,8356.0,346672.0
U3NKNFLNQ613,2019,5713.0,209804.0
U3NKNFLNQ613,2020,6153.0,173376.0
U3NKNFLNQ613,2021,6316.0,130908.0
U3NKNFLNQ613,2022,6251.0,104815.0
U3NKNFLNQ613,2023,6967.0,79197.0
U3NKNFLNQ613,2024,7260.0,50967.0
U3NKNFLNQ613,2025,8103.0,15869.0
U3NKNFLNQ613,2026,3168.0,775.0
U3NVH931QJJ3,2016,5785.0,196506.0
U3NVH931QJJ3,2017,5799.0,200341.0
U3NVH931QJJ3,2018,6054.0,201422.0
U3NVH931QJJ3,2019,9089.0,210443.0
U3NVH931QJJ3,2020,8555.0,187061.0
U3NVH931QJJ3,2021,14437.0,138795.0
U3NVH931QJJ3,2022,7137.0,97837.0
U3NVH931QJJ3,2023,8631.0,72101.0
U3NVH931QJJ3,2024,8232.0,45893.0
U3NVH931QJJ3,2025,7824.0,17182.0
U3NVH931QJJ3,2026,4297.0,562.0
U3ZFA57417D4,2016,501.0,12481.0
U3ZFA57417D4,2017,455.0,12343.0
U3ZFA57417D4,2018,505.0,10410.0
U3ZFA57417D4,2019,528.0,14645.0
U3ZFA57417D4,2020,838.0,12891.0
U3ZFA57417D4,2021,544.0,6935.0
U3ZFA57417D4,2022,547.0,4805.0
U3ZFA57417D4,2023,544.0,3678.0
U3ZFA57417D4,2024,620.0,1844.0
U3ZFA57417D4,2025,497.0,833.0
U3ZFA57417D4,2026,211.0,27.0
U44ZMVYU52U6,2016,1734.0,53241.0
U44ZMVYU52U6,2017,1889.0,60960.0
U44ZMVYU52U6,2018,2064.0,63296.0
U44ZMVYU52U6,2019,2119.0,61678.0
U44ZMVYU52U6,2020,2493.0,67938.0
U44ZMVYU52U6,2021,2495.0,74227.0
U44ZMVYU52U6,2022,2489.0,44900.0
U44ZMVYU52U6,2023,2444.0,22277.0
U44ZMVYU52U6,2024,2630.0,12808.0
U44ZMVYU52U6,2025,2626.0,4502.0
U44ZMVYU52U6,2026,1272.0,211.0
U46RJM97ML83,2016,38.0,1755.0
U46RJM97ML83,2017,27.0,555.0
U46RJM97ML83,2018,19.0,1751.0
U46RJM97ML83,2019,43.0,718.0
U46RJM97ML83,2020,37.0,505.0
U46RJM97ML83,2021,42.0,403.0
U46RJM97ML83,2022,70.0,852.0
U46RJM97ML83,2023,36.0,153.0
U46RJM97ML83,2024,52.0,100.0
U46RJM97ML83,2025,34.0,30.0
U46RJM97ML83,2026,25.0,3.0
U5WBFKEBLMX3,2016,1567.0,48163.0
U5WBFKEBLMX3,2017,1511.0,48803.0
U5WBFKEBLMX3,2018,1583.0,48396.0
U5WBFKEBLMX3,2019,1691.0,41977.0
U5WBFKEBLMX3,2020,2891.0,40104.0
U5WBFKEBLMX3,2021,2304.0,26904.0
U5WBFKEBLMX3,2022,1950.0,19539.0
U5WBFKEBLMX3,2023,1436.0,11086.0
U5WBFKEBLMX3,2024,2762.0,8387.0
U5WBFKEBLMX3,2025,1386.0,2448.0
U5WBFKEBLMX3,2026,730.0,110.0
U9EDNSCHTBE7,2016,487.0,22405.0
U9EDNSCHTBE7,2017,622.0,16568.0
U9EDNSCHTBE7,2018,669.0,14339.0
U9EDNSCHTBE7,2019,717.0,13256.0
U9EDNSCHTBE7,2020,788.0,14220.0
U9EDNSCHTBE7,2021,759.0,13455.0
U9EDNSCHTBE7,2022,737.0,7468.0
U9EDNSCHTBE7,2023,912.0,8104.0
U9EDNSCHTBE7,2024,857.0,3825.0
U9EDNSCHTBE7,2025,835.0,914.0
U9EDNSCHTBE7,2026,379.0,66.0
U9JCYEXFEEU4,2016,157.0,1368.0
U9JCYEXFEEU4,2017,137.0,2278.0
U9JCYEXFEEU4,2018,164.0,4394.0
U9JCYEXFEEU4,2019,218.0,5098.0
U9JCYEXFEEU4,2020,305.0,2897.0
U9JCYEXFEEU4,2021,189.0,3239.0
U9JCYEXFEEU4,2022,208.0,2271.0
U9JCYEXFEEU4,2023,207.0,1325.0
U9JCYEXFEEU4,2024,251.0,1410.0
U9JCYEXFEEU4,2025,277.0,646.0
U9JCYEXFEEU4,2026,127.0,14.0
ULMJJBL7ZXX3,2016,5865.0,266276.0
ULMJJBL7ZXX3,2017,5855.0,250413.0
ULMJJBL7ZXX3,2018,6622.0,290641.0
ULMJJBL7ZXX3,2019,6879.0,226485.0
ULMJJBL7ZXX3,2020,7966.0,250729.0
ULMJJBL7ZXX3,2021,8032.0,195432.0
ULMJJBL7ZXX3,2022,7687.0,147346.0
ULMJJBL7ZXX3,2023,8258.0,97393.0
ULMJJBL7ZXX3,2024,8849.0,62296.0
ULMJJBL7ZXX3,2025,9675.0,26389.0
ULMJJBL7ZXX3,2026,5020.0,1296.0
UNVDZNFA8R29,2016,1516.5294792708687,85339.8155868964
UNVDZNFA8R29,2017,1665.0516736404506,82880.57094755396
UNVDZNFA8R29,2018,1798.3915992522532,79913.99335220623
UNVDZNFA8R29,2019,1906.3648770637906,76359.26786715495
UNVDZNFA8R29,2020,2640.205966958449,83681.74209889617
UNVDZNFA8R29,2021,2323.3586189700077,67660.86516681274
UNVDZNFA8R29,2022,2733.1855756241052,39717.4751689928
UNVDZNFA8R29,2023,2301.1038647660575,28036.558206097485
UNVDZNFA8R29,2024,2429.540200468515,16624.3013903507
UNVDZNFA8R29,2025,2319.0208278963564,5480.6104219465005
UNVDZNFA8R29,2026,1179.4076730034046,356.8304657107926
UUUMQVGJNNX1,2016,252.0,18953.0
UUUMQVGJNNX1,2017,259.0,24107.0
UUUMQVGJNNX1,2018,267.0,14784.0
UUUMQVGJNNX1,2019,413.0,21261.0
UUUMQVGJNNX1,2020,667.0,11336.0
UUUMQVGJNNX1,2021,360.0,10152.0
UUUMQVGJNNX1,2022,561.0,12868.0
UUUMQVGJNNX1,2023,646.0,5915.0
UUUMQVGJNNX1,2024,684.0,3371.0
UUUMQVGJNNX1,2025,263.0,1677.0
UUUMQVGJNNX1,2026,401.0,49.0
UWNWSADJYYZ3,2017,1.0,0.0
UWNWSADJYYZ3,2018,5.0,229.0
UWNWSADJYYZ3,2019,3.0,646.0
UWNWSADJYYZ3,2020,11.0,632.0
UWNWSADJYYZ3,2021,14.0,695.0
UWNWSADJYYZ3,2022,13.0,92.0
UWNWSADJYYZ3,2023,16.0,153.0
UWNWSADJYYZ3,2024,20.0,252.0
UWNWSADJYYZ3,2025,22.0,50.0
UWNWSADJYYZ3,2026,10.0,0.0
UYLKBRENAPG5,2016,209.0,7401.0
UYLKBRENAPG5,2017,242.0,8710.0
UYLKBRENAPG5,2018,236.0,7110.0
UYLKBRENAPG5,2019,369.0,8567.0
UYLKBRENAPG5,2020,499.0,8854.0
UYLKBRENAPG5,2021,578.0,11251.0
UYLKBRENAPG5,2022,545.0,6398.0
UYLKBRENAPG5,2023,624.0,4237.0
UYLKBRENAPG5,2024,601.0,2633.0
UYLKBRENAPG5,2025,570.0,975.0
UYLKBRENAPG5,2026,278.0,26.0
UYTTZT6G9DT1,2016,10028.984212342884,556969.4226073034
UYTTZT6G9DT1,2017,10440.452118615836,549065.9191082558
UYTTZT6G9DT1,2018,11613.703494676507,562445.1780988509
UYTTZT6G9DT1,2019,13538.255081766349,583136.5100735321
UYTTZT6G9DT1,2020,15916.207610163328,609792.8162818265
UYTTZT6G9DT1,2021,15139.572857134337,404516.6321111399
UYTTZT6G9DT1,2022,15852.434452715503,292312.5664086229
UYTTZT6G9DT1,2023,16193.140362368267,193623.1684556655
UYTTZT6G9DT1,2024,16110.147897196439,113448.95268009443
UYTTZT6G9DT1,2025,16057.731603403707,40024.20833523425
UYTTZT6G9DT1,2026,9207.79560959007,1824.087023987103
V5LLVC627U34,2016,755.0,13415.0
V5LLVC627U34,2017,820.0,14562.0
V5LLVC627U34,2018,765.0,14077.0
V5LLVC627U34,2019,682.0,11857.0
V5LLVC627U34,2020,872.0,12761.0
V5LLVC627U34,2021,721.0,11710.0
V5LLVC627U34,2022,734.0,8787.0
V5LLVC627U34,2023,791.0,4338.0
V5LLVC627U34,2024,849.0,2417.0
V5LLVC627U34,2025,828.0,1690.0
V5LLVC627U34,2026,643.0,43.0
V62NC51F7YV1,2016,866.0,10545.0
V62NC51F7YV1,2017,826.0,12642.0
V62NC51F7YV1,2018,795.0,12256.0
V62NC51F7YV1,2019,764.0,18848.0
V62NC51F7YV1,2020,924.0,14111.0
V62NC51F7YV1,2021,817.0,10478.0
V62NC51F7YV1,2022,817.0,7492.0
V62NC51F7YV1,2023,797.0,5120.0
V62NC51F7YV1,2024,806.0,2241.0
V62NC51F7YV1,2025,786.0,1098.0
V62NC51F7YV1,2026,290.0,47.0
V6AFQPN18437,2016,8989.0,370423.0
V6AFQPN18437,2017,9325.0,369180.0
V6AFQPN18437,2018,10453.0,333924.0
V6AFQPN18437,2019,10598.0,366713.0
V6AFQPN18437,2020,11969.0,388359.0
V6AFQPN18437,2021,11815.0,236989.0
V6AFQPN18437,2022,11921.0,178967.0
V6AFQPN18437,2023,11922.0,129719.0
V6AFQPN18437,2024,82755.0,73696.0
V6AFQPN18437,2025,14973.0,24666.0
V6AFQPN18437,2026,5811.0,1479.0
V913TCT2SFZ9,2016,303.0,11223.0
V913TCT2SFZ9,2017,355.0,8629.0
V913TCT2SFZ9,2018,316.0,7944.0
V913TCT2SFZ9,2019,362.0,5959.0
V913TCT2SFZ9,2020,417.0,8113.0
V913TCT2SFZ9,2021,514.0,8507.0
V913TCT2SFZ9,2022,478.0,4555.0
V913TCT2SFZ9,2023,531.0,4355.0
V913TCT2SFZ9,2024,551.0,2260.0
V913TCT2SFZ9,2025,589.0,764.0
V913TCT2SFZ9,2026,328.0,31.0
VDFYLZPJEAV6,2016,1493.0,59289.0
VDFYLZPJEAV6,2017,1747.0,54809.0
VDFYLZPJEAV6,2018,1860.0,53128.0
VDFYLZPJEAV6,2019,1671.0,67569.0
VDFYLZPJEAV6,2020,2138.0,52304.0
VDFYLZPJEAV6,2021,2138.0,39833.0
VDFYLZPJEAV6,2022,2425.0,22629.0
VDFYLZPJEAV6,2023,2398.0,21207.0
VDFYLZPJEAV6,2024,2383.0,9921.0
VDFYLZPJEAV6,2025,2269.0,4456.0
VDFYLZPJEAV6,2026,1184.0,146.0
VGJHK59NMPK9,2016,37.0,156.0
VGJHK59NMPK9,2017,31.0,459.0
VGJHK59NMPK9,2018,31.0,807.0
VGJHK59NMPK9,2019,18.0,138.0
VGJHK59NMPK9,2020,32.0,331.0
VGJHK59NMPK9,2021,31.0,580.0
VGJHK59NMPK9,2022,27.0,350.0
VGJHK59NMPK9,2023,118.0,149.0
VGJHK59NMPK9,2024,48.0,3111.0
VGJHK59NMPK9,2025,55.0,52.0
VGJHK59NMPK9,2026,20.0,1.0
VL5FH97BNMH5,2016,109.43326340810768,4723.144996684809
VL5FH97BNMH5,2017,109.83436272420337,4901.567342461375
VL5FH97BNMH5,2018,118.59169779229262,5307.011901148103
VL5FH97BNMH5,2019,107.22721716958138,3634.9625521171993
VL5FH97BNMH5,2020,127.75013217647756,3809.8418539349204
VL5FH97BNMH5,2021,132.6301738556418,3225.440150383499
VL5FH97BNMH5,2022,118.05689870416504,1944.7300340899576
VL5FH97BNMH5,2023,118.12374859018098,1148.3473419819632
VL5FH97BNMH5,2024,118.19059847619693,713.8899327643139
VL5FH97BNMH5,2025,97.53398369726885,179.02399475071005
VL5FH97BNMH5,2026,46.99546986921179,8.891034840121149
VLQKFEEJ3NE9,2016,525.0,41008.0
VLQKFEEJ3NE9,2017,521.0,31243.0
VLQKFEEJ3NE9,2018,634.0,27662.0
VLQKFEEJ3NE9,2019,645.0,28325.0
VLQKFEEJ3NE9,2020,834.0,25927.0
VLQKFEEJ3NE9,2021,711.0,22827.0
VLQKFEEJ3NE9,2022,809.0,12454.0
VLQKFEEJ3NE9,2023,871.0,9959.0
VLQKFEEJ3NE9,2024,889.0,5247.0
VLQKFEEJ3NE9,2025,710.0,1767.0
VLQKFEEJ3NE9,2026,415.0,64.0
VPWMMPGGPJ74,2016,528.0,44438.0
VPWMMPGGPJ74,2017,547.0,32929.0
VPWMMPGGPJ74,2018,578.0,20866.0
VPWMMPGGPJ74,2019,542.0,20184.0
VPWMMPGGPJ74,2020,644.0,24437.0
VPWMMPGGPJ74,2021,689.0,17468.0
VPWMMPGGPJ74,2022,336.0,9557.0
VPWMMPGGPJ74,2023,259.0,5553.0
VPWMMPGGPJ74,2024,229.0,2483.0
VPWMMPGGPJ74,2025,189.0,2160.0
VPWMMPGGPJ74,2026,77.0,6.0
VQ5WK498QDC6,2019,2.0,0.0
VQ5WK498QDC6,2021,2.0,0.0
VQ5WK498QDC6,2022,1.0,0.0
VQ5WK498QDC6,2023,1.0,2.0
VQ5WK498QDC6,2024,2.0,0.0
VQ5WK498QDC6,2025,2.0,0.0
VQ5WK498QDC6,2026,3.0,0.0
VRAASTY11EA3,2016,183.0,11556.0
VRAASTY11EA3,2017,186.0,7864.0
VRAASTY11EA3,2018,212.0,4844.0
VRAASTY11EA3,2019,249.0,5682.0
VRAASTY11EA3,2020,281.0,11636.0
VRAASTY11EA3,2021,296.0,6627.0
VRAASTY11EA3,2022,253.0,3097.0
VRAASTY11EA3,2023,290.0,2643.0
VRAASTY11EA3,2024,297.0,712.0
VRAASTY11EA3,2025,250.0,471.0
VRAASTY11EA3,2026,74.0,12.0
VUYJL5Q7YCZ3,2016,186.0,5789.0
VUYJL5Q7YCZ3,2017,196.0,7598.0
VUYJL5Q7YCZ3,2018,219.0,19167.0
VUYJL5Q7YCZ3,2019,228.0,8248.0
VUYJL5Q7YCZ3,2020,275.0,6458.0
VUYJL5Q7YCZ3,2021,288.0,6520.0
VUYJL5Q7YCZ3,2022,272.0,3945.0
VUYJL5Q7YCZ3,2023,273.0,2462.0
VUYJL5Q7YCZ3,2024,282.0,1232.0
VUYJL5Q7YCZ3,2025,221.0,482.0
VUYJL5Q7YCZ3,2026,142.0,21.0
VXUFPE4MCZH5,2016,2678.0,133852.0
VXUFPE4MCZH5,2017,2656.0,145106.0
VXUFPE4MCZH5,2018,2924.0,166676.0
VXUFPE4MCZH5,2019,2826.0,107440.0
VXUFPE4MCZH5,2020,3527.0,138088.0
VXUFPE4MCZH5,2021,3605.0,79857.0
VXUFPE4MCZH5,2022,3543.0,66966.0
VXUFPE4MCZH5,2023,3883.0,51367.0
VXUFPE4MCZH5,2024,3824.0,32612.0
VXUFPE4MCZH5,2025,4068.0,10187.0
VXUFPE4MCZH5,2026,1662.0,675.0
W1NBN156CYF9,2016,0.23543693514297281,8.381554891089833
W1NBN156CYF9,2017,0.047087387028594566,1.083009901657675
W1NBN156CYF9,2018,0.5179612573145402,2.919417995772863
W1NBN156CYF9,2019,0.1412621610857837,0.8004855794861077
W1NBN156CYF9,2020,0.329611709200162,5.791748604517132
W1NBN156CYF9,2021,0.47087387028594563,2.966505382801458
W1NBN156CYF9,2022,0.47087387028594563,6.49805940994605
W1NBN156CYF9,2023,1.177184675714864,48.735445574595374
W1NBN156CYF9,2024,1.4126216108578369,5.6504864434313475
W1NBN156CYF9,2025,1.177184675714864,3.578641414173187
W1NBN156CYF9,2026,0.3766990962287565,0.4237864832573511
W6Q8XJV41Z98,2016,73.0,8311.0
W6Q8XJV41Z98,2017,112.0,12280.0
W6Q8XJV41Z98,2018,129.0,7003.0
W6Q8XJV41Z98,2019,189.0,5337.0
W6Q8XJV41Z98,2020,234.0,8162.0
W6Q8XJV41Z98,2021,245.0,4760.0
W6Q8XJV41Z98,2022,221.0,2742.0
W6Q8XJV41Z98,2023,245.0,2682.0
W6Q8XJV41Z98,2024,310.0,1307.0
W6Q8XJV41Z98,2025,434.0,671.0
W6Q8XJV41Z98,2026,167.0,31.0
W8LKB16HV1K5,2016,242.0,4625.0
W8LKB16HV1K5,2017,240.0,3418.0
W8LKB16HV1K5,2018,251.0,5115.0
W8LKB16HV1K5,2019,389.0,7329.0
W8LKB16HV1K5,2020,387.0,8040.0
W8LKB16HV1K5,2021,356.0,5554.0
W8LKB16HV1K5,2022,419.0,5003.0
W8LKB16HV1K5,2023,579.0,2707.0
W8LKB16HV1K5,2024,403.0,2792.0
W8LKB16HV1K5,2025,535.0,902.0
W8LKB16HV1K5,2026,257.0,25.0
W8XEAJDKMXH3,2016,3579.430820190642,154629.28983903155
W8XEAJDKMXH3,2017,3676.7967940252092,146174.3620644555
W8XEAJDKMXH3,2018,3857.5110723096013,138479.0404281608
W8XEAJDKMXH3,2019,4008.6745881072375,133379.2607636195
W8XEAJDKMXH3,2020,4787.6023787837785,130780.30908850224
W8XEAJDKMXH3,2021,4680.007294857642,91565.68955671848
W8XEAJDKMXH3,2022,4351.53920413947,66122.86191155094
W8XEAJDKMXH3,2023,4618.6326343082255,46104.4934623497
W8XEAJDKMXH3,2024,5019.0833515967,30122.456084095866
W8XEAJDKMXH3,2025,4902.016869437629,10060.519203023126
W8XEAJDKMXH3,2026,2440.211040733269,574.7244447744712
WCUGNQQ8DZU1,2016,1192.0,37941.0
WCUGNQQ8DZU1,2017,1271.0,37930.0
WCUGNQQ8DZU1,2018,1186.0,28705.0
WCUGNQQ8DZU1,2019,1341.0,25408.0
WCUGNQQ8DZU1,2020,1428.0,37797.0
WCUGNQQ8DZU1,2021,1383.0,24208.0
WCUGNQQ8DZU1,2022,1395.0,14495.0
WCUGNQQ8DZU1,2023,1519.0,10011.0
WCUGNQQ8DZU1,2024,1340.0,9507.0
WCUGNQQ8DZU1,2025,1401.0,1919.0
WCUGNQQ8DZU1,2026,698.0,45.0
WFVHMSF6BU45,2016,346.0,16988.0
WFVHMSF6BU45,2017,400.0,14416.0
WFVHMSF6BU45,2018,351.0,11769.0
WFVHMSF6BU45,2019,330.0,11700.0
WFVHMSF6BU45,2020,386.0,7091.0
WFVHMSF6BU45,2021,316.0,8660.0
WFVHMSF6BU45,2022,343.0,3959.0
WFVHMSF6BU45,2023,398.0,2857.0
WFVHMSF6BU45,2024,325.0,1528.0
WFVHMSF6BU45,2025,302.0,1391.0
WFVHMSF6BU45,2026,174.0,34.0
WK63UJ11C2H7,2016,993.0,37993.0
WK63UJ11C2H7,2017,1073.0,25813.0
WK63UJ11C2H7,2018,1053.0,22060.0
WK63UJ11C2H7,2019,1024.0,18558.0
WK63UJ11C2H7,2020,1279.0,23589.0
WK63UJ11C2H7,2021,1343.0,19277.0
WK63UJ11C2H7,2022,1285.0,12395.0
WK63UJ11C2H7,2023,1392.0,9124.0
WK63UJ11C2H7,2024,1472.0,7156.0
WK63UJ11C2H7,2025,1419.0,2415.0
WK63UJ11C2H7,2026,628.0,102.0
WKAUE7NHR4L1,2016,234.0,12662.0
WKAUE7NHR4L1,2017,247.0,10347.0
WKAUE7NHR4L1,2018,236.0,8443.0
WKAUE7NHR4L1,2019,290.0,9971.0
WKAUE7NHR4L1,2020,350.0,8739.0
WKAUE7NHR4L1,2021,557.0,8798.0
WKAUE7NHR4L1,2022,500.0,3785.0
WKAUE7NHR4L1,2023,615.0,4216.0
WKAUE7NHR4L1,2024,686.0,2201.0
WKAUE7NHR4L1,2025,825.0,637.0
WKAUE7NHR4L1,2026,340.0,254.0
WKPTJDWG2C68,2016,140.0,15135.0
WKPTJDWG2C68,2017,157.0,30520.0
WKPTJDWG2C68,2018,188.0,32825.0
WKPTJDWG2C68,2019,210.0,42495.0
WKPTJDWG2C68,2020,276.0,30414.0
WKPTJDWG2C68,2021,374.0,34098.0
WKPTJDWG2C68,2022,327.0,13074.0
WKPTJDWG2C68,2023,320.0,12877.0
WKPTJDWG2C68,2024,333.0,3456.0
WKPTJDWG2C68,2025,375.0,1626.0
WKPTJDWG2C68,2026,186.0,79.0
WL9FLBRVPJJ7,2016,1220.0485517540665,57648.57312603217
WL9FLBRVPJJ7,2017,1464.9450740239631,47046.39555188528
WL9FLBRVPJJ7,2018,1371.8298225202282,54106.10059080216
WL9FLBRVPJJ7,2019,1425.3796191725592,39803.529743527
WL9FLBRVPJJ7,2020,2614.0486722513742,42699.31174084095
WL9FLBRVPJJ7,2021,1565.5641186891712,36098.02024778862
WL9FLBRVPJJ7,2022,1528.386234389145,23965.40995020855
WL9FLBRVPJJ7,2023,1606.8349810772736,16965.735256583455
WL9FLBRVPJJ7,2024,1728.2599976902027,11018.297013101304
WL9FLBRVPJJ7,2025,2731.3807107762273,3807.1517849256056
WL9FLBRVPJJ7,2026,745.6041750445596,157.2385748835965
WLDGTNCFFJZ3,2016,9.685664130871816,617.1151717669757
WLDGTNCFFJZ3,2017,8.993830978666685,346.6084092547699
WLDGTNCFFJZ3,2018,9.685664130871816,397.11222936574444
WLDGTNCFFJZ3,2019,8.301997826461555,152.2032934851285
WLDGTNCFFJZ3,2020,112.076970657231,289.87809077394934
WLDGTNCFFJZ3,2021,25.597826631589797,624.7253364412321
WLDGTNCFFJZ3,2022,9.685664130871816,96.85664130871815
WLDGTNCFFJZ3,2023,39.43448967569239,174.34195435569268
WLDGTNCFFJZ3,2024,20.75499456615389,104.46680598297458
WLDGTNCFFJZ3,2025,10.377497283076945,5.534665217641037
WLDGTNCFFJZ3,2026,2.7673326088205186,0.0
WMHWCFJNAJL3,2016,155.0,13496.0
WMHWCFJNAJL3,2017,183.0,19523.0
WMHWCFJNAJL3,2018,172.0,20942.0
WMHWCFJNAJL3,2019,194.0,18919.0
WMHWCFJNAJL3,2020,214.0,33511.0
WMHWCFJNAJL3,2021,240.0,12143.0
WMHWCFJNAJL3,2022,234.0,4326.0
WMHWCFJNAJL3,2023,282.0,5781.0
WMHWCFJNAJL3,2024,364.0,3174.0
WMHWCFJNAJL3,2025,237.0,1102.0
WMHWCFJNAJL3,2026,467.0,57.0
WNN6VH618X58,2016,589.0,19434.0
WNN6VH618X58,2017,641.0,18370.0
WNN6VH618X58,2018,675.0,19708.0
WNN6VH618X58,2019,603.0,16123.0
WNN6VH618X58,2020,733.0,13868.0
WNN6VH618X58,2021,628.0,11614.0
WNN6VH618X58,2022,639.0,6727.0
WNN6VH618X58,2023,707.0,5566.0
WNN6VH618X58,2024,684.0,3374.0
WNN6VH618X58,2025,677.0,1104.0
WNN6VH618X58,2026,337.0,79.0
WNTPS995QBM7,2016,4157.0,150288.0
WNTPS995QBM7,2017,4057.0,142881.0
WNTPS995QBM7,2018,4306.0,127995.0
WNTPS995QBM7,2019,4534.0,134295.0
WNTPS995QBM7,2020,5522.0,137973.0
WNTPS995QBM7,2021,5245.0,106019.0
WNTPS995QBM7,2022,5179.0,76076.0
WNTPS995QBM7,2023,5057.0,57437.0
WNTPS995QBM7,2024,4942.0,31344.0
WNTPS995QBM7,2025,4688.0,10713.0
WNTPS995QBM7,2026,2020.0,406.0
WQNERYY3BK94,2016,85.0,7840.0
WQNERYY3BK94,2017,87.0,5323.0
WQNERYY3BK94,2018,95.0,8367.0
WQNERYY3BK94,2019,133.0,4454.0
WQNERYY3BK94,2020,104.0,3519.0
WQNERYY3BK94,2021,129.0,3885.0
WQNERYY3BK94,2022,117.0,4986.0
WQNERYY3BK94,2023,150.0,1330.0
WQNERYY3BK94,2024,236.0,889.0
WQNERYY3BK94,2025,135.0,395.0
WQNERYY3BK94,2026,67.0,14.0
WS29EMGEVEJ4,2016,1.0,148.0
WS29EMGEVEJ4,2018,1.0,11.0
WS29EMGEVEJ4,2019,1.0,53.0
WS29EMGEVEJ4,2020,1.0,3.0
WS29EMGEVEJ4,2021,2.0,35.0
WUWGNMBAHKG2,2016,3.0,0.0
WUWGNMBAHKG2,2017,2.0,0.0
WUWGNMBAHKG2,2020,2.0,7.0
WUWGNMBAHKG2,2021,1.0,0.0
WUWGNMBAHKG2,2022,1.0,0.0
WWH4L4GKKW58,2016,67.0,1438.0
WWH4L4GKKW58,2017,71.0,2053.0
WWH4L4GKKW58,2018,68.0,943.0
WWH4L4GKKW58,2019,67.0,1308.0
WWH4L4GKKW58,2020,74.0,1045.0
WWH4L4GKKW58,2021,73.0,516.0
WWH4L4GKKW58,2022,72.0,475.0
WWH4L4GKKW58,2023,86.0,379.0
WWH4L4GKKW58,2024,97.0,250.0
WWH4L4GKKW58,2025,111.0,76.0
WWH4L4GKKW58,2026,46.0,1.0
X1M1PN3KG3E7,2016,1854.132413517702,70946.79489653108
X1M1PN3KG3E7,2017,2016.9817100512646,70170.22250485237
X1M1PN3KG3E7,2018,2193.604330172243,76945.07731885064
X1M1PN3KG3E7,2019,2632.3251962066915,72837.79120553275
X1M1PN3KG3E7,2020,2763.9819657922835,71485.57490745057
X1M1PN3KG3E7,2021,2519.7080209919395,50389.29924680793
X1M1PN3KG3E7,2022,2736.840416370023,38029.76681586516
X1M1PN3KG3E7,2023,2889.562269089309,21582.392963727903
X1M1PN3KG3E7,2024,2654.2004748455283,15117.032832693923
X1M1PN3KG3E7,2025,2554.1413299604787,5073.4442531998475
X1M1PN3KG3E7,2026,1220.1544307440067,238.1974785117782
X59NJBFL8BJ3,2016,989.0,44208.0
X59NJBFL8BJ3,2017,1026.0,53165.0
X59NJBFL8BJ3,2018,1168.0,46868.0
X59NJBFL8BJ3,2019,1288.0,47997.0
X59NJBFL8BJ3,2020,1695.0,56496.0
X59NJBFL8BJ3,2021,1534.0,30861.0
X59NJBFL8BJ3,2022,1459.0,24681.0
X59NJBFL8BJ3,2023,1546.0,15917.0
X59NJBFL8BJ3,2024,1360.0,7507.0
X59NJBFL8BJ3,2025,1315.0,3286.0
X59NJBFL8BJ3,2026,595.0,100.0
X5S7PNXMJMC7,2016,316.0,8139.0
X5S7PNXMJMC7,2017,258.0,7697.0
X5S7PNXMJMC7,2018,336.0,9396.0
X5S7PNXMJMC7,2019,384.0,7096.0
X5S7PNXMJMC7,2020,405.0,6593.0
X5S7PNXMJMC7,2021,413.0,4266.0
X5S7PNXMJMC7,2022,397.0,3952.0
X5S7PNXMJMC7,2023,566.0,5530.0
X5S7PNXMJMC7,2024,531.0,3304.0
X5S7PNXMJMC7,2025,573.0,1404.0
X5S7PNXMJMC7,2026,283.0,28.0
XA77NAJYELF1,2016,835.4306641261543,26212.512538252835
XA77NAJYELF1,2017,721.8721247509226,20667.15390840947
XA77NAJYELF1,2018,716.8695459238198,19341.97077710996
XA77NAJYELF1,2019,746.8850188864362,18656.117219914177
XA77NAJYELF1,2020,903.9659940574616,20180.402988532376
XA77NAJYELF1,2021,1233.635938763531,13955.69415396846
XA77NAJYELF1,2022,1645.848434116795,11837.102020690458
XA77NAJYELF1,2023,1724.889179585018,8621.94460851154
XA77NAJYELF1,2024,972.0010661060586,4624.383867773755
XA77NAJYELF1,2025,968.4992609270867,2079.071760543891
XA77NAJYELF1,2026,411.7122374705539,53.02733556728884
XAJWT43U55A3,2016,277.0,11120.0
XAJWT43U55A3,2017,282.0,7837.0
XAJWT43U55A3,2018,251.0,5477.0
XAJWT43U55A3,2019,296.0,6951.0
XAJWT43U55A3,2020,318.0,9741.0
XAJWT43U55A3,2021,416.0,7432.0
XAJWT43U55A3,2022,424.0,4210.0
XAJWT43U55A3,2023,285.0,3280.0
XAJWT43U55A3,2024,408.0,2073.0
XAJWT43U55A3,2025,362.0,753.0
XAJWT43U55A3,2026,188.0,22.0
XCPKWEM58CV5,2016,55.0,2051.0
XCPKWEM58CV5,2017,49.0,3055.0
XCPKWEM58CV5,2018,49.0,1838.0
XCPKWEM58CV5,2019,51.0,1999.0
XCPKWEM58CV5,2020,34.0,769.0
XCPKWEM58CV5,2021,39.0,1111.0
XCPKWEM58CV5,2022,37.0,1124.0
XCPKWEM58CV5,2023,19.0,278.0
XCPKWEM58CV5,2024,40.0,388.0
XCPKWEM58CV5,2025,41.0,125.0
XCPKWEM58CV5,2026,11.0,1.0
XF3XM9642N96,2016,3248.0,126869.0
XF3XM9642N96,2017,3554.0,128829.0
XF3XM9642N96,2018,3649.0,122146.0
XF3XM9642N96,2019,3578.0,106753.0
XF3XM9642N96,2020,3637.0,93621.0
XF3XM9642N96,2021,3437.0,64343.0
XF3XM9642N96,2022,3373.0,50351.0
XF3XM9642N96,2023,3505.0,30469.0
XF3XM9642N96,2024,3608.0,23467.0
XF3XM9642N96,2025,3649.0,7608.0
XF3XM9642N96,2026,1606.0,405.0
XJ7MMPHBMGM7,2016,755.0,24113.0
XJ7MMPHBMGM7,2017,796.0,33121.0
XJ7MMPHBMGM7,2018,951.0,31358.0
XJ7MMPHBMGM7,2019,1110.0,34201.0
XJ7MMPHBMGM7,2020,1431.0,36939.0
XJ7MMPHBMGM7,2021,1424.0,29929.0
XJ7MMPHBMGM7,2022,1588.0,25994.0
XJ7MMPHBMGM7,2023,1558.0,15778.0
XJ7MMPHBMGM7,2024,1493.0,7847.0
XJ7MMPHBMGM7,2025,1092.0,2020.0
XJ7MMPHBMGM7,2026,429.0,48.0
XJUCJAYJWYV1,2016,973.0,52657.0
XJUCJAYJWYV1,2017,1022.0,44695.0
XJUCJAYJWYV1,2018,1042.0,50079.0
XJUCJAYJWYV1,2019,1142.0,38110.0
XJUCJAYJWYV1,2020,1400.0,41005.0
XJUCJAYJWYV1,2021,1440.0,44488.0
XJUCJAYJWYV1,2022,1671.0,26535.0
XJUCJAYJWYV1,2023,1771.0,18602.0
XJUCJAYJWYV1,2024,1756.0,15047.0
XJUCJAYJWYV1,2025,1742.0,4434.0
XJUCJAYJWYV1,2026,866.0,404.0
XNY5ULPU8EN6,2016,2608.0,82206.0
XNY5ULPU8EN6,2017,2721.0,75158.0
XNY5ULPU8EN6,2018,2748.0,74376.0
XNY5ULPU8EN6,2019,2993.0,68508.0
XNY5ULPU8EN6,2020,3830.0,107858.0
XNY5ULPU8EN6,2021,3953.0,74344.0
XNY5ULPU8EN6,2022,4052.0,45713.0
XNY5ULPU8EN6,2023,4068.0,32744.0
XNY5ULPU8EN6,2024,3736.0,19179.0
XNY5ULPU8EN6,2025,4101.0,8404.0
XNY5ULPU8EN6,2026,1826.0,346.0
XQJNZNQZAFP3,2016,19.0,550.0
XQJNZNQZAFP3,2017,5.0,122.0
XQJNZNQZAFP3,2018,16.0,578.0
XQJNZNQZAFP3,2019,16.0,237.0
XQJNZNQZAFP3,2020,22.0,178.0
XQJNZNQZAFP3,2021,34.0,352.0
XQJNZNQZAFP3,2022,59.0,875.0
XQJNZNQZAFP3,2023,61.0,2097.0
XQJNZNQZAFP3,2024,61.0,253.0
XQJNZNQZAFP3,2025,55.0,127.0
XQJNZNQZAFP3,2026,41.0,9.0
XQQJEDK7JC21,2016,251.51942737977691,7918.505390395194
XQQJEDK7JC21,2017,274.173602132228,12766.498787419716
XQQJEDK7JC21,2018,303.79829219312546,9545.539838641742
XQQJEDK7JC21,2019,338.9413068732098,7485.462126857957
XQQJEDK7JC21,2020,356.077157006474,12134.505399453903
XQQJEDK7JC21,2021,351.1397086629911,7434.92589087172
XQQJEDK7JC21,2022,286.95288019771317,3689.435665133148
XQQJEDK7JC21,2023,282.88674626778607,3798.349966827624
XQQJEDK7JC21,2024,321.51501860209356,2352.8393547385367
XQQJEDK7JC21,2025,280.27280302711864,639.5447795499639
XQQJEDK7JC21,2026,155.38440375078596,22.654174752451038
XR6LMXNKDJJ1,2016,401.0,39408.0
XR6LMXNKDJJ1,2017,453.0,31263.0
XR6LMXNKDJJ1,2018,490.0,25328.0
XR6LMXNKDJJ1,2019,573.0,31109.0
XR6LMXNKDJJ1,2020,823.0,37986.0
XR6LMXNKDJJ1,2021,827.0,24501.0
XR6LMXNKDJJ1,2022,985.0,12019.0
XR6LMXNKDJJ1,2023,945.0,9569.0
XR6LMXNKDJJ1,2024,1203.0,7845.0
XR6LMXNKDJJ1,2025,991.0,2649.0
XR6LMXNKDJJ1,2026,769.0,300.0
XRJSGX384TD6,2016,3044.0,160345.0
XRJSGX384TD6,2017,3374.0,129512.0
XRJSGX384TD6,2018,3119.0,124226.0
XRJSGX384TD6,2019,6524.0,107522.0
XRJSGX384TD6,2020,6269.0,112362.0
XRJSGX384TD6,2021,5328.0,83467.0
XRJSGX384TD6,2022,6113.0,57671.0
XRJSGX384TD6,2023,5084.0,39551.0
XRJSGX384TD6,2024,4819.0,21332.0
XRJSGX384TD6,2025,3946.0,7170.0
XRJSGX384TD6,2026,3146.0,258.0
Y28BEBJ4MNU7,2016,8.0,2.0
Y28BEBJ4MNU7,2017,5.0,80.0
Y28BEBJ4MNU7,2018,7.0,10.0
Y28BEBJ4MNU7,2019,6.0,28.0
Y28BEBJ4MNU7,2020,26.0,92.0
Y28BEBJ4MNU7,2021,11.0,49.0
Y28BEBJ4MNU7,2022,22.0,24.0
Y28BEBJ4MNU7,2023,26.0,55.0
Y28BEBJ4MNU7,2024,90.0,40.0
Y28BEBJ4MNU7,2025,37.0,15.0
Y28BEBJ4MNU7,2026,17.0,2.0
Y2K4F9RPRRG7,2016,5373.0,327109.0
Y2K4F9RPRRG7,2017,5714.0,320526.0
Y2K4F9RPRRG7,2018,5817.0,290316.0
Y2K4F9RPRRG7,2019,6250.0,248617.0
Y2K4F9RPRRG7,2020,7305.0,269252.0
Y2K4F9RPRRG7,2021,7389.0,206646.0
Y2K4F9RPRRG7,2022,7191.0,149578.0
Y2K4F9RPRRG7,2023,7688.0,113602.0
Y2K4F9RPRRG7,2024,8293.0,67587.0
Y2K4F9RPRRG7,2025,8806.0,24397.0
Y2K4F9RPRRG7,2026,4144.0,1040.0
Y3RET2XN41S5,2016,303.0,7472.0
Y3RET2XN41S5,2017,440.0,8941.0
Y3RET2XN41S5,2018,553.0,11219.0
Y3RET2XN41S5,2019,537.0,11463.0
Y3RET2XN41S5,2020,652.0,11818.0
Y3RET2XN41S5,2021,574.0,7108.0
Y3RET2XN41S5,2022,524.0,5304.0
Y3RET2XN41S5,2023,617.0,3855.0
Y3RET2XN41S5,2024,589.0,2917.0
Y3RET2XN41S5,2025,657.0,1571.0
Y3RET2XN41S5,2026,302.0,57.0
Y6MGH342N169,2016,483.8324790099667,15129.441618641657
Y6MGH342N169,2017,482.2197040799334,14911.141012040733
Y6MGH342N169,2018,492.8179393344375,14021.11964708097
Y6MGH342N169,2019,509.29128326263395,11943.289546151738
Y6MGH342N169,2020,631.1709886894303,12226.792339209722
Y6MGH342N169,2021,571.8439109060654,11480.999132278645
Y6MGH342N169,2022,586.5892816949405,7320.270209211508
Y6MGH342N169,2023,589.814831555007,4956.74854924782
Y6MGH342N169,2024,747.5211800703985,2936.171958334769
Y6MGH342N169,2025,665.3848568479923,1195.1814213639057
Y6MGH342N169,2026,293.40983905675836,40.54976966940673
Y8CWNJRCNN91,2016,5868.5691798093585,253518.71016096845
Y8CWNJRCNN91,2017,6028.203205974791,239656.6379355445
Y8CWNJRCNN91,2018,6324.488927690399,227039.9595718392
Y8CWNJRCNN91,2019,6572.3254118927625,218678.7392363805
Y8CWNJRCNN91,2020,7849.3976212162215,214417.69091149775
Y8CWNJRCNN91,2021,7672.992705142358,150124.31044328152
Y8CWNJRCNN91,2022,7134.46079586053,108410.13808844906
Y8CWNJRCNN91,2023,7572.3673656917745,75589.5065376503
Y8CWNJRCNN91,2024,8228.9166484033,49386.543915904134
Y8CWNJRCNN91,2025,8036.983130562371,16494.480796976874
Y8CWNJRCNN91,2026,4000.788959266731,942.2755552255288
YDQLHSMTBZ24,2016,1.0,0.0
YDQLHSMTBZ24,2017,1.0,30.0
YDQLHSMTBZ24,2018,2.0,0.0
YDQLHSMTBZ24,2019,2.0,33.0
YDQLHSMTBZ24,2020,4.0,145.0
YDQLHSMTBZ24,2021,4.0,66.0
YDQLHSMTBZ24,2022,1.0,22.0
YDQLHSMTBZ24,2023,2.0,105.0
YDQLHSMTBZ24,2024,2.0,4.0
YDQLHSMTBZ24,2025,1.0,0.0
YDQLHSMTBZ24,2026,1.0,0.0
YEZEE8W5JKA3,2016,101.0,3711.0
YEZEE8W5JKA3,2017,103.0,5703.0
YEZEE8W5JKA3,2018,153.0,6764.0
YEZEE8W5JKA3,2019,175.0,6101.0
YEZEE8W5JKA3,2020,245.0,6505.0
YEZEE8W5JKA3,2021,225.0,3107.0
YEZEE8W5JKA3,2022,227.0,4152.0
YEZEE8W5JKA3,2023,240.0,2110.0
YEZEE8W5JKA3,2024,195.0,769.0
YEZEE8W5JKA3,2025,287.0,332.0
YEZEE8W5JKA3,2026,178.0,15.0
YH86RTW2YVJ4,2016,542.7096590310897,11307.787446777893
YH86RTW2YVJ4,2017,576.0122971989066,12897.063346008708
YH86RTW2YVJ4,2018,1200.745120606286,8736.392079357292
YH86RTW2YVJ4,2019,755.1681562313288,6909.063988778748
YH86RTW2YVJ4,2020,834.1077429994873,9132.940159762964
YH86RTW2YVJ4,2021,796.7964539410999,6761.97733687089
YH86RTW2YVJ4,2022,681.7790091578065,3792.8004580013658
YH86RTW2YVJ4,2023,765.6523200989749,4326.259384208061
YH86RTW2YVJ4,2024,878.2029027957634,3833.5036824286976
YH86RTW2YVJ4,2025,1024.672839181995,1237.4396941430473
YH86RTW2YVJ4,2026,486.28018880228893,131.36040610638875
YKGMTXA2NVL6,2016,738.0,18303.0
YKGMTXA2NVL6,2017,778.0,11050.0
YKGMTXA2NVL6,2018,724.0,16210.0
YKGMTXA2NVL6,2019,565.0,9563.0
YKGMTXA2NVL6,2020,715.0,12113.0
YKGMTXA2NVL6,2021,712.0,10050.0
YKGMTXA2NVL6,2022,684.0,6820.0
YKGMTXA2NVL6,2023,628.0,5752.0
YKGMTXA2NVL6,2024,772.0,3176.0
YKGMTXA2NVL6,2025,700.0,1023.0
YKGMTXA2NVL6,2026,305.0,45.0
YL62T9FVJXG3,2016,135.0,2453.0
YL62T9FVJXG3,2017,175.0,2274.0
YL62T9FVJXG3,2018,249.0,1319.0
YL62T9FVJXG3,2019,195.0,1993.0
YL62T9FVJXG3,2020,189.0,2612.0
YL62T9FVJXG3,2021,190.0,1484.0
YL62T9FVJXG3,2022,189.0,1327.0
YL62T9FVJXG3,2023,218.0,1001.0
YL62T9FVJXG3,2024,466.0,538.0
YL62T9FVJXG3,2025,196.0,203.0
YL62T9FVJXG3,2026,89.0,22.0
YLF2SS2NYGC5,2016,17.0,1527.0
YLF2SS2NYGC5,2017,20.0,1987.0
YLF2SS2NYGC5,2018,19.0,1498.0
YLF2SS2NYGC5,2019,23.0,697.0
YLF2SS2NYGC5,2020,33.0,802.0
YLF2SS2NYGC5,2021,42.0,942.0
YLF2SS2NYGC5,2022,54.0,402.0
YLF2SS2NYGC5,2023,43.0,115.0
YLF2SS2NYGC5,2024,18.0,127.0
YLF2SS2NYGC5,2025,25.0,19.0
YLF2SS2NYGC5,2026,4.0,2.0
YM5EKEVEGB75,2016,39.0,1546.0
YM5EKEVEGB75,2017,37.0,996.0
YM5EKEVEGB75,2018,37.0,1045.0
YM5EKEVEGB75,2019,34.0,909.0
YM5EKEVEGB75,2020,47.0,970.0
YM5EKEVEGB75,2021,62.0,1069.0
YM5EKEVEGB75,2022,85.0,921.0
YM5EKEVEGB75,2023,73.0,700.0
YM5EKEVEGB75,2024,86.0,268.0
YM5EKEVEGB75,2025,85.0,140.0
YM5EKEVEGB75,2026,23.0,2.0
YND4PLMC9AN7,2016,5308.0,215329.0
YND4PLMC9AN7,2017,5554.0,246175.0
YND4PLMC9AN7,2018,5908.0,229208.0
YND4PLMC9AN7,2019,6821.0,206241.0
YND4PLMC9AN7,2020,7269.0,224556.0
YND4PLMC9AN7,2021,7462.0,147808.0
YND4PLMC9AN7,2022,7582.0,123199.0
YND4PLMC9AN7,2023,7830.0,77326.0
YND4PLMC9AN7,2024,8238.0,42616.0
YND4PLMC9AN7,2025,8476.0,18912.0
YND4PLMC9AN7,2026,4217.0,858.0
YNT8TCJH8FQ8,2016,835.0,40369.0
YNT8TCJH8FQ8,2017,1564.0,68551.0
YNT8TCJH8FQ8,2018,1990.0,103894.0
YNT8TCJH8FQ8,2019,2553.0,93771.0
YNT8TCJH8FQ8,2020,3474.0,154183.0
YNT8TCJH8FQ8,2021,3864.0,116143.0
YNT8TCJH8FQ8,2022,3845.0,77198.0
YNT8TCJH8FQ8,2023,4346.0,59752.0
YNT8TCJH8FQ8,2024,4716.0,37864.0
YNT8TCJH8FQ8,2025,3793.0,12679.0
YNT8TCJH8FQ8,2026,1754.0,600.0
YRXVL4JYCEF5,2016,7832.0,270708.0
YRXVL4JYCEF5,2017,8044.0,259628.0
YRXVL4JYCEF5,2018,8698.0,267083.0
YRXVL4JYCEF5,2019,11017.0,246975.0
YRXVL4JYCEF5,2020,12593.0,236587.0
YRXVL4JYCEF5,2021,18260.0,182199.0
YRXVL4JYCEF5,2022,14295.0,129966.0
YRXVL4JYCEF5,2023,14953.0,97946.0
YRXVL4JYCEF5,2024,14786.0,59610.0
YRXVL4JYCEF5,2025,14126.0,20856.0
YRXVL4JYCEF5,2026,7576.0,933.0
YVVTQD8CJC79,2016,2342.666225533015,89308.19145420012
YVVTQD8CJC79,2017,2757.7192491138026,83612.8385150786
YVVTQD8CJC79,2018,2515.0236786026276,89464.2723181097
YVVTQD8CJC79,2019,2709.4707883894253,80742.34575535601
YVVTQD8CJC79,2020,3094.0052072951544,84603.09457343977
YVVTQD8CJC79,2021,3098.36500796302,63954.49730367345
YVVTQD8CJC79,2022,3054.767001284366,50376.62475705127
YVVTQD8CJC79,2023,3187.595594965332,32795.29258381721
YVVTQD8CJC79,2024,3189.920821988194,18829.107124377144
YVVTQD8CJC79,2025,2964.373800770623,7070.143416388411
YVVTQD8CJC79,2026,1587.2580964808678,244.7301441561785
YXJGGNC5J269,2016,1427.0,57229.0
YXJGGNC5J269,2017,1521.0,77109.0
YXJGGNC5J269,2018,1534.0,49862.0
YXJGGNC5J269,2019,1694.0,56197.0
YXJGGNC5J269,2020,2102.0,54810.0
YXJGGNC5J269,2021,2162.0,51541.0
YXJGGNC5J269,2022,2554.0,35856.0
YXJGGNC5J269,2023,2380.0,25728.0
YXJGGNC5J269,2024,2712.0,14147.0
YXJGGNC5J269,2025,2784.0,7340.0
YXJGGNC5J269,2026,1372.0,289.0
YY46Q97AEZA8,2016,719.0,30444.0
YY46Q97AEZA8,2017,606.0,20317.0
YY46Q97AEZA8,2018,645.0,60191.0
YY46Q97AEZA8,2019,708.0,19201.0
YY46Q97AEZA8,2020,764.0,23602.0
YY46Q97AEZA8,2021,813.0,15891.0
YY46Q97AEZA8,2022,836.0,8648.0
YY46Q97AEZA8,2023,895.0,5496.0
YY46Q97AEZA8,2024,865.0,3717.0
YY46Q97AEZA8,2025,739.0,1277.0
YY46Q97AEZA8,2026,382.0,52.0
YZJ6DKPM4W63,2016,4872.0,243498.0
YZJ6DKPM4W63,2017,4984.0,242232.0
YZJ6DKPM4W63,2018,5188.0,234336.0
YZJ6DKPM4W63,2019,6101.0,258502.0
YZJ6DKPM4W63,2020,6976.0,259609.0
YZJ6DKPM4W63,2021,7101.0,218255.0
YZJ6DKPM4W63,2022,7709.0,143738.0
YZJ6DKPM4W63,2023,8239.0,101574.0
YZJ6DKPM4W63,2024,9290.0,64739.0
YZJ6DKPM4W63,2025,9234.0,23772.0
YZJ6DKPM4W63,2026,4391.0,1107.0
Z1H9VJS8NG16,2016,5328.0,205681.0
Z1H9VJS8NG16,2017,7027.0,215190.0
Z1H9VJS8NG16,2018,6078.0,211399.0
Z1H9VJS8NG16,2019,6132.0,170012.0
Z1H9VJS8NG16,2020,6902.0,180694.0
Z1H9VJS8NG16,2021,7069.0,127320.0
Z1H9VJS8NG16,2022,7098.0,82043.0
Z1H9VJS8NG16,2023,6873.0,56821.0
Z1H9VJS8NG16,2024,6690.0,31664.0
Z1H9VJS8NG16,2025,7257.0,11412.0
Z1H9VJS8NG16,2026,3475.0,956.0
Z1L7BKGEAGC7,2016,936.0,29138.0
Z1L7BKGEAGC7,2017,856.0,33700.0
Z1L7BKGEAGC7,2018,1061.0,18144.0
Z1L7BKGEAGC7,2019,892.0,14188.0
Z1L7BKGEAGC7,2020,1089.0,18138.0
Z1L7BKGEAGC7,2021,1156.0,16606.0
Z1L7BKGEAGC7,2022,1162.0,12211.0
Z1L7BKGEAGC7,2023,1370.0,10883.0
Z1L7BKGEAGC7,2024,1490.0,6525.0
Z1L7BKGEAGC7,2025,1805.0,2182.0
Z1L7BKGEAGC7,2026,865.0,82.0
Z1L9F1MM1RY3,2016,3734.0,260478.0
Z1L9F1MM1RY3,2017,3972.0,235880.0
Z1L9F1MM1RY3,2018,4186.0,200683.0
Z1L9F1MM1RY3,2019,4496.0,189714.0
Z1L9F1MM1RY3,2020,5370.0,258597.0
Z1L9F1MM1RY3,2021,5714.0,159849.0
Z1L9F1MM1RY3,2022,5502.0,115915.0
Z1L9F1MM1RY3,2023,5566.0,72670.0
Z1L9F1MM1RY3,2024,5863.0,40499.0
Z1L9F1MM1RY3,2025,8898.0,15859.0
Z1L9F1MM1RY3,2026,2765.0,698.0
Z3FGN9MF92U2,2016,1781.0,111608.0
Z3FGN9MF92U2,2017,1730.0,90930.0
Z3FGN9MF92U2,2018,1895.0,70387.0
Z3FGN9MF92U2,2019,2026.0,71592.0
Z3FGN9MF92U2,2020,2279.0,76086.0
Z3FGN9MF92U2,2021,2227.0,45364.0
Z3FGN9MF92U2,2022,2028.0,28851.0
Z3FGN9MF92U2,2023,2002.0,24485.0
Z3FGN9MF92U2,2024,1907.0,13572.0
Z3FGN9MF92U2,2025,1773.0,3563.0
Z3FGN9MF92U2,2026,730.0,152.0
Z94KLERAG5V9,2016,2102.0,73048.0
Z94KLERAG5V9,2017,1955.0,77485.0
Z94KLERAG5V9,2018,2259.0,78268.0
Z94KLERAG5V9,2019,2445.0,76951.0
Z94KLERAG5V9,2020,2709.0,63897.0
Z94KLERAG5V9,2021,2808.0,51123.0
Z94KLERAG5V9,2022,2670.0,42730.0
Z94KLERAG5V9,2023,3119.0,25151.0
Z94KLERAG5V9,2024,2960.0,14319.0
Z94KLERAG5V9,2025,2883.0,6207.0
Z94KLERAG5V9,2026,1301.0,210.0
Z9CRZKD42ZT1,2016,4130.0,178403.0
Z9CRZKD42ZT1,2017,4414.0,169292.0
Z9CRZKD42ZT1,2018,4512.0,162382.0
Z9CRZKD42ZT1,2019,4844.0,143427.0
Z9CRZKD42ZT1,2020,6287.0,175728.0
Z9CRZKD42ZT1,2021,6256.0,133089.0
Z9CRZKD42ZT1,2022,6301.0,84875.0
Z9CRZKD42ZT1,2023,5882.0,55192.0
Z9CRZKD42ZT1,2024,6189.0,34841.0
Z9CRZKD42ZT1,2025,5770.0,13543.0
Z9CRZKD42ZT1,2026,2811.0,564.0
ZGKVAM2JVKG2,2016,91.0,1393.0
ZGKVAM2JVKG2,2017,43.0,674.0
ZGKVAM2JVKG2,2018,73.0,895.0
ZGKVAM2JVKG2,2019,75.0,1143.0
ZGKVAM2JVKG2,2020,40.0,344.0
ZGKVAM2JVKG2,2021,29.0,360.0
ZGKVAM2JVKG2,2022,28.0,323.0
ZGKVAM2JVKG2,2023,33.0,222.0
ZGKVAM2JVKG2,2024,38.0,87.0
ZGKVAM2JVKG2,2025,48.0,65.0
ZGKVAM2JVKG2,2026,36.0,6.0
ZPAUY3FQMM26,2016,265.0,17724.0
ZPAUY3FQMM26,2017,275.0,21512.0
ZPAUY3FQMM26,2018,268.0,25714.0
ZPAUY3FQMM26,2019,303.0,19943.0
ZPAUY3FQMM26,2020,391.0,35597.0
ZPAUY3FQMM26,2021,454.0,26968.0
ZPAUY3FQMM26,2022,404.0,13390.0
ZPAUY3FQMM26,2023,351.0,6822.0
ZPAUY3FQMM26,2024,337.0,3369.0
ZPAUY3FQMM26,2025,476.0,1216.0
ZPAUY3FQMM26,2026,161.0,66.0
ZQ12LY4L5H39,2016,716.0,41691.0
ZQ12LY4L5H39,2017,736.0,50208.0
ZQ12LY4L5H39,2018,784.0,52561.0
ZQ12LY4L5H39,2019,759.0,35617.0
ZQ12LY4L5H39,2020,833.0,26889.0
ZQ12LY4L5H39,2021,796.0,20851.0
ZQ12LY4L5H39,2022,1375.0,19556.0
ZQ12LY4L5H39,2023,1196.0,18248.0
ZQ12LY4L5H39,2024,787.0,8044.0
ZQ12LY4L5H39,2025,733.0,2531.0
ZQ12LY4L5H39,2026,359.0,120.0
ZUE9HKT2CLC9,2016,9206.0,484851.0
ZUE9HKT2CLC9,2017,9398.0,436542.0
ZUE9HKT2CLC9,2018,10111.0,395902.0
ZUE9HKT2CLC9,2019,10514.0,367236.0
ZUE9HKT2CLC9,2020,11901.0,448187.0
ZUE9HKT2CLC9,2021,12843.0,282667.0
ZUE9HKT2CLC9,2022,14246.0,207975.0
ZUE9HKT2CLC9,2023,14427.0,151113.0
ZUE9HKT2CLC9,2024,15063.0,88572.0
ZUE9HKT2CLC9,2025,15642.0,35015.0
ZUE9HKT2CLC9,2026,7201.0,1972.0
ZUFBNVZ587D4,2016,2423.1089876462997,97255.37641331647
ZUFBNVZ587D4,2017,2739.450268671456,110215.58518438833
ZUFBNVZ587D4,2018,48857.60635420744,100568.80673828098
ZUFBNVZ587D4,2019,3430.0200238990524,96487.3519629925
ZUFBNVZ587D4,2020,4087.161963348217,136270.52930222574
ZUFBNVZ587D4,2021,4090.423213668064,94846.12773952952
ZUFBNVZ587D4,2022,4493.187628169165,67667.68288650482
ZUFBNVZ587D4,2023,4643.205142882126,47166.64806336679
ZUFBNVZ587D4,2024,5134.838628599056,30346.749538756034
ZUFBNVZ587D4,2025,4292.620733498577,10009.592544190318
ZUFBNVZ587D4,2026,1985.2861322068438,282.9134652467248
