uei,field_name,domain_name,share
C13DF16LC3H4,Social Sciences,Social Sciences,0.0397329
C13DF16LC3H4,Psychology,Social Sciences,0.0234015
C13DF16LC3H4,Health Professions,Health Sciences,0.0075992
C13DF16LC3H4,Neuroscience,Life Sciences,0.0069624000000000005
C13DF16LC3H4,"Business, Management and Accounting",Social Sciences,0.0062955
C13DF16LC3H4,Mathematics,Physical Sciences,0.0048444
C13DF16LC3H4,"Economics, Econometrics and Finance",Social Sciences,0.0033259
C148TBZATPA8,Psychology,Social Sciences,0.0058785999999999995
C148TBZATPA8,Medicine,Health Sciences,0.0040478
C148TBZATPA8,Neuroscience,Life Sciences,0.0017720000000000001
C148TBZATPA8,Health Professions,Health Sciences,0.0014835
C148TBZATPA8,Social Sciences,Social Sciences,0.0014391
C148TBZATPA8,Computer Science,Physical Sciences,0.0003706
C148TBZATPA8,"Biochemistry, Genetics and Molecular Biology",Life Sciences,0.0002846
C155UU2TXCP3,Medicine,Health Sciences,0.14562920000000004
C155UU2TXCP3,Social Sciences,Social Sciences,0.0044595
C155UU2TXCP3,Engineering,Physical Sciences,0.0040669
C155UU2TXCP3,"Biochemistry, Genetics and Molecular Biology",Life Sciences,0.0039757
C155UU2TXCP3,Psychology,Social Sciences,0.0038813
C169K7T4QZ96,Engineering,Physical Sciences,0.010987599999999998
C169K7T4QZ96,Environmental Science,Physical Sciences,0.009520500000000001
C169K7T4QZ96,Computer Science,Physical Sciences,0.0067302
C169K7T4QZ96,Mathematics,Physical Sciences,0.0041591
C169K7T4QZ96,Psychology,Social Sciences,0.0030278
C169K7T4QZ96,Earth and Planetary Sciences,Physical Sciences,0.0025643999999999997
C169K7T4QZ96,Medicine,Health Sciences,0.0016288
C186U32QSBR9,"Biochemistry, Genetics and Molecular Biology",Life Sciences,0.0417255
C186U32QSBR9,Agricultural and Biological Sciences,Life Sciences,0.0019476
C186U32QSBR9,Immunology and Microbiology,Life Sciences,0.0015703
C186U32QSBR9,Medicine,Health Sciences,0.0013688
C1ABLRAQTB48,Arts and Humanities,Social Sciences,0.006772500000000001
C1ABLRAQTB48,Social Sciences,Social Sciences,0.0032859000000000005
C1ABLRAQTB48,Earth and Planetary Sciences,Physical Sciences,0.0005388
C1ABLRAQTB48,Engineering,Physical Sciences,0.0003703
C1ABLRAQTB48,"Economics, Econometrics and Finance",Social Sciences,7.3e-05
C1ABLRAQTB48,"Business, Management and Accounting",Social Sciences,5.93e-05
C1ABLRAQTB48,Medicine,Health Sciences,5.32e-05
C1ABLRAQTB48,Computer Science,Physical Sciences,4.48e-05
C1CPANL3EWK4,Medicine,Health Sciences,0.1058836
C1CPANL3EWK4,Neuroscience,Life Sciences,0.023007
C1CPANL3EWK4,"Biochemistry, Genetics and Molecular Biology",Life Sciences,0.0137856
C1CPANL3EWK4,Psychology,Social Sciences,0.0066639
C1CPANL3EWK4,Immunology and Microbiology,Life Sciences,0.0061785
C1CPANL3EWK4,Social Sciences,Social Sciences,0.0061758
C1DEGMMKC7W7,Social Sciences,Social Sciences,0.0259243
C1DEGMMKC7W7,Engineering,Physical Sciences,0.0169254
C1DEGMMKC7W7,Computer Science,Physical Sciences,0.011943800000000001
C1DEGMMKC7W7,Mathematics,Physical Sciences,0.0088136
C1DEGMMKC7W7,Psychology,Social Sciences,0.0047346
C1DEGMMKC7W7,Chemistry,Physical Sciences,0.0030334
C1DEGMMKC7W7,Materials Science,Physical Sciences,0.0026147
C1F5LNUF7W86,Medicine,Health Sciences,0.0656356
C1F5LNUF7W86,Nursing,Health Sciences,0.025355799999999998
C1F5LNUF7W86,Veterinary,Health Sciences,0.0196859
C1F5LNUF7W86,"Biochemistry, Genetics and Molecular Biology",Life Sciences,0.0184565
C1F5LNUF7W86,Materials Science,Physical Sciences,0.0170505
C1F5LNUF7W86,Engineering,Physical Sciences,0.015286
C1F5LNUF7W86,Health Professions,Health Sciences,0.0125437
C1F5LNUF7W86,Social Sciences,Social Sciences,0.0066099
C1F5LNUF7W86,Physics and Astronomy,Physical Sciences,0.0052316
C3KXNLTAAY98,Medicine,Health Sciences,0.054187000000000006
C3KXNLTAAY98,"Biochemistry, Genetics and Molecular Biology",Life Sciences,0.029842099999999996
C3KXNLTAAY98,Dentistry,Health Sciences,0.0179879
C3KXNLTAAY98,Neuroscience,Life Sciences,0.0149909
C3KXNLTAAY98,Psychology,Social Sciences,0.0050886
C3KXNLTAAY98,Social Sciences,Social Sciences,0.0048315
C3KXNLTAAY98,Physics and Astronomy,Physical Sciences,0.0040133
C4BXLBC11LC6,Social Sciences,Social Sciences,0.047117000000000006
C4BXLBC11LC6,Physics and Astronomy,Physical Sciences,0.0345765
C4BXLBC11LC6,Computer Science,Physical Sciences,0.022056
C4BXLBC11LC6,Engineering,Physical Sciences,0.0097079
C4BXLBC11LC6,"Economics, Econometrics and Finance",Social Sciences,0.0072147
C4BXLBC11LC6,Psychology,Social Sciences,0.0052312
C4BXLBC11LC6,Arts and Humanities,Social Sciences,0.0043059
C5LHMPRJ9J19,Medicine,Health Sciences,0.0201451
C5LHMPRJ9J19,Immunology and Microbiology,Life Sciences,0.013689600000000001
C5LHMPRJ9J19,Neuroscience,Life Sciences,0.0130275
C5LHMPRJ9J19,"Biochemistry, Genetics and Molecular Biology",Life Sciences,0.0059724999999999995
C6T9BYG5EYX5,Social Sciences,Social Sciences,0.0410424
C6T9BYG5EYX5,Arts and Humanities,Social Sciences,0.0335579
C6T9BYG5EYX5,Physics and Astronomy,Physical Sciences,0.0115821
C6T9BYG5EYX5,Psychology,Social Sciences,0.0035009
C6T9BYG5EYX5,"Business, Management and Accounting",Social Sciences,0.0033452
C6T9BYG5EYX5,Health Professions,Health Sciences,0.0033395
C6T9BYG5EYX5,Medicine,Health Sciences,0.0028071
C8H9CNG1VBD9,Medicine,Health Sciences,0.15238840000000003
C8H9CNG1VBD9,"Biochemistry, Genetics and Molecular Biology",Life Sciences,0.07498949999999999
C8H9CNG1VBD9,Earth and Planetary Sciences,Physical Sciences,0.029438699999999998
C8H9CNG1VBD9,Immunology and Microbiology,Life Sciences,0.0169858
C8H9CNG1VBD9,Environmental Science,Physical Sciences,0.011065
C8H9CNG1VBD9,Psychology,Social Sciences,0.0087213
C8H9CNG1VBD9,Social Sciences,Social Sciences,0.0086319
CFMMM5JM7HJ9,Agricultural and Biological Sciences,Life Sciences,0.12541409999999997
CFMMM5JM7HJ9,Environmental Science,Physical Sciences,0.0255077
CFMMM5JM7HJ9,Veterinary,Health Sciences,0.023855
CFMMM5JM7HJ9,Social Sciences,Social Sciences,0.0088034
CFMMM5JM7HJ9,"Economics, Econometrics and Finance",Social Sciences,0.0076288
CFMMM5JM7HJ9,"Biochemistry, Genetics and Molecular Biology",Life Sciences,0.0073739
CFMMM5JM7HJ9,Medicine,Health Sciences,0.0063068
CFMMM5JM7HJ9,Health Professions,Health Sciences,0.0062753
CFMMM5JM7HJ9,Nursing,Health Sciences,0.0062472
CGCDJ24JJLZ1,Medicine,Health Sciences,0.1256894
CGCDJ24JJLZ1,Psychology,Social Sciences,0.0454875
CGCDJ24JJLZ1,"Biochemistry, Genetics and Molecular Biology",Life Sciences,0.0301529
CGCDJ24JJLZ1,Neuroscience,Life Sciences,0.029724399999999998
CGCDJ24JJLZ1,Social Sciences,Social Sciences,0.0184309
CGCDJ24JJLZ1,Environmental Science,Physical Sciences,0.0083163
CGCDJ24JJLZ1,"Economics, Econometrics and Finance",Social Sciences,0.0082167
CJAJYT2KW771,Engineering,Physical Sciences,0.009775599999999999
CJAJYT2KW771,Physics and Astronomy,Physical Sciences,0.0089927
CJAJYT2KW771,Environmental Science,Physical Sciences,0.0037289
CJAJYT2KW771,Earth and Planetary Sciences,Physical Sciences,0.0013382
CJAJYT2KW771,Computer Science,Physical Sciences,0.0007774
CJAJYT2KW771,Social Sciences,Social Sciences,0.0005926
CJAJYT2KW771,Materials Science,Physical Sciences,0.0005902
CJDNG9D14MW7,Environmental Science,Physical Sciences,0.050493500000000004
CJDNG9D14MW7,Earth and Planetary Sciences,Physical Sciences,0.040090100000000004
CJDNG9D14MW7,Computer Science,Physical Sciences,0.008889000000000001
CJDNG9D14MW7,Psychology,Social Sciences,0.0031285
CJDNG9D14MW7,Social Sciences,Social Sciences,0.0030617
CJDNG9D14MW7,Engineering,Physical Sciences,0.0029303
CM4TTRKFCLF9,Social Sciences,Social Sciences,0.0265041
CM4TTRKFCLF9,Psychology,Social Sciences,0.006774400000000001
CM4TTRKFCLF9,Arts and Humanities,Social Sciences,0.0057878
CM4TTRKFCLF9,Decision Sciences,Social Sciences,0.0018594
CM4TTRKFCLF9,Physics and Astronomy,Physical Sciences,0.0017231
CM4TTRKFCLF9,Neuroscience,Life Sciences,0.0013964
CWKJEXDG79A7,Engineering,Physical Sciences,0.0277045
CWKJEXDG79A7,Materials Science,Physical Sciences,0.018877
CWKJEXDG79A7,Environmental Science,Physical Sciences,0.0136148
CWKJEXDG79A7,Agricultural and Biological Sciences,Life Sciences,0.0027983
CWKJEXDG79A7,Chemistry,Physical Sciences,0.0027644
CWKJEXDG79A7,Health Professions,Health Sciences,0.0020877
CWKJEXDG79A7,"Biochemistry, Genetics and Molecular Biology",Life Sciences,0.0019933
CWKJEXDG79A7,Computer Science,Physical Sciences,0.0019216
D33QGS3Q3DJ3,Physics and Astronomy,Physical Sciences,0.0250667
D33QGS3Q3DJ3,Social Sciences,Social Sciences,0.023034699999999998
D33QGS3Q3DJ3,Chemistry,Physical Sciences,0.0055919
D33QGS3Q3DJ3,Mathematics,Physical Sciences,0.0055099
D33QGS3Q3DJ3,"Economics, Econometrics and Finance",Social Sciences,0.005319600000000001
D33QGS3Q3DJ3,"Business, Management and Accounting",Social Sciences,0.0050722
D33QGS3Q3DJ3,Medicine,Health Sciences,0.0032142
D33QGS3Q3DJ3,Decision Sciences,Social Sciences,0.0023997
D33QGS3Q3DJ3,Arts and Humanities,Social Sciences,0.0023433
D33QGS3Q3DJ3,Computer Science,Physical Sciences,0.0023242
D3LHU66KBLD5,Medicine,Health Sciences,0.24163880000000001
D3LHU66KBLD5,Health Professions,Health Sciences,0.0974449
D3LHU66KBLD5,"Economics, Econometrics and Finance",Social Sciences,0.034165100000000004
D3LHU66KBLD5,"Biochemistry, Genetics and Molecular Biology",Life Sciences,0.0231055
D3LHU66KBLD5,Social Sciences,Social Sciences,0.0225868
D3LHU66KBLD5,Mathematics,Physical Sciences,0.0201364
D3LHU66KBLD5,Immunology and Microbiology,Life Sciences,0.017572
D3LHU66KBLD5,Environmental Science,Physical Sciences,0.0149203
D4H1F8KMJJ28,Medicine,Health Sciences,0.0040046
D4H1F8KMJJ28,"Biochemistry, Genetics and Molecular Biology",Life Sciences,0.0026077
D4H1F8KMJJ28,Immunology and Microbiology,Life Sciences,0.0019957
D4H1F8KMJJ28,Neuroscience,Life Sciences,0.0002866
D4H1F8KMJJ28,Engineering,Physical Sciences,0.0002753
D4H1F8KMJJ28,Agricultural and Biological Sciences,Life Sciences,0.000262
D5S9JZ1KDP49,Engineering,Physical Sciences,0.0009029
D5S9JZ1KDP49,Computer Science,Physical Sciences,0.0005523
D5S9JZ1KDP49,"Business, Management and Accounting",Social Sciences,0.0004564
D5S9JZ1KDP49,Environmental Science,Physical Sciences,0.0001792
D5S9JZ1KDP49,Social Sciences,Social Sciences,0.00016829999999999997
D5S9JZ1KDP49,Decision Sciences,Social Sciences,9.14e-05
D5S9JZ1KDP49,Psychology,Social Sciences,7.77e-05
D5S9JZ1KDP49,Nursing,Health Sciences,3.45e-05
D5S9JZ1KDP49,Arts and Humanities,Social Sciences,3.15e-05
DAY7Z8ZD48Q3,Environmental Science,Physical Sciences,0.07499660000000001
DAY7Z8ZD48Q3,Social Sciences,Social Sciences,0.023861499999999997
DAY7Z8ZD48Q3,Arts and Humanities,Social Sciences,0.0119557
DAY7Z8ZD48Q3,Psychology,Social Sciences,0.0106467
DAY7Z8ZD48Q3,"Biochemistry, Genetics and Molecular Biology",Life Sciences,0.0031298
DAY7Z8ZD48Q3,Engineering,Physical Sciences,0.0031045
DFNLDECWM8J8,Materials Science,Physical Sciences,0.0741342
DFNLDECWM8J8,Chemistry,Physical Sciences,0.013962599999999999
DFNLDECWM8J8,Engineering,Physical Sciences,0.013751000000000001
DFNLDECWM8J8,Chemical Engineering,Physical Sciences,0.0073185
DFNLDECWM8J8,Decision Sciences,Social Sciences,0.005534
DFNLDECWM8J8,Psychology,Social Sciences,0.0033258
DFNLDECWM8J8,Social Sciences,Social Sciences,0.0028191
DJCTQA1PR7Q4,Neuroscience,Life Sciences,0.012863600000000001
DJCTQA1PR7Q4,Nursing,Health Sciences,0.0083897
DJCTQA1PR7Q4,Agricultural and Biological Sciences,Life Sciences,0.0029000000000000002
DJCTQA1PR7Q4,Engineering,Physical Sciences,0.0027296
DJCTQA1PR7Q4,"Biochemistry, Genetics and Molecular Biology",Life Sciences,0.0020945
DJCTQA1PR7Q4,Psychology,Social Sciences,0.0020291
DJCTQA1PR7Q4,Medicine,Health Sciences,0.0015404
DJCTQA1PR7Q4,Chemistry,Physical Sciences,0.0011772
DJCTQA1PR7Q4,"Pharmacology, Toxicology and Pharmaceutics",Life Sciences,0.0008871
DJCTQA1PR7Q4,Social Sciences,Social Sciences,0.0004217
DJCTQA1PR7Q4,Computer Science,Physical Sciences,0.0003843
DKMDCB5HNBL7,Medicine,Health Sciences,0.0341208
DKMDCB5HNBL7,Neuroscience,Life Sciences,0.014275200000000002
DKMDCB5HNBL7,"Biochemistry, Genetics and Molecular Biology",Life Sciences,0.0137544
DKMDCB5HNBL7,Psychology,Social Sciences,0.0117148
DKMDCB5HNBL7,Materials Science,Physical Sciences,0.002256
DLTJBDQBGBC9,Medicine,Health Sciences,0.0101126
DLTJBDQBGBC9,Social Sciences,Social Sciences,0.002374
DLTJBDQBGBC9,"Biochemistry, Genetics and Molecular Biology",Life Sciences,0.0014198000000000001
DLTJBDQBGBC9,Health Professions,Health Sciences,0.0011405999999999999
DLTJBDQBGBC9,Immunology and Microbiology,Life Sciences,0.0011313
DLTJBDQBGBC9,Psychology,Social Sciences,0.000589
DLTJBDQBGBC9,Neuroscience,Life Sciences,0.0005831
DLTJBDQBGBC9,Environmental Science,Physical Sciences,0.0005422
DLUTVJJ15U66,Environmental Science,Physical Sciences,0.0032576999999999997
DLUTVJJ15U66,Earth and Planetary Sciences,Physical Sciences,0.0023498
DLUTVJJ15U66,Social Sciences,Social Sciences,0.0010625
DLUTVJJ15U66,Engineering,Physical Sciences,0.0009130000000000001
DLUTVJJ15U66,Arts and Humanities,Social Sciences,0.0005002
DLUTVJJ15U66,Physics and Astronomy,Physical Sciences,0.0002818
DLUTVJJ15U66,Psychology,Social Sciences,0.0002598
DLWBSLWAJWR1,Physics and Astronomy,Physical Sciences,0.1246051
DLWBSLWAJWR1,Social Sciences,Social Sciences,0.0788349
DLWBSLWAJWR1,Veterinary,Health Sciences,0.0468361
DLWBSLWAJWR1,Medicine,Health Sciences,0.0432752
DLWBSLWAJWR1,Computer Science,Physical Sciences,0.0296789
DLWBSLWAJWR1,Agricultural and Biological Sciences,Life Sciences,0.0228027
DLWBSLWAJWR1,Arts and Humanities,Social Sciences,0.0142465
DMDEQP66JL85,Social Sciences,Social Sciences,0.021509300000000002
DMDEQP66JL85,Engineering,Physical Sciences,0.0212097
DMDEQP66JL85,"Business, Management and Accounting",Social Sciences,0.0039556
DMDEQP66JL85,Medicine,Health Sciences,0.002019
DMDEQP66JL85,Psychology,Social Sciences,0.0015608
DMDEQP66JL85,Materials Science,Physical Sciences,0.0013693
DMDEQP66JL85,Health Professions,Health Sciences,0.0013068
DMQNDJDHTDG4,Agricultural and Biological Sciences,Life Sciences,0.0522263
DMQNDJDHTDG4,Engineering,Physical Sciences,0.0301463
DMQNDJDHTDG4,Veterinary,Health Sciences,0.0234065
DMQNDJDHTDG4,Environmental Science,Physical Sciences,0.0217086
DMQNDJDHTDG4,Medicine,Health Sciences,0.0073777
DMQNDJDHTDG4,Psychology,Social Sciences,0.0053124
DMQNDJDHTDG4,"Biochemistry, Genetics and Molecular Biology",Life Sciences,0.0046783
DMQNDJDHTDG4,Immunology and Microbiology,Life Sciences,0.0045473
DNZNC466DGR7,Agricultural and Biological Sciences,Life Sciences,0.0463437
DNZNC466DGR7,Environmental Science,Physical Sciences,0.0138974
DNZNC466DGR7,Veterinary,Health Sciences,0.0050249
DNZNC466DGR7,"Biochemistry, Genetics and Molecular Biology",Life Sciences,0.0026174
DNZNC466DGR7,Engineering,Physical Sciences,0.0019322
DPMGH9MG1X67,Medicine,Health Sciences,0.3805465
DPMGH9MG1X67,"Biochemistry, Genetics and Molecular Biology",Life Sciences,0.1227459
DPMGH9MG1X67,"Economics, Econometrics and Finance",Social Sciences,0.0189862
DQDBM7FGJPC5,Agricultural and Biological Sciences,Life Sciences,0.20301119999999998
DQDBM7FGJPC5,Materials Science,Physical Sciences,0.0535433
DQDBM7FGJPC5,"Biochemistry, Genetics and Molecular Biology",Life Sciences,0.028687499999999998
DQDBM7FGJPC5,Environmental Science,Physical Sciences,0.0281488
DQDBM7FGJPC5,Arts and Humanities,Social Sciences,0.0232287
DQDBM7FGJPC5,Physics and Astronomy,Physical Sciences,0.0219723
DQDBM7FGJPC5,"Economics, Econometrics and Finance",Social Sciences,0.017999
DQDBM7FGJPC5,Veterinary,Health Sciences,0.015056
DQDBM7FGJPC5,Social Sciences,Social Sciences,0.0129655
DQDBM7FGJPC5,Engineering,Physical Sciences,0.0126218
DRRKVZVXSND3,Medicine,Health Sciences,0.0011390999999999999
DRRKVZVXSND3,Health Professions,Health Sciences,0.0002093
DRRKVZVXSND3,"Biochemistry, Genetics and Molecular Biology",Life Sciences,0.0001342
DRRKVZVXSND3,Neuroscience,Life Sciences,7.29e-05
DRRKVZVXSND3,Social Sciences,Social Sciences,5.67e-05
DRTAEZWWJHM8,Environmental Science,Physical Sciences,0.0111655
DRTAEZWWJHM8,Earth and Planetary Sciences,Physical Sciences,0.010607100000000001
DRTAEZWWJHM8,"Biochemistry, Genetics and Molecular Biology",Life Sciences,0.0015385
DRTAEZWWJHM8,Energy,Physical Sciences,0.0006234
DRTAEZWWJHM8,Materials Science,Physical Sciences,0.0004512
DSLXBD7UWRV6,Engineering,Physical Sciences,0.0340986
DSLXBD7UWRV6,Social Sciences,Social Sciences,0.0314267
DSLXBD7UWRV6,Psychology,Social Sciences,0.0129815
DSLXBD7UWRV6,Medicine,Health Sciences,0.011649
DSLXBD7UWRV6,Health Professions,Health Sciences,0.0101336
DSLXBD7UWRV6,Decision Sciences,Social Sciences,0.0075961
DSLXBD7UWRV6,"Biochemistry, Genetics and Molecular Biology",Life Sciences,0.0072555
DSLXBD7UWRV6,Earth and Planetary Sciences,Physical Sciences,0.0032108
DVHKP4N619V9,Medicine,Health Sciences,0.1691161
DVHKP4N619V9,"Biochemistry, Genetics and Molecular Biology",Life Sciences,0.048368
DVHKP4N619V9,Mathematics,Physical Sciences,0.0095661
DVHKP4N619V9,"Economics, Econometrics and Finance",Social Sciences,0.0062832
DVL1CMRMWRN9,Medicine,Health Sciences,0.084794
DVL1CMRMWRN9,"Biochemistry, Genetics and Molecular Biology",Life Sciences,0.012834199999999999
DVL1CMRMWRN9,Health Professions,Health Sciences,0.0042869
DW1XZMGNFBL4,Medicine,Health Sciences,0.020854599999999997
DW1XZMGNFBL4,Immunology and Microbiology,Life Sciences,0.019337099999999996
DW1XZMGNFBL4,"Biochemistry, Genetics and Molecular Biology",Life Sciences,0.0163575
DWH7MSXKA2A8,"Biochemistry, Genetics and Molecular Biology",Life Sciences,0.041858
DWH7MSXKA2A8,Medicine,Health Sciences,0.038345800000000006
DWH7MSXKA2A8,Social Sciences,Social Sciences,0.029220799999999998
DWH7MSXKA2A8,Psychology,Social Sciences,0.0265592
DWH7MSXKA2A8,Neuroscience,Life Sciences,0.026143899999999998
DWH7MSXKA2A8,Veterinary,Health Sciences,0.0206864
DWH7MSXKA2A8,Agricultural and Biological Sciences,Life Sciences,0.0151757
DWH7MSXKA2A8,Engineering,Physical Sciences,0.0124407
DWH7MSXKA2A8,"Pharmacology, Toxicology and Pharmaceutics",Life Sciences,0.0091527
DWH7MSXKA2A8,Decision Sciences,Social Sciences,0.0089123
DWH7MSXKA2A8,Mathematics,Physical Sciences,0.0087956
DWH7MSXKA2A8,"Economics, Econometrics and Finance",Social Sciences,0.0080804
DYZNJGLTHMR9,Social Sciences,Social Sciences,0.032202400000000006
DYZNJGLTHMR9,Chemistry,Physical Sciences,0.0129045
DYZNJGLTHMR9,Medicine,Health Sciences,0.0110985
DYZNJGLTHMR9,"Pharmacology, Toxicology and Pharmaceutics",Life Sciences,0.0072663
DYZNJGLTHMR9,Psychology,Social Sciences,0.0021203
DYZNJGLTHMR9,Engineering,Physical Sciences,0.0020638
DYZNJGLTHMR9,"Biochemistry, Genetics and Molecular Biology",Life Sciences,0.0020515
DYZNJGLTHMR9,Materials Science,Physical Sciences,0.0018093
DZ4YCZ3QSPR5,Social Sciences,Social Sciences,0.045948699999999995
DZ4YCZ3QSPR5,Medicine,Health Sciences,0.042698
DZ4YCZ3QSPR5,Physics and Astronomy,Physical Sciences,0.024130199999999997
DZ4YCZ3QSPR5,Engineering,Physical Sciences,0.0106483
DZ4YCZ3QSPR5,Psychology,Social Sciences,0.0062396
DZ4YCZ3QSPR5,Health Professions,Health Sciences,0.0056453
DZ4YCZ3QSPR5,Neuroscience,Life Sciences,0.0053922
DZ4YCZ3QSPR5,Environmental Science,Physical Sciences,0.0052042
DZ4YCZ3QSPR5,Immunology and Microbiology,Life Sciences,0.0048821
DZ4YCZ3QSPR5,Chemical Engineering,Physical Sciences,0.0047804
E13MDBKHLDB5,Engineering,Physical Sciences,0.043363299999999994
E13MDBKHLDB5,Social Sciences,Social Sciences,0.010651200000000001
E13MDBKHLDB5,Computer Science,Physical Sciences,0.006351900000000001
E13MDBKHLDB5,Materials Science,Physical Sciences,0.0057643
E13MDBKHLDB5,Psychology,Social Sciences,0.0038874
E13MDBKHLDB5,Physics and Astronomy,Physical Sciences,0.0029995
E13MDBKHLDB5,Chemistry,Physical Sciences,0.0027795
E13MDBKHLDB5,Chemical Engineering,Physical Sciences,0.002746
E13MDBKHLDB5,Mathematics,Physical Sciences,0.0025138
E13MDBKHLDB5,"Business, Management and Accounting",Social Sciences,0.0024292
E1KJM4T54MK6,Medicine,Health Sciences,0.0305774
E1KJM4T54MK6,Psychology,Social Sciences,0.02801
E1KJM4T54MK6,Social Sciences,Social Sciences,0.021106800000000002
E1KJM4T54MK6,"Biochemistry, Genetics and Molecular Biology",Life Sciences,0.0107741
E1KJM4T54MK6,Neuroscience,Life Sciences,0.0079605
E1KJM4T54MK6,Engineering,Physical Sciences,0.0054165
E1KJM4T54MK6,Dentistry,Health Sciences,0.0033334
E1KJM4T54MK6,Mathematics,Physical Sciences,0.0033049
E1KJM4T54MK6,Nursing,Health Sciences,0.0030888
E2NDENMDUEG8,Social Sciences,Social Sciences,0.03692759999999999
E2NDENMDUEG8,Engineering,Physical Sciences,0.021416
E2NDENMDUEG8,Computer Science,Physical Sciences,0.0090877
E2NDENMDUEG8,"Business, Management and Accounting",Social Sciences,0.0071315
E2NDENMDUEG8,"Economics, Econometrics and Finance",Social Sciences,0.0069703000000000005
E2NDENMDUEG8,Health Professions,Health Sciences,0.0037293
E2NDENMDUEG8,Physics and Astronomy,Physical Sciences,0.0036562
E2NDENMDUEG8,Materials Science,Physical Sciences,0.003339
E2NYLCDML6V1,Physics and Astronomy,Physical Sciences,0.19930589999999998
E2NYLCDML6V1,Computer Science,Physical Sciences,0.085217
E2NYLCDML6V1,Engineering,Physical Sciences,0.0681474
E2NYLCDML6V1,Mathematics,Physical Sciences,0.0308957
E2NYLCDML6V1,Decision Sciences,Social Sciences,0.0184745
E2NYLCDML6V1,Materials Science,Physical Sciences,0.0158076
E3FDXZ6TBHW3,Medicine,Health Sciences,0.08681559999999999
E3FDXZ6TBHW3,Psychology,Social Sciences,0.0411413
E3FDXZ6TBHW3,Social Sciences,Social Sciences,0.029965899999999997
E3FDXZ6TBHW3,Health Professions,Health Sciences,0.0202116
E3FDXZ6TBHW3,Physics and Astronomy,Physical Sciences,0.0176838
E3FDXZ6TBHW3,Engineering,Physical Sciences,0.0075209
E3FDXZ6TBHW3,Mathematics,Physical Sciences,0.0069621
E3FDXZ6TBHW3,Environmental Science,Physical Sciences,0.0063903
E4SPG9ZLLE76,Medicine,Health Sciences,0.0019126
E4SPG9ZLLE76,Psychology,Social Sciences,0.000612
E4SPG9ZLLE76,Neuroscience,Life Sciences,0.00038770000000000005
E4SPG9ZLLE76,Immunology and Microbiology,Life Sciences,0.0002957
E4SPG9ZLLE76,"Biochemistry, Genetics and Molecular Biology",Life Sciences,0.0002263
E4SPG9ZLLE76,Chemistry,Physical Sciences,9.56e-05
E4Z2NUYUMHF9,Medicine,Health Sciences,0.0282838
E4Z2NUYUMHF9,"Biochemistry, Genetics and Molecular Biology",Life Sciences,0.0067385
E4Z2NUYUMHF9,Social Sciences,Social Sciences,0.0052332
E4Z2NUYUMHF9,Neuroscience,Life Sciences,0.0023785
E4Z2NUYUMHF9,Psychology,Social Sciences,0.0023571
E4Z2NUYUMHF9,Nursing,Health Sciences,0.0014521
E6KZG3MNE1D5,Medicine,Health Sciences,0.0047242
E6KZG3MNE1D5,"Biochemistry, Genetics and Molecular Biology",Life Sciences,0.0036636
E6KZG3MNE1D5,Psychology,Social Sciences,0.0030806
E6KZG3MNE1D5,Nursing,Health Sciences,0.0010241
E6KZG3MNE1D5,Health Professions,Health Sciences,0.0007379
E6KZG3MNE1D5,Neuroscience,Life Sciences,0.0003117
E8VWJXMMUQ67,Medicine,Health Sciences,0.14378039999999997
E8VWJXMMUQ67,"Biochemistry, Genetics and Molecular Biology",Life Sciences,0.0140704
E8VWJXMMUQ67,Social Sciences,Social Sciences,0.012853400000000001
E8VWJXMMUQ67,Physics and Astronomy,Physical Sciences,0.0056044
E8VWJXMMUQ67,Nursing,Health Sciences,0.0055578
EADLFP7Z72E5,Social Sciences,Social Sciences,0.11504140000000002
EADLFP7Z72E5,"Economics, Econometrics and Finance",Social Sciences,0.0491707
EADLFP7Z72E5,Computer Science,Physical Sciences,0.0067493
EADLFP7Z72E5,Engineering,Physical Sciences,0.0063745
EADLFP7Z72E5,"Business, Management and Accounting",Social Sciences,0.0059879
EADLFP7Z72E5,Psychology,Social Sciences,0.0056148
EAL3QNJK3CB9,Psychology,Social Sciences,0.0023183
EAL3QNJK3CB9,Social Sciences,Social Sciences,0.0010964
EAL3QNJK3CB9,Neuroscience,Life Sciences,0.0010338
EAL3QNJK3CB9,Medicine,Health Sciences,0.0008438
EAL3QNJK3CB9,Arts and Humanities,Social Sciences,0.0002774
EAL3QNJK3CB9,"Pharmacology, Toxicology and Pharmaceutics",Life Sciences,0.0001717
EAZXZLPJYJZ2,Social Sciences,Social Sciences,0.0034406999999999992
EAZXZLPJYJZ2,"Business, Management and Accounting",Social Sciences,0.000763
EAZXZLPJYJZ2,"Economics, Econometrics and Finance",Social Sciences,0.0004109
EAZXZLPJYJZ2,Arts and Humanities,Social Sciences,0.000409
EAZXZLPJYJZ2,"Biochemistry, Genetics and Molecular Biology",Life Sciences,0.0002727
EAZXZLPJYJZ2,Environmental Science,Physical Sciences,0.0002678
EAZXZLPJYJZ2,Mathematics,Physical Sciences,0.0002619
EAZXZLPJYJZ2,Physics and Astronomy,Physical Sciences,0.0002344
EAZXZLPJYJZ2,Chemistry,Physical Sciences,0.0002016
EAZXZLPJYJZ2,Materials Science,Physical Sciences,0.0001911
EAZXZLPJYJZ2,Health Professions,Health Sciences,0.000178
EB8ASJBCFER9,Earth and Planetary Sciences,Physical Sciences,0.0304895
EB8ASJBCFER9,Medicine,Health Sciences,0.023499700000000002
EB8ASJBCFER9,Physics and Astronomy,Physical Sciences,0.0121573
EB8ASJBCFER9,Engineering,Physical Sciences,0.009627799999999999
EB8ASJBCFER9,Psychology,Social Sciences,0.009012200000000001
EB8ASJBCFER9,Social Sciences,Social Sciences,0.008289999999999999
EB8ASJBCFER9,Neuroscience,Life Sciences,0.007359
EB8ASJBCFER9,Environmental Science,Physical Sciences,0.0046767
EB8ASJBCFER9,"Business, Management and Accounting",Social Sciences,0.0046576
EB8ASJBCFER9,Health Professions,Health Sciences,0.0046161
EB8ASJBCFER9,"Biochemistry, Genetics and Molecular Biology",Life Sciences,0.0039114
ECQEYCHRNKJ4,Social Sciences,Social Sciences,0.0524178
ECQEYCHRNKJ4,Physics and Astronomy,Physical Sciences,0.0183613
ECQEYCHRNKJ4,Earth and Planetary Sciences,Physical Sciences,0.014927300000000001
ECQEYCHRNKJ4,Veterinary,Health Sciences,0.0147453
ECQEYCHRNKJ4,Environmental Science,Physical Sciences,0.0130959
ECQEYCHRNKJ4,"Business, Management and Accounting",Social Sciences,0.0128267
ECQEYCHRNKJ4,"Economics, Econometrics and Finance",Social Sciences,0.012661
ECQEYCHRNKJ4,Engineering,Physical Sciences,0.012023599999999999
ECQEYCHRNKJ4,Psychology,Social Sciences,0.0073959
ECQEYCHRNKJ4,Medicine,Health Sciences,0.0056325
ECQEYCHRNKJ4,Neuroscience,Life Sciences,0.0049737
ECQEYCHRNKJ4,Arts and Humanities,Social Sciences,0.004831
ECR5E2LU5BL6,Social Sciences,Social Sciences,0.0594221
ECR5E2LU5BL6,"Economics, Econometrics and Finance",Social Sciences,0.023329899999999997
ECR5E2LU5BL6,Medicine,Health Sciences,0.022435200000000002
ECR5E2LU5BL6,"Business, Management and Accounting",Social Sciences,0.0183776
ECR5E2LU5BL6,Engineering,Physical Sciences,0.0065931
ECR5E2LU5BL6,Health Professions,Health Sciences,0.0062487
ECR5E2LU5BL6,Physics and Astronomy,Physical Sciences,0.0061105
ECR5E2LU5BL6,Psychology,Social Sciences,0.005838
ECR5E2LU5BL6,Immunology and Microbiology,Life Sciences,0.0054217
ECR5E2LU5BL6,Mathematics,Physical Sciences,0.0053012
ED44Y3W6P7B9,Physics and Astronomy,Physical Sciences,0.27472260000000004
ED44Y3W6P7B9,Engineering,Physical Sciences,0.0605922
ED44Y3W6P7B9,Environmental Science,Physical Sciences,0.035297300000000004
ED44Y3W6P7B9,Veterinary,Health Sciences,0.0272474
ED44Y3W6P7B9,Earth and Planetary Sciences,Physical Sciences,0.0226754
ED44Y3W6P7B9,Medicine,Health Sciences,0.0215846
ED44Y3W6P7B9,Agricultural and Biological Sciences,Life Sciences,0.0199867
ED44Y3W6P7B9,Social Sciences,Social Sciences,0.0185847
ED44Y3W6P7B9,Computer Science,Physical Sciences,0.009703
EGLKRQ5JBCZ7,Agricultural and Biological Sciences,Life Sciences,0.0324686
EGLKRQ5JBCZ7,Social Sciences,Social Sciences,0.0211358
EGLKRQ5JBCZ7,Psychology,Social Sciences,0.0182457
EGLKRQ5JBCZ7,"Business, Management and Accounting",Social Sciences,0.012499
EGLKRQ5JBCZ7,Environmental Science,Physical Sciences,0.011963399999999999
EGLKRQ5JBCZ7,Engineering,Physical Sciences,0.0083935
EGLKRQ5JBCZ7,Physics and Astronomy,Physical Sciences,0.0044422
EGLKRQ5JBCZ7,Arts and Humanities,Social Sciences,0.0042657
EGLKRQ5JBCZ7,Earth and Planetary Sciences,Physical Sciences,0.0039945
EGLKRQ5JBCZ7,Veterinary,Health Sciences,0.0038184
EJ3UF7TK8RT5,Social Sciences,Social Sciences,0.0002111
EJ3UF7TK8RT5,Computer Science,Physical Sciences,8.8e-05
EJ3UF7TK8RT5,Engineering,Physical Sciences,7.3e-05
EJ3UF7TK8RT5,Psychology,Social Sciences,7.09e-05
EJ3UF7TK8RT5,Environmental Science,Physical Sciences,5.9999999999999995e-05
EJ3UF7TK8RT5,Medicine,Health Sciences,5.26e-05
EJ3UF7TK8RT5,Agricultural and Biological Sciences,Life Sciences,5.18e-05
EJ3UF7TK8RT5,Materials Science,Physical Sciences,4.7199999999999995e-05
EJ3UF7TK8RT5,Decision Sciences,Social Sciences,3.48e-05
EJ3UF7TK8RT5,Physics and Astronomy,Physical Sciences,3.29e-05
EJ3UF7TK8RT5,Earth and Planetary Sciences,Physical Sciences,1.87e-05
EJABWGUJM228,Social Sciences,Social Sciences,0.0004681
EJABWGUJM228,Agricultural and Biological Sciences,Life Sciences,8.060000000000001e-05
EJABWGUJM228,Materials Science,Physical Sciences,7.67e-05
EJABWGUJM228,Decision Sciences,Social Sciences,7.65e-05
EJABWGUJM228,Computer Science,Physical Sciences,7.31e-05
EJABWGUJM228,"Biochemistry, Genetics and Molecular Biology",Life Sciences,7.13e-05
EJABWGUJM228,Psychology,Social Sciences,6.26e-05
EJABWGUJM228,Health Professions,Health Sciences,4.67e-05
EJABWGUJM228,Neuroscience,Life Sciences,4.4e-05
EJABWGUJM228,Mathematics,Physical Sciences,4.12e-05
EJABWGUJM228,"Business, Management and Accounting",Social Sciences,4.02e-05
EJABWGUJM228,Environmental Science,Physical Sciences,3.64e-05
EJABWGUJM228,Arts and Humanities,Social Sciences,3.49e-05
EJABWGUJM228,Medicine,Health Sciences,2.86e-05
EJCVPNN1WFS5,Computer Science,Physical Sciences,0.025751200000000002
EJCVPNN1WFS5,"Business, Management and Accounting",Social Sciences,0.0224451
EJCVPNN1WFS5,Engineering,Physical Sciences,0.0207839
EJCVPNN1WFS5,Neuroscience,Life Sciences,0.0131206
EJCVPNN1WFS5,Physics and Astronomy,Physical Sciences,0.0111118
EJCVPNN1WFS5,Decision Sciences,Social Sciences,0.0083988
EJCVPNN1WFS5,"Economics, Econometrics and Finance",Social Sciences,0.005183
EJCVPNN1WFS5,Social Sciences,Social Sciences,0.0044485
EJMHW8SL81L7,Social Sciences,Social Sciences,0.0664817
EJMHW8SL81L7,Mathematics,Physical Sciences,0.049631
EJMHW8SL81L7,Computer Science,Physical Sciences,0.0392257
EJMHW8SL81L7,Medicine,Health Sciences,0.0266472
EJMHW8SL81L7,Agricultural and Biological Sciences,Life Sciences,0.0178797
EJMHW8SL81L7,Environmental Science,Physical Sciences,0.0164306
EJMHW8SL81L7,Physics and Astronomy,Physical Sciences,0.0160913
EJMHW8SL81L7,Neuroscience,Life Sciences,0.0082493
EK93EZLLBSC4,Social Sciences,Social Sciences,0.0004681
EK93EZLLBSC4,Agricultural and Biological Sciences,Life Sciences,8.060000000000001e-05
EK93EZLLBSC4,Materials Science,Physical Sciences,7.67e-05
EK93EZLLBSC4,Decision Sciences,Social Sciences,7.65e-05
EK93EZLLBSC4,Computer Science,Physical Sciences,7.31e-05
EK93EZLLBSC4,"Biochemistry, Genetics and Molecular Biology",Life Sciences,7.13e-05
EK93EZLLBSC4,Psychology,Social Sciences,6.26e-05
EK93EZLLBSC4,Health Professions,Health Sciences,4.67e-05
EK93EZLLBSC4,Neuroscience,Life Sciences,4.4e-05
EK93EZLLBSC4,Mathematics,Physical Sciences,4.12e-05
EK93EZLLBSC4,"Business, Management and Accounting",Social Sciences,4.02e-05
EK93EZLLBSC4,Environmental Science,Physical Sciences,3.64e-05
EK93EZLLBSC4,Arts and Humanities,Social Sciences,3.49e-05
EK93EZLLBSC4,Medicine,Health Sciences,2.86e-05
EKHKFP33NN53,Social Sciences,Social Sciences,0.0075254
EKHKFP33NN53,Psychology,Social Sciences,0.0030743999999999997
EKHKFP33NN53,Medicine,Health Sciences,0.0022132000000000002
EKHKFP33NN53,Computer Science,Physical Sciences,0.001189
EKHKFP33NN53,"Business, Management and Accounting",Social Sciences,0.0011374
EKHKFP33NN53,Environmental Science,Physical Sciences,0.0007793
EKHKFP33NN53,Mathematics,Physical Sciences,0.0005929
ELA9KB9GJCN8,Engineering,Physical Sciences,0.0340986
ELA9KB9GJCN8,Social Sciences,Social Sciences,0.0314267
ELA9KB9GJCN8,Psychology,Social Sciences,0.0129815
ELA9KB9GJCN8,Medicine,Health Sciences,0.011649
ELA9KB9GJCN8,Health Professions,Health Sciences,0.0101336
ELA9KB9GJCN8,Decision Sciences,Social Sciences,0.0075961
ELA9KB9GJCN8,"Biochemistry, Genetics and Molecular Biology",Life Sciences,0.0072555
ELA9KB9GJCN8,Earth and Planetary Sciences,Physical Sciences,0.0032108
ELVQARY4EJZ4,Environmental Science,Physical Sciences,0.008219099999999998
ELVQARY4EJZ4,Earth and Planetary Sciences,Physical Sciences,0.004604500000000001
ELVQARY4EJZ4,Engineering,Physical Sciences,0.0010376
ELVQARY4EJZ4,"Biochemistry, Genetics and Molecular Biology",Life Sciences,0.0009193000000000001
ELVQARY4EJZ4,Agricultural and Biological Sciences,Life Sciences,0.0008822999999999999
ELVQARY4EJZ4,Computer Science,Physical Sciences,0.000504
ELVQARY4EJZ4,Immunology and Microbiology,Life Sciences,0.0003909
ELVQARY4EJZ4,Social Sciences,Social Sciences,0.0003677
EMW9FC8J3HN4,Engineering,Physical Sciences,0.19934889999999997
EMW9FC8J3HN4,Computer Science,Physical Sciences,0.049745
EMW9FC8J3HN4,"Business, Management and Accounting",Social Sciences,0.0216324
EMW9FC8J3HN4,Decision Sciences,Social Sciences,0.0156
EMW9FC8J3HN4,Environmental Science,Physical Sciences,0.0146367
EMW9FC8J3HN4,Mathematics,Physical Sciences,0.0107799
EMW9FC8J3HN4,Psychology,Social Sciences,0.0105667
EN9DMTETW3N1,Social Sciences,Social Sciences,0.030370599999999998
EN9DMTETW3N1,Mathematics,Physical Sciences,0.0072926
EN9DMTETW3N1,Decision Sciences,Social Sciences,0.005963400000000001
EN9DMTETW3N1,"Economics, Econometrics and Finance",Social Sciences,0.0037056000000000003
EN9DMTETW3N1,Arts and Humanities,Social Sciences,0.0033171
EN9DMTETW3N1,Health Professions,Health Sciences,0.0025334
EN9DMTETW3N1,Physics and Astronomy,Physical Sciences,0.0018035
EN9DMTETW3N1,Computer Science,Physical Sciences,0.0014544
EN9DMTETW3N1,"Business, Management and Accounting",Social Sciences,0.0013918
ENBLDJUN4N73,Medicine,Health Sciences,0.0231188
ENBLDJUN4N73,Social Sciences,Social Sciences,0.020362900000000003
ENBLDJUN4N73,Psychology,Social Sciences,0.0041235
ENBLDJUN4N73,Physics and Astronomy,Physical Sciences,0.0024028
ENBLDJUN4N73,Engineering,Physical Sciences,0.00216
ENBLDJUN4N73,Neuroscience,Life Sciences,0.0021368
ENBLDJUN4N73,Arts and Humanities,Social Sciences,0.0018792
ENBLDJUN4N73,Health Professions,Health Sciences,0.0018601
EQH8NQ4AXFT7,Psychology,Social Sciences,0.0020589000000000002
EQH8NQ4AXFT7,Medicine,Health Sciences,0.0016998
EQH8NQ4AXFT7,Neuroscience,Life Sciences,0.0008948
EQH8NQ4AXFT7,"Biochemistry, Genetics and Molecular Biology",Life Sciences,0.0007813
EQH8NQ4AXFT7,Chemistry,Physical Sciences,0.0003931
EQH8NQ4AXFT7,Engineering,Physical Sciences,0.0003804
EQH8NQ4AXFT7,"Pharmacology, Toxicology and Pharmaceutics",Life Sciences,0.0003323
ETGMYV7CKAJ7,Materials Science,Physical Sciences,0.0245835
ETGMYV7CKAJ7,Engineering,Physical Sciences,0.017810999999999997
ETGMYV7CKAJ7,Environmental Science,Physical Sciences,0.0116355
ETGMYV7CKAJ7,Agricultural and Biological Sciences,Life Sciences,0.006400299999999999
ETGMYV7CKAJ7,Chemical Engineering,Physical Sciences,0.0051635
ETGMYV7CKAJ7,Chemistry,Physical Sciences,0.0041949
ETGMYV7CKAJ7,"Pharmacology, Toxicology and Pharmaceutics",Life Sciences,0.0036281
ETGMYV7CKAJ7,Veterinary,Health Sciences,0.0020225
EUYXHRL5MLL3,Social Sciences,Social Sciences,0.0004681
EUYXHRL5MLL3,Agricultural and Biological Sciences,Life Sciences,8.060000000000001e-05
EUYXHRL5MLL3,Materials Science,Physical Sciences,7.67e-05
EUYXHRL5MLL3,Decision Sciences,Social Sciences,7.65e-05
EUYXHRL5MLL3,Computer Science,Physical Sciences,7.31e-05
EUYXHRL5MLL3,"Biochemistry, Genetics and Molecular Biology",Life Sciences,7.13e-05
EUYXHRL5MLL3,Psychology,Social Sciences,6.26e-05
EUYXHRL5MLL3,Health Professions,Health Sciences,4.67e-05
EUYXHRL5MLL3,Neuroscience,Life Sciences,4.4e-05
EUYXHRL5MLL3,Mathematics,Physical Sciences,4.12e-05
EUYXHRL5MLL3,"Business, Management and Accounting",Social Sciences,4.02e-05
EUYXHRL5MLL3,Environmental Science,Physical Sciences,3.64e-05
EUYXHRL5MLL3,Arts and Humanities,Social Sciences,3.49e-05
EUYXHRL5MLL3,Medicine,Health Sciences,2.86e-05
EVTSTTLCEWS5,Engineering,Physical Sciences,0.0523439
EVTSTTLCEWS5,Earth and Planetary Sciences,Physical Sciences,0.0362984
EVTSTTLCEWS5,Physics and Astronomy,Physical Sciences,0.0345257
EVTSTTLCEWS5,Environmental Science,Physical Sciences,0.0181664
EVTSTTLCEWS5,Social Sciences,Social Sciences,0.0134672
EVTSTTLCEWS5,Psychology,Social Sciences,0.0088186
EVTSTTLCEWS5,"Business, Management and Accounting",Social Sciences,0.0039652
EVWJPCY6AD97,Social Sciences,Social Sciences,0.0351332
EVWJPCY6AD97,Environmental Science,Physical Sciences,0.0207561
EVWJPCY6AD97,Computer Science,Physical Sciences,0.0136128
EVWJPCY6AD97,Earth and Planetary Sciences,Physical Sciences,0.012911599999999999
EVWJPCY6AD97,Physics and Astronomy,Physical Sciences,0.0101752
EVWJPCY6AD97,Mathematics,Physical Sciences,0.0068842
EVWJPCY6AD97,"Economics, Econometrics and Finance",Social Sciences,0.0058491
EVWJPCY6AD97,Psychology,Social Sciences,0.0033957
EVWJPCY6AD97,Arts and Humanities,Social Sciences,0.0031721
EXZVPWZBLUE8,Medicine,Health Sciences,0.1061799
EXZVPWZBLUE8,Neuroscience,Life Sciences,0.0285577
EXZVPWZBLUE8,Engineering,Physical Sciences,0.020096799999999998
EXZVPWZBLUE8,Decision Sciences,Social Sciences,0.0198862
EXZVPWZBLUE8,Physics and Astronomy,Physical Sciences,0.0190273
EXZVPWZBLUE8,"Economics, Econometrics and Finance",Social Sciences,0.0186988
EXZVPWZBLUE8,Social Sciences,Social Sciences,0.0120887
EXZVPWZBLUE8,Materials Science,Physical Sciences,0.0099001
EXZVPWZBLUE8,Psychology,Social Sciences,0.0094256
EXZVPWZBLUE8,Health Professions,Health Sciences,0.0088966
EYMJXLN2MFB4,Medicine,Health Sciences,0.08991890000000001
EYMJXLN2MFB4,"Biochemistry, Genetics and Molecular Biology",Life Sciences,0.0129507
EYMJXLN2MFB4,Health Professions,Health Sciences,0.0104395
EYMJXLN2MFB4,Social Sciences,Social Sciences,0.0037496
EYNYSU6L8ZX6,Medicine,Health Sciences,0.1737939
EYNYSU6L8ZX6,"Biochemistry, Genetics and Molecular Biology",Life Sciences,0.066353
EYNYSU6L8ZX6,Veterinary,Health Sciences,0.059463
EYNYSU6L8ZX6,Social Sciences,Social Sciences,0.0310529
EYNYSU6L8ZX6,"Economics, Econometrics and Finance",Social Sciences,0.027699500000000002
EYNYSU6L8ZX6,Agricultural and Biological Sciences,Life Sciences,0.0195669
EYNYSU6L8ZX6,Mathematics,Physical Sciences,0.0180842
EYNYSU6L8ZX6,Neuroscience,Life Sciences,0.0146876
EYNYSU6L8ZX6,"Business, Management and Accounting",Social Sciences,0.0137394
EZ4WPGRE1RD5,Agricultural and Biological Sciences,Life Sciences,0.0927947
EZ4WPGRE1RD5,"Economics, Econometrics and Finance",Social Sciences,0.010092
EZ4WPGRE1RD5,Environmental Science,Physical Sciences,0.0083972
EZ4WPGRE1RD5,"Biochemistry, Genetics and Molecular Biology",Life Sciences,0.0044074
EZ4WPGRE1RD5,Psychology,Social Sciences,0.004314
EZ4WPGRE1RD5,Nursing,Health Sciences,0.0031855
F125YU6SWK59,Engineering,Physical Sciences,0.0277045
F125YU6SWK59,Materials Science,Physical Sciences,0.018877
F125YU6SWK59,Environmental Science,Physical Sciences,0.0136148
F125YU6SWK59,Agricultural and Biological Sciences,Life Sciences,0.0027983
F125YU6SWK59,Chemistry,Physical Sciences,0.0027644
F125YU6SWK59,Health Professions,Health Sciences,0.0020877
F125YU6SWK59,"Biochemistry, Genetics and Molecular Biology",Life Sciences,0.0019933
F125YU6SWK59,Computer Science,Physical Sciences,0.0019216
F27KDXZMF9Y8,Physics and Astronomy,Physical Sciences,0.11954690000000003
F27KDXZMF9Y8,Engineering,Physical Sciences,0.0413278
F27KDXZMF9Y8,Medicine,Health Sciences,0.0158448
F27KDXZMF9Y8,"Economics, Econometrics and Finance",Social Sciences,0.0096274
F27KDXZMF9Y8,Neuroscience,Life Sciences,0.0085593
F27KDXZMF9Y8,Earth and Planetary Sciences,Physical Sciences,0.0076985
F27KDXZMF9Y8,Computer Science,Physical Sciences,0.0067452
F27KDXZMF9Y8,Materials Science,Physical Sciences,0.0061238
F2VSMAKDH8Z7,Mathematics,Physical Sciences,0.043203799999999994
F2VSMAKDH8Z7,Computer Science,Physical Sciences,0.0223585
F2VSMAKDH8Z7,Psychology,Social Sciences,0.0201733
F2VSMAKDH8Z7,Social Sciences,Social Sciences,0.0117644
F2VSMAKDH8Z7,Neuroscience,Life Sciences,0.0036394
F2VSMAKDH8Z7,Medicine,Health Sciences,0.0029783
F2VSMAKDH8Z7,"Business, Management and Accounting",Social Sciences,0.002731
F3GJXVP1L166,Social Sciences,Social Sciences,0.0001558
F3GJXVP1L166,Arts and Humanities,Social Sciences,9.66e-05
F3GJXVP1L166,Decision Sciences,Social Sciences,6.48e-05
F3GJXVP1L166,Medicine,Health Sciences,6.37e-05
F3GJXVP1L166,Health Professions,Health Sciences,5.57e-05
F3GJXVP1L166,Physics and Astronomy,Physical Sciences,3.9200000000000004e-05
F3GJXVP1L166,Engineering,Physical Sciences,3.51e-05
F3GJXVP1L166,"Economics, Econometrics and Finance",Social Sciences,2.51e-05
F3GJXVP1L166,Agricultural and Biological Sciences,Life Sciences,1.62e-05
F3GJXVP1L166,Materials Science,Physical Sciences,9.3e-06
F4BMNBQK9BM1,Social Sciences,Social Sciences,0.0005783
F4BMNBQK9BM1,Psychology,Social Sciences,0.00020700000000000002
F4BMNBQK9BM1,Health Professions,Health Sciences,0.00015529999999999998
F4BMNBQK9BM1,Computer Science,Physical Sciences,0.0001311
F4BMNBQK9BM1,Energy,Physical Sciences,0.0001252
F4BMNBQK9BM1,Medicine,Health Sciences,0.0001012
F4BMNBQK9BM1,Materials Science,Physical Sciences,9.62e-05
F4BMNBQK9BM1,Agricultural and Biological Sciences,Life Sciences,5.84e-05
F4BMNBQK9BM1,Arts and Humanities,Social Sciences,5.04e-05
F4BMNBQK9BM1,Engineering,Physical Sciences,4.67e-05
F4N1QNPB95M4,Psychology,Social Sciences,0.0864036
F4N1QNPB95M4,Medicine,Health Sciences,0.0844474
F4N1QNPB95M4,Social Sciences,Social Sciences,0.0563202
F4N1QNPB95M4,Physics and Astronomy,Physical Sciences,0.055816899999999996
F4N1QNPB95M4,Environmental Science,Physical Sciences,0.0290857
F4N1QNPB95M4,Health Professions,Health Sciences,0.0180305
F4N1QNPB95M4,"Business, Management and Accounting",Social Sciences,0.0154635
F4N1QNPB95M4,"Biochemistry, Genetics and Molecular Biology",Life Sciences,0.0146954
F4N1QNPB95M4,Mathematics,Physical Sciences,0.0136217
F4N1QNPB95M4,"Economics, Econometrics and Finance",Social Sciences,0.0122973
F4SLJ5WF59F6,Social Sciences,Social Sciences,0.028692799999999997
F4SLJ5WF59F6,Psychology,Social Sciences,0.0095893
F4SLJ5WF59F6,Mathematics,Physical Sciences,0.0063316
F4SLJ5WF59F6,Arts and Humanities,Social Sciences,0.0039889
F4SLJ5WF59F6,Physics and Astronomy,Physical Sciences,0.0024467
F4SLJ5WF59F6,Health Professions,Health Sciences,0.0023816
F4SLJ5WF59F6,Immunology and Microbiology,Life Sciences,0.0019814
F696R1G6DN85,Medicine,Health Sciences,5.3200000000000006e-05
F696R1G6DN85,Agricultural and Biological Sciences,Life Sciences,4.28e-05
F696R1G6DN85,"Biochemistry, Genetics and Molecular Biology",Life Sciences,3.93e-05
F696R1G6DN85,Environmental Science,Physical Sciences,3.79e-05
F696R1G6DN85,Arts and Humanities,Social Sciences,3.24e-05
F696R1G6DN85,Engineering,Physical Sciences,1.17e-05
F696R1G6DN85,Decision Sciences,Social Sciences,3.7e-06
F6G9C4HMNHW4,Engineering,Physical Sciences,0.0367773
F6G9C4HMNHW4,Social Sciences,Social Sciences,0.016843
F6G9C4HMNHW4,Psychology,Social Sciences,0.0032243999999999997
F6G9C4HMNHW4,Computer Science,Physical Sciences,0.0031994
F6G9C4HMNHW4,Decision Sciences,Social Sciences,0.0017474
F6G9C4HMNHW4,Agricultural and Biological Sciences,Life Sciences,0.000793
F6G9C4HMNHW4,Mathematics,Physical Sciences,0.0007011
F6G9C4HMNHW4,Health Professions,Health Sciences,0.0006534
F6XLTRUQJEN4,Social Sciences,Social Sciences,0.07736070000000002
F6XLTRUQJEN4,Physics and Astronomy,Physical Sciences,0.0323769
F6XLTRUQJEN4,Arts and Humanities,Social Sciences,0.0312521
F6XLTRUQJEN4,Medicine,Health Sciences,0.0205928
F6XLTRUQJEN4,Decision Sciences,Social Sciences,0.005814
F6XLTRUQJEN4,Engineering,Physical Sciences,0.0054258
F6XLTRUQJEN4,Psychology,Social Sciences,0.0053926
F6XLTRUQJEN4,Neuroscience,Life Sciences,0.0051365
F6XLTRUQJEN4,Health Professions,Health Sciences,0.0045791
F8THLJQSAF93,Medicine,Health Sciences,0.1935871
F8THLJQSAF93,Social Sciences,Social Sciences,0.0314238
F8THLJQSAF93,Earth and Planetary Sciences,Physical Sciences,0.0292862
F8THLJQSAF93,Environmental Science,Physical Sciences,0.0124051
FA4VKPTJRLY8,Social Sciences,Social Sciences,0.0524178
FA4VKPTJRLY8,Physics and Astronomy,Physical Sciences,0.0183613
FA4VKPTJRLY8,Earth and Planetary Sciences,Physical Sciences,0.014927300000000001
FA4VKPTJRLY8,Veterinary,Health Sciences,0.0147453
FA4VKPTJRLY8,Environmental Science,Physical Sciences,0.0130959
FA4VKPTJRLY8,"Business, Management and Accounting",Social Sciences,0.0128267
FA4VKPTJRLY8,"Economics, Econometrics and Finance",Social Sciences,0.012661
FA4VKPTJRLY8,Engineering,Physical Sciences,0.012023599999999999
FA4VKPTJRLY8,Psychology,Social Sciences,0.0073959
FA4VKPTJRLY8,Medicine,Health Sciences,0.0056325
FA4VKPTJRLY8,Neuroscience,Life Sciences,0.0049737
FA4VKPTJRLY8,Arts and Humanities,Social Sciences,0.004831
FBYMGMHW4X95,Medicine,Health Sciences,0.1256894
FBYMGMHW4X95,Psychology,Social Sciences,0.0454875
FBYMGMHW4X95,"Biochemistry, Genetics and Molecular Biology",Life Sciences,0.0301529
FBYMGMHW4X95,Neuroscience,Life Sciences,0.029724399999999998
FBYMGMHW4X95,Social Sciences,Social Sciences,0.0184309
FBYMGMHW4X95,Environmental Science,Physical Sciences,0.0083163
FBYMGMHW4X95,"Economics, Econometrics and Finance",Social Sciences,0.0082167
FDLEQSJ8FF63,Earth and Planetary Sciences,Physical Sciences,0.0836269
FDLEQSJ8FF63,Environmental Science,Physical Sciences,0.0651548
FDLEQSJ8FF63,Health Professions,Health Sciences,0.0181094
FDLEQSJ8FF63,Social Sciences,Social Sciences,0.012929300000000001
FDLEQSJ8FF63,Medicine,Health Sciences,0.0067593
FDLEQSJ8FF63,"Biochemistry, Genetics and Molecular Biology",Life Sciences,0.0042778
FDLEQSJ8FF63,Agricultural and Biological Sciences,Life Sciences,0.0037497
FDR5YF2K32X5,Environmental Science,Physical Sciences,0.0594877
FDR5YF2K32X5,Engineering,Physical Sciences,0.0251251
FDR5YF2K32X5,Social Sciences,Social Sciences,0.0122273
FDR5YF2K32X5,Physics and Astronomy,Physical Sciences,0.0043849
FDR5YF2K32X5,Agricultural and Biological Sciences,Life Sciences,0.0041544
FDR5YF2K32X5,Psychology,Social Sciences,0.0035486
FDR5YF2K32X5,"Economics, Econometrics and Finance",Social Sciences,0.0031822
FF1XVJMDYVR1,"Biochemistry, Genetics and Molecular Biology",Life Sciences,0.0225147
FF1XVJMDYVR1,Medicine,Health Sciences,0.0078297
FF1XVJMDYVR1,Immunology and Microbiology,Life Sciences,0.0056161
FFM7VPAG8P92,Engineering,Physical Sciences,0.016285300000000003
FFM7VPAG8P92,Social Sciences,Social Sciences,0.0080014
FFM7VPAG8P92,Psychology,Social Sciences,0.0050448
FFM7VPAG8P92,Computer Science,Physical Sciences,0.0047078
FFM7VPAG8P92,Environmental Science,Physical Sciences,0.0045112
FFM7VPAG8P92,Agricultural and Biological Sciences,Life Sciences,0.0033223000000000003
FFM7VPAG8P92,Physics and Astronomy,Physical Sciences,0.0021433
FFM7VPAG8P92,Mathematics,Physical Sciences,0.0016608
FFM7VPAG8P92,"Biochemistry, Genetics and Molecular Biology",Life Sciences,0.0015958
FFM7VPAG8P92,Arts and Humanities,Social Sciences,0.0013115
FFWJTXCKDLK5,Medicine,Health Sciences,0.0104375
FFWJTXCKDLK5,Psychology,Social Sciences,0.0009538000000000001
FFWJTXCKDLK5,Health Professions,Health Sciences,0.0007112
FFWJTXCKDLK5,"Biochemistry, Genetics and Molecular Biology",Life Sciences,0.0005816
FFWJTXCKDLK5,Engineering,Physical Sciences,0.0002999
FFWJTXCKDLK5,Immunology and Microbiology,Life Sciences,0.0002445
FL6GV84CKN57,Social Sciences,Social Sciences,0.1193326
FL6GV84CKN57,Medicine,Health Sciences,0.10600849999999999
FL6GV84CKN57,Psychology,Social Sciences,0.06654020000000001
FL6GV84CKN57,"Biochemistry, Genetics and Molecular Biology",Life Sciences,0.047872700000000004
FL6GV84CKN57,Neuroscience,Life Sciences,0.034822500000000006
FL6GV84CKN57,"Economics, Econometrics and Finance",Social Sciences,0.033433000000000004
FL6GV84CKN57,Immunology and Microbiology,Life Sciences,0.0198202
FL6GV84CKN57,Physics and Astronomy,Physical Sciences,0.0139022
FL8UNYTG72D1,"Biochemistry, Genetics and Molecular Biology",Life Sciences,0.007404300000000001
FL8UNYTG72D1,Environmental Science,Physical Sciences,0.0046046
FL8UNYTG72D1,Medicine,Health Sciences,0.0029243
FL8UNYTG72D1,Agricultural and Biological Sciences,Life Sciences,0.0016001
FL8UNYTG72D1,Immunology and Microbiology,Life Sciences,0.0007747
FL8UNYTG72D1,Dentistry,Health Sciences,0.000487
FL8UNYTG72D1,Chemistry,Physical Sciences,0.0004399
FLJ7DQKLL226,Medicine,Health Sciences,0.3343068999999999
FLJ7DQKLL226,"Biochemistry, Genetics and Molecular Biology",Life Sciences,0.043752700000000005
FLJ7DQKLL226,Neuroscience,Life Sciences,0.020753
FLJ7DQKLL226,Psychology,Social Sciences,0.0181046
FLJ7DQKLL226,Social Sciences,Social Sciences,0.016152
FLJ7DQKLL226,Engineering,Physical Sciences,0.0144782
FN2YCS2YAUW3,Physics and Astronomy,Physical Sciences,0.0617464
FN2YCS2YAUW3,Veterinary,Health Sciences,0.0484434
FN2YCS2YAUW3,Engineering,Physical Sciences,0.0450453
FN2YCS2YAUW3,Agricultural and Biological Sciences,Life Sciences,0.030398
FN2YCS2YAUW3,Medicine,Health Sciences,0.025847000000000002
FN2YCS2YAUW3,Materials Science,Physical Sciences,0.0135793
FN2YCS2YAUW3,Environmental Science,Physical Sciences,0.010655
FPCUDWBE7DX2,Medicine,Health Sciences,0.0214435
FPCUDWBE7DX2,"Biochemistry, Genetics and Molecular Biology",Life Sciences,0.0026824
FPCUDWBE7DX2,Veterinary,Health Sciences,0.0025147
FPCUDWBE7DX2,Immunology and Microbiology,Life Sciences,0.0015788999999999998
FPCUDWBE7DX2,Chemistry,Physical Sciences,0.001084
FPCUDWBE7DX2,Agricultural and Biological Sciences,Life Sciences,0.0005746
FPU6XGFXMBE9,Arts and Humanities,Social Sciences,0.0654338
FPU6XGFXMBE9,Social Sciences,Social Sciences,0.049612
FPU6XGFXMBE9,Physics and Astronomy,Physical Sciences,0.0430036
FPU6XGFXMBE9,Computer Science,Physical Sciences,0.0250166
FPU6XGFXMBE9,Engineering,Physical Sciences,0.0139998
FPU6XGFXMBE9,"Economics, Econometrics and Finance",Social Sciences,0.0083837
FPU6XGFXMBE9,Mathematics,Physical Sciences,0.0080327
FPU6XGFXMBE9,"Business, Management and Accounting",Social Sciences,0.0068744
FTMTDMBR29C7,Medicine,Health Sciences,0.36751980000000006
FTMTDMBR29C7,Health Professions,Health Sciences,0.0696244
FTMTDMBR29C7,Social Sciences,Social Sciences,0.0644419
FTMTDMBR29C7,Immunology and Microbiology,Life Sciences,0.046054300000000006
FTMTDMBR29C7,Physics and Astronomy,Physical Sciences,0.026232
FTMTDMBR29C7,"Biochemistry, Genetics and Molecular Biology",Life Sciences,0.019626
FTMTDMBR29C7,Nursing,Health Sciences,0.0186171
FWY1FX3THXC5,Social Sciences,Social Sciences,0.0004681
FWY1FX3THXC5,Agricultural and Biological Sciences,Life Sciences,8.060000000000001e-05
FWY1FX3THXC5,Materials Science,Physical Sciences,7.67e-05
FWY1FX3THXC5,Decision Sciences,Social Sciences,7.65e-05
FWY1FX3THXC5,Computer Science,Physical Sciences,7.31e-05
FWY1FX3THXC5,"Biochemistry, Genetics and Molecular Biology",Life Sciences,7.13e-05
FWY1FX3THXC5,Psychology,Social Sciences,6.26e-05
FWY1FX3THXC5,Health Professions,Health Sciences,4.67e-05
FWY1FX3THXC5,Neuroscience,Life Sciences,4.4e-05
FWY1FX3THXC5,Mathematics,Physical Sciences,4.12e-05
FWY1FX3THXC5,"Business, Management and Accounting",Social Sciences,4.02e-05
FWY1FX3THXC5,Environmental Science,Physical Sciences,3.64e-05
FWY1FX3THXC5,Arts and Humanities,Social Sciences,3.49e-05
FWY1FX3THXC5,Medicine,Health Sciences,2.86e-05
FXKMA43NTV21,"Biochemistry, Genetics and Molecular Biology",Life Sciences,0.11817079999999999
FXKMA43NTV21,Medicine,Health Sciences,0.0951363
FXKMA43NTV21,Neuroscience,Life Sciences,0.0186633
FXKMA43NTV21,Engineering,Physical Sciences,0.0121701
FXKMA43NTV21,Social Sciences,Social Sciences,0.0101481
FXKMA43NTV21,Psychology,Social Sciences,0.0092106
FY85DRNMJAM4,Social Sciences,Social Sciences,0.0027223
FY85DRNMJAM4,Computer Science,Physical Sciences,0.00201
FY85DRNMJAM4,Psychology,Social Sciences,0.0016041
FY85DRNMJAM4,Medicine,Health Sciences,0.0007921
FY85DRNMJAM4,Mathematics,Physical Sciences,0.0006343
FY85DRNMJAM4,Engineering,Physical Sciences,0.00044669999999999996
FZRNFQTKADH1,Social Sciences,Social Sciences,0.003718
FZRNFQTKADH1,Agricultural and Biological Sciences,Life Sciences,0.0036407
FZRNFQTKADH1,Earth and Planetary Sciences,Physical Sciences,0.0020788
FZRNFQTKADH1,Arts and Humanities,Social Sciences,0.0016749
FZRNFQTKADH1,"Business, Management and Accounting",Social Sciences,0.0009705
FZRNFQTKADH1,"Economics, Econometrics and Finance",Social Sciences,0.0008389000000000001
FZRNFQTKADH1,Medicine,Health Sciences,0.0007455000000000001
FZRNFQTKADH1,Decision Sciences,Social Sciences,0.0003799
FZRNFQTKADH1,Environmental Science,Physical Sciences,0.0003577
G15AG3BLLMH4,Social Sciences,Social Sciences,0.003718
G15AG3BLLMH4,Agricultural and Biological Sciences,Life Sciences,0.0036407
G15AG3BLLMH4,Earth and Planetary Sciences,Physical Sciences,0.0020788
G15AG3BLLMH4,Arts and Humanities,Social Sciences,0.0016749
G15AG3BLLMH4,"Business, Management and Accounting",Social Sciences,0.0009705
G15AG3BLLMH4,"Economics, Econometrics and Finance",Social Sciences,0.0008389000000000001
G15AG3BLLMH4,Medicine,Health Sciences,0.0007455000000000001
G15AG3BLLMH4,Decision Sciences,Social Sciences,0.0003799
G15AG3BLLMH4,Environmental Science,Physical Sciences,0.0003577
G192A9HR62S5,Neuroscience,Life Sciences,0.006069099999999999
G192A9HR62S5,Medicine,Health Sciences,0.0047239000000000005
G192A9HR62S5,"Biochemistry, Genetics and Molecular Biology",Life Sciences,0.0034741
G192A9HR62S5,Social Sciences,Social Sciences,0.0005447
G192A9HR62S5,Engineering,Physical Sciences,0.0003308
G1THVER8BNL4,Physics and Astronomy,Physical Sciences,0.0255574
G1THVER8BNL4,"Biochemistry, Genetics and Molecular Biology",Life Sciences,0.021633600000000003
G1THVER8BNL4,Engineering,Physical Sciences,0.009627700000000001
G1THVER8BNL4,Medicine,Health Sciences,0.0073604
G1THVER8BNL4,Social Sciences,Social Sciences,0.0060586
G1THVER8BNL4,Agricultural and Biological Sciences,Life Sciences,0.005927
G1THVER8BNL4,Earth and Planetary Sciences,Physical Sciences,0.0056264
G1THVER8BNL4,Materials Science,Physical Sciences,0.0030262
G1THVER8BNL4,"Pharmacology, Toxicology and Pharmaceutics",Life Sciences,0.0029371
G389MFAYJNG9,Social Sciences,Social Sciences,0.07736070000000002
G389MFAYJNG9,Physics and Astronomy,Physical Sciences,0.0323769
G389MFAYJNG9,Arts and Humanities,Social Sciences,0.0312521
G389MFAYJNG9,Medicine,Health Sciences,0.0205928
G389MFAYJNG9,Decision Sciences,Social Sciences,0.005814
G389MFAYJNG9,Engineering,Physical Sciences,0.0054258
G389MFAYJNG9,Psychology,Social Sciences,0.0053926
G389MFAYJNG9,Neuroscience,Life Sciences,0.0051365
G389MFAYJNG9,Health Professions,Health Sciences,0.0045791
G47WN1XZNWX9,Psychology,Social Sciences,0.0403619
G47WN1XZNWX9,Social Sciences,Social Sciences,0.0207156
G47WN1XZNWX9,Arts and Humanities,Social Sciences,0.0146269
G47WN1XZNWX9,Mathematics,Physical Sciences,0.0077253
G47WN1XZNWX9,Materials Science,Physical Sciences,0.0058012
G47WN1XZNWX9,Engineering,Physical Sciences,0.0056104
G47WN1XZNWX9,Chemical Engineering,Physical Sciences,0.0049842
G47WN1XZNWX9,"Biochemistry, Genetics and Molecular Biology",Life Sciences,0.0046126
G47WN1XZNWX9,Environmental Science,Physical Sciences,0.0041099
G47WN1XZNWX9,"Business, Management and Accounting",Social Sciences,0.0037928
G56PUALJ3KT5,Medicine,Health Sciences,0.12104619999999999
G56PUALJ3KT5,Physics and Astronomy,Physical Sciences,0.0784344
G56PUALJ3KT5,Agricultural and Biological Sciences,Life Sciences,0.0602979
G56PUALJ3KT5,Veterinary,Health Sciences,0.050921400000000006
G56PUALJ3KT5,"Biochemistry, Genetics and Molecular Biology",Life Sciences,0.0319746
G56PUALJ3KT5,"Business, Management and Accounting",Social Sciences,0.0281795
G56PUALJ3KT5,Decision Sciences,Social Sciences,0.0153286
G56PUALJ3KT5,Social Sciences,Social Sciences,0.0142732
G7MQPLSUX1L4,Medicine,Health Sciences,0.18426650000000006
G7MQPLSUX1L4,"Biochemistry, Genetics and Molecular Biology",Life Sciences,0.0480673
G7MQPLSUX1L4,Health Professions,Health Sciences,0.0123374
G88KLJR3KYT5,Medicine,Health Sciences,0.0951782
G88KLJR3KYT5,Engineering,Physical Sciences,0.0372165
G88KLJR3KYT5,Social Sciences,Social Sciences,0.031193400000000003
G88KLJR3KYT5,"Biochemistry, Genetics and Molecular Biology",Life Sciences,0.0256039
G88KLJR3KYT5,Psychology,Social Sciences,0.0187883
G88KLJR3KYT5,Computer Science,Physical Sciences,0.0176382
G88KLJR3KYT5,Environmental Science,Physical Sciences,0.012288
G88KLJR3KYT5,Decision Sciences,Social Sciences,0.0103013
G88KLJR3KYT5,Neuroscience,Life Sciences,0.0094637
G9QBQDH39DF4,Physics and Astronomy,Physical Sciences,0.1636603
G9QBQDH39DF4,Materials Science,Physical Sciences,0.0243379
G9QBQDH39DF4,Engineering,Physical Sciences,0.023456200000000003
G9QBQDH39DF4,Environmental Science,Physical Sciences,0.0114046
G9QBQDH39DF4,Psychology,Social Sciences,0.0090388
G9QBQDH39DF4,Social Sciences,Social Sciences,0.0076964
GBNGC495XA67,Social Sciences,Social Sciences,0.0175919
GBNGC495XA67,Psychology,Social Sciences,0.0085648
GBNGC495XA67,Computer Science,Physical Sciences,0.0037153999999999998
GBNGC495XA67,Earth and Planetary Sciences,Physical Sciences,0.0025825
GBNGC495XA67,Arts and Humanities,Social Sciences,0.0025017
GBNGC495XA67,"Business, Management and Accounting",Social Sciences,0.0023232
GBNGC495XA67,Agricultural and Biological Sciences,Life Sciences,0.001408
GFKFBWG2TV98,Earth and Planetary Sciences,Physical Sciences,0.15647969999999997
GFKFBWG2TV98,Environmental Science,Physical Sciences,0.07302949999999998
GFKFBWG2TV98,Engineering,Physical Sciences,0.0118952
GKMSN3DA6P91,Engineering,Physical Sciences,0.0397332
GKMSN3DA6P91,Environmental Science,Physical Sciences,0.016659999999999998
GKMSN3DA6P91,Materials Science,Physical Sciences,0.008008000000000001
GKMSN3DA6P91,Earth and Planetary Sciences,Physical Sciences,0.0050944
GKMSN3DA6P91,Agricultural and Biological Sciences,Life Sciences,0.0049251
GKMSN3DA6P91,Chemical Engineering,Physical Sciences,0.0035644
GKMSN3DA6P91,Social Sciences,Social Sciences,0.0035556
GKMSN3DA6P91,Physics and Astronomy,Physical Sciences,0.0022438
GKPBCFV1QMM3,Medicine,Health Sciences,0.18026589999999998
GKPBCFV1QMM3,"Biochemistry, Genetics and Molecular Biology",Life Sciences,0.019602
GKPBCFV1QMM3,Neuroscience,Life Sciences,0.0093679
GKPBCFV1QMM3,Social Sciences,Social Sciences,0.0072977
GL8EKK2U5YE9,Social Sciences,Social Sciences,0.0012245000000000001
GL8EKK2U5YE9,Computer Science,Physical Sciences,0.0009575
GL8EKK2U5YE9,Psychology,Social Sciences,0.00024510000000000005
GL8EKK2U5YE9,Decision Sciences,Social Sciences,0.0001675
GL8EKK2U5YE9,Arts and Humanities,Social Sciences,8.099999999999999e-05
GL8EKK2U5YE9,"Business, Management and Accounting",Social Sciences,3.78e-05
GM1XX56LEP58,Medicine,Health Sciences,0.1737939
GM1XX56LEP58,"Biochemistry, Genetics and Molecular Biology",Life Sciences,0.066353
GM1XX56LEP58,Veterinary,Health Sciences,0.059463
GM1XX56LEP58,Social Sciences,Social Sciences,0.0310529
GM1XX56LEP58,"Economics, Econometrics and Finance",Social Sciences,0.027699500000000002
GM1XX56LEP58,Agricultural and Biological Sciences,Life Sciences,0.0195669
GM1XX56LEP58,Mathematics,Physical Sciences,0.0180842
GM1XX56LEP58,Neuroscience,Life Sciences,0.0146876
GM1XX56LEP58,"Business, Management and Accounting",Social Sciences,0.0137394
GM6EL1UH2L83,Earth and Planetary Sciences,Physical Sciences,0.0179016
GM6EL1UH2L83,Environmental Science,Physical Sciences,0.014105600000000003
GM6EL1UH2L83,Engineering,Physical Sciences,0.0028809
GM6EL1UH2L83,Agricultural and Biological Sciences,Life Sciences,0.0015548
GM6EL1UH2L83,"Biochemistry, Genetics and Molecular Biology",Life Sciences,0.0012867
GMR5T8P487D7,"Biochemistry, Genetics and Molecular Biology",Life Sciences,0.0049525
GMR5T8P487D7,Materials Science,Physical Sciences,0.0010081
GMR5T8P487D7,Immunology and Microbiology,Life Sciences,0.0005255
GMR5T8P487D7,Energy,Physical Sciences,0.0002627
GMR5T8P487D7,Environmental Science,Physical Sciences,0.0002505
GMR5T8P487D7,Physics and Astronomy,Physical Sciences,0.0002368
GMR5T8P487D7,Chemistry,Physical Sciences,0.0002334
GNJ7BBP73WE9,Social Sciences,Social Sciences,0.2912072
GNJ7BBP73WE9,Medicine,Health Sciences,0.055545300000000006
GNJ7BBP73WE9,"Biochemistry, Genetics and Molecular Biology",Life Sciences,0.0412175
GNJ7BBP73WE9,Engineering,Physical Sciences,0.0402902
GNJ7BBP73WE9,"Economics, Econometrics and Finance",Social Sciences,0.036062
GNJ7BBP73WE9,"Business, Management and Accounting",Social Sciences,0.0350684
GNJ7BBP73WE9,Veterinary,Health Sciences,0.0291424
GNJ7BBP73WE9,Chemistry,Physical Sciences,0.0232929
GNJ7BBP73WE9,Decision Sciences,Social Sciences,0.0219082
GNJ7BBP73WE9,Computer Science,Physical Sciences,0.0218595
GNJ7BBP73WE9,Agricultural and Biological Sciences,Life Sciences,0.0212029
GNJ7BBP73WE9,Physics and Astronomy,Physical Sciences,0.0191896
GNJ7BBP73WE9,Mathematics,Physical Sciences,0.0176159
GS3YEVSS12N6,Medicine,Health Sciences,0.0231188
GS3YEVSS12N6,Social Sciences,Social Sciences,0.020362900000000003
GS3YEVSS12N6,Psychology,Social Sciences,0.0041235
GS3YEVSS12N6,Physics and Astronomy,Physical Sciences,0.0024028
GS3YEVSS12N6,Engineering,Physical Sciences,0.00216
GS3YEVSS12N6,Neuroscience,Life Sciences,0.0021368
GS3YEVSS12N6,Arts and Humanities,Social Sciences,0.0018792
GS3YEVSS12N6,Health Professions,Health Sciences,0.0018601
GT28BRBA2Q49,"Economics, Econometrics and Finance",Social Sciences,0.4682569999999999
GT28BRBA2Q49,Social Sciences,Social Sciences,0.1245805
GT28BRBA2Q49,"Business, Management and Accounting",Social Sciences,0.0842735
GT28BRBA2Q49,Health Professions,Health Sciences,0.0208976
GTNBNWXJ12D5,"Biochemistry, Genetics and Molecular Biology",Life Sciences,0.041858
GTNBNWXJ12D5,Medicine,Health Sciences,0.038345800000000006
GTNBNWXJ12D5,Social Sciences,Social Sciences,0.029220799999999998
GTNBNWXJ12D5,Psychology,Social Sciences,0.0265592
GTNBNWXJ12D5,Neuroscience,Life Sciences,0.026143899999999998
GTNBNWXJ12D5,Veterinary,Health Sciences,0.0206864
GTNBNWXJ12D5,Agricultural and Biological Sciences,Life Sciences,0.0151757
GTNBNWXJ12D5,Engineering,Physical Sciences,0.0124407
GTNBNWXJ12D5,"Pharmacology, Toxicology and Pharmaceutics",Life Sciences,0.0091527
GTNBNWXJ12D5,Decision Sciences,Social Sciences,0.0089123
GTNBNWXJ12D5,Mathematics,Physical Sciences,0.0087956
GTNBNWXJ12D5,"Economics, Econometrics and Finance",Social Sciences,0.0080804
GV31TMFLPY88,"Biochemistry, Genetics and Molecular Biology",Life Sciences,0.0401988
GV31TMFLPY88,Agricultural and Biological Sciences,Life Sciences,0.0057841
GV31TMFLPY88,Neuroscience,Life Sciences,0.0046955
GV31TMFLPY88,Medicine,Health Sciences,0.004422199999999999
GY8NMUZQXVS7,Engineering,Physical Sciences,0.0523439
GY8NMUZQXVS7,Earth and Planetary Sciences,Physical Sciences,0.0362984
GY8NMUZQXVS7,Physics and Astronomy,Physical Sciences,0.0345257
GY8NMUZQXVS7,Environmental Science,Physical Sciences,0.0181664
GY8NMUZQXVS7,Social Sciences,Social Sciences,0.0134672
GY8NMUZQXVS7,Psychology,Social Sciences,0.0088186
GY8NMUZQXVS7,"Business, Management and Accounting",Social Sciences,0.0039652
GYLUH9UXHDX5,Medicine,Health Sciences,0.0858414
GYLUH9UXHDX5,"Biochemistry, Genetics and Molecular Biology",Life Sciences,0.027597899999999998
GYLUH9UXHDX5,Health Professions,Health Sciences,0.0080836
GYLUH9UXHDX5,Social Sciences,Social Sciences,0.0078637
GYLUH9UXHDX5,Nursing,Health Sciences,0.0055399
GYLUH9UXHDX5,"Economics, Econometrics and Finance",Social Sciences,0.0046289
GYLUH9UXHDX5,Engineering,Physical Sciences,0.0045669
GZRNJ1GZDBM1,Social Sciences,Social Sciences,0.0003331
GZRNJ1GZDBM1,Engineering,Physical Sciences,0.00022980000000000003
GZRNJ1GZDBM1,Agricultural and Biological Sciences,Life Sciences,0.00015480000000000002
GZRNJ1GZDBM1,"Biochemistry, Genetics and Molecular Biology",Life Sciences,9.81e-05
GZRNJ1GZDBM1,Arts and Humanities,Social Sciences,9.58e-05
GZRNJ1GZDBM1,Computer Science,Physical Sciences,8.070000000000001e-05
GZRNJ1GZDBM1,Environmental Science,Physical Sciences,4.75e-05
GZRNJ1GZDBM1,Mathematics,Physical Sciences,4.12e-05
GZRNJ1GZDBM1,"Business, Management and Accounting",Social Sciences,3.11e-05
H1HYA8Z1NTM5,Medicine,Health Sciences,0.0498507
H1HYA8Z1NTM5,Agricultural and Biological Sciences,Life Sciences,0.0335503
H1HYA8Z1NTM5,Social Sciences,Social Sciences,0.0275379
H1HYA8Z1NTM5,Psychology,Social Sciences,0.0141434
H1HYA8Z1NTM5,Earth and Planetary Sciences,Physical Sciences,0.0129569
H1HYA8Z1NTM5,"Biochemistry, Genetics and Molecular Biology",Life Sciences,0.0123715
H1HYA8Z1NTM5,Environmental Science,Physical Sciences,0.0118997
H1HYA8Z1NTM5,Veterinary,Health Sciences,0.0111867
H1HYA8Z1NTM5,"Business, Management and Accounting",Social Sciences,0.0083793
H1HYA8Z1NTM5,Mathematics,Physical Sciences,0.0079259
H1HYA8Z1NTM5,Health Professions,Health Sciences,0.0069922
H1HYA8Z1NTM5,Engineering,Physical Sciences,0.0060733
H1TYS4PK8EC5,Neuroscience,Life Sciences,0.0074122
H1TYS4PK8EC5,Psychology,Social Sciences,0.0069033
H1TYS4PK8EC5,Social Sciences,Social Sciences,0.0031536999999999997
H1TYS4PK8EC5,Health Professions,Health Sciences,0.0022237000000000003
H1TYS4PK8EC5,Medicine,Health Sciences,0.0009435
H1TYS4PK8EC5,Computer Science,Physical Sciences,0.0005462
H1TYS4PK8EC5,Engineering,Physical Sciences,0.0004892
H1TYS4PK8EC5,"Biochemistry, Genetics and Molecular Biology",Life Sciences,0.0004155
H2BMNX7DSKU8,Agricultural and Biological Sciences,Life Sciences,0.0339215
H2BMNX7DSKU8,Environmental Science,Physical Sciences,0.0209125
H2BMNX7DSKU8,Psychology,Social Sciences,0.0201293
H2BMNX7DSKU8,Engineering,Physical Sciences,0.0198142
H2BMNX7DSKU8,Social Sciences,Social Sciences,0.0185156
H2BMNX7DSKU8,"Biochemistry, Genetics and Molecular Biology",Life Sciences,0.0052409
H2BMNX7DSKU8,Physics and Astronomy,Physical Sciences,0.0052109
H2BMNX7DSKU8,"Business, Management and Accounting",Social Sciences,0.0046475
H4CAHK2RD945,Social Sciences,Social Sciences,0.0559489
H4CAHK2RD945,Psychology,Social Sciences,0.0069589000000000005
H4CAHK2RD945,Health Professions,Health Sciences,0.0066809999999999994
H4CAHK2RD945,Environmental Science,Physical Sciences,0.0040562
H4CAHK2RD945,Decision Sciences,Social Sciences,0.0039921
H4CAHK2RD945,Computer Science,Physical Sciences,0.0039733
H4CAHK2RD945,Agricultural and Biological Sciences,Life Sciences,0.00335
H4CAHK2RD945,Arts and Humanities,Social Sciences,0.0030944
H4CAHK2RD945,Engineering,Physical Sciences,0.0029058
H4VNDUN2VWU5,Social Sciences,Social Sciences,0.1061088
H4VNDUN2VWU5,"Business, Management and Accounting",Social Sciences,0.0208406
H4VNDUN2VWU5,"Economics, Econometrics and Finance",Social Sciences,0.0055241
H4VNDUN2VWU5,Environmental Science,Physical Sciences,0.0043798
H58TR2D7DNE3,Medicine,Health Sciences,0.0036116000000000004
H58TR2D7DNE3,Psychology,Social Sciences,0.0010744
H58TR2D7DNE3,"Biochemistry, Genetics and Molecular Biology",Life Sciences,0.0009709
H58TR2D7DNE3,Neuroscience,Life Sciences,0.0004762
H58TR2D7DNE3,Arts and Humanities,Social Sciences,0.000321
H58TR2D7DNE3,Veterinary,Health Sciences,0.0002962
H58TR2D7DNE3,Health Professions,Health Sciences,0.0002279
H59JKGFZKHL7,Medicine,Health Sciences,0.0327083
H59JKGFZKHL7,Social Sciences,Social Sciences,0.024118499999999998
H59JKGFZKHL7,Psychology,Social Sciences,0.0198929
H59JKGFZKHL7,Environmental Science,Physical Sciences,0.0059238
H59JKGFZKHL7,Neuroscience,Life Sciences,0.0043543
H59JKGFZKHL7,Arts and Humanities,Social Sciences,0.0033082
H59JKGFZKHL7,Health Professions,Health Sciences,0.0031779
H59JKGFZKHL7,Computer Science,Physical Sciences,0.0030893
H59JKGFZKHL7,Engineering,Physical Sciences,0.0029628
H5G9NWEFHXN4,"Biochemistry, Genetics and Molecular Biology",Life Sciences,0.1705905
H5G9NWEFHXN4,Social Sciences,Social Sciences,0.0075926
H5G9NWEFHXN4,Medicine,Health Sciences,0.007298799999999999
H5G9NWEFHXN4,Immunology and Microbiology,Life Sciences,0.0037038
H65GNDPBTRY7,Medicine,Health Sciences,0.0139287
H65GNDPBTRY7,Health Professions,Health Sciences,0.01133
H65GNDPBTRY7,"Economics, Econometrics and Finance",Social Sciences,0.0038773
H65GNDPBTRY7,Social Sciences,Social Sciences,0.0011464
H6D6JMXJXDE6,Medicine,Health Sciences,0.025322499999999998
H6D6JMXJXDE6,"Biochemistry, Genetics and Molecular Biology",Life Sciences,0.023014000000000003
H6D6JMXJXDE6,Dentistry,Health Sciences,0.0090384
H6D6JMXJXDE6,Psychology,Social Sciences,0.0042042
H6D6JMXJXDE6,Immunology and Microbiology,Life Sciences,0.0024482
H6D6JMXJXDE6,Neuroscience,Life Sciences,0.0023868
H6D6JMXJXDE6,Health Professions,Health Sciences,0.0019875
H6N1ZF5HJ2G3,Medicine,Health Sciences,0.1285367
H6N1ZF5HJ2G3,"Biochemistry, Genetics and Molecular Biology",Life Sciences,0.0388788
H6N1ZF5HJ2G3,Immunology and Microbiology,Life Sciences,0.005541
HB6KNGVNJRU1,Physics and Astronomy,Physical Sciences,0.038719300000000005
HB6KNGVNJRU1,Engineering,Physical Sciences,0.0340706
HB6KNGVNJRU1,Environmental Science,Physical Sciences,0.006037300000000001
HB6KNGVNJRU1,Earth and Planetary Sciences,Physical Sciences,0.0058256
HB6KNGVNJRU1,"Biochemistry, Genetics and Molecular Biology",Life Sciences,0.0030079
HB6KNGVNJRU1,Materials Science,Physical Sciences,0.0025425
HD1WMN6945W6,Medicine,Health Sciences,0.20067999999999997
HD1WMN6945W6,"Biochemistry, Genetics and Molecular Biology",Life Sciences,0.0543264
HD1WMN6945W6,Immunology and Microbiology,Life Sciences,0.0433148
HD1WMN6945W6,Health Professions,Health Sciences,0.0356394
HD1WMN6945W6,Earth and Planetary Sciences,Physical Sciences,0.0351131
HD1WMN6945W6,Social Sciences,Social Sciences,0.0320403
HD1WMN6945W6,Environmental Science,Physical Sciences,0.030161
HD1WMN6945W6,Computer Science,Physical Sciences,0.0163495
HFT7XTHB6563,"Biochemistry, Genetics and Molecular Biology",Life Sciences,0.3848736
HFT7XTHB6563,Medicine,Health Sciences,0.2187899
HFT7XTHB6563,Materials Science,Physical Sciences,0.16704449999999998
HFT7XTHB6563,Engineering,Physical Sciences,0.0167773
HFT7XTHB6563,Chemistry,Physical Sciences,0.0112598
HFT7XTHB6563,Health Professions,Health Sciences,0.0100558
HFT7XTHB6563,Neuroscience,Life Sciences,0.0049827
HGAAKCE3A7P7,Social Sciences,Social Sciences,0.004072
HGAAKCE3A7P7,"Biochemistry, Genetics and Molecular Biology",Life Sciences,0.0022259
HGAAKCE3A7P7,Medicine,Health Sciences,0.0017345
HGAAKCE3A7P7,Psychology,Social Sciences,0.0010821
HGAAKCE3A7P7,Computer Science,Physical Sciences,0.000698
HGAAKCE3A7P7,Environmental Science,Physical Sciences,0.000308
HH1NQ1B5MPV3,"Biochemistry, Genetics and Molecular Biology",Life Sciences,0.0071706999999999995
HH1NQ1B5MPV3,Arts and Humanities,Social Sciences,0.0061595
HH1NQ1B5MPV3,Medicine,Health Sciences,0.0050462
HH1NQ1B5MPV3,Health Professions,Health Sciences,0.0025904
HH1NQ1B5MPV3,Agricultural and Biological Sciences,Life Sciences,0.0025553
HH1NQ1B5MPV3,Social Sciences,Social Sciences,0.0018574
HH1NQ1B5MPV3,Mathematics,Physical Sciences,0.0010925
HH1NQ1B5MPV3,Neuroscience,Life Sciences,0.0008111
HJD6G4D6TJY5,Medicine,Health Sciences,0.06979
HJD6G4D6TJY5,Social Sciences,Social Sciences,0.0663073
HJD6G4D6TJY5,Decision Sciences,Social Sciences,0.053762399999999995
HJD6G4D6TJY5,"Biochemistry, Genetics and Molecular Biology",Life Sciences,0.0536091
HJD6G4D6TJY5,Computer Science,Physical Sciences,0.0463335
HJD6G4D6TJY5,Neuroscience,Life Sciences,0.0311831
HJD6G4D6TJY5,Mathematics,Physical Sciences,0.0309675
HJD6G4D6TJY5,Physics and Astronomy,Physical Sciences,0.0173164
HJD6G4D6TJY5,"Economics, Econometrics and Finance",Social Sciences,0.0163111
HJD6G4D6TJY5,Psychology,Social Sciences,0.0147127
HJD6G4D6TJY5,Immunology and Microbiology,Life Sciences,0.0145337
HJMKEF7EJW69,Medicine,Health Sciences,0.0810134
HJMKEF7EJW69,"Biochemistry, Genetics and Molecular Biology",Life Sciences,0.0443906
HJMKEF7EJW69,Neuroscience,Life Sciences,0.0334998
HJMKEF7EJW69,Materials Science,Physical Sciences,0.0122645
HJMKEF7EJW69,Immunology and Microbiology,Life Sciences,0.0066003
HJMKEF7EJW69,Engineering,Physical Sciences,0.0065675
HJMKEF7EJW69,Social Sciences,Social Sciences,0.0061556
HJNQME41NBU4,Engineering,Physical Sciences,0.027019799999999993
HJNQME41NBU4,Computer Science,Physical Sciences,0.0247555
HJNQME41NBU4,Decision Sciences,Social Sciences,0.0046048
HJNQME41NBU4,Social Sciences,Social Sciences,0.0021728
HJNQME41NBU4,Mathematics,Physical Sciences,0.001983
HJNQME41NBU4,"Business, Management and Accounting",Social Sciences,0.0019097
HJNQME41NBU4,Physics and Astronomy,Physical Sciences,0.0018308
HJTLACN81NK1,Psychology,Social Sciences,0.019327800000000003
HJTLACN81NK1,Social Sciences,Social Sciences,0.0085025
HJTLACN81NK1,"Biochemistry, Genetics and Molecular Biology",Life Sciences,0.0073175
HJTLACN81NK1,Medicine,Health Sciences,0.0072827000000000005
HJTLACN81NK1,Engineering,Physical Sciences,0.0061653
HJTLACN81NK1,Computer Science,Physical Sciences,0.0054182
HJTLACN81NK1,Materials Science,Physical Sciences,0.0029801
HJTLACN81NK1,Decision Sciences,Social Sciences,0.0018748
HKJCKTFJNBM7,Social Sciences,Social Sciences,0.0638668
HKJCKTFJNBM7,"Business, Management and Accounting",Social Sciences,0.0246473
HKJCKTFJNBM7,Arts and Humanities,Social Sciences,0.0216549
HKJCKTFJNBM7,"Economics, Econometrics and Finance",Social Sciences,0.0145805
HKJCKTFJNBM7,Mathematics,Physical Sciences,0.0038876
HLTMVS2JZBS6,Social Sciences,Social Sciences,0.0412917
HLTMVS2JZBS6,Physics and Astronomy,Physical Sciences,0.028572199999999996
HLTMVS2JZBS6,Materials Science,Physical Sciences,0.0133939
HLTMVS2JZBS6,Computer Science,Physical Sciences,0.011844499999999999
HLTMVS2JZBS6,Mathematics,Physical Sciences,0.009023699999999999
HLTMVS2JZBS6,Engineering,Physical Sciences,0.0055503
HLTMVS2JZBS6,Medicine,Health Sciences,0.0044649
HLTMVS2JZBS6,Psychology,Social Sciences,0.0036221
HMSNCM57QNR5,Medicine,Health Sciences,0.21849900000000003
HMSNCM57QNR5,"Biochemistry, Genetics and Molecular Biology",Life Sciences,0.033982
HMSNCM57QNR5,Immunology and Microbiology,Life Sciences,0.0182338
HMSNCM57QNR5,"Economics, Econometrics and Finance",Social Sciences,0.0107755
HS5HWWK1AAU5,Social Sciences,Social Sciences,0.0403414
HS5HWWK1AAU5,Psychology,Social Sciences,0.0122326
HS5HWWK1AAU5,Mathematics,Physical Sciences,0.0042621
HS5HWWK1AAU5,"Economics, Econometrics and Finance",Social Sciences,0.0027366
HS5HWWK1AAU5,Agricultural and Biological Sciences,Life Sciences,0.0023143
HS5HWWK1AAU5,Health Professions,Health Sciences,0.0020728
HTQ6K6NJFHA6,Social Sciences,Social Sciences,0.003718
HTQ6K6NJFHA6,Agricultural and Biological Sciences,Life Sciences,0.0036407
HTQ6K6NJFHA6,Earth and Planetary Sciences,Physical Sciences,0.0020788
HTQ6K6NJFHA6,Arts and Humanities,Social Sciences,0.0016749
HTQ6K6NJFHA6,"Business, Management and Accounting",Social Sciences,0.0009705
HTQ6K6NJFHA6,"Economics, Econometrics and Finance",Social Sciences,0.0008389000000000001
HTQ6K6NJFHA6,Medicine,Health Sciences,0.0007455000000000001
HTQ6K6NJFHA6,Decision Sciences,Social Sciences,0.0003799
HTQ6K6NJFHA6,Environmental Science,Physical Sciences,0.0003577
HVE6K4YS3B51,Social Sciences,Social Sciences,0.007112800000000001
HVE6K4YS3B51,Medicine,Health Sciences,0.0043961
HVE6K4YS3B51,Environmental Science,Physical Sciences,0.0027639
HVE6K4YS3B51,Health Professions,Health Sciences,0.0017402999999999997
HVE6K4YS3B51,"Economics, Econometrics and Finance",Social Sciences,0.0006636
HVE6K4YS3B51,Agricultural and Biological Sciences,Life Sciences,0.0006077
HVE6K4YS3B51,"Business, Management and Accounting",Social Sciences,0.0004603
HWPEKM8VFTJ9,Social Sciences,Social Sciences,0.0212699
HWPEKM8VFTJ9,Health Professions,Health Sciences,0.0166029
HWPEKM8VFTJ9,Psychology,Social Sciences,0.0116059
HWPEKM8VFTJ9,Medicine,Health Sciences,0.0089655
HWPEKM8VFTJ9,"Business, Management and Accounting",Social Sciences,0.0057764
HWPEKM8VFTJ9,Computer Science,Physical Sciences,0.0028426
HWPEKM8VFTJ9,Engineering,Physical Sciences,0.0026606
HWPEKM8VFTJ9,Agricultural and Biological Sciences,Life Sciences,0.002557
HWPEKM8VFTJ9,Nursing,Health Sciences,0.0023824
HYN3WD58HNN7,Arts and Humanities,Social Sciences,0.0003665
HYN3WD58HNN7,Environmental Science,Physical Sciences,0.00026199999999999997
HYN3WD58HNN7,Social Sciences,Social Sciences,0.00010829999999999999
HYN3WD58HNN7,Physics and Astronomy,Physical Sciences,9.669999999999999e-05
HYN3WD58HNN7,Medicine,Health Sciences,9.14e-05
HYN3WD58HNN7,Engineering,Physical Sciences,8.37e-05
HYN3WD58HNN7,"Biochemistry, Genetics and Molecular Biology",Life Sciences,6.28e-05
HYN3WD58HNN7,Agricultural and Biological Sciences,Life Sciences,5.35e-05
HYN3WD58HNN7,Health Professions,Health Sciences,5.02e-05
HYN3WD58HNN7,Decision Sciences,Social Sciences,3.64e-05
HYWTVM5HNFM3,Social Sciences,Social Sciences,0.0123116
HYWTVM5HNFM3,Environmental Science,Physical Sciences,0.0095835
HYWTVM5HNFM3,Arts and Humanities,Social Sciences,0.0092126
HYWTVM5HNFM3,Psychology,Social Sciences,0.0062042
HYWTVM5HNFM3,Engineering,Physical Sciences,0.005425999999999999
HYWTVM5HNFM3,Mathematics,Physical Sciences,0.0025078
HYWTVM5HNFM3,Earth and Planetary Sciences,Physical Sciences,0.0022164
HYWTVM5HNFM3,Materials Science,Physical Sciences,0.0022128
HYWTVM5HNFM3,Health Professions,Health Sciences,0.0017273
HYWTVM5HNFM3,Agricultural and Biological Sciences,Life Sciences,0.0016861
HYYJJ5ZP7CR9,Social Sciences,Social Sciences,0.009181199999999999
HYYJJ5ZP7CR9,Engineering,Physical Sciences,0.0046959
HYYJJ5ZP7CR9,"Biochemistry, Genetics and Molecular Biology",Life Sciences,0.0014404
HYYJJ5ZP7CR9,Computer Science,Physical Sciences,0.0013391
HYYJJ5ZP7CR9,Medicine,Health Sciences,0.0008088
HYYJJ5ZP7CR9,Health Professions,Health Sciences,0.0006637
HYYJJ5ZP7CR9,Nursing,Health Sciences,0.0004661
J19ZXYATJLT3,"Biochemistry, Genetics and Molecular Biology",Life Sciences,0.020914999999999996
J19ZXYATJLT3,Medicine,Health Sciences,0.0128371
J22LNTMEDP73,Social Sciences,Social Sciences,0.061622699999999996
J22LNTMEDP73,Health Professions,Health Sciences,0.0325278
J22LNTMEDP73,Medicine,Health Sciences,0.030915
J22LNTMEDP73,Materials Science,Physical Sciences,0.0080768
J22LNTMEDP73,Psychology,Social Sciences,0.0079362
J22LNTMEDP73,Physics and Astronomy,Physical Sciences,0.0058701
J22LNTMEDP73,Chemistry,Physical Sciences,0.005455
J22LNTMEDP73,Engineering,Physical Sciences,0.0047546
J22LNTMEDP73,Computer Science,Physical Sciences,0.0046144
J3M5GZAT8N85,Agricultural and Biological Sciences,Life Sciences,0.023316
J3M5GZAT8N85,Physics and Astronomy,Physical Sciences,0.0200222
J3M5GZAT8N85,Environmental Science,Physical Sciences,0.0187728
J3M5GZAT8N85,Engineering,Physical Sciences,0.0121116
J3M5GZAT8N85,Social Sciences,Social Sciences,0.0106897
J3M5GZAT8N85,Computer Science,Physical Sciences,0.009492
J3M5GZAT8N85,Mathematics,Physical Sciences,0.0066952
J3Z5MNJJ3FZ4,Medicine,Health Sciences,0.022745300000000003
J3Z5MNJJ3FZ4,Immunology and Microbiology,Life Sciences,0.0056262000000000005
J3Z5MNJJ3FZ4,"Biochemistry, Genetics and Molecular Biology",Life Sciences,0.0008939
J3Z5MNJJ3FZ4,Health Professions,Health Sciences,0.000685
J4EYPCJDQ1H6,Medicine,Health Sciences,0.0114674
J4EYPCJDQ1H6,"Biochemistry, Genetics and Molecular Biology",Life Sciences,0.0084593
J4EYPCJDQ1H6,Immunology and Microbiology,Life Sciences,0.0039513
J4EYPCJDQ1H6,Neuroscience,Life Sciences,0.0030588
J4EYPCJDQ1H6,Psychology,Social Sciences,0.0028954
J4EYPCJDQ1H6,Environmental Science,Physical Sciences,0.0008514
J4EYPCJDQ1H6,Agricultural and Biological Sciences,Life Sciences,0.0008216
J6TWTRKC1X14,Physics and Astronomy,Physical Sciences,0.0346015
J6TWTRKC1X14,Engineering,Physical Sciences,0.0339984
J6TWTRKC1X14,Computer Science,Physical Sciences,0.012779099999999998
J6TWTRKC1X14,Psychology,Social Sciences,0.012293
J6TWTRKC1X14,Social Sciences,Social Sciences,0.0069939
J6TWTRKC1X14,Arts and Humanities,Social Sciences,0.005937
J6TWTRKC1X14,Decision Sciences,Social Sciences,0.0032297
J7WULLYGFRH1,Social Sciences,Social Sciences,0.030531100000000002
J7WULLYGFRH1,Psychology,Social Sciences,0.016926
J7WULLYGFRH1,Decision Sciences,Social Sciences,0.0089944
J7WULLYGFRH1,Computer Science,Physical Sciences,0.0087688
J7WULLYGFRH1,Mathematics,Physical Sciences,0.0060751
J7WULLYGFRH1,Arts and Humanities,Social Sciences,0.003503
J7WULLYGFRH1,Neuroscience,Life Sciences,0.0026849
J7WULLYGFRH1,Physics and Astronomy,Physical Sciences,0.0025981
J7WULLYGFRH1,"Business, Management and Accounting",Social Sciences,0.0025963
J7WULLYGFRH1,Agricultural and Biological Sciences,Life Sciences,0.0025894
J7WULLYGFRH1,Engineering,Physical Sciences,0.002586
J9CDGR596MN3,Agricultural and Biological Sciences,Life Sciences,0.0512692
J9CDGR596MN3,Mathematics,Physical Sciences,0.030602900000000002
J9CDGR596MN3,Social Sciences,Social Sciences,0.0292122
J9CDGR596MN3,Psychology,Social Sciences,0.0253346
J9CDGR596MN3,Medicine,Health Sciences,0.0144287
J9CDGR596MN3,Environmental Science,Physical Sciences,0.009236
J9CDGR596MN3,Veterinary,Health Sciences,0.0087571
J9CDGR596MN3,"Biochemistry, Genetics and Molecular Biology",Life Sciences,0.0058377
J9CDGR596MN3,Arts and Humanities,Social Sciences,0.0058014
J9CDGR596MN3,Neuroscience,Life Sciences,0.005646
JB33DT84JNA5,Social Sciences,Social Sciences,0.060123199999999995
JB33DT84JNA5,Psychology,Social Sciences,0.0097591
JB33DT84JNA5,Computer Science,Physical Sciences,0.0094619
JB33DT84JNA5,Engineering,Physical Sciences,0.0064261000000000006
JB33DT84JNA5,Mathematics,Physical Sciences,0.006139
JB33DT84JNA5,"Economics, Econometrics and Finance",Social Sciences,0.0034965
JBQ9M3PLFDP5,Agricultural and Biological Sciences,Life Sciences,0.0092941
JBQ9M3PLFDP5,Physics and Astronomy,Physical Sciences,0.0082243
JBQ9M3PLFDP5,Environmental Science,Physical Sciences,0.006627500000000001
JBQ9M3PLFDP5,Engineering,Physical Sciences,0.0020755
JBQ9M3PLFDP5,"Biochemistry, Genetics and Molecular Biology",Life Sciences,0.0012202
JBQ9M3PLFDP5,Neuroscience,Life Sciences,0.0011493
JBQ9M3PLFDP5,Medicine,Health Sciences,0.0010556
JBQ9M3PLFDP5,Psychology,Social Sciences,0.0010471
JCALBPNMAHF3,Agricultural and Biological Sciences,Life Sciences,0.0051208
JCALBPNMAHF3,Medicine,Health Sciences,0.0043534
JCALBPNMAHF3,"Biochemistry, Genetics and Molecular Biology",Life Sciences,0.0038049
JCALBPNMAHF3,Health Professions,Health Sciences,0.0012193
JCALBPNMAHF3,Immunology and Microbiology,Life Sciences,0.0008960999999999999
JCALBPNMAHF3,"Pharmacology, Toxicology and Pharmaceutics",Life Sciences,0.0006839
JCALBPNMAHF3,Social Sciences,Social Sciences,0.0005804
JCALBPNMAHF3,Environmental Science,Physical Sciences,0.0004312
JCALBPNMAHF3,"Economics, Econometrics and Finance",Social Sciences,0.0004098
JCALBPNMAHF3,Arts and Humanities,Social Sciences,0.0004013
JDLVAVGYJQ21,Medicine,Health Sciences,0.36751980000000006
JDLVAVGYJQ21,Health Professions,Health Sciences,0.0696244
JDLVAVGYJQ21,Social Sciences,Social Sciences,0.0644419
JDLVAVGYJQ21,Immunology and Microbiology,Life Sciences,0.046054300000000006
JDLVAVGYJQ21,Physics and Astronomy,Physical Sciences,0.026232
JDLVAVGYJQ21,"Biochemistry, Genetics and Molecular Biology",Life Sciences,0.019626
JDLVAVGYJQ21,Nursing,Health Sciences,0.0186171
JE8AKPCR2KA4,Medicine,Health Sciences,0.0145884
JE8AKPCR2KA4,"Biochemistry, Genetics and Molecular Biology",Life Sciences,0.014178
JE8AKPCR2KA4,Neuroscience,Life Sciences,0.0058371
JE8AKPCR2KA4,Psychology,Social Sciences,0.0012893
JE8AKPCR2KA4,"Pharmacology, Toxicology and Pharmaceutics",Life Sciences,0.0010972
JF2BLNN4PJC3,Physics and Astronomy,Physical Sciences,0.0711702
JF2BLNN4PJC3,Social Sciences,Social Sciences,0.034178
JF2BLNN4PJC3,Psychology,Social Sciences,0.0318215
JF2BLNN4PJC3,Materials Science,Physical Sciences,0.0180344
JF2BLNN4PJC3,Arts and Humanities,Social Sciences,0.0099306
JF2BLNN4PJC3,"Economics, Econometrics and Finance",Social Sciences,0.0095752
JF2BLNN4PJC3,Earth and Planetary Sciences,Physical Sciences,0.0089529
JF2BLNN4PJC3,Neuroscience,Life Sciences,0.0082689
JF2BLNN4PJC3,Mathematics,Physical Sciences,0.0073868
JF2BLNN4PJC3,Environmental Science,Physical Sciences,0.0069544
JF6XLNB4CDJ5,Engineering,Physical Sciences,0.10360710000000001
JF6XLNB4CDJ5,Agricultural and Biological Sciences,Life Sciences,0.06223
JF6XLNB4CDJ5,Veterinary,Health Sciences,0.0400955
JF6XLNB4CDJ5,Environmental Science,Physical Sciences,0.0233037
JF6XLNB4CDJ5,Physics and Astronomy,Physical Sciences,0.0198951
JF6XLNB4CDJ5,Materials Science,Physical Sciences,0.0149034
JF6XLNB4CDJ5,Medicine,Health Sciences,0.0140812
JF6XLNB4CDJ5,Mathematics,Physical Sciences,0.0108322
JF6XLNB4CDJ5,Psychology,Social Sciences,0.0103944
JGA3E25MFDV9,Physics and Astronomy,Physical Sciences,0.012412700000000002
JGA3E25MFDV9,Social Sciences,Social Sciences,0.0033861000000000004
JGA3E25MFDV9,Mathematics,Physical Sciences,0.0015948
JGA3E25MFDV9,"Biochemistry, Genetics and Molecular Biology",Life Sciences,0.0011354
JGA3E25MFDV9,Chemistry,Physical Sciences,0.0009424
JGA3E25MFDV9,Medicine,Health Sciences,0.0006083
JGA3E25MFDV9,Energy,Physical Sciences,0.0005552
JGA3E25MFDV9,Engineering,Physical Sciences,0.0004841
JHTYTGKYWLL9,Environmental Science,Physical Sciences,0.03609740000000001
JHTYTGKYWLL9,Earth and Planetary Sciences,Physical Sciences,0.0158082
JHTYTGKYWLL9,Engineering,Physical Sciences,0.0012066
JJ6CN5Y5A2R5,Engineering,Physical Sciences,0.0350605
JJ6CN5Y5A2R5,Computer Science,Physical Sciences,0.0226833
JJ6CN5Y5A2R5,"Business, Management and Accounting",Social Sciences,0.0167286
JJ6CN5Y5A2R5,Decision Sciences,Social Sciences,0.0069863
JJ6CN5Y5A2R5,Chemistry,Physical Sciences,0.0047907
JJ6CN5Y5A2R5,"Economics, Econometrics and Finance",Social Sciences,0.0022775
JJ6CN5Y5A2R5,Psychology,Social Sciences,0.0021562
JJDYK36PRTL5,Social Sciences,Social Sciences,0.012763499999999999
JJDYK36PRTL5,"Business, Management and Accounting",Social Sciences,0.007266699999999999
JJDYK36PRTL5,Arts and Humanities,Social Sciences,0.0060685999999999995
JJDYK36PRTL5,Psychology,Social Sciences,0.005214
JJDYK36PRTL5,Physics and Astronomy,Physical Sciences,0.004048599999999999
JJDYK36PRTL5,Materials Science,Physical Sciences,0.0018144
JJDYK36PRTL5,Computer Science,Physical Sciences,0.0016946
JJDYK36PRTL5,Mathematics,Physical Sciences,0.0015399
JJDYK36PRTL5,Environmental Science,Physical Sciences,0.0014998
JJDYK36PRTL5,Neuroscience,Life Sciences,0.0014072
JJG6HU8PA4S5,Social Sciences,Social Sciences,0.07719210000000001
JJG6HU8PA4S5,Physics and Astronomy,Physical Sciences,0.048420599999999994
JJG6HU8PA4S5,"Business, Management and Accounting",Social Sciences,0.0308552
JJG6HU8PA4S5,Medicine,Health Sciences,0.0226067
JJG6HU8PA4S5,"Biochemistry, Genetics and Molecular Biology",Life Sciences,0.0149595
JJG6HU8PA4S5,"Economics, Econometrics and Finance",Social Sciences,0.0133879
JJG6HU8PA4S5,Engineering,Physical Sciences,0.0077681
JJG6HU8PA4S5,Decision Sciences,Social Sciences,0.0075337
JJG6HU8PA4S5,Computer Science,Physical Sciences,0.00731
JJHCMK4NT5N3,Medicine,Health Sciences,0.0439014
JJHCMK4NT5N3,Social Sciences,Social Sciences,0.023435499999999998
JJHCMK4NT5N3,Health Professions,Health Sciences,0.0145215
JJHCMK4NT5N3,"Pharmacology, Toxicology and Pharmaceutics",Life Sciences,0.0044956
JJHCMK4NT5N3,Mathematics,Physical Sciences,0.0043207
JJHCMK4NT5N3,Neuroscience,Life Sciences,0.0027966
JJHCMK4NT5N3,Psychology,Social Sciences,0.0025551
JJHCMK4NT5N3,"Economics, Econometrics and Finance",Social Sciences,0.0025366
JJHCMK4NT5N3,"Biochemistry, Genetics and Molecular Biology",Life Sciences,0.002263
JKKNZLNYLJ19,Engineering,Physical Sciences,0.016333
JKKNZLNYLJ19,Social Sciences,Social Sciences,0.0055374000000000005
JKKNZLNYLJ19,Psychology,Social Sciences,0.0053939999999999995
JKKNZLNYLJ19,Chemistry,Physical Sciences,0.0017229
JKKNZLNYLJ19,Mathematics,Physical Sciences,0.0016437
JKKNZLNYLJ19,Health Professions,Health Sciences,0.0014425
JKKNZLNYLJ19,Medicine,Health Sciences,0.0013567
JKKNZLNYLJ19,Computer Science,Physical Sciences,0.0012752
JKKNZLNYLJ19,Arts and Humanities,Social Sciences,0.0012502
JL4JHE9SDRR3,Medicine,Health Sciences,0.1900237
JL4JHE9SDRR3,"Biochemistry, Genetics and Molecular Biology",Life Sciences,0.0354186
JL4JHE9SDRR3,Social Sciences,Social Sciences,0.005216
JL4JHE9SDRR3,Agricultural and Biological Sciences,Life Sciences,0.0045278
JMGMMM7BMBT6,Social Sciences,Social Sciences,0.0084305
JMGMMM7BMBT6,Engineering,Physical Sciences,0.006338
JMGMMM7BMBT6,"Business, Management and Accounting",Social Sciences,0.0049625
JMGMMM7BMBT6,Computer Science,Physical Sciences,0.0022171
JMGMMM7BMBT6,Environmental Science,Physical Sciences,0.0019876
JMGMMM7BMBT6,"Biochemistry, Genetics and Molecular Biology",Life Sciences,0.0012127
JMGMMM7BMBT6,Earth and Planetary Sciences,Physical Sciences,0.0010435
JMGMMM7BMBT6,Chemistry,Physical Sciences,0.000994
JMGMMM7BMBT6,Psychology,Social Sciences,0.0009718
JMGMMM7BMBT6,Health Professions,Health Sciences,0.0009033
JNBLLTBTLLD8,Medicine,Health Sciences,0.0246448
JNBLLTBTLLD8,Arts and Humanities,Social Sciences,0.0110445
JNBLLTBTLLD8,Health Professions,Health Sciences,0.0082208
JNBLLTBTLLD8,"Biochemistry, Genetics and Molecular Biology",Life Sciences,0.0076064999999999995
JNBLLTBTLLD8,Social Sciences,Social Sciences,0.007264400000000001
JNBLLTBTLLD8,Immunology and Microbiology,Life Sciences,0.0038938
JNBLLTBTLLD8,Psychology,Social Sciences,0.0027957
JNBLLTBTLLD8,Nursing,Health Sciences,0.0024248
JNBLLTBTLLD8,Dentistry,Health Sciences,0.0023894
JNBLLTBTLLD8,Neuroscience,Life Sciences,0.0023751
JQH2GEMCAVN5,Medicine,Health Sciences,0.0109943
JQH2GEMCAVN5,"Biochemistry, Genetics and Molecular Biology",Life Sciences,0.0068592
JQH2GEMCAVN5,Health Professions,Health Sciences,0.0024914
JQH2GEMCAVN5,"Business, Management and Accounting",Social Sciences,0.0007406
JQH2GEMCAVN5,Computer Science,Physical Sciences,0.0005586
JQH2GEMCAVN5,"Economics, Econometrics and Finance",Social Sciences,0.0005464
JTFKX11JLHS8,Social Sciences,Social Sciences,0.07719210000000001
JTFKX11JLHS8,Physics and Astronomy,Physical Sciences,0.048420599999999994
JTFKX11JLHS8,"Business, Management and Accounting",Social Sciences,0.0308552
JTFKX11JLHS8,Medicine,Health Sciences,0.0226067
JTFKX11JLHS8,"Biochemistry, Genetics and Molecular Biology",Life Sciences,0.0149595
JTFKX11JLHS8,"Economics, Econometrics and Finance",Social Sciences,0.0133879
JTFKX11JLHS8,Engineering,Physical Sciences,0.0077681
JTFKX11JLHS8,Decision Sciences,Social Sciences,0.0075337
JTFKX11JLHS8,Computer Science,Physical Sciences,0.00731
JW2NGMP4NMA3,Engineering,Physical Sciences,0.08098230000000001
JW2NGMP4NMA3,Environmental Science,Physical Sciences,0.0249195
JW2NGMP4NMA3,Earth and Planetary Sciences,Physical Sciences,0.0198428
JW2NGMP4NMA3,Materials Science,Physical Sciences,0.0061098
JWSYC7RUMJD1,Arts and Humanities,Social Sciences,0.0909016
JWSYC7RUMJD1,Social Sciences,Social Sciences,0.0805809
JWSYC7RUMJD1,Engineering,Physical Sciences,0.0232288
JWSYC7RUMJD1,Psychology,Social Sciences,0.0096576
JWSYC7RUMJD1,"Economics, Econometrics and Finance",Social Sciences,0.0067373
JWSYC7RUMJD1,Environmental Science,Physical Sciences,0.0058453
JWSYC7RUMJD1,Computer Science,Physical Sciences,0.0052606
JWSYC7RUMJD1,"Business, Management and Accounting",Social Sciences,0.0050188
JZ8RQC4EMDZ5,Medicine,Health Sciences,0.06627119999999999
JZ8RQC4EMDZ5,"Biochemistry, Genetics and Molecular Biology",Life Sciences,0.0080666
JZ8RQC4EMDZ5,Social Sciences,Social Sciences,0.0078977
JZ8RQC4EMDZ5,Health Professions,Health Sciences,0.004841
JZ8RQC4EMDZ5,Psychology,Social Sciences,0.0021317
JZD1HLM2ZU83,Medicine,Health Sciences,0.1640327
JZD1HLM2ZU83,Health Professions,Health Sciences,0.0209247
JZD1HLM2ZU83,Immunology and Microbiology,Life Sciences,0.0098323
JZD1HLM2ZU83,"Biochemistry, Genetics and Molecular Biology",Life Sciences,0.0085575
JZD1HLM2ZU83,Nursing,Health Sciences,0.005938
JZDRNT166LE4,Medicine,Health Sciences,0.0467631
JZDRNT166LE4,Immunology and Microbiology,Life Sciences,0.0040033
JZDRNT166LE4,"Biochemistry, Genetics and Molecular Biology",Life Sciences,0.0034653
JZDRNT166LE4,"Business, Management and Accounting",Social Sciences,0.0030678
K3YFW6S3YQ67,Medicine,Health Sciences,0.0005725999999999999
K3YFW6S3YQ67,Health Professions,Health Sciences,0.0005673
K3YFW6S3YQ67,Psychology,Social Sciences,0.000525
K3YFW6S3YQ67,Social Sciences,Social Sciences,0.00017549999999999998
K3YFW6S3YQ67,Nursing,Health Sciences,0.0001528
K3YFW6S3YQ67,Engineering,Physical Sciences,0.0001303
K3YFW6S3YQ67,Chemistry,Physical Sciences,9.93e-05
K3YFW6S3YQ67,Decision Sciences,Social Sciences,8.24e-05
K3YFW6S3YQ67,Materials Science,Physical Sciences,6.85e-05
K49BLGJHG935,Medicine,Health Sciences,0.0015665000000000002
K49BLGJHG935,Health Professions,Health Sciences,0.001281
K49BLGJHG935,Engineering,Physical Sciences,0.0005526
K49BLGJHG935,Agricultural and Biological Sciences,Life Sciences,0.0003134
K49BLGJHG935,Chemical Engineering,Physical Sciences,0.0002925
K49BLGJHG935,Psychology,Social Sciences,0.00028510000000000005
K49BLGJHG935,Social Sciences,Social Sciences,0.0002101
K49BLGJHG935,Decision Sciences,Social Sciences,0.0001012
K49BLGJHG935,Environmental Science,Physical Sciences,8.63e-05
K49BLGJHG935,Arts and Humanities,Social Sciences,6.3e-05
K49BLGJHG935,Energy,Physical Sciences,6.18e-05
K51LECU1G8N3,Materials Science,Physical Sciences,0.039103
K51LECU1G8N3,Physics and Astronomy,Physical Sciences,0.0346688
K51LECU1G8N3,Engineering,Physical Sciences,0.0258523
K51LECU1G8N3,Chemistry,Physical Sciences,0.013431700000000001
K51LECU1G8N3,Computer Science,Physical Sciences,0.012734800000000001
K51LECU1G8N3,Mathematics,Physical Sciences,0.004932
K51LECU1G8N3,"Biochemistry, Genetics and Molecular Biology",Life Sciences,0.0041689
KABJZBBJ4B54,Medicine,Health Sciences,0.1253505
KABJZBBJ4B54,Psychology,Social Sciences,0.0233732
KABJZBBJ4B54,Veterinary,Health Sciences,0.022303299999999998
KABJZBBJ4B54,Environmental Science,Physical Sciences,0.0221478
KABJZBBJ4B54,Health Professions,Health Sciences,0.0200148
KABJZBBJ4B54,Materials Science,Physical Sciences,0.0196571
KABJZBBJ4B54,Agricultural and Biological Sciences,Life Sciences,0.0123836
KABJZBBJ4B54,Chemistry,Physical Sciences,0.0123181
KABJZBBJ4B54,Social Sciences,Social Sciences,0.012253
KABJZBBJ4B54,"Biochemistry, Genetics and Molecular Biology",Life Sciences,0.0102979
KABJZBBJ4B54,Physics and Astronomy,Physical Sciences,0.0095713
KABJZBBJ4B54,Neuroscience,Life Sciences,0.0094821
KD5TGBT7AKC9,Medicine,Health Sciences,0.0237556
KD5TGBT7AKC9,Psychology,Social Sciences,0.0064599
KD5TGBT7AKC9,Health Professions,Health Sciences,0.0064049
KD5TGBT7AKC9,Social Sciences,Social Sciences,0.0026981
KD5TGBT7AKC9,Immunology and Microbiology,Life Sciences,0.0019836
KD5TGBT7AKC9,"Economics, Econometrics and Finance",Social Sciences,0.0011655
KG76WYENL5K1,Medicine,Health Sciences,0.1061799
KG76WYENL5K1,Neuroscience,Life Sciences,0.0285577
KG76WYENL5K1,Engineering,Physical Sciences,0.020096799999999998
KG76WYENL5K1,Decision Sciences,Social Sciences,0.0198862
KG76WYENL5K1,Physics and Astronomy,Physical Sciences,0.0190273
KG76WYENL5K1,"Economics, Econometrics and Finance",Social Sciences,0.0186988
KG76WYENL5K1,Social Sciences,Social Sciences,0.0120887
KG76WYENL5K1,Materials Science,Physical Sciences,0.0099001
KG76WYENL5K1,Psychology,Social Sciences,0.0094256
KG76WYENL5K1,Health Professions,Health Sciences,0.0088966
KH6NJ6ND8737,"Biochemistry, Genetics and Molecular Biology",Life Sciences,0.0163615
KH6NJ6ND8737,Medicine,Health Sciences,0.014593499999999999
KH6NJ6ND8737,Neuroscience,Life Sciences,0.0043185
KH6NJ6ND8737,Immunology and Microbiology,Life Sciences,0.0036759
KMH5K9V7S518,Medicine,Health Sciences,0.3850276
KMH5K9V7S518,Immunology and Microbiology,Life Sciences,0.0220058
KMH5K9V7S518,Health Professions,Health Sciences,0.0209114
KMH5K9V7S518,Social Sciences,Social Sciences,0.0197301
KMH5K9V7S518,"Biochemistry, Genetics and Molecular Biology",Life Sciences,0.0174556
KMH5K9V7S518,Psychology,Social Sciences,0.0154865
KMZBB7SJBP72,Environmental Science,Physical Sciences,0.0006849
KMZBB7SJBP72,Social Sciences,Social Sciences,0.0004891
KMZBB7SJBP72,Earth and Planetary Sciences,Physical Sciences,0.00029110000000000003
KMZBB7SJBP72,"Business, Management and Accounting",Social Sciences,0.0001871
KMZBB7SJBP72,Computer Science,Physical Sciences,0.0001354
KMZBB7SJBP72,"Economics, Econometrics and Finance",Social Sciences,7.37e-05
KMZBB7SJBP72,Decision Sciences,Social Sciences,7.31e-05
KMZBB7SJBP72,Chemical Engineering,Physical Sciences,5.85e-05
KMZBB7SJBP72,Engineering,Physical Sciences,4.51e-05
KMZBB7SJBP72,Agricultural and Biological Sciences,Life Sciences,4.17e-05
KMZBB7SJBP72,Health Professions,Health Sciences,3.56e-05
KNSQZPJ3K775,"Biochemistry, Genetics and Molecular Biology",Life Sciences,0.0285516
KNSQZPJ3K775,Environmental Science,Physical Sciences,0.0018026
KNSQZPJ3K775,Agricultural and Biological Sciences,Life Sciences,0.0011347
KNSQZPJ3K775,Neuroscience,Life Sciences,0.0011298
KNSQZPJ3K775,Earth and Planetary Sciences,Physical Sciences,0.0007545
KSJKE3KVNBB4,Physics and Astronomy,Physical Sciences,0.0154665
KSJKE3KVNBB4,Engineering,Physical Sciences,0.0042134
KSJKE3KVNBB4,Earth and Planetary Sciences,Physical Sciences,0.0038252
KSJKE3KVNBB4,Environmental Science,Physical Sciences,0.0030074999999999998
KSJKE3KVNBB4,Mathematics,Physical Sciences,0.0012950000000000001
KSJKE3KVNBB4,Computer Science,Physical Sciences,0.001153
KSJKE3KVNBB4,Social Sciences,Social Sciences,0.0010795
KSJKE3KVNBB4,Medicine,Health Sciences,0.000588
KSJKE3KVNBB4,Health Professions,Health Sciences,0.0005141
KU3DCFJJTVN3,Engineering,Physical Sciences,0.10360710000000001
KU3DCFJJTVN3,Agricultural and Biological Sciences,Life Sciences,0.06223
KU3DCFJJTVN3,Veterinary,Health Sciences,0.0400955
KU3DCFJJTVN3,Environmental Science,Physical Sciences,0.0233037
KU3DCFJJTVN3,Physics and Astronomy,Physical Sciences,0.0198951
KU3DCFJJTVN3,Materials Science,Physical Sciences,0.0149034
KU3DCFJJTVN3,Medicine,Health Sciences,0.0140812
KU3DCFJJTVN3,Mathematics,Physical Sciences,0.0108322
KU3DCFJJTVN3,Psychology,Social Sciences,0.0103944
KUKXRCZ6NZC2,Medicine,Health Sciences,0.42965139999999996
KUKXRCZ6NZC2,"Biochemistry, Genetics and Molecular Biology",Life Sciences,0.0817915
KUKXRCZ6NZC2,"Economics, Econometrics and Finance",Social Sciences,0.0209288
KULSKCCZJT27,Social Sciences,Social Sciences,0.013081399999999998
KULSKCCZJT27,Engineering,Physical Sciences,0.0058361
KULSKCCZJT27,Earth and Planetary Sciences,Physical Sciences,0.005025
KULSKCCZJT27,Environmental Science,Physical Sciences,0.0029277
KULSKCCZJT27,Mathematics,Physical Sciences,0.002168
KULSKCCZJT27,Psychology,Social Sciences,0.0013841
KULSKCCZJT27,"Business, Management and Accounting",Social Sciences,0.0009422
KWTAB1GYM4L9,Medicine,Health Sciences,0.06000379999999999
KWTAB1GYM4L9,"Biochemistry, Genetics and Molecular Biology",Life Sciences,0.015546299999999999
KWTAB1GYM4L9,"Pharmacology, Toxicology and Pharmaceutics",Life Sciences,0.0089876
KWTAB1GYM4L9,Social Sciences,Social Sciences,0.0058902
KWTAB1GYM4L9,Health Professions,Health Sciences,0.0032767
KXN7HGCF6K91,Medicine,Health Sciences,0.1935871
KXN7HGCF6K91,Social Sciences,Social Sciences,0.0314238
KXN7HGCF6K91,Earth and Planetary Sciences,Physical Sciences,0.0292862
KXN7HGCF6K91,Environmental Science,Physical Sciences,0.0124051
KXNVA7JCC5K6,Arts and Humanities,Social Sciences,0.0367528
KXNVA7JCC5K6,Psychology,Social Sciences,0.022843699999999998
KXNVA7JCC5K6,Materials Science,Physical Sciences,0.0226036
KXNVA7JCC5K6,Social Sciences,Social Sciences,0.0130646
KXNVA7JCC5K6,Mathematics,Physical Sciences,0.011669200000000001
KXNVA7JCC5K6,Physics and Astronomy,Physical Sciences,0.007430300000000001
KXNVA7JCC5K6,Chemistry,Physical Sciences,0.0066409
KXNVA7JCC5K6,Decision Sciences,Social Sciences,0.0064564
KXNVA7JCC5K6,Engineering,Physical Sciences,0.0052526
KXNVA7JCC5K6,Neuroscience,Life Sciences,0.0046731
KXNVA7JCC5K6,Environmental Science,Physical Sciences,0.0035408
KXNVA7JCC5K6,Health Professions,Health Sciences,0.0034546
L1DXXP1KGP77,Social Sciences,Social Sciences,0.009181299999999998
L1DXXP1KGP77,Psychology,Social Sciences,0.0013131000000000002
L1DXXP1KGP77,Physics and Astronomy,Physical Sciences,0.0009178
L1DXXP1KGP77,Materials Science,Physical Sciences,0.0006869
L1DXXP1KGP77,Neuroscience,Life Sciences,0.0005684
L1DXXP1KGP77,Medicine,Health Sciences,0.0005569
L1DXXP1KGP77,Computer Science,Physical Sciences,0.0005407
L1DXXP1KGP77,"Biochemistry, Genetics and Molecular Biology",Life Sciences,0.0004539
L1DXXP1KGP77,Decision Sciences,Social Sciences,0.0004037
L3ATVUT2KNK7,Social Sciences,Social Sciences,0.0125305
L3ATVUT2KNK7,Physics and Astronomy,Physical Sciences,0.006842599999999999
L3ATVUT2KNK7,"Business, Management and Accounting",Social Sciences,0.0029873
L3ATVUT2KNK7,Mathematics,Physical Sciences,0.0018960000000000001
L3ATVUT2KNK7,"Biochemistry, Genetics and Molecular Biology",Life Sciences,0.0017546
L3ATVUT2KNK7,Health Professions,Health Sciences,0.0012043
L3ATVUT2KNK7,Arts and Humanities,Social Sciences,0.0011762
L3ATVUT2KNK7,Medicine,Health Sciences,0.0009662
L3ATVUT2KNK7,Psychology,Social Sciences,0.0009423
L4EEW9SQX2F6,Medicine,Health Sciences,0.0018412999999999997
L4EEW9SQX2F6,Health Professions,Health Sciences,0.0012032
L4EEW9SQX2F6,Nursing,Health Sciences,0.0002692
L4EEW9SQX2F6,Social Sciences,Social Sciences,0.0001263
L4EEW9SQX2F6,"Business, Management and Accounting",Social Sciences,0.0001023
L4EEW9SQX2F6,Immunology and Microbiology,Life Sciences,6.23e-05
L4EEW9SQX2F6,Chemical Engineering,Physical Sciences,5.85e-05
L4EEW9SQX2F6,Environmental Science,Physical Sciences,5.65e-05
L6NFUM28LQM5,Medicine,Health Sciences,0.20067999999999997
L6NFUM28LQM5,"Biochemistry, Genetics and Molecular Biology",Life Sciences,0.0543264
L6NFUM28LQM5,Immunology and Microbiology,Life Sciences,0.0433148
L6NFUM28LQM5,Health Professions,Health Sciences,0.0356394
L6NFUM28LQM5,Earth and Planetary Sciences,Physical Sciences,0.0351131
L6NFUM28LQM5,Social Sciences,Social Sciences,0.0320403
L6NFUM28LQM5,Environmental Science,Physical Sciences,0.030161
L6NFUM28LQM5,Computer Science,Physical Sciences,0.0163495
L8RJFGJXXS36,Neuroscience,Life Sciences,0.0033483000000000007
L8RJFGJXXS36,"Biochemistry, Genetics and Molecular Biology",Life Sciences,0.0016866
L8RJFGJXXS36,Decision Sciences,Social Sciences,0.0001868
L8RJFGJXXS36,Engineering,Physical Sciences,0.0001448
L8RJFGJXXS36,Medicine,Health Sciences,0.0001182
L952KGDMSLV5,Social Sciences,Social Sciences,0.0004681
L952KGDMSLV5,Agricultural and Biological Sciences,Life Sciences,8.060000000000001e-05
L952KGDMSLV5,Materials Science,Physical Sciences,7.67e-05
L952KGDMSLV5,Decision Sciences,Social Sciences,7.65e-05
L952KGDMSLV5,Computer Science,Physical Sciences,7.31e-05
L952KGDMSLV5,"Biochemistry, Genetics and Molecular Biology",Life Sciences,7.13e-05
L952KGDMSLV5,Psychology,Social Sciences,6.26e-05
L952KGDMSLV5,Health Professions,Health Sciences,4.67e-05
L952KGDMSLV5,Neuroscience,Life Sciences,4.4e-05
L952KGDMSLV5,Mathematics,Physical Sciences,4.12e-05
L952KGDMSLV5,"Business, Management and Accounting",Social Sciences,4.02e-05
L952KGDMSLV5,Environmental Science,Physical Sciences,3.64e-05
L952KGDMSLV5,Arts and Humanities,Social Sciences,3.49e-05
L952KGDMSLV5,Medicine,Health Sciences,2.86e-05
LAGNHMC58DF3,Agricultural and Biological Sciences,Life Sciences,0.022843100000000005
LAGNHMC58DF3,Social Sciences,Social Sciences,0.0146492
LAGNHMC58DF3,Environmental Science,Physical Sciences,0.0029487999999999997
LAGNHMC58DF3,Earth and Planetary Sciences,Physical Sciences,0.0027766
LAGNHMC58DF3,Medicine,Health Sciences,0.0021183
LAGNHMC58DF3,Arts and Humanities,Social Sciences,0.0017959999999999999
LCLSJAGTNZQ7,Agricultural and Biological Sciences,Life Sciences,0.0092941
LCLSJAGTNZQ7,Physics and Astronomy,Physical Sciences,0.0082243
LCLSJAGTNZQ7,Environmental Science,Physical Sciences,0.006627500000000001
LCLSJAGTNZQ7,Engineering,Physical Sciences,0.0020755
LCLSJAGTNZQ7,"Biochemistry, Genetics and Molecular Biology",Life Sciences,0.0012202
LCLSJAGTNZQ7,Neuroscience,Life Sciences,0.0011493
LCLSJAGTNZQ7,Medicine,Health Sciences,0.0010556
LCLSJAGTNZQ7,Psychology,Social Sciences,0.0010471
LF77GRM3FWG5,Social Sciences,Social Sciences,0.003718
LF77GRM3FWG5,Agricultural and Biological Sciences,Life Sciences,0.0036407
LF77GRM3FWG5,Earth and Planetary Sciences,Physical Sciences,0.0020788
LF77GRM3FWG5,Arts and Humanities,Social Sciences,0.0016749
LF77GRM3FWG5,"Business, Management and Accounting",Social Sciences,0.0009705
LF77GRM3FWG5,"Economics, Econometrics and Finance",Social Sciences,0.0008389000000000001
LF77GRM3FWG5,Medicine,Health Sciences,0.0007455000000000001
LF77GRM3FWG5,Decision Sciences,Social Sciences,0.0003799
LF77GRM3FWG5,Environmental Science,Physical Sciences,0.0003577
LFDKLGTB62C4,Physics and Astronomy,Physical Sciences,0.023193299999999997
LFDKLGTB62C4,Engineering,Physical Sciences,0.0016293
LFDKLGTB62C4,Chemistry,Physical Sciences,0.0005465
LFDKLGTB62C4,Social Sciences,Social Sciences,0.0003508
LFDKLGTB62C4,Earth and Planetary Sciences,Physical Sciences,0.0002979
LGHBJMLVD8H3,Medicine,Health Sciences,0.24596289999999998
LGHBJMLVD8H3,Engineering,Physical Sciences,0.0170341
LHGDNJMZ64Y1,"Biochemistry, Genetics and Molecular Biology",Life Sciences,0.0399682
LHGDNJMZ64Y1,Immunology and Microbiology,Life Sciences,0.032839900000000005
LHGDNJMZ64Y1,Medicine,Health Sciences,0.0235174
LHGDNJMZ64Y1,Neuroscience,Life Sciences,0.014965699999999998
LHGDNJMZ64Y1,Physics and Astronomy,Physical Sciences,0.0083585
LHGDNJMZ64Y1,Psychology,Social Sciences,0.0059609
LJBXV5VF2BT9,Social Sciences,Social Sciences,0.0370109
LJBXV5VF2BT9,Engineering,Physical Sciences,0.023144699999999997
LJBXV5VF2BT9,Computer Science,Physical Sciences,0.0128276
LJBXV5VF2BT9,Psychology,Social Sciences,0.0082662
LJBXV5VF2BT9,Health Professions,Health Sciences,0.0057577
LJBXV5VF2BT9,"Economics, Econometrics and Finance",Social Sciences,0.0033548
LJBXV5VF2BT9,Arts and Humanities,Social Sciences,0.0026518
LJBXV5VF2BT9,Physics and Astronomy,Physical Sciences,0.0025189
LL8GLEVH6MG3,"Biochemistry, Genetics and Molecular Biology",Life Sciences,0.0552239
LL8GLEVH6MG3,Medicine,Health Sciences,0.052282499999999996
LL8GLEVH6MG3,Engineering,Physical Sciences,0.018365199999999998
LL8GLEVH6MG3,Mathematics,Physical Sciences,0.0144057
LL8GLEVH6MG3,Computer Science,Physical Sciences,0.014181599999999999
LL8GLEVH6MG3,Psychology,Social Sciences,0.010313
LL8GLEVH6MG3,Health Professions,Health Sciences,0.010209
LL8GLEVH6MG3,Social Sciences,Social Sciences,0.0076515
LL8GLEVH6MG3,"Economics, Econometrics and Finance",Social Sciences,0.0076036
LL8GLEVH6MG3,Arts and Humanities,Social Sciences,0.0073169
LL8GLEVH6MG3,Physics and Astronomy,Physical Sciences,0.00684
LLABHNB9ABM4,Social Sciences,Social Sciences,0.0003331
LLABHNB9ABM4,Engineering,Physical Sciences,0.00022980000000000003
LLABHNB9ABM4,Agricultural and Biological Sciences,Life Sciences,0.00015480000000000002
LLABHNB9ABM4,"Biochemistry, Genetics and Molecular Biology",Life Sciences,9.81e-05
LLABHNB9ABM4,Arts and Humanities,Social Sciences,9.58e-05
LLABHNB9ABM4,Computer Science,Physical Sciences,8.070000000000001e-05
LLABHNB9ABM4,Environmental Science,Physical Sciences,4.75e-05
LLABHNB9ABM4,Mathematics,Physical Sciences,4.12e-05
LLABHNB9ABM4,"Business, Management and Accounting",Social Sciences,3.11e-05
LLLYTJ6LYD21,Social Sciences,Social Sciences,0.0014701
LLLYTJ6LYD21,Medicine,Health Sciences,0.000365
LLLYTJ6LYD21,Arts and Humanities,Social Sciences,0.0003099
LLLYTJ6LYD21,Computer Science,Physical Sciences,0.00024440000000000003
LLLYTJ6LYD21,Psychology,Social Sciences,0.0002238
LLLYTJ6LYD21,Health Professions,Health Sciences,0.0001349
LLLYTJ6LYD21,Environmental Science,Physical Sciences,9.33e-05
LLLYTJ6LYD21,Agricultural and Biological Sciences,Life Sciences,7.8e-05
LLLYTJ6LYD21,Physics and Astronomy,Physical Sciences,6.61e-05
LMCJKRFW5R81,Arts and Humanities,Social Sciences,0.0003665
LMCJKRFW5R81,Environmental Science,Physical Sciences,0.00026199999999999997
LMCJKRFW5R81,Social Sciences,Social Sciences,0.00010829999999999999
LMCJKRFW5R81,Physics and Astronomy,Physical Sciences,9.669999999999999e-05
LMCJKRFW5R81,Medicine,Health Sciences,9.14e-05
LMCJKRFW5R81,Engineering,Physical Sciences,8.37e-05
LMCJKRFW5R81,"Biochemistry, Genetics and Molecular Biology",Life Sciences,6.28e-05
LMCJKRFW5R81,Agricultural and Biological Sciences,Life Sciences,5.35e-05
LMCJKRFW5R81,Health Professions,Health Sciences,5.02e-05
LMCJKRFW5R81,Decision Sciences,Social Sciences,3.64e-05
LMF5HEYNM148,"Biochemistry, Genetics and Molecular Biology",Life Sciences,0.062872
LMF5HEYNM148,Medicine,Health Sciences,0.030091700000000006
LMF5HEYNM148,Immunology and Microbiology,Life Sciences,0.021135
LMF5HEYNM148,Psychology,Social Sciences,0.0041025
LMLUKUPJJ9N3,Computer Science,Physical Sciences,0.0285808
LMLUKUPJJ9N3,Physics and Astronomy,Physical Sciences,0.0262166
LMLUKUPJJ9N3,Engineering,Physical Sciences,0.0133313
LMLUKUPJJ9N3,Social Sciences,Social Sciences,0.0093222
LMLUKUPJJ9N3,Medicine,Health Sciences,0.003788
LMLUKUPJJ9N3,Materials Science,Physical Sciences,0.0035673
LMLUKUPJJ9N3,Environmental Science,Physical Sciences,0.0033071
LMLUKUPJJ9N3,Psychology,Social Sciences,0.0026354
LN53LCFJFL45,Medicine,Health Sciences,0.36751980000000006
LN53LCFJFL45,Health Professions,Health Sciences,0.0696244
LN53LCFJFL45,Social Sciences,Social Sciences,0.0644419
LN53LCFJFL45,Immunology and Microbiology,Life Sciences,0.046054300000000006
LN53LCFJFL45,Physics and Astronomy,Physical Sciences,0.026232
LN53LCFJFL45,"Biochemistry, Genetics and Molecular Biology",Life Sciences,0.019626
LN53LCFJFL45,Nursing,Health Sciences,0.0186171
LNGXAKMH8J26,Medicine,Health Sciences,0.0056313
LNGXAKMH8J26,"Biochemistry, Genetics and Molecular Biology",Life Sciences,0.0015641
LNGXAKMH8J26,Environmental Science,Physical Sciences,0.0004952
LNGXAKMH8J26,"Economics, Econometrics and Finance",Social Sciences,0.0002428
LT8YKFJDVKJ3,Medicine,Health Sciences,0.0056947
LT8YKFJDVKJ3,Health Professions,Health Sciences,0.0034764999999999996
LT8YKFJDVKJ3,Psychology,Social Sciences,0.0018391
LT8YKFJDVKJ3,Social Sciences,Social Sciences,0.0015528999999999999
LT8YKFJDVKJ3,Decision Sciences,Social Sciences,0.0004743
LT9CXX8L19G1,Environmental Science,Physical Sciences,0.1097813
LT9CXX8L19G1,Veterinary,Health Sciences,0.066336
LT9CXX8L19G1,Earth and Planetary Sciences,Physical Sciences,0.053366899999999995
LT9CXX8L19G1,Agricultural and Biological Sciences,Life Sciences,0.0274077
LT9CXX8L19G1,Medicine,Health Sciences,0.0264567
LT9CXX8L19G1,"Biochemistry, Genetics and Molecular Biology",Life Sciences,0.0175822
LT9CXX8L19G1,Health Professions,Health Sciences,0.0110669
LT9CXX8L19G1,Engineering,Physical Sciences,0.0083188
LTJVF4QSFCP9,Medicine,Health Sciences,0.0262641
LTJVF4QSFCP9,"Biochemistry, Genetics and Molecular Biology",Life Sciences,0.0022432
LTJVF4QSFCP9,Engineering,Physical Sciences,0.0006632
LTNVSTJ3R6D5,Social Sciences,Social Sciences,0.017234000000000003
LTNVSTJ3R6D5,Engineering,Physical Sciences,0.012020699999999999
LTNVSTJ3R6D5,Health Professions,Health Sciences,0.0044044
LTNVSTJ3R6D5,Chemistry,Physical Sciences,0.0042794
LTNVSTJ3R6D5,Materials Science,Physical Sciences,0.0035602
LTNVSTJ3R6D5,Physics and Astronomy,Physical Sciences,0.0024588
LTNVSTJ3R6D5,Medicine,Health Sciences,0.0023267
LTNVSTJ3R6D5,Psychology,Social Sciences,0.0020394
LTNVSTJ3R6D5,Chemical Engineering,Physical Sciences,0.0017841
LTNVSTJ3R6D5,Arts and Humanities,Social Sciences,0.0016819
LV8GL8MLU9A3,Medicine,Health Sciences,0.004342400000000001
LV8GL8MLU9A3,Social Sciences,Social Sciences,0.0005273
LV8GL8MLU9A3,Health Professions,Health Sciences,0.0004747
LV8GL8MLU9A3,"Business, Management and Accounting",Social Sciences,0.0002047
LWLJAPATKEL8,Mathematics,Physical Sciences,0.03280090000000001
LWLJAPATKEL8,Computer Science,Physical Sciences,0.0038596999999999998
LWLJAPATKEL8,Engineering,Physical Sciences,0.0010851
LXCNYLGGX6N7,Medicine,Health Sciences,0.043350299999999994
LXCNYLGGX6N7,"Business, Management and Accounting",Social Sciences,0.0049043
LXCNYLGGX6N7,Immunology and Microbiology,Life Sciences,0.0030775
LXCNYLGGX6N7,"Biochemistry, Genetics and Molecular Biology",Life Sciences,0.0027049
LXCNYLGGX6N7,Agricultural and Biological Sciences,Life Sciences,0.0007605
LXEJEU58YZG6,Medicine,Health Sciences,0.018279600000000003
LXEJEU58YZG6,Psychology,Social Sciences,0.0151305
LXEJEU58YZG6,Social Sciences,Social Sciences,0.0063715
LXEJEU58YZG6,Neuroscience,Life Sciences,0.0021374
LXHMMWRKN5N8,Social Sciences,Social Sciences,0.0195004
LXHMMWRKN5N8,Psychology,Social Sciences,0.0110052
LXHMMWRKN5N8,Physics and Astronomy,Physical Sciences,0.0109702
LXHMMWRKN5N8,Arts and Humanities,Social Sciences,0.0085945
LXHMMWRKN5N8,Health Professions,Health Sciences,0.008549000000000001
LXHMMWRKN5N8,Mathematics,Physical Sciences,0.0081372
LXHMMWRKN5N8,Earth and Planetary Sciences,Physical Sciences,0.0073564
LXHMMWRKN5N8,Materials Science,Physical Sciences,0.006745
LXHMMWRKN5N8,Engineering,Physical Sciences,0.0029054
LXHMMWRKN5N8,Medicine,Health Sciences,0.0028586
LXHMMWRKN5N8,"Business, Management and Accounting",Social Sciences,0.0028459
LZYFSK879778,Medicine,Health Sciences,0.1285367
LZYFSK879778,"Biochemistry, Genetics and Molecular Biology",Life Sciences,0.0388788
LZYFSK879778,Immunology and Microbiology,Life Sciences,0.005541
M1K8LJAET5R1,Psychology,Social Sciences,0.021145999999999998
M1K8LJAET5R1,Environmental Science,Physical Sciences,0.0113783
M1K8LJAET5R1,Social Sciences,Social Sciences,0.0084559
M1K8LJAET5R1,Chemistry,Physical Sciences,0.0082079
M1K8LJAET5R1,Health Professions,Health Sciences,0.006765500000000001
M1K8LJAET5R1,"Business, Management and Accounting",Social Sciences,0.0020471
M1K8LJAET5R1,Materials Science,Physical Sciences,0.0018419
M1LVPE5GLSD9,Social Sciences,Social Sciences,0.0664817
M1LVPE5GLSD9,Mathematics,Physical Sciences,0.049631
M1LVPE5GLSD9,Computer Science,Physical Sciences,0.0392257
M1LVPE5GLSD9,Medicine,Health Sciences,0.0266472
M1LVPE5GLSD9,Agricultural and Biological Sciences,Life Sciences,0.0178797
M1LVPE5GLSD9,Environmental Science,Physical Sciences,0.0164306
M1LVPE5GLSD9,Physics and Astronomy,Physical Sciences,0.0160913
M1LVPE5GLSD9,Neuroscience,Life Sciences,0.0082493
M2EEE68GGCY9,Social Sciences,Social Sciences,0.0267457
M2EEE68GGCY9,Physics and Astronomy,Physical Sciences,0.0251255
M2EEE68GGCY9,Psychology,Social Sciences,0.0125871
M2EEE68GGCY9,Health Professions,Health Sciences,0.0106578
M2EEE68GGCY9,Chemistry,Physical Sciences,0.0057571
M2EEE68GGCY9,Medicine,Health Sciences,0.0044142
M2EEE68GGCY9,"Business, Management and Accounting",Social Sciences,0.0029087
M2EEE68GGCY9,Computer Science,Physical Sciences,0.0026265
M2XKLRTA9G44,Environmental Science,Physical Sciences,0.026983
M2XKLRTA9G44,Earth and Planetary Sciences,Physical Sciences,0.015101600000000003
M2XKLRTA9G44,"Biochemistry, Genetics and Molecular Biology",Life Sciences,0.014538699999999998
M2XKLRTA9G44,Agricultural and Biological Sciences,Life Sciences,0.0113013
M2XKLRTA9G44,Neuroscience,Life Sciences,0.0066838999999999996
M2XKLRTA9G44,Engineering,Physical Sciences,0.0037454
M3GAQBN4BWH6,"Biochemistry, Genetics and Molecular Biology",Life Sciences,0.009988899999999998
M3GAQBN4BWH6,Agricultural and Biological Sciences,Life Sciences,0.0039095
M3GAQBN4BWH6,Medicine,Health Sciences,0.0015103
M3GAQBN4BWH6,Neuroscience,Life Sciences,0.0009335000000000001
M3GAQBN4BWH6,Nursing,Health Sciences,0.000546
M3GAQBN4BWH6,Chemistry,Physical Sciences,0.000364
M5QFLTCTSQN6,Medicine,Health Sciences,0.023687800000000002
M5QFLTCTSQN6,"Biochemistry, Genetics and Molecular Biology",Life Sciences,0.0136432
M5QFLTCTSQN6,Immunology and Microbiology,Life Sciences,0.0044074000000000006
M5QFLTCTSQN6,Engineering,Physical Sciences,0.0021679
M5QFLTCTSQN6,Neuroscience,Life Sciences,0.0018848
M5QFLTCTSQN6,Social Sciences,Social Sciences,0.0014858
M5SZJ6VHUHN8,Social Sciences,Social Sciences,0.0855466
M5SZJ6VHUHN8,"Economics, Econometrics and Finance",Social Sciences,0.0764323
M5SZJ6VHUHN8,Neuroscience,Life Sciences,0.050197099999999995
M5SZJ6VHUHN8,Psychology,Social Sciences,0.041392
M5SZJ6VHUHN8,Medicine,Health Sciences,0.0285467
M5SZJ6VHUHN8,Decision Sciences,Social Sciences,0.0116435
M5SZJ6VHUHN8,"Business, Management and Accounting",Social Sciences,0.0108203
M6K6NTJ2MNE5,Medicine,Health Sciences,0.0679025
M6K6NTJ2MNE5,Social Sciences,Social Sciences,0.0276079
M6K6NTJ2MNE5,Physics and Astronomy,Physical Sciences,0.024773
M6K6NTJ2MNE5,Immunology and Microbiology,Life Sciences,0.0101922
M6K6NTJ2MNE5,Veterinary,Health Sciences,0.0066884
M6K6NTJ2MNE5,Agricultural and Biological Sciences,Life Sciences,0.0054783
M6K6NTJ2MNE5,Psychology,Social Sciences,0.0046767
M6K6NTJ2MNE5,Neuroscience,Life Sciences,0.0046184
M6K6NTJ2MNE5,"Biochemistry, Genetics and Molecular Biology",Life Sciences,0.0045984
M746VC6XMNH9,Arts and Humanities,Social Sciences,0.0003665
M746VC6XMNH9,Environmental Science,Physical Sciences,0.00026199999999999997
M746VC6XMNH9,Social Sciences,Social Sciences,0.00010829999999999999
M746VC6XMNH9,Physics and Astronomy,Physical Sciences,9.669999999999999e-05
M746VC6XMNH9,Medicine,Health Sciences,9.14e-05
M746VC6XMNH9,Engineering,Physical Sciences,8.37e-05
M746VC6XMNH9,"Biochemistry, Genetics and Molecular Biology",Life Sciences,6.28e-05
M746VC6XMNH9,Agricultural and Biological Sciences,Life Sciences,5.35e-05
M746VC6XMNH9,Health Professions,Health Sciences,5.02e-05
M746VC6XMNH9,Decision Sciences,Social Sciences,3.64e-05
M7KCJ79FAVH5,Medicine,Health Sciences,0.0367544
M7KCJ79FAVH5,Social Sciences,Social Sciences,0.0040146
M7KCJ79FAVH5,Immunology and Microbiology,Life Sciences,0.0035288
M7KCJ79FAVH5,Psychology,Social Sciences,0.0022035
M7KCJ79FAVH5,Health Professions,Health Sciences,0.0019423
M7KCJ79FAVH5,Nursing,Health Sciences,0.0016705
M7KCJ79FAVH5,"Biochemistry, Genetics and Molecular Biology",Life Sciences,0.0016627
M7PNRH24BBM8,Psychology,Social Sciences,0.0282075
M7PNRH24BBM8,Computer Science,Physical Sciences,0.0222383
M7PNRH24BBM8,Social Sciences,Social Sciences,0.018506
M7PNRH24BBM8,Physics and Astronomy,Physical Sciences,0.0169575
M7PNRH24BBM8,Agricultural and Biological Sciences,Life Sciences,0.008638400000000001
M7PNRH24BBM8,Health Professions,Health Sciences,0.0062183
M7PNRH24BBM8,Chemistry,Physical Sciences,0.0059914
M7PNRH24BBM8,"Economics, Econometrics and Finance",Social Sciences,0.0055406
M7PNRH24BBM8,Engineering,Physical Sciences,0.0046242
M7PNRH24BBM8,Arts and Humanities,Social Sciences,0.0045294
M7PNRH24BBM8,Mathematics,Physical Sciences,0.0044363
M7PNRH24BBM8,Materials Science,Physical Sciences,0.0042747
M7PNRH24BBM8,Medicine,Health Sciences,0.0042394
M9ACC5DQCNL6,Physics and Astronomy,Physical Sciences,0.0209267
M9ACC5DQCNL6,Engineering,Physical Sciences,0.0172297
M9ACC5DQCNL6,Earth and Planetary Sciences,Physical Sciences,0.0103034
M9ACC5DQCNL6,Psychology,Social Sciences,0.010032600000000001
M9ACC5DQCNL6,Materials Science,Physical Sciences,0.0079401
M9ACC5DQCNL6,Social Sciences,Social Sciences,0.005386
M9ACC5DQCNL6,Neuroscience,Life Sciences,0.0022348
M9ACC5DQCNL6,"Business, Management and Accounting",Social Sciences,0.0020244
M9ACC5DQCNL6,"Biochemistry, Genetics and Molecular Biology",Life Sciences,0.0018258
MAYKB1LWD5U9,Medicine,Health Sciences,0.002806
MAYKB1LWD5U9,Health Professions,Health Sciences,0.0010485999999999998
MAYKB1LWD5U9,Environmental Science,Physical Sciences,0.0008321
MAYKB1LWD5U9,"Business, Management and Accounting",Social Sciences,0.0002777
MAYKB1LWD5U9,Social Sciences,Social Sciences,0.0002657
MAYKB1LWD5U9,"Economics, Econometrics and Finance",Social Sciences,0.0002277
MAYKB1LWD5U9,"Biochemistry, Genetics and Molecular Biology",Life Sciences,0.000192
MAYKB1LWD5U9,Neuroscience,Life Sciences,0.0001895
MAYKB1LWD5U9,Immunology and Microbiology,Life Sciences,0.0001745
MBBKNBU5DCC6,Medicine,Health Sciences,0.0007307
MBBKNBU5DCC6,"Biochemistry, Genetics and Molecular Biology",Life Sciences,0.00042790000000000005
MBBKNBU5DCC6,Immunology and Microbiology,Life Sciences,0.0001625
MBBKNBU5DCC6,Environmental Science,Physical Sciences,5.8e-05
MBBKNBU5DCC6,Agricultural and Biological Sciences,Life Sciences,3.37e-05
MBBKNBU5DCC6,Neuroscience,Life Sciences,2.12e-05
MBBKNBU5DCC6,Chemistry,Physical Sciences,1.94e-05
MBD2CZMR5N48,Agricultural and Biological Sciences,Life Sciences,0.0019927
MBD2CZMR5N48,Social Sciences,Social Sciences,0.0010345999999999999
MBD2CZMR5N48,"Biochemistry, Genetics and Molecular Biology",Life Sciences,0.0010054
MBD2CZMR5N48,Earth and Planetary Sciences,Physical Sciences,0.0005925
MBD2CZMR5N48,Engineering,Physical Sciences,0.000573
MBD2CZMR5N48,Psychology,Social Sciences,0.0005097
MBD2CZMR5N48,Environmental Science,Physical Sciences,0.0004718
MBD2CZMR5N48,Computer Science,Physical Sciences,0.0003726
MBD2CZMR5N48,Arts and Humanities,Social Sciences,0.0002511
MBD2CZMR5N48,Decision Sciences,Social Sciences,0.000248
MBD2CZMR5N48,Medicine,Health Sciences,0.0001856
MBKKNQM9QME3,Medicine,Health Sciences,0.025640300000000005
MBKKNQM9QME3,"Biochemistry, Genetics and Molecular Biology",Life Sciences,0.006852799999999999
MBKKNQM9QME3,Health Professions,Health Sciences,0.0012261
MBT9RXJJ7428,Medicine,Health Sciences,0.0073586
MBT9RXJJ7428,Environmental Science,Physical Sciences,0.004527
MBT9RXJJ7428,"Biochemistry, Genetics and Molecular Biology",Life Sciences,0.0028656
MBT9RXJJ7428,Engineering,Physical Sciences,0.0011909
MBT9RXJJ7428,Health Professions,Health Sciences,0.0006431
MBT9RXJJ7428,Chemical Engineering,Physical Sciences,0.0005849
MBT9RXJJ7428,Neuroscience,Life Sciences,0.000508
MBU6HCLNZ431,Medicine,Health Sciences,0.1247115
MBU6HCLNZ431,"Biochemistry, Genetics and Molecular Biology",Life Sciences,0.0122922
MBU6HCLNZ431,Immunology and Microbiology,Life Sciences,0.0081269
MBU6HCLNZ431,Neuroscience,Life Sciences,0.0063248
MBU6HCLNZ431,Social Sciences,Social Sciences,0.0047607
MC4RJJM9XLT5,Engineering,Physical Sciences,0.033446199999999995
MC4RJJM9XLT5,Social Sciences,Social Sciences,0.011732099999999999
MC4RJJM9XLT5,Psychology,Social Sciences,0.0039344
MC4RJJM9XLT5,Mathematics,Physical Sciences,0.0030848
MC4RJJM9XLT5,Agricultural and Biological Sciences,Life Sciences,0.0029778
MC4RJJM9XLT5,Environmental Science,Physical Sciences,0.0020877
MC4RJJM9XLT5,Arts and Humanities,Social Sciences,0.0019222
MC4RJJM9XLT5,Computer Science,Physical Sciences,0.0017096
MC4RJJM9XLT5,"Business, Management and Accounting",Social Sciences,0.0016466
MCKWJYCWNVN3,Medicine,Health Sciences,0.0537717
MCKWJYCWNVN3,Psychology,Social Sciences,0.0413525
MCKWJYCWNVN3,Neuroscience,Life Sciences,0.021449
MCKWJYCWNVN3,Arts and Humanities,Social Sciences,0.0037649
MECEHTM8DB17,Agricultural and Biological Sciences,Life Sciences,0.023359199999999997
MECEHTM8DB17,Environmental Science,Physical Sciences,0.0054052
MECEHTM8DB17,"Biochemistry, Genetics and Molecular Biology",Life Sciences,0.0022659
MG5BM5RM42J9,Social Sciences,Social Sciences,0.0664817
MG5BM5RM42J9,Mathematics,Physical Sciences,0.049631
MG5BM5RM42J9,Computer Science,Physical Sciences,0.0392257
MG5BM5RM42J9,Medicine,Health Sciences,0.0266472
MG5BM5RM42J9,Agricultural and Biological Sciences,Life Sciences,0.0178797
MG5BM5RM42J9,Environmental Science,Physical Sciences,0.0164306
MG5BM5RM42J9,Physics and Astronomy,Physical Sciences,0.0160913
MG5BM5RM42J9,Neuroscience,Life Sciences,0.0082493
MGUCX773RNJ8,Chemistry,Physical Sciences,0.0512725
MGUCX773RNJ8,"Biochemistry, Genetics and Molecular Biology",Life Sciences,0.0485677
MGUCX773RNJ8,Medicine,Health Sciences,0.0325817
MGUCX773RNJ8,Immunology and Microbiology,Life Sciences,0.021163
MGUCX773RNJ8,Neuroscience,Life Sciences,0.0067503
MJ3JH8CRJBZ7,Social Sciences,Social Sciences,0.0793058
MJ3JH8CRJBZ7,"Business, Management and Accounting",Social Sciences,0.0440633
MJ3JH8CRJBZ7,Arts and Humanities,Social Sciences,0.023894899999999997
MJ3JH8CRJBZ7,"Economics, Econometrics and Finance",Social Sciences,0.0073655
MJ3JH8CRJBZ7,Psychology,Social Sciences,0.0050227
MJ3JH8CRJBZ7,Chemistry,Physical Sciences,0.0046033
MJ3JH8CRJBZ7,Environmental Science,Physical Sciences,0.004492
MJC5FCYQTPE6,Neuroscience,Life Sciences,0.036802100000000004
MJC5FCYQTPE6,Physics and Astronomy,Physical Sciences,0.032085100000000005
MJC5FCYQTPE6,Computer Science,Physical Sciences,0.031404
MJC5FCYQTPE6,Social Sciences,Social Sciences,0.0300484
MJC5FCYQTPE6,Medicine,Health Sciences,0.028576200000000003
MJC5FCYQTPE6,Engineering,Physical Sciences,0.0232372
MJC5FCYQTPE6,Earth and Planetary Sciences,Physical Sciences,0.0167043
MJC5FCYQTPE6,"Biochemistry, Genetics and Molecular Biology",Life Sciences,0.0076881
MJC5FCYQTPE6,Environmental Science,Physical Sciences,0.0071745
MJL7LEL4B6M6,Medicine,Health Sciences,0.012464800000000002
MJL7LEL4B6M6,Social Sciences,Social Sciences,0.0050999
MJL7LEL4B6M6,Neuroscience,Life Sciences,0.0036609999999999998
MJL7LEL4B6M6,Psychology,Social Sciences,0.0031016999999999998
MJL7LEL4B6M6,"Biochemistry, Genetics and Molecular Biology",Life Sciences,0.001403
MJL7LEL4B6M6,Agricultural and Biological Sciences,Life Sciences,0.0013124
MJL7LEL4B6M6,Environmental Science,Physical Sciences,0.0011837
MJL7LEL4B6M6,Earth and Planetary Sciences,Physical Sciences,0.0009094
MJL7LEL4B6M6,"Economics, Econometrics and Finance",Social Sciences,0.0007555
MKAGLD59JRL1,Medicine,Health Sciences,0.257755
MKAGLD59JRL1,Psychology,Social Sciences,0.0374308
MKAGLD59JRL1,Neuroscience,Life Sciences,0.0121998
MKAGLD59JRL1,"Biochemistry, Genetics and Molecular Biology",Life Sciences,0.0112085
MLQFL4JSSAA9,Medicine,Health Sciences,0.06061300000000001
MLQFL4JSSAA9,Psychology,Social Sciences,0.0334939
MLQFL4JSSAA9,Social Sciences,Social Sciences,0.0254992
MLQFL4JSSAA9,"Biochemistry, Genetics and Molecular Biology",Life Sciences,0.0232341
MLQFL4JSSAA9,Physics and Astronomy,Physical Sciences,0.0103853
MLQFL4JSSAA9,Neuroscience,Life Sciences,0.0065687
MLQFL4JSSAA9,"Pharmacology, Toxicology and Pharmaceutics",Life Sciences,0.0047231
MLQFL4JSSAA9,Immunology and Microbiology,Life Sciences,0.0046388
MND6UJJX4PB3,Medicine,Health Sciences,0.014575399999999999
MND6UJJX4PB3,Health Professions,Health Sciences,0.0082205
MND6UJJX4PB3,Social Sciences,Social Sciences,0.005693
MND6UJJX4PB3,Engineering,Physical Sciences,0.0020852
MND6UJJX4PB3,Psychology,Social Sciences,0.0015825
MND6UJJX4PB3,"Pharmacology, Toxicology and Pharmaceutics",Life Sciences,0.0014584
MND6UJJX4PB3,Agricultural and Biological Sciences,Life Sciences,0.0009142
MNJ3PQ7MXFN6,Social Sciences,Social Sciences,0.0664817
MNJ3PQ7MXFN6,Mathematics,Physical Sciences,0.049631
MNJ3PQ7MXFN6,Computer Science,Physical Sciences,0.0392257
MNJ3PQ7MXFN6,Medicine,Health Sciences,0.0266472
MNJ3PQ7MXFN6,Agricultural and Biological Sciences,Life Sciences,0.0178797
MNJ3PQ7MXFN6,Environmental Science,Physical Sciences,0.0164306
MNJ3PQ7MXFN6,Physics and Astronomy,Physical Sciences,0.0160913
MNJ3PQ7MXFN6,Neuroscience,Life Sciences,0.0082493
MNJDKB4FXLM6,Agricultural and Biological Sciences,Life Sciences,0.1043057
MNJDKB4FXLM6,Earth and Planetary Sciences,Physical Sciences,0.077058
MNJDKB4FXLM6,"Biochemistry, Genetics and Molecular Biology",Life Sciences,0.0515062
MNJDKB4FXLM6,Environmental Science,Physical Sciences,0.0458971
MNJDKB4FXLM6,Mathematics,Physical Sciences,0.007934
MNJDKB4FXLM6,Medicine,Health Sciences,0.0077128
MNJDKB4FXLM6,Psychology,Social Sciences,0.006998
MNJDKB4FXLM6,Social Sciences,Social Sciences,0.0067433
MNMJWSC5Z4H1,Medicine,Health Sciences,0.0032859999999999994
MNMJWSC5Z4H1,"Economics, Econometrics and Finance",Social Sciences,0.0002659
MNMJWSC5Z4H1,"Biochemistry, Genetics and Molecular Biology",Life Sciences,0.0001243
MNMJWSC5Z4H1,Earth and Planetary Sciences,Physical Sciences,0.0001204
MNMJWSC5Z4H1,Psychology,Social Sciences,9.65e-05
MNS7B9CVKDN7,Social Sciences,Social Sciences,0.10826140000000001
MNS7B9CVKDN7,Psychology,Social Sciences,0.0297923
MNS7B9CVKDN7,Neuroscience,Life Sciences,0.0053296
MNS7B9CVKDN7,"Economics, Econometrics and Finance",Social Sciences,0.0050909
MNS7B9CVKDN7,"Business, Management and Accounting",Social Sciences,0.0049344
MPYFY5UMSDP4,Social Sciences,Social Sciences,0.015774299999999998
MPYFY5UMSDP4,Mathematics,Physical Sciences,0.0025853
MPYFY5UMSDP4,"Business, Management and Accounting",Social Sciences,0.0024582
MPYFY5UMSDP4,Medicine,Health Sciences,0.0017164
MPYFY5UMSDP4,Engineering,Physical Sciences,0.0011282
MPYFY5UMSDP4,Psychology,Social Sciences,0.0007879
MPYFY5UMSDP4,Health Professions,Health Sciences,0.0006011
MPYFY5UMSDP4,"Economics, Econometrics and Finance",Social Sciences,0.0004984
MQE2JHHJW9Q8,"Biochemistry, Genetics and Molecular Biology",Life Sciences,0.062872
MQE2JHHJW9Q8,Medicine,Health Sciences,0.030091700000000006
MQE2JHHJW9Q8,Immunology and Microbiology,Life Sciences,0.021135
MQE2JHHJW9Q8,Psychology,Social Sciences,0.0041025
MR5QC5FCAVH5,Agricultural and Biological Sciences,Life Sciences,0.13154290000000002
MR5QC5FCAVH5,Physics and Astronomy,Physical Sciences,0.0443169
MR5QC5FCAVH5,"Biochemistry, Genetics and Molecular Biology",Life Sciences,0.0202595
MR5QC5FCAVH5,Social Sciences,Social Sciences,0.0115335
MR5QC5FCAVH5,Environmental Science,Physical Sciences,0.0081816
MR7ZQXJSQKA5,Medicine,Health Sciences,0.00015910000000000002
MR7ZQXJSQKA5,Veterinary,Health Sciences,0.0001105
MR7ZQXJSQKA5,Social Sciences,Social Sciences,5.07e-05
MR7ZQXJSQKA5,Agricultural and Biological Sciences,Life Sciences,3.79e-05
MR7ZQXJSQKA5,"Biochemistry, Genetics and Molecular Biology",Life Sciences,3.78e-05
MR7ZQXJSQKA5,Physics and Astronomy,Physical Sciences,2.94e-05
MR7ZQXJSQKA5,Chemical Engineering,Physical Sciences,2.92e-05
MR7ZQXJSQKA5,Health Professions,Health Sciences,2.01e-05
MR7ZQXJSQKA5,Environmental Science,Physical Sciences,1.31e-05
MR7ZQXJSQKA5,Chemistry,Physical Sciences,9e-06
MR7ZQXJSQKA5,Decision Sciences,Social Sciences,6.7e-06
MR7ZQXJSQKA5,Mathematics,Physical Sciences,6.2e-06
MS3QH9KM4EN5,"Pharmacology, Toxicology and Pharmaceutics",Life Sciences,9.37e-05
MS3QH9KM4EN5,Neuroscience,Life Sciences,6.41e-05
MS3QH9KM4EN5,Medicine,Health Sciences,3.37e-05
MS3QH9KM4EN5,"Biochemistry, Genetics and Molecular Biology",Life Sciences,2.38e-05
MS3QH9KM4EN5,Psychology,Social Sciences,2.34e-05
MSPWVMXXMN76,Medicine,Health Sciences,0.0896723
MSPWVMXXMN76,"Biochemistry, Genetics and Molecular Biology",Life Sciences,0.0300313
MSPWVMXXMN76,Immunology and Microbiology,Life Sciences,0.010872099999999999
MSPWVMXXMN76,Agricultural and Biological Sciences,Life Sciences,0.0089722
MSPWVMXXMN76,Neuroscience,Life Sciences,0.004043
MSPWVMXXMN76,Social Sciences,Social Sciences,0.0034265
MV9GTK4QFA99,Medicine,Health Sciences,0.0139504
MV9GTK4QFA99,Health Professions,Health Sciences,0.0014321999999999998
MV9GTK4QFA99,Engineering,Physical Sciences,0.0005685
MV9GTK4QFA99,Social Sciences,Social Sciences,0.0004724
MV9GTK4QFA99,"Economics, Econometrics and Finance",Social Sciences,0.0004244
MVRJYL6A9VF1,Agricultural and Biological Sciences,Life Sciences,0.0158796
MVRJYL6A9VF1,"Biochemistry, Genetics and Molecular Biology",Life Sciences,0.010926599999999998
MVRJYL6A9VF1,Earth and Planetary Sciences,Physical Sciences,0.0084295
MVRJYL6A9VF1,Physics and Astronomy,Physical Sciences,0.0031394
MVRJYL6A9VF1,Environmental Science,Physical Sciences,0.0009436
MW8JHK6ZYEX8,Social Sciences,Social Sciences,0.027038700000000002
MW8JHK6ZYEX8,Engineering,Physical Sciences,0.022004799999999998
MW8JHK6ZYEX8,Physics and Astronomy,Physical Sciences,0.0086614
MW8JHK6ZYEX8,Arts and Humanities,Social Sciences,0.0065216
MW8JHK6ZYEX8,Earth and Planetary Sciences,Physical Sciences,0.0052136
MW8JHK6ZYEX8,Decision Sciences,Social Sciences,0.00327
MW8JHK6ZYEX8,"Business, Management and Accounting",Social Sciences,0.0025667
MW8JHK6ZYEX8,Environmental Science,Physical Sciences,0.0025506
MWYVQTQ32ME5,Medicine,Health Sciences,0.0594583
MWYVQTQ32ME5,"Biochemistry, Genetics and Molecular Biology",Life Sciences,0.010999400000000001
MWYVQTQ32ME5,Neuroscience,Life Sciences,0.0068548
MWYVQTQ32ME5,Psychology,Social Sciences,0.0047718
MWYVQTQ32ME5,Health Professions,Health Sciences,0.004071
MWYVQTQ32ME5,Nursing,Health Sciences,0.0021244
MX8ULDF6SDD6,Neuroscience,Life Sciences,0.0077339999999999996
MX8ULDF6SDD6,Psychology,Social Sciences,0.0061355
MX8ULDF6SDD6,Medicine,Health Sciences,0.0038813999999999997
MX8ULDF6SDD6,Environmental Science,Physical Sciences,0.0004077
MXHAS3AKPRN1,Environmental Science,Physical Sciences,0.0397848
MXHAS3AKPRN1,Social Sciences,Social Sciences,0.010515199999999999
MXHAS3AKPRN1,Earth and Planetary Sciences,Physical Sciences,0.0100856
MXHAS3AKPRN1,Agricultural and Biological Sciences,Life Sciences,0.0077973
MXHAS3AKPRN1,Medicine,Health Sciences,0.0074461
MXHAS3AKPRN1,Physics and Astronomy,Physical Sciences,0.0069817
MXHAS3AKPRN1,Psychology,Social Sciences,0.0037376
MXHAS3AKPRN1,Arts and Humanities,Social Sciences,0.0030044
MXHAS3AKPRN1,"Biochemistry, Genetics and Molecular Biology",Life Sciences,0.0026715
MXHAS3AKPRN1,Health Professions,Health Sciences,0.0024182
MXLZGAMFEKN5,Physics and Astronomy,Physical Sciences,0.0299343
MXLZGAMFEKN5,Social Sciences,Social Sciences,0.0225202
MXLZGAMFEKN5,Mathematics,Physical Sciences,0.0185859
MXLZGAMFEKN5,Neuroscience,Life Sciences,0.012606500000000001
MXLZGAMFEKN5,Arts and Humanities,Social Sciences,0.0067741
MXLZGAMFEKN5,Psychology,Social Sciences,0.0036241
MXLZGAMFEKN5,Medicine,Health Sciences,0.0036024
MXLZGAMFEKN5,Materials Science,Physical Sciences,0.0034069
MY2ERHGDV956,Medicine,Health Sciences,0.0616324
MY2ERHGDV956,"Economics, Econometrics and Finance",Social Sciences,0.0097305
MY2ERHGDV956,Engineering,Physical Sciences,0.005479
MY2ERHGDV956,"Biochemistry, Genetics and Molecular Biology",Life Sciences,0.0040694
MY2ERHGDV956,Health Professions,Health Sciences,0.0032732
MY2ERHGDV956,Immunology and Microbiology,Life Sciences,0.0024402
MZ4DYXE1SL98,Environmental Science,Physical Sciences,0.1281837
MZ4DYXE1SL98,Agricultural and Biological Sciences,Life Sciences,0.0401156
MZ4DYXE1SL98,Earth and Planetary Sciences,Physical Sciences,0.0327883
MZ4DYXE1SL98,Engineering,Physical Sciences,0.0308347
MZ4DYXE1SL98,"Pharmacology, Toxicology and Pharmaceutics",Life Sciences,0.0176975
MZ4DYXE1SL98,"Biochemistry, Genetics and Molecular Biology",Life Sciences,0.0151804
MZ4DYXE1SL98,Computer Science,Physical Sciences,0.0146842
N4WWJC8T2593,Medicine,Health Sciences,0.0152409
N4WWJC8T2593,Immunology and Microbiology,Life Sciences,0.0042717
N4WWJC8T2593,"Biochemistry, Genetics and Molecular Biology",Life Sciences,0.0039387
N4WWJC8T2593,Neuroscience,Life Sciences,0.0018245000000000002
N4WWJC8T2593,Nursing,Health Sciences,0.0013267
N4WWJC8T2593,Dentistry,Health Sciences,0.0008714
N52NHWMBZNG5,Medicine,Health Sciences,0.053866599999999994
N52NHWMBZNG5,Health Professions,Health Sciences,0.0059904
N52NHWMBZNG5,"Biochemistry, Genetics and Molecular Biology",Life Sciences,0.0021086
N52NHWMBZNG5,"Pharmacology, Toxicology and Pharmaceutics",Life Sciences,0.0020468
N58JMBDDUGU7,Dentistry,Health Sciences,0.014805
N58JMBDDUGU7,Health Professions,Health Sciences,0.006792
N58JMBDDUGU7,Medicine,Health Sciences,0.0034888999999999996
N58JMBDDUGU7,Social Sciences,Social Sciences,0.0015993000000000001
N58JMBDDUGU7,"Biochemistry, Genetics and Molecular Biology",Life Sciences,0.0011224
N58JMBDDUGU7,Engineering,Physical Sciences,0.0008446
N58JMBDDUGU7,Psychology,Social Sciences,0.0008298
N63ZMY7UETA3,Agricultural and Biological Sciences,Life Sciences,0.007069400000000001
N63ZMY7UETA3,Physics and Astronomy,Physical Sciences,0.005455
N63ZMY7UETA3,Engineering,Physical Sciences,0.0043628
N63ZMY7UETA3,Social Sciences,Social Sciences,0.0030663
N63ZMY7UETA3,"Biochemistry, Genetics and Molecular Biology",Life Sciences,0.0018813
N63ZMY7UETA3,Environmental Science,Physical Sciences,0.00186
N63ZMY7UETA3,Chemistry,Physical Sciences,0.000891
N63ZMY7UETA3,Computer Science,Physical Sciences,0.0008225
N63ZMY7UETA3,Decision Sciences,Social Sciences,0.0008074
N876TLXYGCG4,Medicine,Health Sciences,0.0274741
N876TLXYGCG4,Psychology,Social Sciences,0.006515999999999999
N876TLXYGCG4,Social Sciences,Social Sciences,0.0062232
N876TLXYGCG4,Health Professions,Health Sciences,0.0033209
N876TLXYGCG4,Physics and Astronomy,Physical Sciences,0.0014699
NA7AKMLK2BM1,Medicine,Health Sciences,0.2124172
NA7AKMLK2BM1,Neuroscience,Life Sciences,0.0276071
NA7AKMLK2BM1,"Biochemistry, Genetics and Molecular Biology",Life Sciences,0.020517
NCSMA19DF7E6,Medicine,Health Sciences,0.11860029999999999
NCSMA19DF7E6,"Biochemistry, Genetics and Molecular Biology",Life Sciences,0.018244
NFHEUCKBFMU4,"Biochemistry, Genetics and Molecular Biology",Life Sciences,0.010425500000000002
NFHEUCKBFMU4,Neuroscience,Life Sciences,0.0101728
NFHEUCKBFMU4,Computer Science,Physical Sciences,0.0058457000000000005
NGCNCJ1X6XA4,Medicine,Health Sciences,0.0312189
NGCNCJ1X6XA4,Immunology and Microbiology,Life Sciences,0.007178799999999999
NGCNCJ1X6XA4,"Biochemistry, Genetics and Molecular Biology",Life Sciences,0.0067567999999999994
NGCNCJ1X6XA4,Nursing,Health Sciences,0.0021968
NH64NT271S93,Medicine,Health Sciences,0.030924599999999997
NH64NT271S93,"Biochemistry, Genetics and Molecular Biology",Life Sciences,0.009002900000000001
NH64NT271S93,Physics and Astronomy,Physical Sciences,0.0043605
NH64NT271S93,Social Sciences,Social Sciences,0.0040684
NH64NT271S93,Health Professions,Health Sciences,0.0033438
NH64NT271S93,Neuroscience,Life Sciences,0.0025272
NH64NT271S93,Arts and Humanities,Social Sciences,0.0024887
NH64NT271S93,Decision Sciences,Social Sciences,0.0023493
NH64NT271S93,Dentistry,Health Sciences,0.0018974
NH77YPDEGG84,Physics and Astronomy,Physical Sciences,0.09669889999999999
NH77YPDEGG84,Agricultural and Biological Sciences,Life Sciences,0.0621651
NH77YPDEGG84,Social Sciences,Social Sciences,0.046801899999999994
NH77YPDEGG84,Environmental Science,Physical Sciences,0.034683500000000006
NH77YPDEGG84,Veterinary,Health Sciences,0.0265798
NH77YPDEGG84,Earth and Planetary Sciences,Physical Sciences,0.0165873
NH77YPDEGG84,Medicine,Health Sciences,0.0122764
NH77YPDEGG84,Computer Science,Physical Sciences,0.0106655
NH77YPDEGG84,Decision Sciences,Social Sciences,0.0103869
NH77YPDEGG84,Arts and Humanities,Social Sciences,0.0100361
NHH3T1Z96H29,Arts and Humanities,Social Sciences,0.0003665
NHH3T1Z96H29,Environmental Science,Physical Sciences,0.00026199999999999997
NHH3T1Z96H29,Social Sciences,Social Sciences,0.00010829999999999999
NHH3T1Z96H29,Physics and Astronomy,Physical Sciences,9.669999999999999e-05
NHH3T1Z96H29,Medicine,Health Sciences,9.14e-05
NHH3T1Z96H29,Engineering,Physical Sciences,8.37e-05
NHH3T1Z96H29,"Biochemistry, Genetics and Molecular Biology",Life Sciences,6.28e-05
NHH3T1Z96H29,Agricultural and Biological Sciences,Life Sciences,5.35e-05
NHH3T1Z96H29,Health Professions,Health Sciences,5.02e-05
NHH3T1Z96H29,Decision Sciences,Social Sciences,3.64e-05
NHV3GTWSALA7,Medicine,Health Sciences,0.08632820000000001
NHV3GTWSALA7,"Biochemistry, Genetics and Molecular Biology",Life Sciences,0.0278809
NHV3GTWSALA7,Neuroscience,Life Sciences,0.0207176
NHV3GTWSALA7,Psychology,Social Sciences,0.015531199999999998
NHV3GTWSALA7,Social Sciences,Social Sciences,0.0053773
NHV3GTWSALA7,Engineering,Physical Sciences,0.0047668
NJ14V2NZYM68,Arts and Humanities,Social Sciences,0.0003665
NJ14V2NZYM68,Environmental Science,Physical Sciences,0.00026199999999999997
NJ14V2NZYM68,Social Sciences,Social Sciences,0.00010829999999999999
NJ14V2NZYM68,Physics and Astronomy,Physical Sciences,9.669999999999999e-05
NJ14V2NZYM68,Medicine,Health Sciences,9.14e-05
NJ14V2NZYM68,Engineering,Physical Sciences,8.37e-05
NJ14V2NZYM68,"Biochemistry, Genetics and Molecular Biology",Life Sciences,6.28e-05
NJ14V2NZYM68,Agricultural and Biological Sciences,Life Sciences,5.35e-05
NJ14V2NZYM68,Health Professions,Health Sciences,5.02e-05
NJ14V2NZYM68,Decision Sciences,Social Sciences,3.64e-05
NJ1YPQXQG7U5,Physics and Astronomy,Physical Sciences,0.23363429999999996
NJ1YPQXQG7U5,Computer Science,Physical Sciences,0.037755199999999996
NJ1YPQXQG7U5,Social Sciences,Social Sciences,0.0229093
NJ1YPQXQG7U5,Engineering,Physical Sciences,0.0211735
NJ1YPQXQG7U5,Decision Sciences,Social Sciences,0.0141566
NJ1YPQXQG7U5,Mathematics,Physical Sciences,0.0131044
NJ1YPQXQG7U5,"Economics, Econometrics and Finance",Social Sciences,0.0110106
NJ1YPQXQG7U5,Environmental Science,Physical Sciences,0.0107704
NJH3YBU1VHB7,Medicine,Health Sciences,0.019458100000000002
NJH3YBU1VHB7,Health Professions,Health Sciences,0.0043774999999999994
NJH3YBU1VHB7,Immunology and Microbiology,Life Sciences,0.002077
NJH3YBU1VHB7,Psychology,Social Sciences,0.0017744
NJH3YBU1VHB7,Environmental Science,Physical Sciences,0.0010112
NJH3YBU1VHB7,Social Sciences,Social Sciences,0.0008787
NJH3YBU1VHB7,"Business, Management and Accounting",Social Sciences,0.0007992
NJZEFMRACCH9,Medicine,Health Sciences,0.0040911
NJZEFMRACCH9,Psychology,Social Sciences,0.0011357
NJZEFMRACCH9,"Biochemistry, Genetics and Molecular Biology",Life Sciences,0.0007273
NJZEFMRACCH9,Neuroscience,Life Sciences,0.000414
NJZEFMRACCH9,Environmental Science,Physical Sciences,0.0003844
NJZEFMRACCH9,"Pharmacology, Toxicology and Pharmaceutics",Life Sciences,0.0002964
NKAZLXLL7Z91,Arts and Humanities,Social Sciences,0.1365081
NKAZLXLL7Z91,Social Sciences,Social Sciences,0.1100167
NKAZLXLL7Z91,Psychology,Social Sciences,0.0232064
NKAZLXLL7Z91,Medicine,Health Sciences,0.016934499999999998
NLG5Q8FA5TE8,Medicine,Health Sciences,0.0175313
NLG5Q8FA5TE8,"Business, Management and Accounting",Social Sciences,0.0012791
NLG5Q8FA5TE8,Social Sciences,Social Sciences,0.0007884
NLG5Q8FA5TE8,Health Professions,Health Sciences,0.0007792000000000001
NLG5Q8FA5TE8,Physics and Astronomy,Physical Sciences,0.0007212
NLG5Q8FA5TE8,"Economics, Econometrics and Finance",Social Sciences,0.0006071
NLG5Q8FA5TE8,Engineering,Physical Sciences,0.0005778
NLG5Q8FA5TE8,"Biochemistry, Genetics and Molecular Biology",Life Sciences,0.0003738
NMJHD63STRC5,Social Sciences,Social Sciences,0.0012779
NMJHD63STRC5,"Business, Management and Accounting",Social Sciences,0.0004213
NMJHD63STRC5,Agricultural and Biological Sciences,Life Sciences,0.00030920000000000003
NMJHD63STRC5,Decision Sciences,Social Sciences,0.00023500000000000002
NMJHD63STRC5,Computer Science,Physical Sciences,0.0002264
NMJHD63STRC5,Health Professions,Health Sciences,0.0001865
NMJHD63STRC5,Engineering,Physical Sciences,0.0001821
NMJHD63STRC5,Environmental Science,Physical Sciences,0.000155
NMJHD63STRC5,Psychology,Social Sciences,0.000146
NMJHD63STRC5,"Biochemistry, Genetics and Molecular Biology",Life Sciences,0.0001045
NMJHD63STRC5,"Economics, Econometrics and Finance",Social Sciences,9.78e-05
NNFQH1JAPEP3,Agricultural and Biological Sciences,Life Sciences,0.35005920000000007
NNFQH1JAPEP3,Environmental Science,Physical Sciences,0.1018549
NNFQH1JAPEP3,Computer Science,Physical Sciences,0.0215969
NNFQH1JAPEP3,Veterinary,Health Sciences,0.014975
NNJ6BMBTFGN5,Neuroscience,Life Sciences,0.035652800000000005
NNJ6BMBTFGN5,"Biochemistry, Genetics and Molecular Biology",Life Sciences,0.026350000000000002
NNJ6BMBTFGN5,Medicine,Health Sciences,0.011775299999999999
NNJ6BMBTFGN5,Agricultural and Biological Sciences,Life Sciences,0.0055575
NNJ6BMBTFGN5,Psychology,Social Sciences,0.0029089
NNYDFK5FTSX9,Agricultural and Biological Sciences,Life Sciences,0.0472597
NNYDFK5FTSX9,Environmental Science,Physical Sciences,0.0254789
NNYDFK5FTSX9,Physics and Astronomy,Physical Sciences,0.0110021
NNYDFK5FTSX9,Veterinary,Health Sciences,0.008169200000000001
NNYDFK5FTSX9,Immunology and Microbiology,Life Sciences,0.0075865
NNYDFK5FTSX9,"Economics, Econometrics and Finance",Social Sciences,0.0042295
NNYDFK5FTSX9,Mathematics,Physical Sciences,0.0038754
NNYDFK5FTSX9,Health Professions,Health Sciences,0.00369
NNYDFK5FTSX9,Medicine,Health Sciences,0.0031504
NPH1VN32EWN5,Social Sciences,Social Sciences,0.0015253
NPH1VN32EWN5,Decision Sciences,Social Sciences,0.0005949
NPH1VN32EWN5,Computer Science,Physical Sciences,0.0005403999999999999
NPH1VN32EWN5,Medicine,Health Sciences,0.00043479999999999994
NPH1VN32EWN5,"Business, Management and Accounting",Social Sciences,0.0003425
NPH1VN32EWN5,"Economics, Econometrics and Finance",Social Sciences,0.00033989999999999997
NPH1VN32EWN5,Immunology and Microbiology,Life Sciences,0.0003007
NPH1VN32EWN5,Environmental Science,Physical Sciences,0.0002678
NPH1VN32EWN5,Arts and Humanities,Social Sciences,0.00025
NPH1VN32EWN5,Engineering,Physical Sciences,0.000198
NPH1VN32EWN5,"Biochemistry, Genetics and Molecular Biology",Life Sciences,0.0001884
NPM2J7MSCF61,Engineering,Physical Sciences,0.1415116
NPM2J7MSCF61,Physics and Astronomy,Physical Sciences,0.0921627
NPM2J7MSCF61,Arts and Humanities,Social Sciences,0.059419599999999996
NPM2J7MSCF61,Social Sciences,Social Sciences,0.0395639
NPM2J7MSCF61,Materials Science,Physical Sciences,0.0376495
NPM2J7MSCF61,Mathematics,Physical Sciences,0.0161644
NPM2J7MSCF61,Environmental Science,Physical Sciences,0.0153103
NPM2J7MSCF61,Psychology,Social Sciences,0.0126088
NPSNT86JKN51,Medicine,Health Sciences,0.1065327
NPSNT86JKN51,Veterinary,Health Sciences,0.0270722
NPSNT86JKN51,Agricultural and Biological Sciences,Life Sciences,0.0199974
NPSNT86JKN51,Engineering,Physical Sciences,0.0169947
NPSNT86JKN51,Neuroscience,Life Sciences,0.0153014
NPSNT86JKN51,"Biochemistry, Genetics and Molecular Biology",Life Sciences,0.0132766
NPSNT86JKN51,Environmental Science,Physical Sciences,0.0105861
NPSNT86JKN51,Social Sciences,Social Sciences,0.0093091
NPSNT86JKN51,Health Professions,Health Sciences,0.0077557
NPSNT86JKN51,Computer Science,Physical Sciences,0.0077207
NPSNT86JKN51,Immunology and Microbiology,Life Sciences,0.0068007
NPSNT86JKN51,Earth and Planetary Sciences,Physical Sciences,0.0064497
NPT2UNTNHJZ1,Engineering,Physical Sciences,0.023974300000000004
NPT2UNTNHJZ1,Computer Science,Physical Sciences,0.0076031
NPT2UNTNHJZ1,Medicine,Health Sciences,0.006011599999999999
NPT2UNTNHJZ1,Psychology,Social Sciences,0.0048265
NPT2UNTNHJZ1,Arts and Humanities,Social Sciences,0.0046394999999999995
NPT2UNTNHJZ1,Social Sciences,Social Sciences,0.004514499999999999
NPT2UNTNHJZ1,Decision Sciences,Social Sciences,0.0024225
NPT2UNTNHJZ1,Chemistry,Physical Sciences,0.0022938
NPT2UNTNHJZ1,Materials Science,Physical Sciences,0.002195
NPT2UNTNHJZ1,"Biochemistry, Genetics and Molecular Biology",Life Sciences,0.0021482
NPU8ULVAAS23,Physics and Astronomy,Physical Sciences,0.23265870000000002
NPU8ULVAAS23,Environmental Science,Physical Sciences,0.044205
NPU8ULVAAS23,Earth and Planetary Sciences,Physical Sciences,0.0217947
NPU8ULVAAS23,Computer Science,Physical Sciences,0.0114312
NPU8ULVAAS23,Social Sciences,Social Sciences,0.0106106
NPU8ULVAAS23,Engineering,Physical Sciences,0.0105351
NQMVAAQUFU53,Arts and Humanities,Social Sciences,0.0003665
NQMVAAQUFU53,Environmental Science,Physical Sciences,0.00026199999999999997
NQMVAAQUFU53,Social Sciences,Social Sciences,0.00010829999999999999
NQMVAAQUFU53,Physics and Astronomy,Physical Sciences,9.669999999999999e-05
NQMVAAQUFU53,Medicine,Health Sciences,9.14e-05
NQMVAAQUFU53,Engineering,Physical Sciences,8.37e-05
NQMVAAQUFU53,"Biochemistry, Genetics and Molecular Biology",Life Sciences,6.28e-05
NQMVAAQUFU53,Agricultural and Biological Sciences,Life Sciences,5.35e-05
NQMVAAQUFU53,Health Professions,Health Sciences,5.02e-05
NQMVAAQUFU53,Decision Sciences,Social Sciences,3.64e-05
NRJ8QC6LM4T1,"Biochemistry, Genetics and Molecular Biology",Life Sciences,0.0032107999999999998
NRJ8QC6LM4T1,Immunology and Microbiology,Life Sciences,0.0012688999999999999
NRJ8QC6LM4T1,Medicine,Health Sciences,0.00105
NRJ8QC6LM4T1,Neuroscience,Life Sciences,0.0007773
NRJ8QC6LM4T1,Chemistry,Physical Sciences,0.0004936
NRJ8QC6LM4T1,Agricultural and Biological Sciences,Life Sciences,0.0004064
NRJ8QC6LM4T1,"Economics, Econometrics and Finance",Social Sciences,0.0003406
NRJ8QC6LM4T1,Social Sciences,Social Sciences,0.0002233
NSCKLFSSABF2,Physics and Astronomy,Physical Sciences,0.11199949999999999
NSCKLFSSABF2,Environmental Science,Physical Sciences,0.0368328
NSCKLFSSABF2,Social Sciences,Social Sciences,0.0203447
NSCKLFSSABF2,Earth and Planetary Sciences,Physical Sciences,0.0177669
NSCKLFSSABF2,Agricultural and Biological Sciences,Life Sciences,0.0063215
NSCKLFSSABF2,Medicine,Health Sciences,0.0063175
NTLHJXM55KZ6,Social Sciences,Social Sciences,0.15830059999999999
NTLHJXM55KZ6,Engineering,Physical Sciences,0.0461882
NTLHJXM55KZ6,Physics and Astronomy,Physical Sciences,0.0444379
NTLHJXM55KZ6,Psychology,Social Sciences,0.0176483
NTLHJXM55KZ6,Materials Science,Physical Sciences,0.0118537
NTXJM52SHKS7,Agricultural and Biological Sciences,Life Sciences,0.0598234
NTXJM52SHKS7,Engineering,Physical Sciences,0.0261905
NTXJM52SHKS7,Environmental Science,Physical Sciences,0.0217206
NTXJM52SHKS7,"Biochemistry, Genetics and Molecular Biology",Life Sciences,0.0159087
NTXJM52SHKS7,Immunology and Microbiology,Life Sciences,0.007844
NTXJM52SHKS7,"Business, Management and Accounting",Social Sciences,0.0042867
NTXJM52SHKS7,Physics and Astronomy,Physical Sciences,0.003798
NWQ2AMLQTLN6,Engineering,Physical Sciences,0.0032946
NWQ2AMLQTLN6,Medicine,Health Sciences,0.0016218
NWQ2AMLQTLN6,Social Sciences,Social Sciences,0.0010492
NWQ2AMLQTLN6,Computer Science,Physical Sciences,0.0008517
NWQ2AMLQTLN6,Environmental Science,Physical Sciences,0.0006096
NWQ2AMLQTLN6,Decision Sciences,Social Sciences,0.0005468000000000001
NWQ2AMLQTLN6,Psychology,Social Sciences,0.0003314
NWQ2AMLQTLN6,Veterinary,Health Sciences,0.0003052
NWQ2AMLQTLN6,Mathematics,Physical Sciences,0.0002601
NX9PXMKW5KW8,Social Sciences,Social Sciences,0.0855466
NX9PXMKW5KW8,"Economics, Econometrics and Finance",Social Sciences,0.0764323
NX9PXMKW5KW8,Neuroscience,Life Sciences,0.050197099999999995
NX9PXMKW5KW8,Psychology,Social Sciences,0.041392
NX9PXMKW5KW8,Medicine,Health Sciences,0.0285467
NX9PXMKW5KW8,Decision Sciences,Social Sciences,0.0116435
NX9PXMKW5KW8,"Business, Management and Accounting",Social Sciences,0.0108203
NZBMKZMW68N3,Physics and Astronomy,Physical Sciences,0.0021859
NZBMKZMW68N3,Engineering,Physical Sciences,0.0021486
NZBMKZMW68N3,Materials Science,Physical Sciences,0.000543
NZBMKZMW68N3,Decision Sciences,Social Sciences,0.0002285
NZBMKZMW68N3,Social Sciences,Social Sciences,0.0001872
NZBMKZMW68N3,"Economics, Econometrics and Finance",Social Sciences,0.0001679
NZVVQ8GNVX65,Medicine,Health Sciences,0.0187814
NZVVQ8GNVX65,"Economics, Econometrics and Finance",Social Sciences,0.0070448
NZVVQ8GNVX65,Health Professions,Health Sciences,0.0050512000000000005
NZVVQ8GNVX65,Environmental Science,Physical Sciences,0.0043452
NZVVQ8GNVX65,Mathematics,Physical Sciences,0.0039168
NZVVQ8GNVX65,"Pharmacology, Toxicology and Pharmaceutics",Life Sciences,0.0031459
NZVVQ8GNVX65,Immunology and Microbiology,Life Sciences,0.0017024
NZVVQ8GNVX65,"Biochemistry, Genetics and Molecular Biology",Life Sciences,0.0014922
P1RTMASB37B5,Medicine,Health Sciences,0.0026477000000000002
P1RTMASB37B5,Environmental Science,Physical Sciences,0.0007147
P1RTMASB37B5,Health Professions,Health Sciences,0.0006124
P1RTMASB37B5,Social Sciences,Social Sciences,0.0004384
P1RTMASB37B5,Nursing,Health Sciences,0.00043230000000000005
P1RTMASB37B5,Psychology,Social Sciences,0.0002954
P1RTMASB37B5,"Economics, Econometrics and Finance",Social Sciences,0.0002912
P1RTMASB37B5,Chemical Engineering,Physical Sciences,0.000234
P1RTMASB37B5,"Biochemistry, Genetics and Molecular Biology",Life Sciences,0.0002156
P1RTMASB37B5,Decision Sciences,Social Sciences,0.0001828
P1RTMASB37B5,"Pharmacology, Toxicology and Pharmaceutics",Life Sciences,0.0001802
P2TDH1JCJD31,Social Sciences,Social Sciences,0.029508200000000002
P2TDH1JCJD31,Psychology,Social Sciences,0.0053939
P2TDH1JCJD31,Arts and Humanities,Social Sciences,0.0019692
P2TDH1JCJD31,Health Professions,Health Sciences,0.0016122
P2TDH1JCJD31,Engineering,Physical Sciences,0.0014008
P2TDH1JCJD31,Materials Science,Physical Sciences,0.0013309
PB3AJE5ZEJ59,Social Sciences,Social Sciences,0.005060999999999999
PB3AJE5ZEJ59,Environmental Science,Physical Sciences,0.0016176
PB3AJE5ZEJ59,"Business, Management and Accounting",Social Sciences,0.0008381
PB3AJE5ZEJ59,Medicine,Health Sciences,0.0005103
PB3AJE5ZEJ59,"Economics, Econometrics and Finance",Social Sciences,0.0002786
PB3AJE5ZEJ59,Engineering,Physical Sciences,0.0002429
PB3AJE5ZEJ59,Computer Science,Physical Sciences,0.0002111
PB3AJE5ZEJ59,Earth and Planetary Sciences,Physical Sciences,0.0002056
PB3AJE5ZEJ59,Health Professions,Health Sciences,0.000201
PBBNV32ZW7Q6,Social Sciences,Social Sciences,0.0010691
PBBNV32ZW7Q6,Computer Science,Physical Sciences,0.00030879999999999997
PBBNV32ZW7Q6,Engineering,Physical Sciences,0.0002277
PBBNV32ZW7Q6,Environmental Science,Physical Sciences,0.00018939999999999997
PBBNV32ZW7Q6,Earth and Planetary Sciences,Physical Sciences,0.0001866
PBBNV32ZW7Q6,Mathematics,Physical Sciences,8.25e-05
PBBNV32ZW7Q6,Psychology,Social Sciences,5.1e-05
PBBNV32ZW7Q6,Health Professions,Health Sciences,4.22e-05
PBBNV32ZW7Q6,"Economics, Econometrics and Finance",Social Sciences,3.5e-05
PBBNV32ZW7Q6,Decision Sciences,Social Sciences,3.34e-05
PFBDNBDS57H3,Medicine,Health Sciences,0.0083969
PFBDNBDS57H3,Social Sciences,Social Sciences,0.006421100000000001
PFBDNBDS57H3,Health Professions,Health Sciences,0.0018409999999999998
PFBDNBDS57H3,Psychology,Social Sciences,0.0011386999999999999
PFBDNBDS57H3,"Biochemistry, Genetics and Molecular Biology",Life Sciences,0.0011161
PHMKYKKJLQS1,"Biochemistry, Genetics and Molecular Biology",Life Sciences,0.04120519999999999
PHMKYKKJLQS1,Medicine,Health Sciences,0.0207274
PHMKYKKJLQS1,Neuroscience,Life Sciences,0.0080944
PHMKYKKJLQS1,Immunology and Microbiology,Life Sciences,0.0074401
PHZJFZ32NKH4,Chemistry,Physical Sciences,0.0512725
PHZJFZ32NKH4,"Biochemistry, Genetics and Molecular Biology",Life Sciences,0.0485677
PHZJFZ32NKH4,Medicine,Health Sciences,0.0325817
PHZJFZ32NKH4,Immunology and Microbiology,Life Sciences,0.021163
PHZJFZ32NKH4,Neuroscience,Life Sciences,0.0067503
PK9FMGRDRVD5,Social Sciences,Social Sciences,0.0017668
PK9FMGRDRVD5,Arts and Humanities,Social Sciences,0.0004156
PK9FMGRDRVD5,Psychology,Social Sciences,0.0001982
PK9FMGRDRVD5,Computer Science,Physical Sciences,0.0001464
PK9FMGRDRVD5,Health Professions,Health Sciences,8.33e-05
PK9FMGRDRVD5,Mathematics,Physical Sciences,4.73e-05
PK9FMGRDRVD5,Materials Science,Physical Sciences,4.41e-05
PKFJZHG2MLG9,Engineering,Physical Sciences,0.009945599999999999
PKFJZHG2MLG9,Materials Science,Physical Sciences,0.005924100000000001
PKFJZHG2MLG9,Mathematics,Physical Sciences,0.0052936
PKFJZHG2MLG9,Agricultural and Biological Sciences,Life Sciences,0.002309
PKFJZHG2MLG9,Computer Science,Physical Sciences,0.0016173
PKFJZHG2MLG9,Environmental Science,Physical Sciences,0.0016067
PKFJZHG2MLG9,Physics and Astronomy,Physical Sciences,0.0013843
PKFJZHG2MLG9,Social Sciences,Social Sciences,0.0010731
PKFJZHG2MLG9,Earth and Planetary Sciences,Physical Sciences,0.0009544
PKFJZHG2MLG9,Decision Sciences,Social Sciences,0.0008685
Q266L2NDAVP1,"Business, Management and Accounting",Social Sciences,0.0309818
Q266L2NDAVP1,Computer Science,Physical Sciences,0.0177178
Q266L2NDAVP1,Social Sciences,Social Sciences,0.0104455
Q266L2NDAVP1,Environmental Science,Physical Sciences,0.0093405
Q266L2NDAVP1,Physics and Astronomy,Physical Sciences,0.0056077
Q266L2NDAVP1,Engineering,Physical Sciences,0.002859
Q266L2NDAVP1,Psychology,Social Sciences,0.0028461
Q266L2NDAVP1,"Economics, Econometrics and Finance",Social Sciences,0.0027186
Q266L2NDAVP1,Agricultural and Biological Sciences,Life Sciences,0.0026094
Q3KCVK5S9CP1,Social Sciences,Social Sciences,0.04090800000000001
Q3KCVK5S9CP1,Environmental Science,Physical Sciences,0.0190617
Q3KCVK5S9CP1,Psychology,Social Sciences,0.0128855
Q3KCVK5S9CP1,Medicine,Health Sciences,0.0076042
Q3KCVK5S9CP1,Physics and Astronomy,Physical Sciences,0.0073678
Q3KCVK5S9CP1,Earth and Planetary Sciences,Physical Sciences,0.0069312
Q3KCVK5S9CP1,Neuroscience,Life Sciences,0.0059066
Q3KCVK5S9CP1,Health Professions,Health Sciences,0.0038001
Q3KCVK5S9CP1,"Business, Management and Accounting",Social Sciences,0.0035702
Q3KCVK5S9CP1,Engineering,Physical Sciences,0.0035149
Q3LLLDFHPNL3,Social Sciences,Social Sciences,0.0003331
Q3LLLDFHPNL3,Engineering,Physical Sciences,0.00022980000000000003
Q3LLLDFHPNL3,Agricultural and Biological Sciences,Life Sciences,0.00015480000000000002
Q3LLLDFHPNL3,"Biochemistry, Genetics and Molecular Biology",Life Sciences,9.81e-05
Q3LLLDFHPNL3,Arts and Humanities,Social Sciences,9.58e-05
Q3LLLDFHPNL3,Computer Science,Physical Sciences,8.070000000000001e-05
Q3LLLDFHPNL3,Environmental Science,Physical Sciences,4.75e-05
Q3LLLDFHPNL3,Mathematics,Physical Sciences,4.12e-05
Q3LLLDFHPNL3,"Business, Management and Accounting",Social Sciences,3.11e-05
Q7N8CH7NR418,Agricultural and Biological Sciences,Life Sciences,0.05367349999999999
Q7N8CH7NR418,Earth and Planetary Sciences,Physical Sciences,0.035365
Q7N8CH7NR418,"Biochemistry, Genetics and Molecular Biology",Life Sciences,0.030076600000000002
Q7N8CH7NR418,Environmental Science,Physical Sciences,0.0298332
Q7N8CH7NR418,Social Sciences,Social Sciences,0.0171934
Q7N8CH7NR418,Physics and Astronomy,Physical Sciences,0.0064283
Q7N8CH7NR418,Arts and Humanities,Social Sciences,0.0056552
QB12VPNQQFE8,Medicine,Health Sciences,0.0120558
QB12VPNQQFE8,"Biochemistry, Genetics and Molecular Biology",Life Sciences,0.0098143
QB12VPNQQFE8,Mathematics,Physical Sciences,0.0062123000000000005
QB12VPNQQFE8,Environmental Science,Physical Sciences,0.0054318
QB12VPNQQFE8,Psychology,Social Sciences,0.0039105
QB12VPNQQFE8,Social Sciences,Social Sciences,0.0026749
QB12VPNQQFE8,Neuroscience,Life Sciences,0.0016816
QB12VPNQQFE8,Computer Science,Physical Sciences,0.001503
QB12VPNQQFE8,Earth and Planetary Sciences,Physical Sciences,0.0013514
QB12VPNQQFE8,Arts and Humanities,Social Sciences,0.0012052
QD1MX6N5YTN4,Engineering,Physical Sciences,0.10360710000000001
QD1MX6N5YTN4,Agricultural and Biological Sciences,Life Sciences,0.06223
QD1MX6N5YTN4,Veterinary,Health Sciences,0.0400955
QD1MX6N5YTN4,Environmental Science,Physical Sciences,0.0233037
QD1MX6N5YTN4,Physics and Astronomy,Physical Sciences,0.0198951
QD1MX6N5YTN4,Materials Science,Physical Sciences,0.0149034
QD1MX6N5YTN4,Medicine,Health Sciences,0.0140812
QD1MX6N5YTN4,Mathematics,Physical Sciences,0.0108322
QD1MX6N5YTN4,Psychology,Social Sciences,0.0103944
QD4MGHFDJKU1,Social Sciences,Social Sciences,0.035278399999999994
QD4MGHFDJKU1,Medicine,Health Sciences,0.0320565
QD4MGHFDJKU1,Psychology,Social Sciences,0.0266108
QD4MGHFDJKU1,Immunology and Microbiology,Life Sciences,0.0148851
QD4MGHFDJKU1,Health Professions,Health Sciences,0.0076002
QD4MGHFDJKU1,"Biochemistry, Genetics and Molecular Biology",Life Sciences,0.0050365
QD4MGHFDJKU1,Engineering,Physical Sciences,0.0048675
QD4MGHFDJKU1,"Business, Management and Accounting",Social Sciences,0.0042548
QD4MGHFDJKU1,Arts and Humanities,Social Sciences,0.0040645
QD7TRLY8JPJ4,Social Sciences,Social Sciences,0.0006343
QD7TRLY8JPJ4,"Economics, Econometrics and Finance",Social Sciences,0.0002362
QD7TRLY8JPJ4,Environmental Science,Physical Sciences,0.00019779999999999998
QD7TRLY8JPJ4,"Business, Management and Accounting",Social Sciences,0.00019740000000000003
QD7TRLY8JPJ4,Medicine,Health Sciences,0.0001638
QD7TRLY8JPJ4,Engineering,Physical Sciences,6.78e-05
QD7TRLY8JPJ4,Computer Science,Physical Sciences,6.06e-05
QD7TRLY8JPJ4,Psychology,Social Sciences,4.43e-05
QD7TRLY8JPJ4,"Biochemistry, Genetics and Molecular Biology",Life Sciences,2.89e-05
QD7TRLY8JPJ4,Health Professions,Health Sciences,2.87e-05
QDE5UHE5XD16,Engineering,Physical Sciences,0.1637883
QDE5UHE5XD16,Computer Science,Physical Sciences,0.0305458
QDE5UHE5XD16,Environmental Science,Physical Sciences,0.0217696
QDE5UHE5XD16,Agricultural and Biological Sciences,Life Sciences,0.0179748
QDE5UHE5XD16,Social Sciences,Social Sciences,0.0114623
QDE5UHE5XD16,Psychology,Social Sciences,0.0095463
QDE5UHE5XD16,Decision Sciences,Social Sciences,0.0091489
QDE5UHE5XD16,Physics and Astronomy,Physical Sciences,0.0085693
QHF5ZZ114M72,Psychology,Social Sciences,0.0864036
QHF5ZZ114M72,Medicine,Health Sciences,0.0844474
QHF5ZZ114M72,Social Sciences,Social Sciences,0.0563202
QHF5ZZ114M72,Physics and Astronomy,Physical Sciences,0.055816899999999996
QHF5ZZ114M72,Environmental Science,Physical Sciences,0.0290857
QHF5ZZ114M72,Health Professions,Health Sciences,0.0180305
QHF5ZZ114M72,"Business, Management and Accounting",Social Sciences,0.0154635
QHF5ZZ114M72,"Biochemistry, Genetics and Molecular Biology",Life Sciences,0.0146954
QHF5ZZ114M72,Mathematics,Physical Sciences,0.0136217
QHF5ZZ114M72,"Economics, Econometrics and Finance",Social Sciences,0.0122973
QHHJD3X516J9,Social Sciences,Social Sciences,0.0664817
QHHJD3X516J9,Mathematics,Physical Sciences,0.049631
QHHJD3X516J9,Computer Science,Physical Sciences,0.0392257
QHHJD3X516J9,Medicine,Health Sciences,0.0266472
QHHJD3X516J9,Agricultural and Biological Sciences,Life Sciences,0.0178797
QHHJD3X516J9,Environmental Science,Physical Sciences,0.0164306
QHHJD3X516J9,Physics and Astronomy,Physical Sciences,0.0160913
QHHJD3X516J9,Neuroscience,Life Sciences,0.0082493
QJ8HMDK7MRM3,"Biochemistry, Genetics and Molecular Biology",Life Sciences,0.10338710000000001
QJ8HMDK7MRM3,Medicine,Health Sciences,0.0934628
QJ8HMDK7MRM3,Neuroscience,Life Sciences,0.0728746
QJ8HMDK7MRM3,Immunology and Microbiology,Life Sciences,0.014907
QJ8HMDK7MRM3,Engineering,Physical Sciences,0.0137425
QJ8HMDK7MRM3,Earth and Planetary Sciences,Physical Sciences,0.0124022
QJ8HMDK7MRM3,Psychology,Social Sciences,0.0114522
QJZ1F3UMLEJ4,Dentistry,Health Sciences,0.014805
QJZ1F3UMLEJ4,Health Professions,Health Sciences,0.006792
QJZ1F3UMLEJ4,Medicine,Health Sciences,0.0034888999999999996
QJZ1F3UMLEJ4,Social Sciences,Social Sciences,0.0015993000000000001
QJZ1F3UMLEJ4,"Biochemistry, Genetics and Molecular Biology",Life Sciences,0.0011224
QJZ1F3UMLEJ4,Engineering,Physical Sciences,0.0008446
QJZ1F3UMLEJ4,Psychology,Social Sciences,0.0008298
QKWEF8XLMTT3,Social Sciences,Social Sciences,0.0005618999999999999
QKWEF8XLMTT3,Health Professions,Health Sciences,0.0003203
QKWEF8XLMTT3,Medicine,Health Sciences,0.0002917
QKWEF8XLMTT3,Psychology,Social Sciences,0.0001491
QKWEF8XLMTT3,Computer Science,Physical Sciences,0.0001096
QKWEF8XLMTT3,Agricultural and Biological Sciences,Life Sciences,6.3e-05
QKWEF8XLMTT3,Mathematics,Physical Sciences,6.04e-05
QKWEF8XLMTT3,Engineering,Physical Sciences,4.9e-05
QL3ZB67MLJL5,Social Sciences,Social Sciences,0.0664817
QL3ZB67MLJL5,Mathematics,Physical Sciences,0.049631
QL3ZB67MLJL5,Computer Science,Physical Sciences,0.0392257
QL3ZB67MLJL5,Medicine,Health Sciences,0.0266472
QL3ZB67MLJL5,Agricultural and Biological Sciences,Life Sciences,0.0178797
QL3ZB67MLJL5,Environmental Science,Physical Sciences,0.0164306
QL3ZB67MLJL5,Physics and Astronomy,Physical Sciences,0.0160913
QL3ZB67MLJL5,Neuroscience,Life Sciences,0.0082493
QLRCUJ8JTN53,"Biochemistry, Genetics and Molecular Biology",Life Sciences,0.0168823
QLRCUJ8JTN53,Medicine,Health Sciences,0.0060442000000000004
QLRCUJ8JTN53,Neuroscience,Life Sciences,0.0029975
QN6MS4VN7BD1,Medicine,Health Sciences,0.2528088
QN6MS4VN7BD1,"Biochemistry, Genetics and Molecular Biology",Life Sciences,0.0341784
QN6MS4VN7BD1,Immunology and Microbiology,Life Sciences,0.0299182
QN6MS4VN7BD1,Health Professions,Health Sciences,0.0285537
QN6MS4VN7BD1,Psychology,Social Sciences,0.0142121
QN6MS4VN7BD1,Social Sciences,Social Sciences,0.0139081
QN6MS4VN7BD1,"Economics, Econometrics and Finance",Social Sciences,0.0137502
QUF6D3M4P2G1,Neuroscience,Life Sciences,0.009547799999999999
QUF6D3M4P2G1,Medicine,Health Sciences,0.007255199999999999
QUF6D3M4P2G1,Psychology,Social Sciences,0.0043143
QUF6D3M4P2G1,"Biochemistry, Genetics and Molecular Biology",Life Sciences,0.0012569999999999999
QUF6D3M4P2G1,Computer Science,Physical Sciences,0.001124
QUF6D3M4P2G1,Mathematics,Physical Sciences,0.0004975
QUF6D3M4P2G1,Social Sciences,Social Sciences,0.0003878
QWYKRJH5NNJ3,Environmental Science,Physical Sciences,0.050969
QWYKRJH5NNJ3,Earth and Planetary Sciences,Physical Sciences,0.0357794
QWYKRJH5NNJ3,Agricultural and Biological Sciences,Life Sciences,0.0336116
QWYKRJH5NNJ3,Engineering,Physical Sciences,0.0044325
QWYKRJH5NNJ3,Physics and Astronomy,Physical Sciences,0.0039611
QWYKRJH5NNJ3,Social Sciences,Social Sciences,0.0032051
R28EKN92ZTZ9,Physics and Astronomy,Physical Sciences,0.09669889999999999
R28EKN92ZTZ9,Agricultural and Biological Sciences,Life Sciences,0.0621651
R28EKN92ZTZ9,Social Sciences,Social Sciences,0.046801899999999994
R28EKN92ZTZ9,Environmental Science,Physical Sciences,0.034683500000000006
R28EKN92ZTZ9,Veterinary,Health Sciences,0.0265798
R28EKN92ZTZ9,Earth and Planetary Sciences,Physical Sciences,0.0165873
R28EKN92ZTZ9,Medicine,Health Sciences,0.0122764
R28EKN92ZTZ9,Computer Science,Physical Sciences,0.0106655
R28EKN92ZTZ9,Decision Sciences,Social Sciences,0.0103869
R28EKN92ZTZ9,Arts and Humanities,Social Sciences,0.0100361
R85KZ9JP3NM3,Environmental Science,Physical Sciences,0.0002207
R85KZ9JP3NM3,Engineering,Physical Sciences,0.0001693
R85KZ9JP3NM3,Materials Science,Physical Sciences,8.66e-05
R85KZ9JP3NM3,Physics and Astronomy,Physical Sciences,1.7199999999999998e-05
R85KZ9JP3NM3,Energy,Physical Sciences,1.36e-05
R85KZ9JP3NM3,"Economics, Econometrics and Finance",Social Sciences,8e-06
R85KZ9JP3NM3,Medicine,Health Sciences,7.9e-06
R8JEVL4ULGB7,Medicine,Health Sciences,0.1092718
R8JEVL4ULGB7,"Biochemistry, Genetics and Molecular Biology",Life Sciences,0.031716
R8JEVL4ULGB7,Social Sciences,Social Sciences,0.0052863
R8JEVL4ULGB7,Engineering,Physical Sciences,0.0044374
R9NXPE2GTCN9,Medicine,Health Sciences,0.0412171
R9NXPE2GTCN9,Psychology,Social Sciences,0.004337000000000001
R9NXPE2GTCN9,Physics and Astronomy,Physical Sciences,0.0032481
R9NXPE2GTCN9,Immunology and Microbiology,Life Sciences,0.0021219
R9NXPE2GTCN9,"Economics, Econometrics and Finance",Social Sciences,0.0018212
RCNJEHZ83EV6,Social Sciences,Social Sciences,0.0351702
RCNJEHZ83EV6,Psychology,Social Sciences,0.0279825
RCNJEHZ83EV6,Physics and Astronomy,Physical Sciences,0.026563000000000003
RCNJEHZ83EV6,Arts and Humanities,Social Sciences,0.0111407
RCNJEHZ83EV6,Chemical Engineering,Physical Sciences,0.0043016
RCNJEHZ83EV6,"Business, Management and Accounting",Social Sciences,0.0040798
RCNJEHZ83EV6,Health Professions,Health Sciences,0.0040437
RCNJEHZ83EV6,"Economics, Econometrics and Finance",Social Sciences,0.0040294
RD7MXJV7DKT9,Engineering,Physical Sciences,0.060752499999999994
RD7MXJV7DKT9,Physics and Astronomy,Physical Sciences,0.0446472
RD7MXJV7DKT9,Psychology,Social Sciences,0.0259475
RD7MXJV7DKT9,Social Sciences,Social Sciences,0.0170601
RD7MXJV7DKT9,"Business, Management and Accounting",Social Sciences,0.008595
RD7MXJV7DKT9,Materials Science,Physical Sciences,0.0068656
RD7MXJV7DKT9,Arts and Humanities,Social Sciences,0.0068111
RD7MXJV7DKT9,Mathematics,Physical Sciences,0.0060963
RD7MXJV7DKT9,Computer Science,Physical Sciences,0.0060119
RFRPFMNR8LA5,Social Sciences,Social Sciences,0.068236
RFRPFMNR8LA5,"Business, Management and Accounting",Social Sciences,0.0191495
RFRPFMNR8LA5,Arts and Humanities,Social Sciences,0.016097900000000002
RFRPFMNR8LA5,Psychology,Social Sciences,0.0062931
RFRPFMNR8LA5,"Economics, Econometrics and Finance",Social Sciences,0.0057191
RFRPFMNR8LA5,Medicine,Health Sciences,0.0034378
RN64EPNH8JC6,Medicine,Health Sciences,0.1177346
RN64EPNH8JC6,Social Sciences,Social Sciences,0.06136029999999999
RN64EPNH8JC6,Physics and Astronomy,Physical Sciences,0.040968199999999996
RN64EPNH8JC6,Neuroscience,Life Sciences,0.0355785
RN64EPNH8JC6,"Biochemistry, Genetics and Molecular Biology",Life Sciences,0.0307211
RN64EPNH8JC6,Engineering,Physical Sciences,0.0121883
RN64EPNH8JC6,Mathematics,Physical Sciences,0.0115281
RN64EPNH8JC6,Psychology,Social Sciences,0.0114829
RN64EPNH8JC6,Health Professions,Health Sciences,0.0114227
RNKYWXURFRL5,Physics and Astronomy,Physical Sciences,0.036094799999999996
RNKYWXURFRL5,Earth and Planetary Sciences,Physical Sciences,0.0200811
RNKYWXURFRL5,Environmental Science,Physical Sciences,0.0175931
RNKYWXURFRL5,Engineering,Physical Sciences,0.0094698
RNKYWXURFRL5,Computer Science,Physical Sciences,0.0092108
RNKYWXURFRL5,Social Sciences,Social Sciences,0.0027222
RNKYWXURFRL5,Psychology,Social Sciences,0.002345
RQMFJGDTQ5V3,Medicine,Health Sciences,0.1935871
RQMFJGDTQ5V3,Social Sciences,Social Sciences,0.0314238
RQMFJGDTQ5V3,Earth and Planetary Sciences,Physical Sciences,0.0292862
RQMFJGDTQ5V3,Environmental Science,Physical Sciences,0.0124051
RRCZRDT5DHP1,Medicine,Health Sciences,0.0159762
RRCZRDT5DHP1,"Biochemistry, Genetics and Molecular Biology",Life Sciences,0.0014535
RRCZRDT5DHP1,Health Professions,Health Sciences,0.0004254
RRCZRDT5DHP1,Engineering,Physical Sciences,0.00038
RRCZRDT5DHP1,Neuroscience,Life Sciences,0.0003778
RSWNKK6J8CF3,Psychology,Social Sciences,0.0163407
RSWNKK6J8CF3,Engineering,Physical Sciences,0.0124803
RSWNKK6J8CF3,Social Sciences,Social Sciences,0.008851000000000001
RSWNKK6J8CF3,Environmental Science,Physical Sciences,0.0056016
RSWNKK6J8CF3,Medicine,Health Sciences,0.0054621
RSWNKK6J8CF3,"Economics, Econometrics and Finance",Social Sciences,0.0041794
RSWNKK6J8CF3,Earth and Planetary Sciences,Physical Sciences,0.0025838
RSWNKK6J8CF3,Physics and Astronomy,Physical Sciences,0.0019573
RSWNKK6J8CF3,Energy,Physical Sciences,0.0017528
RSWNKK6J8CF3,Arts and Humanities,Social Sciences,0.0016835
RSWNKK6J8CF3,Immunology and Microbiology,Life Sciences,0.0016629
RZZ8BMQ47KX3,Physics and Astronomy,Physical Sciences,0.006077899999999999
RZZ8BMQ47KX3,Engineering,Physical Sciences,0.0015559000000000003
RZZ8BMQ47KX3,Agricultural and Biological Sciences,Life Sciences,0.0015534
RZZ8BMQ47KX3,Social Sciences,Social Sciences,0.0014108
RZZ8BMQ47KX3,Mathematics,Physical Sciences,0.001128
RZZ8BMQ47KX3,Medicine,Health Sciences,0.0007917
RZZ8BMQ47KX3,Computer Science,Physical Sciences,0.0006772
RZZ8BMQ47KX3,"Biochemistry, Genetics and Molecular Biology",Life Sciences,0.0006115999999999999
RZZ8BMQ47KX3,Chemistry,Physical Sciences,0.0003017
S352L5PJLMP8,Medicine,Health Sciences,0.1612991
S352L5PJLMP8,Social Sciences,Social Sciences,0.06760530000000001
S352L5PJLMP8,Psychology,Social Sciences,0.0325297
S352L5PJLMP8,Immunology and Microbiology,Life Sciences,0.0147536
S352L5PJLMP8,Health Professions,Health Sciences,0.013491
S352L5PJLMP8,"Biochemistry, Genetics and Molecular Biology",Life Sciences,0.0115476
S352L5PJLMP8,Environmental Science,Physical Sciences,0.011298
S352L5PJLMP8,"Economics, Econometrics and Finance",Social Sciences,0.0101533
S352L5PJLMP8,Neuroscience,Life Sciences,0.0100676
S3GMKS8ELA16,Medicine,Health Sciences,0.6056395000000001
S3GMKS8ELA16,"Biochemistry, Genetics and Molecular Biology",Life Sciences,0.1403171
S3GMKS8ELA16,Physics and Astronomy,Physical Sciences,0.0295578
S3GMKS8ELA16,"Economics, Econometrics and Finance",Social Sciences,0.0247686
SB35ENJFKK14,Arts and Humanities,Social Sciences,4.47e-05
SB35ENJFKK14,Medicine,Health Sciences,3.46e-05
SB35ENJFKK14,Social Sciences,Social Sciences,2.33e-05
SB35ENJFKK14,Immunology and Microbiology,Life Sciences,1.71e-05
SB35ENJFKK14,"Biochemistry, Genetics and Molecular Biology",Life Sciences,1.08e-05
SB35ENJFKK14,Chemistry,Physical Sciences,9.2e-06
SB35ENJFKK14,Health Professions,Health Sciences,5.7e-06
SB35ENJFKK14,"Economics, Econometrics and Finance",Social Sciences,4.9e-06
SGBMHQ7VXNH5,Computer Science,Physical Sciences,0.0371618
SGBMHQ7VXNH5,Engineering,Physical Sciences,0.0333436
SGBMHQ7VXNH5,Social Sciences,Social Sciences,0.0071608
SGBMHQ7VXNH5,Psychology,Social Sciences,0.0041327
SGBMHQ7VXNH5,"Business, Management and Accounting",Social Sciences,0.0023219
SGBMHQ7VXNH5,Physics and Astronomy,Physical Sciences,0.0022964
SHHBRBAPSM35,Social Sciences,Social Sciences,0.10987079999999999
SHHBRBAPSM35,"Business, Management and Accounting",Social Sciences,0.038720700000000004
SHHBRBAPSM35,"Economics, Econometrics and Finance",Social Sciences,0.019346
SHHBRBAPSM35,Arts and Humanities,Social Sciences,0.008934999999999998
SKG7TLUN8JH6,Medicine,Health Sciences,0.008730100000000001
SKG7TLUN8JH6,"Biochemistry, Genetics and Molecular Biology",Life Sciences,0.0021137
SKG7TLUN8JH6,Neuroscience,Life Sciences,0.0014615000000000001
SKG7TLUN8JH6,Environmental Science,Physical Sciences,0.0004219
SKG7TLUN8JH6,Decision Sciences,Social Sciences,0.0003224
SKG7TLUN8JH6,Nursing,Health Sciences,0.0002694
SKH5GMBR9GL3,Engineering,Physical Sciences,0.012067499999999998
SKH5GMBR9GL3,Social Sciences,Social Sciences,0.008070500000000001
SKH5GMBR9GL3,Psychology,Social Sciences,0.0052112999999999994
SKH5GMBR9GL3,Computer Science,Physical Sciences,0.0044586
SKH5GMBR9GL3,Materials Science,Physical Sciences,0.001697
SKH5GMBR9GL3,"Pharmacology, Toxicology and Pharmaceutics",Life Sciences,0.0013654
SKH5GMBR9GL3,Agricultural and Biological Sciences,Life Sciences,0.0012623
SKH5GMBR9GL3,Environmental Science,Physical Sciences,0.0012605
SKX6AXF9ZTM3,Medicine,Health Sciences,0.0052585
SKX6AXF9ZTM3,Social Sciences,Social Sciences,0.0004791
SKX6AXF9ZTM3,Decision Sciences,Social Sciences,0.0004305
SKX6AXF9ZTM3,Arts and Humanities,Social Sciences,0.0002453
SKX6AXF9ZTM3,Psychology,Social Sciences,0.0001759
SL2PF6R7MRN1,Engineering,Physical Sciences,0.020722
SL2PF6R7MRN1,Environmental Science,Physical Sciences,0.0107671
SL2PF6R7MRN1,Computer Science,Physical Sciences,0.0039304
SL2PF6R7MRN1,Earth and Planetary Sciences,Physical Sciences,0.0036876
SL2PF6R7MRN1,Materials Science,Physical Sciences,0.0033137
SL2PF6R7MRN1,Chemistry,Physical Sciences,0.0033012
SL2PF6R7MRN1,Physics and Astronomy,Physical Sciences,0.0030746
SL2PF6R7MRN1,Social Sciences,Social Sciences,0.002541
SL2PF6R7MRN1,Mathematics,Physical Sciences,0.0014444
SMK9PCMKXED6,"Biochemistry, Genetics and Molecular Biology",Life Sciences,0.0203568
SMK9PCMKXED6,Chemistry,Physical Sciences,0.0065833
SMK9PCMKXED6,Agricultural and Biological Sciences,Life Sciences,0.0008694
SMK9PCMKXED6,Physics and Astronomy,Physical Sciences,0.0008351
SMK9PCMKXED6,Mathematics,Physical Sciences,0.0007432
SMK9PCMKXED6,Medicine,Health Sciences,0.0006149
SN7KD2UK7GC5,Medicine,Health Sciences,0.1247115
SN7KD2UK7GC5,"Biochemistry, Genetics and Molecular Biology",Life Sciences,0.0122922
SN7KD2UK7GC5,Immunology and Microbiology,Life Sciences,0.0081269
SN7KD2UK7GC5,Neuroscience,Life Sciences,0.0063248
SN7KD2UK7GC5,Social Sciences,Social Sciences,0.0047607
SPE2YDWHDYU4,Environmental Science,Physical Sciences,0.07052879999999999
SPE2YDWHDYU4,Agricultural and Biological Sciences,Life Sciences,0.019171399999999998
SPE2YDWHDYU4,Social Sciences,Social Sciences,0.0160079
SPE2YDWHDYU4,Engineering,Physical Sciences,0.0125906
SPE2YDWHDYU4,Psychology,Social Sciences,0.011000900000000001
SPE2YDWHDYU4,Arts and Humanities,Social Sciences,0.0050753
SPE2YDWHDYU4,Energy,Physical Sciences,0.0040875
SPVKK1RC2MZ3,Social Sciences,Social Sciences,0.027038700000000002
SPVKK1RC2MZ3,Engineering,Physical Sciences,0.022004799999999998
SPVKK1RC2MZ3,Physics and Astronomy,Physical Sciences,0.0086614
SPVKK1RC2MZ3,Arts and Humanities,Social Sciences,0.0065216
SPVKK1RC2MZ3,Earth and Planetary Sciences,Physical Sciences,0.0052136
SPVKK1RC2MZ3,Decision Sciences,Social Sciences,0.00327
SPVKK1RC2MZ3,"Business, Management and Accounting",Social Sciences,0.0025667
SPVKK1RC2MZ3,Environmental Science,Physical Sciences,0.0025506
SRG2J1WS9X63,Computer Science,Physical Sciences,0.0429805
SRG2J1WS9X63,Engineering,Physical Sciences,0.005879399999999999
SRG2J1WS9X63,Earth and Planetary Sciences,Physical Sciences,0.0044608
SRG2J1WS9X63,Chemistry,Physical Sciences,0.0029613
SRG2J1WS9X63,Social Sciences,Social Sciences,0.0020176
SRG2J1WS9X63,Psychology,Social Sciences,0.0019894
SRG2J1WS9X63,Neuroscience,Life Sciences,0.0018622
SRG2J1WS9X63,Physics and Astronomy,Physical Sciences,0.0015906
SSUJB3GSH8A5,Social Sciences,Social Sciences,0.0549415
SSUJB3GSH8A5,Psychology,Social Sciences,0.0381068
SSUJB3GSH8A5,Physics and Astronomy,Physical Sciences,0.024064699999999998
SSUJB3GSH8A5,Earth and Planetary Sciences,Physical Sciences,0.0177146
SSUJB3GSH8A5,Chemistry,Physical Sciences,0.0120561
SSUJB3GSH8A5,Agricultural and Biological Sciences,Life Sciences,0.0106559
SSUJB3GSH8A5,Mathematics,Physical Sciences,0.0082462
SSUJB3GSH8A5,Environmental Science,Physical Sciences,0.0078971
SSUJB3GSH8A5,"Economics, Econometrics and Finance",Social Sciences,0.0075609
SSUJB3GSH8A5,Neuroscience,Life Sciences,0.0072349
SSUJB3GSH8A5,Medicine,Health Sciences,0.0067548
SSUJB3GSH8A5,Health Professions,Health Sciences,0.0060723
SZ32VTCXM799,Medicine,Health Sciences,0.07179189999999999
SZ32VTCXM799,"Biochemistry, Genetics and Molecular Biology",Life Sciences,0.0123927
SZ32VTCXM799,Health Professions,Health Sciences,0.0086837
SZAKFNU35ZX5,Medicine,Health Sciences,0.0357731
SZAKFNU35ZX5,Dentistry,Health Sciences,0.0122135
SZAKFNU35ZX5,"Biochemistry, Genetics and Molecular Biology",Life Sciences,0.0069668
SZAKFNU35ZX5,Neuroscience,Life Sciences,0.0046909
SZAKFNU35ZX5,Social Sciences,Social Sciences,0.0046367000000000005
SZAKFNU35ZX5,Health Professions,Health Sciences,0.0031978
SZAKFNU35ZX5,Nursing,Health Sciences,0.0025479
SZPJL5ZRCLF4,Agricultural and Biological Sciences,Life Sciences,0.0512692
SZPJL5ZRCLF4,Mathematics,Physical Sciences,0.030602900000000002
SZPJL5ZRCLF4,Social Sciences,Social Sciences,0.0292122
SZPJL5ZRCLF4,Psychology,Social Sciences,0.0253346
SZPJL5ZRCLF4,Medicine,Health Sciences,0.0144287
SZPJL5ZRCLF4,Environmental Science,Physical Sciences,0.009236
SZPJL5ZRCLF4,Veterinary,Health Sciences,0.0087571
SZPJL5ZRCLF4,"Biochemistry, Genetics and Molecular Biology",Life Sciences,0.0058377
SZPJL5ZRCLF4,Arts and Humanities,Social Sciences,0.0058014
SZPJL5ZRCLF4,Neuroscience,Life Sciences,0.005646
T3NGNR66YK89,Social Sciences,Social Sciences,0.0664817
T3NGNR66YK89,Mathematics,Physical Sciences,0.049631
T3NGNR66YK89,Computer Science,Physical Sciences,0.0392257
T3NGNR66YK89,Medicine,Health Sciences,0.0266472
T3NGNR66YK89,Agricultural and Biological Sciences,Life Sciences,0.0178797
T3NGNR66YK89,Environmental Science,Physical Sciences,0.0164306
T3NGNR66YK89,Physics and Astronomy,Physical Sciences,0.0160913
T3NGNR66YK89,Neuroscience,Life Sciences,0.0082493
T6J6AF3AM8M8,Social Sciences,Social Sciences,0.0419804
T6J6AF3AM8M8,Psychology,Social Sciences,0.009465600000000001
T6J6AF3AM8M8,Mathematics,Physical Sciences,0.0062214
T6J6AF3AM8M8,"Business, Management and Accounting",Social Sciences,0.0050174
T6J6AF3AM8M8,Health Professions,Health Sciences,0.0039796
T6J6AF3AM8M8,Computer Science,Physical Sciences,0.0039786
T6J6AF3AM8M8,Arts and Humanities,Social Sciences,0.0028094
T6J6AF3AM8M8,Agricultural and Biological Sciences,Life Sciences,0.0026056
T72NHKM259N3,Engineering,Physical Sciences,0.0287722
T72NHKM259N3,Social Sciences,Social Sciences,0.027510000000000003
T72NHKM259N3,Earth and Planetary Sciences,Physical Sciences,0.023877500000000003
T72NHKM259N3,Physics and Astronomy,Physical Sciences,0.020483599999999998
T72NHKM259N3,Materials Science,Physical Sciences,0.010846999999999999
T72NHKM259N3,Mathematics,Physical Sciences,0.0098228
T72NHKM259N3,Chemical Engineering,Physical Sciences,0.0059069
T72NHKM259N3,Environmental Science,Physical Sciences,0.0052099
T72NHKM259N3,Decision Sciences,Social Sciences,0.0046164
T72NHKM259N3,Medicine,Health Sciences,0.0043482
TF2CMKY1HMX9,Social Sciences,Social Sciences,0.11972879999999998
TF2CMKY1HMX9,Medicine,Health Sciences,0.020897100000000002
TF2CMKY1HMX9,"Economics, Econometrics and Finance",Social Sciences,0.0201051
TF2CMKY1HMX9,Health Professions,Health Sciences,0.014506999999999999
TF2CMKY1HMX9,"Biochemistry, Genetics and Molecular Biology",Life Sciences,0.0081068
TF2CMKY1HMX9,"Business, Management and Accounting",Social Sciences,0.0066689
TF2CMKY1HMX9,Arts and Humanities,Social Sciences,0.0062436
THL6A6JLE1S7,Medicine,Health Sciences,0.1256894
THL6A6JLE1S7,Psychology,Social Sciences,0.0454875
THL6A6JLE1S7,"Biochemistry, Genetics and Molecular Biology",Life Sciences,0.0301529
THL6A6JLE1S7,Neuroscience,Life Sciences,0.029724399999999998
THL6A6JLE1S7,Social Sciences,Social Sciences,0.0184309
THL6A6JLE1S7,Environmental Science,Physical Sciences,0.0083163
THL6A6JLE1S7,"Economics, Econometrics and Finance",Social Sciences,0.0082167
TJFZLPP6NYL6,Medicine,Health Sciences,0.21849900000000003
TJFZLPP6NYL6,"Biochemistry, Genetics and Molecular Biology",Life Sciences,0.033982
TJFZLPP6NYL6,Immunology and Microbiology,Life Sciences,0.0182338
TJFZLPP6NYL6,"Economics, Econometrics and Finance",Social Sciences,0.0107755
TNKGNDAWB445,Engineering,Physical Sciences,0.1415116
TNKGNDAWB445,Physics and Astronomy,Physical Sciences,0.0921627
TNKGNDAWB445,Arts and Humanities,Social Sciences,0.059419599999999996
TNKGNDAWB445,Social Sciences,Social Sciences,0.0395639
TNKGNDAWB445,Materials Science,Physical Sciences,0.0376495
TNKGNDAWB445,Mathematics,Physical Sciences,0.0161644
TNKGNDAWB445,Environmental Science,Physical Sciences,0.0153103
TNKGNDAWB445,Psychology,Social Sciences,0.0126088
TP7EK8DZV6N5,Medicine,Health Sciences,0.1052194
TP7EK8DZV6N5,Social Sciences,Social Sciences,0.0282163
TP7EK8DZV6N5,Mathematics,Physical Sciences,0.0214652
TP7EK8DZV6N5,"Economics, Econometrics and Finance",Social Sciences,0.0209984
TP7EK8DZV6N5,Engineering,Physical Sciences,0.0205452
TP7EK8DZV6N5,"Biochemistry, Genetics and Molecular Biology",Life Sciences,0.0202154
TP7EK8DZV6N5,Decision Sciences,Social Sciences,0.0193828
TP7EK8DZV6N5,Psychology,Social Sciences,0.0179383
TP7EK8DZV6N5,Physics and Astronomy,Physical Sciences,0.0098431
TPALZA9N4M11,"Biochemistry, Genetics and Molecular Biology",Life Sciences,0.004221599999999999
TPALZA9N4M11,Medicine,Health Sciences,0.0026482
TPALZA9N4M11,Computer Science,Physical Sciences,0.0002542
TPALZA9N4M11,Health Professions,Health Sciences,0.0002206
TPALZA9N4M11,Psychology,Social Sciences,0.0002203
TPALZA9N4M11,Environmental Science,Physical Sciences,0.0002097
TPALZA9N4M11,Neuroscience,Life Sciences,0.0001874
TPALZA9N4M11,Arts and Humanities,Social Sciences,0.0001833
TPALZA9N4M11,Social Sciences,Social Sciences,0.0001727
TUS8D6ZGL9R3,Medicine,Health Sciences,0.016062200000000002
TUS8D6ZGL9R3,"Biochemistry, Genetics and Molecular Biology",Life Sciences,0.0023702
TUS8D6ZGL9R3,Physics and Astronomy,Physical Sciences,0.0006551
TX2DAGQPENZ5,Agricultural and Biological Sciences,Life Sciences,0.1174511
TX2DAGQPENZ5,Veterinary,Health Sciences,0.0999508
TX2DAGQPENZ5,Medicine,Health Sciences,0.0568997
TX2DAGQPENZ5,"Biochemistry, Genetics and Molecular Biology",Life Sciences,0.051184299999999995
TX2DAGQPENZ5,Psychology,Social Sciences,0.0157786
TX2DAGQPENZ5,Environmental Science,Physical Sciences,0.0125829
TX2DAGQPENZ5,Health Professions,Health Sciences,0.0118993
TX2DAGQPENZ5,Nursing,Health Sciences,0.0118297
TX2DAGQPENZ5,Immunology and Microbiology,Life Sciences,0.0116581
TYVNMW8FNQQ3,Psychology,Social Sciences,0.0023183
TYVNMW8FNQQ3,Social Sciences,Social Sciences,0.0010964
TYVNMW8FNQQ3,Neuroscience,Life Sciences,0.0010338
TYVNMW8FNQQ3,Medicine,Health Sciences,0.0008438
TYVNMW8FNQQ3,Arts and Humanities,Social Sciences,0.0002774
TYVNMW8FNQQ3,"Pharmacology, Toxicology and Pharmaceutics",Life Sciences,0.0001717
U2JMKHNS5TG4,Physics and Astronomy,Physical Sciences,0.6070694999999999
U2JMKHNS5TG4,Engineering,Physical Sciences,0.0701689
U2JMKHNS5TG4,Earth and Planetary Sciences,Physical Sciences,0.0410384
U2JMKHNS5TG4,"Biochemistry, Genetics and Molecular Biology",Life Sciences,0.0243063
U3NKNFLNQ613,Computer Science,Physical Sciences,0.3363946
U3NKNFLNQ613,Decision Sciences,Social Sciences,0.0510664
U3NKNFLNQ613,Engineering,Physical Sciences,0.0297189
U3NVH931QJJ3,Agricultural and Biological Sciences,Life Sciences,0.136573
U3NVH931QJJ3,Environmental Science,Physical Sciences,0.0492563
U3NVH931QJJ3,Veterinary,Health Sciences,0.048053500000000006
U3NVH931QJJ3,Medicine,Health Sciences,0.0290215
U3NVH931QJJ3,Engineering,Physical Sciences,0.0199333
U3NVH931QJJ3,Immunology and Microbiology,Life Sciences,0.0127972
U3NVH931QJJ3,Psychology,Social Sciences,0.0105999
U3NVH931QJJ3,Physics and Astronomy,Physical Sciences,0.0094414
U3ZFA57417D4,Social Sciences,Social Sciences,0.0156643
U3ZFA57417D4,Psychology,Social Sciences,0.009056699999999997
U3ZFA57417D4,Engineering,Physical Sciences,0.0028397
U3ZFA57417D4,Arts and Humanities,Social Sciences,0.0028171000000000003
U3ZFA57417D4,"Business, Management and Accounting",Social Sciences,0.0012738
U3ZFA57417D4,Agricultural and Biological Sciences,Life Sciences,0.00123
U3ZFA57417D4,Mathematics,Physical Sciences,0.0012156
U3ZFA57417D4,Neuroscience,Life Sciences,0.0010423
U3ZFA57417D4,Earth and Planetary Sciences,Physical Sciences,0.0010016
U44ZMVYU52U6,Social Sciences,Social Sciences,0.0442192
U44ZMVYU52U6,Computer Science,Physical Sciences,0.029030200000000003
U44ZMVYU52U6,Psychology,Social Sciences,0.0089868
U44ZMVYU52U6,"Business, Management and Accounting",Social Sciences,0.0029666
U44ZMVYU52U6,Materials Science,Physical Sciences,0.002954
U46RJM97ML83,"Biochemistry, Genetics and Molecular Biology",Life Sciences,0.005337
U46RJM97ML83,Environmental Science,Physical Sciences,0.005146899999999999
U46RJM97ML83,Agricultural and Biological Sciences,Life Sciences,0.0013621
U46RJM97ML83,Neuroscience,Life Sciences,0.0006923
U46RJM97ML83,Medicine,Health Sciences,0.0006146
U46RJM97ML83,Earth and Planetary Sciences,Physical Sciences,0.000349
U46RJM97ML83,Engineering,Physical Sciences,0.0003142
U46RJM97ML83,Immunology and Microbiology,Life Sciences,0.0002792
U5WBFKEBLMX3,Engineering,Physical Sciences,0.040258
U5WBFKEBLMX3,Materials Science,Physical Sciences,0.0198365
U5WBFKEBLMX3,Computer Science,Physical Sciences,0.0117221
U5WBFKEBLMX3,Physics and Astronomy,Physical Sciences,0.0104895
U5WBFKEBLMX3,Earth and Planetary Sciences,Physical Sciences,0.009766500000000001
U5WBFKEBLMX3,Environmental Science,Physical Sciences,0.0091009
U5WBFKEBLMX3,"Biochemistry, Genetics and Molecular Biology",Life Sciences,0.00508
U5WBFKEBLMX3,Chemistry,Physical Sciences,0.0039694
U5WBFKEBLMX3,Decision Sciences,Social Sciences,0.003565
U9EDNSCHTBE7,Social Sciences,Social Sciences,0.0071956
U9EDNSCHTBE7,Psychology,Social Sciences,0.0056136
U9EDNSCHTBE7,Medicine,Health Sciences,0.0050971
U9EDNSCHTBE7,Physics and Astronomy,Physical Sciences,0.0037695000000000003
U9EDNSCHTBE7,Nursing,Health Sciences,0.0025351
U9EDNSCHTBE7,"Biochemistry, Genetics and Molecular Biology",Life Sciences,0.0020673
U9EDNSCHTBE7,Health Professions,Health Sciences,0.0017878
U9EDNSCHTBE7,"Business, Management and Accounting",Social Sciences,0.0017123
U9EDNSCHTBE7,Mathematics,Physical Sciences,0.0009719
U9EDNSCHTBE7,Environmental Science,Physical Sciences,0.0009253
U9JCYEXFEEU4,Engineering,Physical Sciences,0.0090276
U9JCYEXFEEU4,Agricultural and Biological Sciences,Life Sciences,0.004142399999999999
U9JCYEXFEEU4,Materials Science,Physical Sciences,0.0035204999999999998
U9JCYEXFEEU4,Mathematics,Physical Sciences,0.0012154
U9JCYEXFEEU4,Medicine,Health Sciences,0.0011015999999999999
U9JCYEXFEEU4,Chemistry,Physical Sciences,0.0008272
U9JCYEXFEEU4,Social Sciences,Social Sciences,0.0006914
ULMJJBL7ZXX3,Medicine,Health Sciences,0.261033
ULMJJBL7ZXX3,"Biochemistry, Genetics and Molecular Biology",Life Sciences,0.057918000000000004
ULMJJBL7ZXX3,Social Sciences,Social Sciences,0.0106838
UNVDZNFA8R29,Medicine,Health Sciences,0.36751980000000006
UNVDZNFA8R29,Health Professions,Health Sciences,0.0696244
UNVDZNFA8R29,Social Sciences,Social Sciences,0.0644419
UNVDZNFA8R29,Immunology and Microbiology,Life Sciences,0.046054300000000006
UNVDZNFA8R29,Physics and Astronomy,Physical Sciences,0.026232
UNVDZNFA8R29,"Biochemistry, Genetics and Molecular Biology",Life Sciences,0.019626
UNVDZNFA8R29,Nursing,Health Sciences,0.0186171
UUUMQVGJNNX1,Medicine,Health Sciences,0.04666700000000001
UUUMQVGJNNX1,"Biochemistry, Genetics and Molecular Biology",Life Sciences,0.02116
UUUMQVGJNNX1,Earth and Planetary Sciences,Physical Sciences,0.0035762
UUUMQVGJNNX1,Environmental Science,Physical Sciences,0.0019418
UUUMQVGJNNX1,Neuroscience,Life Sciences,0.0014947
UYLKBRENAPG5,Medicine,Health Sciences,0.020259500000000003
UYLKBRENAPG5,Immunology and Microbiology,Life Sciences,0.006192400000000001
UYLKBRENAPG5,Health Professions,Health Sciences,0.0052989000000000005
UYLKBRENAPG5,Psychology,Social Sciences,0.0033388000000000003
UYLKBRENAPG5,Social Sciences,Social Sciences,0.0021655
UYLKBRENAPG5,"Biochemistry, Genetics and Molecular Biology",Life Sciences,0.0019071
UYLKBRENAPG5,Engineering,Physical Sciences,0.0009036
UYTTZT6G9DT1,"Biochemistry, Genetics and Molecular Biology",Life Sciences,0.10338710000000001
UYTTZT6G9DT1,Medicine,Health Sciences,0.0934628
UYTTZT6G9DT1,Neuroscience,Life Sciences,0.0728746
UYTTZT6G9DT1,Immunology and Microbiology,Life Sciences,0.014907
UYTTZT6G9DT1,Engineering,Physical Sciences,0.0137425
UYTTZT6G9DT1,Earth and Planetary Sciences,Physical Sciences,0.0124022
UYTTZT6G9DT1,Psychology,Social Sciences,0.0114522
V5LLVC627U34,Social Sciences,Social Sciences,0.0180504
V5LLVC627U34,Agricultural and Biological Sciences,Life Sciences,0.0078036
V5LLVC627U34,Psychology,Social Sciences,0.0055049
V5LLVC627U34,Computer Science,Physical Sciences,0.0053467
V5LLVC627U34,Arts and Humanities,Social Sciences,0.0050650999999999995
V5LLVC627U34,Medicine,Health Sciences,0.0046404
V5LLVC627U34,Engineering,Physical Sciences,0.001598
V5LLVC627U34,Health Professions,Health Sciences,0.0014667
V6AFQPN18437,Engineering,Physical Sciences,0.1045852
V6AFQPN18437,Physics and Astronomy,Physical Sciences,0.0856307
V6AFQPN18437,Social Sciences,Social Sciences,0.054711499999999996
V6AFQPN18437,Earth and Planetary Sciences,Physical Sciences,0.026582599999999998
V6AFQPN18437,"Biochemistry, Genetics and Molecular Biology",Life Sciences,0.0265637
V6AFQPN18437,Computer Science,Physical Sciences,0.0239078
V6AFQPN18437,Environmental Science,Physical Sciences,0.0149626
V6AFQPN18437,Medicine,Health Sciences,0.0132716
V6AFQPN18437,Agricultural and Biological Sciences,Life Sciences,0.0126158
V6AFQPN18437,Arts and Humanities,Social Sciences,0.0116838
V6EQM9ABEM89,"Biochemistry, Genetics and Molecular Biology",Life Sciences,0.0003033
V6EQM9ABEM89,Medicine,Health Sciences,0.0002719
V6EQM9ABEM89,Psychology,Social Sciences,0.0001875
V6EQM9ABEM89,"Pharmacology, Toxicology and Pharmaceutics",Life Sciences,0.0001647
V6EQM9ABEM89,Neuroscience,Life Sciences,0.0001598
V6EQM9ABEM89,Immunology and Microbiology,Life Sciences,0.000135
V6EQM9ABEM89,Arts and Humanities,Social Sciences,0.0001259
V6EQM9ABEM89,Agricultural and Biological Sciences,Life Sciences,0.0001013
V6EQM9ABEM89,Chemistry,Physical Sciences,4.09e-05
V913TCT2SFZ9,Medicine,Health Sciences,0.0132011
V913TCT2SFZ9,Psychology,Social Sciences,0.0066282
V913TCT2SFZ9,Neuroscience,Life Sciences,0.0052317
V913TCT2SFZ9,Immunology and Microbiology,Life Sciences,0.0027539
V913TCT2SFZ9,"Biochemistry, Genetics and Molecular Biology",Life Sciences,0.0024797
V913TCT2SFZ9,Health Professions,Health Sciences,0.0013341
VDFYLZPJEAV6,Medicine,Health Sciences,0.06000379999999999
VDFYLZPJEAV6,"Biochemistry, Genetics and Molecular Biology",Life Sciences,0.015546299999999999
VDFYLZPJEAV6,"Pharmacology, Toxicology and Pharmaceutics",Life Sciences,0.0089876
VDFYLZPJEAV6,Social Sciences,Social Sciences,0.0058902
VDFYLZPJEAV6,Health Professions,Health Sciences,0.0032767
VGJHK59NMPK9,Social Sciences,Social Sciences,0.0032041000000000005
VGJHK59NMPK9,Arts and Humanities,Social Sciences,0.0004766
VGJHK59NMPK9,"Business, Management and Accounting",Social Sciences,0.00046870000000000006
VGJHK59NMPK9,Psychology,Social Sciences,0.0003123
VGJHK59NMPK9,"Biochemistry, Genetics and Molecular Biology",Life Sciences,0.0002601
VGJHK59NMPK9,Health Professions,Health Sciences,0.0001721
VGJHK59NMPK9,Agricultural and Biological Sciences,Life Sciences,0.0001612
VGJHK59NMPK9,Medicine,Health Sciences,0.0001073
VLQKFEEJ3NE9,Medicine,Health Sciences,0.1083481
VLQKFEEJ3NE9,Immunology and Microbiology,Life Sciences,0.0188938
VLQKFEEJ3NE9,Social Sciences,Social Sciences,0.0056064
VLQKFEEJ3NE9,Health Professions,Health Sciences,0.0032552
VQ5WK498QDC6,Arts and Humanities,Social Sciences,0.006772500000000001
VQ5WK498QDC6,Social Sciences,Social Sciences,0.0032859000000000005
VQ5WK498QDC6,Earth and Planetary Sciences,Physical Sciences,0.0005388
VQ5WK498QDC6,Engineering,Physical Sciences,0.0003703
VQ5WK498QDC6,"Economics, Econometrics and Finance",Social Sciences,7.3e-05
VQ5WK498QDC6,"Business, Management and Accounting",Social Sciences,5.93e-05
VQ5WK498QDC6,Medicine,Health Sciences,5.32e-05
VQ5WK498QDC6,Computer Science,Physical Sciences,4.48e-05
VRAASTY11EA3,Medicine,Health Sciences,0.03648669999999999
VRAASTY11EA3,Health Professions,Health Sciences,0.0088404
VRAASTY11EA3,Immunology and Microbiology,Life Sciences,0.0056908
VRAASTY11EA3,Social Sciences,Social Sciences,0.0051018
VRAASTY11EA3,"Economics, Econometrics and Finance",Social Sciences,0.0022286
VRAASTY11EA3,Decision Sciences,Social Sciences,0.0018544
VRAASTY11EA3,Nursing,Health Sciences,0.0013231
VUYJL5Q7YCZ3,Medicine,Health Sciences,0.0387025
VUYJL5Q7YCZ3,"Biochemistry, Genetics and Molecular Biology",Life Sciences,0.0023667000000000002
VUYJL5Q7YCZ3,Nursing,Health Sciences,0.0011167
VXUFPE4MCZH5,Physics and Astronomy,Physical Sciences,0.18936570000000003
VXUFPE4MCZH5,Environmental Science,Physical Sciences,0.032741400000000004
VXUFPE4MCZH5,Earth and Planetary Sciences,Physical Sciences,0.0101026
VXUFPE4MCZH5,Computer Science,Physical Sciences,0.0082359
VXUFPE4MCZH5,Engineering,Physical Sciences,0.0051129
W6Q8XJV41Z98,"Biochemistry, Genetics and Molecular Biology",Life Sciences,0.007590800000000002
W6Q8XJV41Z98,Social Sciences,Social Sciences,0.00133
W6Q8XJV41Z98,Engineering,Physical Sciences,0.0011909
W6Q8XJV41Z98,Physics and Astronomy,Physical Sciences,0.0007193
W6Q8XJV41Z98,Chemistry,Physical Sciences,0.0006506
W6Q8XJV41Z98,Medicine,Health Sciences,0.0005828999999999999
W6Q8XJV41Z98,Immunology and Microbiology,Life Sciences,0.0003656
W8LKB16HV1K5,Agricultural and Biological Sciences,Life Sciences,0.0097858
W8LKB16HV1K5,Social Sciences,Social Sciences,0.004578199999999999
W8LKB16HV1K5,Environmental Science,Physical Sciences,0.0038705
W8LKB16HV1K5,"Biochemistry, Genetics and Molecular Biology",Life Sciences,0.0013022
W8LKB16HV1K5,Medicine,Health Sciences,0.0009817
W8LKB16HV1K5,Engineering,Physical Sciences,0.0008246
W8LKB16HV1K5,"Pharmacology, Toxicology and Pharmaceutics",Life Sciences,0.0008028
W8LKB16HV1K5,Psychology,Social Sciences,0.0007951
W8LKB16HV1K5,Computer Science,Physical Sciences,0.0007686
W8XEAJDKMXH3,Computer Science,Physical Sciences,0.1052688
W8XEAJDKMXH3,Mathematics,Physical Sciences,0.0506137
W8XEAJDKMXH3,Engineering,Physical Sciences,0.0432627
W8XEAJDKMXH3,Physics and Astronomy,Physical Sciences,0.038193899999999996
W8XEAJDKMXH3,Agricultural and Biological Sciences,Life Sciences,0.0361265
W8XEAJDKMXH3,Social Sciences,Social Sciences,0.0128371
W8XEAJDKMXH3,Decision Sciences,Social Sciences,0.0121827
W8XEAJDKMXH3,Medicine,Health Sciences,0.0120801
W8XEAJDKMXH3,Psychology,Social Sciences,0.010707
WCUGNQQ8DZU1,Social Sciences,Social Sciences,0.04746410000000001
WCUGNQQ8DZU1,Psychology,Social Sciences,0.0135145
WCUGNQQ8DZU1,"Business, Management and Accounting",Social Sciences,0.010138600000000001
WCUGNQQ8DZU1,Health Professions,Health Sciences,0.0068286
WCUGNQQ8DZU1,Arts and Humanities,Social Sciences,0.0038048
WCUGNQQ8DZU1,"Biochemistry, Genetics and Molecular Biology",Life Sciences,0.0031144
WCUGNQQ8DZU1,"Economics, Econometrics and Finance",Social Sciences,0.002448
WFVHMSF6BU45,Chemistry,Physical Sciences,0.0067455
WFVHMSF6BU45,Materials Science,Physical Sciences,0.0028631
WFVHMSF6BU45,Computer Science,Physical Sciences,0.0025817
WFVHMSF6BU45,"Biochemistry, Genetics and Molecular Biology",Life Sciences,0.0025814
WFVHMSF6BU45,Engineering,Physical Sciences,0.0019628000000000002
WFVHMSF6BU45,Environmental Science,Physical Sciences,0.0017979
WFVHMSF6BU45,Social Sciences,Social Sciences,0.0013988999999999998
WFVHMSF6BU45,Medicine,Health Sciences,0.0008941
WFVHMSF6BU45,Physics and Astronomy,Physical Sciences,0.000833
WFVHMSF6BU45,Health Professions,Health Sciences,0.0006514
WK63UJ11C2H7,Medicine,Health Sciences,0.0510143
WK63UJ11C2H7,"Biochemistry, Genetics and Molecular Biology",Life Sciences,0.0140406
WK63UJ11C2H7,Immunology and Microbiology,Life Sciences,0.0050106
WK63UJ11C2H7,Social Sciences,Social Sciences,0.0019811
WKPTJDWG2C68,"Biochemistry, Genetics and Molecular Biology",Life Sciences,0.019785300000000002
WKPTJDWG2C68,Medicine,Health Sciences,0.0021011
WKPTJDWG2C68,Neuroscience,Life Sciences,0.0004244
WL9FLBRVPJJ7,Medicine,Health Sciences,0.0656356
WL9FLBRVPJJ7,Nursing,Health Sciences,0.025355799999999998
WL9FLBRVPJJ7,Veterinary,Health Sciences,0.0196859
WL9FLBRVPJJ7,"Biochemistry, Genetics and Molecular Biology",Life Sciences,0.0184565
WL9FLBRVPJJ7,Materials Science,Physical Sciences,0.0170505
WL9FLBRVPJJ7,Engineering,Physical Sciences,0.015286
WL9FLBRVPJJ7,Health Professions,Health Sciences,0.0125437
WL9FLBRVPJJ7,Social Sciences,Social Sciences,0.0066099
WL9FLBRVPJJ7,Physics and Astronomy,Physical Sciences,0.0052316
WLDGTNCFFJZ3,Environmental Science,Physical Sciences,0.0032576999999999997
WLDGTNCFFJZ3,Earth and Planetary Sciences,Physical Sciences,0.0023498
WLDGTNCFFJZ3,Social Sciences,Social Sciences,0.0010625
WLDGTNCFFJZ3,Engineering,Physical Sciences,0.0009130000000000001
WLDGTNCFFJZ3,Arts and Humanities,Social Sciences,0.0005002
WLDGTNCFFJZ3,Physics and Astronomy,Physical Sciences,0.0002818
WLDGTNCFFJZ3,Psychology,Social Sciences,0.0002598
WMHWCFJNAJL3,"Biochemistry, Genetics and Molecular Biology",Life Sciences,0.0146257
WMHWCFJNAJL3,Medicine,Health Sciences,0.0132679
WMHWCFJNAJL3,Neuroscience,Life Sciences,0.0044948
WMHWCFJNAJL3,Chemistry,Physical Sciences,0.0007881
WMHWCFJNAJL3,Immunology and Microbiology,Life Sciences,0.0006332
WNTPS995QBM7,Health Professions,Health Sciences,0.032949099999999995
WNTPS995QBM7,Computer Science,Physical Sciences,0.0265781
WNTPS995QBM7,Social Sciences,Social Sciences,0.0259755
WNTPS995QBM7,Psychology,Social Sciences,0.024301800000000002
WNTPS995QBM7,Medicine,Health Sciences,0.017217299999999998
WNTPS995QBM7,Physics and Astronomy,Physical Sciences,0.0114348
WNTPS995QBM7,"Economics, Econometrics and Finance",Social Sciences,0.010683
WNTPS995QBM7,Mathematics,Physical Sciences,0.009444600000000001
WNTPS995QBM7,Engineering,Physical Sciences,0.0087515
WQNERYY3BK94,Social Sciences,Social Sciences,0.0007535999999999999
WQNERYY3BK94,Engineering,Physical Sciences,0.0006846999999999999
WQNERYY3BK94,Arts and Humanities,Social Sciences,0.00042479999999999997
WQNERYY3BK94,"Business, Management and Accounting",Social Sciences,0.0001399
WQNERYY3BK94,Medicine,Health Sciences,0.0001271
WQNERYY3BK94,Agricultural and Biological Sciences,Life Sciences,0.00011190000000000001
WQNERYY3BK94,Environmental Science,Physical Sciences,5.24e-05
WS29EMGEVEJ4,Medicine,Health Sciences,0.001642
WS29EMGEVEJ4,Health Professions,Health Sciences,0.0001031
WS29EMGEVEJ4,Neuroscience,Life Sciences,8.8e-05
WS29EMGEVEJ4,Environmental Science,Physical Sciences,8.16e-05
WS29EMGEVEJ4,"Biochemistry, Genetics and Molecular Biology",Life Sciences,7.48e-05
WS29EMGEVEJ4,Dentistry,Health Sciences,6.7e-05
WS29EMGEVEJ4,Arts and Humanities,Social Sciences,6.69e-05
WS29EMGEVEJ4,Psychology,Social Sciences,6.39e-05
WUWGNMBAHKG2,Computer Science,Physical Sciences,0.0007215
WUWGNMBAHKG2,Social Sciences,Social Sciences,0.0005006
WUWGNMBAHKG2,Neuroscience,Life Sciences,0.00046049999999999997
WUWGNMBAHKG2,Engineering,Physical Sciences,0.0003706
WUWGNMBAHKG2,Agricultural and Biological Sciences,Life Sciences,0.000362
WUWGNMBAHKG2,Earth and Planetary Sciences,Physical Sciences,0.0003543
WUWGNMBAHKG2,"Business, Management and Accounting",Social Sciences,0.0002365
WUWGNMBAHKG2,Psychology,Social Sciences,0.0001951
WUWGNMBAHKG2,Medicine,Health Sciences,0.0001427
WUWGNMBAHKG2,Decision Sciences,Social Sciences,0.0001108
WUWGNMBAHKG2,Immunology and Microbiology,Life Sciences,0.000108
WUWGNMBAHKG2,Arts and Humanities,Social Sciences,9.62e-05
WUWGNMBAHKG2,Physics and Astronomy,Physical Sciences,9.55e-05
WWH4L4GKKW58,Social Sciences,Social Sciences,0.0071551
WWH4L4GKKW58,Computer Science,Physical Sciences,0.0019045
WWH4L4GKKW58,Mathematics,Physical Sciences,0.0015964
WWH4L4GKKW58,Decision Sciences,Social Sciences,0.0013399
WWH4L4GKKW58,Medicine,Health Sciences,0.0010684
WWH4L4GKKW58,Psychology,Social Sciences,0.0005975
WWH4L4GKKW58,Agricultural and Biological Sciences,Life Sciences,0.0004855
WWH4L4GKKW58,Health Professions,Health Sciences,0.0004701
X1M1PN3KG3E7,Physics and Astronomy,Physical Sciences,0.0617464
X1M1PN3KG3E7,Veterinary,Health Sciences,0.0484434
X1M1PN3KG3E7,Engineering,Physical Sciences,0.0450453
X1M1PN3KG3E7,Agricultural and Biological Sciences,Life Sciences,0.030398
X1M1PN3KG3E7,Medicine,Health Sciences,0.025847000000000002
X1M1PN3KG3E7,Materials Science,Physical Sciences,0.0135793
X1M1PN3KG3E7,Environmental Science,Physical Sciences,0.010655
X59NJBFL8BJ3,Medicine,Health Sciences,0.051284299999999984
X59NJBFL8BJ3,"Biochemistry, Genetics and Molecular Biology",Life Sciences,0.013486000000000001
X59NJBFL8BJ3,Nursing,Health Sciences,0.006024
X59NJBFL8BJ3,Neuroscience,Life Sciences,0.0047497
X59NJBFL8BJ3,Social Sciences,Social Sciences,0.0021327
X5S7PNXMJMC7,Medicine,Health Sciences,0.011281300000000001
X5S7PNXMJMC7,Health Professions,Health Sciences,0.0063797
X5S7PNXMJMC7,Social Sciences,Social Sciences,0.0047052
X5S7PNXMJMC7,Neuroscience,Life Sciences,0.0016833
X5S7PNXMJMC7,"Biochemistry, Genetics and Molecular Biology",Life Sciences,0.0009972
X5S7PNXMJMC7,Psychology,Social Sciences,0.0009423
X5S7PNXMJMC7,Nursing,Health Sciences,0.0007889
X5S7PNXMJMC7,Immunology and Microbiology,Life Sciences,0.0007621
XA77NAJYELF1,Physics and Astronomy,Physical Sciences,0.0209267
XA77NAJYELF1,Engineering,Physical Sciences,0.0172297
XA77NAJYELF1,Earth and Planetary Sciences,Physical Sciences,0.0103034
XA77NAJYELF1,Psychology,Social Sciences,0.010032600000000001
XA77NAJYELF1,Materials Science,Physical Sciences,0.0079401
XA77NAJYELF1,Social Sciences,Social Sciences,0.005386
XA77NAJYELF1,Neuroscience,Life Sciences,0.0022348
XA77NAJYELF1,"Business, Management and Accounting",Social Sciences,0.0020244
XA77NAJYELF1,"Biochemistry, Genetics and Molecular Biology",Life Sciences,0.0018258
XAJWT43U55A3,Medicine,Health Sciences,0.033094700000000005
XAJWT43U55A3,Neuroscience,Life Sciences,0.0184518
XAJWT43U55A3,Engineering,Physical Sciences,0.0128969
XAJWT43U55A3,Health Professions,Health Sciences,0.0069110000000000005
XAJWT43U55A3,Psychology,Social Sciences,0.0014142
XAJWT43U55A3,Social Sciences,Social Sciences,0.0008596
XCPKWEM58CV5,Medicine,Health Sciences,0.00549
XCPKWEM58CV5,Engineering,Physical Sciences,0.0014699000000000001
XCPKWEM58CV5,Environmental Science,Physical Sciences,0.0011541
XCPKWEM58CV5,Social Sciences,Social Sciences,0.0005209
XCPKWEM58CV5,Immunology and Microbiology,Life Sciences,0.0004593
XCPKWEM58CV5,Agricultural and Biological Sciences,Life Sciences,0.000237
XCPKWEM58CV5,Computer Science,Physical Sciences,0.0002087
XCPKWEM58CV5,"Business, Management and Accounting",Social Sciences,0.0001878
XF3XM9642N96,Psychology,Social Sciences,0.024651399999999997
XF3XM9642N96,Medicine,Health Sciences,0.0200919
XF3XM9642N96,Materials Science,Physical Sciences,0.0130665
XF3XM9642N96,Social Sciences,Social Sciences,0.011445299999999999
XF3XM9642N96,Arts and Humanities,Social Sciences,0.0081239
XF3XM9642N96,Engineering,Physical Sciences,0.0081231
XF3XM9642N96,Neuroscience,Life Sciences,0.007838399999999999
XF3XM9642N96,Computer Science,Physical Sciences,0.0074923
XF3XM9642N96,Health Professions,Health Sciences,0.0064674
XF3XM9642N96,Environmental Science,Physical Sciences,0.003667
XJ7MMPHBMGM7,Medicine,Health Sciences,0.0667591
XJ7MMPHBMGM7,Health Professions,Health Sciences,0.006995899999999999
XJ7MMPHBMGM7,Social Sciences,Social Sciences,0.003602
XJ7MMPHBMGM7,"Biochemistry, Genetics and Molecular Biology",Life Sciences,0.002924
XJ7MMPHBMGM7,Psychology,Social Sciences,0.0025811
XJUCJAYJWYV1,Psychology,Social Sciences,0.0020589000000000002
XJUCJAYJWYV1,Medicine,Health Sciences,0.0016998
XJUCJAYJWYV1,Neuroscience,Life Sciences,0.0008948
XJUCJAYJWYV1,"Biochemistry, Genetics and Molecular Biology",Life Sciences,0.0007813
XJUCJAYJWYV1,Chemistry,Physical Sciences,0.0003931
XJUCJAYJWYV1,Engineering,Physical Sciences,0.0003804
XJUCJAYJWYV1,"Pharmacology, Toxicology and Pharmaceutics",Life Sciences,0.0003323
XNAKYW3FTSE1,Social Sciences,Social Sciences,0.0004681
XNAKYW3FTSE1,Agricultural and Biological Sciences,Life Sciences,8.060000000000001e-05
XNAKYW3FTSE1,Materials Science,Physical Sciences,7.67e-05
XNAKYW3FTSE1,Decision Sciences,Social Sciences,7.65e-05
XNAKYW3FTSE1,Computer Science,Physical Sciences,7.31e-05
XNAKYW3FTSE1,"Biochemistry, Genetics and Molecular Biology",Life Sciences,7.13e-05
XNAKYW3FTSE1,Psychology,Social Sciences,6.26e-05
XNAKYW3FTSE1,Health Professions,Health Sciences,4.67e-05
XNAKYW3FTSE1,Neuroscience,Life Sciences,4.4e-05
XNAKYW3FTSE1,Mathematics,Physical Sciences,4.12e-05
XNAKYW3FTSE1,"Business, Management and Accounting",Social Sciences,4.02e-05
XNAKYW3FTSE1,Environmental Science,Physical Sciences,3.64e-05
XNAKYW3FTSE1,Arts and Humanities,Social Sciences,3.49e-05
XNAKYW3FTSE1,Medicine,Health Sciences,2.86e-05
XNY5ULPU8EN6,Medicine,Health Sciences,0.06355809999999999
XNY5ULPU8EN6,Immunology and Microbiology,Life Sciences,0.009541399999999998
XNY5ULPU8EN6,Nursing,Health Sciences,0.0088208
XNY5ULPU8EN6,Social Sciences,Social Sciences,0.0082565
XNY5ULPU8EN6,Psychology,Social Sciences,0.007953499999999999
XNY5ULPU8EN6,Chemistry,Physical Sciences,0.0058794
XNY5ULPU8EN6,Arts and Humanities,Social Sciences,0.0054239
XNY5ULPU8EN6,"Business, Management and Accounting",Social Sciences,0.0051849
XNY5ULPU8EN6,Neuroscience,Life Sciences,0.0047933
XNY5ULPU8EN6,Health Professions,Health Sciences,0.0042978
XNY5ULPU8EN6,"Biochemistry, Genetics and Molecular Biology",Life Sciences,0.004131
XNY5ULPU8EN6,Mathematics,Physical Sciences,0.004083
XQJNZNQZAFP3,"Biochemistry, Genetics and Molecular Biology",Life Sciences,0.0038292
XQJNZNQZAFP3,Medicine,Health Sciences,0.0007015000000000001
XQJNZNQZAFP3,Agricultural and Biological Sciences,Life Sciences,0.0005333
XQJNZNQZAFP3,Immunology and Microbiology,Life Sciences,0.0005193999999999999
XQJNZNQZAFP3,"Pharmacology, Toxicology and Pharmaceutics",Life Sciences,0.0002312
XQQJEDK7JC21,Social Sciences,Social Sciences,0.0297468
XQQJEDK7JC21,Arts and Humanities,Social Sciences,0.0139589
XQQJEDK7JC21,Medicine,Health Sciences,0.0057161
XQQJEDK7JC21,Agricultural and Biological Sciences,Life Sciences,0.0014767
XQQJEDK7JC21,Health Professions,Health Sciences,0.001286
XQQJEDK7JC21,Psychology,Social Sciences,0.0008799
XR6LMXNKDJJ1,"Biochemistry, Genetics and Molecular Biology",Life Sciences,0.0516877
XR6LMXNKDJJ1,Medicine,Health Sciences,0.0044509
XR6LMXNKDJJ1,Immunology and Microbiology,Life Sciences,0.0035372
XRJSGX384TD6,Agricultural and Biological Sciences,Life Sciences,0.1146903
XRJSGX384TD6,Earth and Planetary Sciences,Physical Sciences,0.034526600000000005
XRJSGX384TD6,Environmental Science,Physical Sciences,0.0237758
XRJSGX384TD6,"Biochemistry, Genetics and Molecular Biology",Life Sciences,0.0219525
XRJSGX384TD6,Veterinary,Health Sciences,0.0131633
XRJSGX384TD6,Immunology and Microbiology,Life Sciences,0.0082678
Y28BEBJ4MNU7,Social Sciences,Social Sciences,0.0025716
Y28BEBJ4MNU7,"Business, Management and Accounting",Social Sciences,0.0006147
Y28BEBJ4MNU7,Agricultural and Biological Sciences,Life Sciences,0.0006009
Y28BEBJ4MNU7,Arts and Humanities,Social Sciences,0.0004967999999999999
Y28BEBJ4MNU7,Mathematics,Physical Sciences,0.000322
Y28BEBJ4MNU7,Environmental Science,Physical Sciences,0.0002582
Y28BEBJ4MNU7,Neuroscience,Life Sciences,0.0001895
Y28BEBJ4MNU7,"Economics, Econometrics and Finance",Social Sciences,0.000125
Y28BEBJ4MNU7,Immunology and Microbiology,Life Sciences,0.0001106
Y28BEBJ4MNU7,Psychology,Social Sciences,9.65e-05
Y2K4F9RPRRG7,Medicine,Health Sciences,0.3179989
Y2K4F9RPRRG7,"Biochemistry, Genetics and Molecular Biology",Life Sciences,0.05173030000000001
Y6MGH342N169,Agricultural and Biological Sciences,Life Sciences,0.0512692
Y6MGH342N169,Mathematics,Physical Sciences,0.030602900000000002
Y6MGH342N169,Social Sciences,Social Sciences,0.0292122
Y6MGH342N169,Psychology,Social Sciences,0.0253346
Y6MGH342N169,Medicine,Health Sciences,0.0144287
Y6MGH342N169,Environmental Science,Physical Sciences,0.009236
Y6MGH342N169,Veterinary,Health Sciences,0.0087571
Y6MGH342N169,"Biochemistry, Genetics and Molecular Biology",Life Sciences,0.0058377
Y6MGH342N169,Arts and Humanities,Social Sciences,0.0058014
Y6MGH342N169,Neuroscience,Life Sciences,0.005646
Y8CWNJRCNN91,Computer Science,Physical Sciences,0.1052688
Y8CWNJRCNN91,Mathematics,Physical Sciences,0.0506137
Y8CWNJRCNN91,Engineering,Physical Sciences,0.0432627
Y8CWNJRCNN91,Physics and Astronomy,Physical Sciences,0.038193899999999996
Y8CWNJRCNN91,Agricultural and Biological Sciences,Life Sciences,0.0361265
Y8CWNJRCNN91,Social Sciences,Social Sciences,0.0128371
Y8CWNJRCNN91,Decision Sciences,Social Sciences,0.0121827
Y8CWNJRCNN91,Medicine,Health Sciences,0.0120801
Y8CWNJRCNN91,Psychology,Social Sciences,0.010707
YEZEE8W5JKA3,Earth and Planetary Sciences,Physical Sciences,0.013293999999999997
YEZEE8W5JKA3,Environmental Science,Physical Sciences,0.0071127
YEZEE8W5JKA3,Engineering,Physical Sciences,0.003077
YEZEE8W5JKA3,Physics and Astronomy,Physical Sciences,0.0011442
YEZEE8W5JKA3,"Biochemistry, Genetics and Molecular Biology",Life Sciences,0.0007372
YEZEE8W5JKA3,"Business, Management and Accounting",Social Sciences,0.0004485
YEZEE8W5JKA3,Social Sciences,Social Sciences,0.0004148
YGWAZMUHLGQ3,Psychology,Social Sciences,0.012699300000000002
YGWAZMUHLGQ3,Medicine,Health Sciences,0.005430600000000001
YGWAZMUHLGQ3,Social Sciences,Social Sciences,0.0052508
YGWAZMUHLGQ3,Health Professions,Health Sciences,0.0026752
YGWAZMUHLGQ3,Mathematics,Physical Sciences,0.0010534
YH86RTW2YVJ4,Social Sciences,Social Sciences,0.10987079999999999
YH86RTW2YVJ4,"Business, Management and Accounting",Social Sciences,0.038720700000000004
YH86RTW2YVJ4,"Economics, Econometrics and Finance",Social Sciences,0.019346
YH86RTW2YVJ4,Arts and Humanities,Social Sciences,0.008934999999999998
YKGMTXA2NVL6,Social Sciences,Social Sciences,0.021438799999999997
YKGMTXA2NVL6,Engineering,Physical Sciences,0.007704300000000001
YKGMTXA2NVL6,Psychology,Social Sciences,0.0071794
YKGMTXA2NVL6,"Business, Management and Accounting",Social Sciences,0.005783
YKGMTXA2NVL6,"Economics, Econometrics and Finance",Social Sciences,0.0055379
YKGMTXA2NVL6,Health Professions,Health Sciences,0.0020511
YKGMTXA2NVL6,Arts and Humanities,Social Sciences,0.0017839
YL62T9FVJXG3,"Biochemistry, Genetics and Molecular Biology",Life Sciences,0.0552239
YL62T9FVJXG3,Medicine,Health Sciences,0.052282499999999996
YL62T9FVJXG3,Engineering,Physical Sciences,0.018365199999999998
YL62T9FVJXG3,Mathematics,Physical Sciences,0.0144057
YL62T9FVJXG3,Computer Science,Physical Sciences,0.014181599999999999
YL62T9FVJXG3,Psychology,Social Sciences,0.010313
YL62T9FVJXG3,Health Professions,Health Sciences,0.010209
YL62T9FVJXG3,Social Sciences,Social Sciences,0.0076515
YL62T9FVJXG3,"Economics, Econometrics and Finance",Social Sciences,0.0076036
YL62T9FVJXG3,Arts and Humanities,Social Sciences,0.0073169
YL62T9FVJXG3,Physics and Astronomy,Physical Sciences,0.00684
YLF2SS2NYGC5,Medicine,Health Sciences,0.0033857
YLF2SS2NYGC5,Immunology and Microbiology,Life Sciences,0.0016649999999999998
YLF2SS2NYGC5,"Biochemistry, Genetics and Molecular Biology",Life Sciences,0.0009835999999999998
YLF2SS2NYGC5,Mathematics,Physical Sciences,0.0001531
YLF2SS2NYGC5,Agricultural and Biological Sciences,Life Sciences,0.0001358
YLF2SS2NYGC5,Computer Science,Physical Sciences,9e-05
YLF2SS2NYGC5,Social Sciences,Social Sciences,7.2e-05
YM5EKEVEGB75,Medicine,Health Sciences,0.013893699999999998
YM5EKEVEGB75,Psychology,Social Sciences,0.0024487
YM5EKEVEGB75,Health Professions,Health Sciences,0.0013959
YM5EKEVEGB75,Social Sciences,Social Sciences,0.0008623
YM5EKEVEGB75,"Pharmacology, Toxicology and Pharmaceutics",Life Sciences,0.0005887
YM5EKEVEGB75,Neuroscience,Life Sciences,0.0002127
YND4PLMC9AN7,Medicine,Health Sciences,0.1679185
YND4PLMC9AN7,Immunology and Microbiology,Life Sciences,0.030043300000000002
YND4PLMC9AN7,Health Professions,Health Sciences,0.013704
YND4PLMC9AN7,Nursing,Health Sciences,0.0103089
YND4PLMC9AN7,Social Sciences,Social Sciences,0.0083388
YND4PLMC9AN7,"Economics, Econometrics and Finance",Social Sciences,0.0081196
YNT8TCJH8FQ8,Medicine,Health Sciences,0.12104619999999999
YNT8TCJH8FQ8,Physics and Astronomy,Physical Sciences,0.0784344
YNT8TCJH8FQ8,Agricultural and Biological Sciences,Life Sciences,0.0602979
YNT8TCJH8FQ8,Veterinary,Health Sciences,0.050921400000000006
YNT8TCJH8FQ8,"Biochemistry, Genetics and Molecular Biology",Life Sciences,0.0319746
YNT8TCJH8FQ8,"Business, Management and Accounting",Social Sciences,0.0281795
YNT8TCJH8FQ8,Decision Sciences,Social Sciences,0.0153286
YNT8TCJH8FQ8,Social Sciences,Social Sciences,0.0142732
YRXVL4JYCEF5,Engineering,Physical Sciences,0.18047939999999996
YRXVL4JYCEF5,Social Sciences,Social Sciences,0.0599445
YRXVL4JYCEF5,Environmental Science,Physical Sciences,0.0332619
YRXVL4JYCEF5,Computer Science,Physical Sciences,0.021633899999999998
YRXVL4JYCEF5,Mathematics,Physical Sciences,0.0171595
YRXVL4JYCEF5,Agricultural and Biological Sciences,Life Sciences,0.0128821
YRXVL4JYCEF5,Medicine,Health Sciences,0.0111063
YRXVL4JYCEF5,Physics and Astronomy,Physical Sciences,0.0109041
YRXVL4JYCEF5,Materials Science,Physical Sciences,0.0103489
YVVTQD8CJC79,Social Sciences,Social Sciences,0.0664817
YVVTQD8CJC79,Mathematics,Physical Sciences,0.049631
YVVTQD8CJC79,Computer Science,Physical Sciences,0.0392257
YVVTQD8CJC79,Medicine,Health Sciences,0.0266472
YVVTQD8CJC79,Agricultural and Biological Sciences,Life Sciences,0.0178797
YVVTQD8CJC79,Environmental Science,Physical Sciences,0.0164306
YVVTQD8CJC79,Physics and Astronomy,Physical Sciences,0.0160913
YVVTQD8CJC79,Neuroscience,Life Sciences,0.0082493
YXJGGNC5J269,Medicine,Health Sciences,0.06416140000000001
YXJGGNC5J269,"Biochemistry, Genetics and Molecular Biology",Life Sciences,0.017019700000000002
YXJGGNC5J269,"Pharmacology, Toxicology and Pharmaceutics",Life Sciences,0.0071402
YXJGGNC5J269,Immunology and Microbiology,Life Sciences,0.0043369
YY46Q97AEZA8,Social Sciences,Social Sciences,0.0364144
YY46Q97AEZA8,Health Professions,Health Sciences,0.0325213
YY46Q97AEZA8,Medicine,Health Sciences,0.0197305
YY46Q97AEZA8,"Economics, Econometrics and Finance",Social Sciences,0.014631600000000002
YY46Q97AEZA8,Engineering,Physical Sciences,0.0070242
YY46Q97AEZA8,"Business, Management and Accounting",Social Sciences,0.0042213
YY46Q97AEZA8,Psychology,Social Sciences,0.0034606
YY46Q97AEZA8,Mathematics,Physical Sciences,0.0032229
YZJ6DKPM4W63,Medicine,Health Sciences,0.17564710000000003
YZJ6DKPM4W63,"Biochemistry, Genetics and Molecular Biology",Life Sciences,0.0438762
YZJ6DKPM4W63,Social Sciences,Social Sciences,0.0108556
YZJ6DKPM4W63,Physics and Astronomy,Physical Sciences,0.0088635
Z1H9VJS8NG16,Arts and Humanities,Social Sciences,0.0555839
Z1H9VJS8NG16,Physics and Astronomy,Physical Sciences,0.0333688
Z1H9VJS8NG16,Neuroscience,Life Sciences,0.025703599999999997
Z1H9VJS8NG16,Psychology,Social Sciences,0.025654200000000002
Z1H9VJS8NG16,Health Professions,Health Sciences,0.018373300000000002
Z1H9VJS8NG16,Medicine,Health Sciences,0.0154816
Z1H9VJS8NG16,Computer Science,Physical Sciences,0.0154102
Z1H9VJS8NG16,Agricultural and Biological Sciences,Life Sciences,0.0099775
Z1H9VJS8NG16,Social Sciences,Social Sciences,0.0090592
Z1H9VJS8NG16,Dentistry,Health Sciences,0.0081086
Z1H9VJS8NG16,"Biochemistry, Genetics and Molecular Biology",Life Sciences,0.007926
Z1L9F1MM1RY3,Medicine,Health Sciences,0.23059319999999997
Z1L9F1MM1RY3,"Biochemistry, Genetics and Molecular Biology",Life Sciences,0.0493175
Z1L9F1MM1RY3,Health Professions,Health Sciences,0.0152036
Z3FGN9MF92U2,Mathematics,Physical Sciences,0.028732699999999996
Z3FGN9MF92U2,Physics and Astronomy,Physical Sciences,0.0265646
Z3FGN9MF92U2,Social Sciences,Social Sciences,0.0201043
Z3FGN9MF92U2,"Biochemistry, Genetics and Molecular Biology",Life Sciences,0.0152635
Z3FGN9MF92U2,Psychology,Social Sciences,0.014427700000000002
Z3FGN9MF92U2,Arts and Humanities,Social Sciences,0.0060762
Z3FGN9MF92U2,Neuroscience,Life Sciences,0.0040442
Z94KLERAG5V9,Medicine,Health Sciences,0.05543549999999999
Z94KLERAG5V9,Agricultural and Biological Sciences,Life Sciences,0.0149536
Z94KLERAG5V9,Psychology,Social Sciences,0.0107954
Z94KLERAG5V9,"Biochemistry, Genetics and Molecular Biology",Life Sciences,0.006099800000000001
Z94KLERAG5V9,Arts and Humanities,Social Sciences,0.0038219
Z94KLERAG5V9,Materials Science,Physical Sciences,0.0032404
Z94KLERAG5V9,Environmental Science,Physical Sciences,0.0030335
Z9CRZKD42ZT1,Medicine,Health Sciences,0.10916970000000001
Z9CRZKD42ZT1,"Biochemistry, Genetics and Molecular Biology",Life Sciences,0.0267721
Z9CRZKD42ZT1,Health Professions,Health Sciences,0.0074058
Z9CRZKD42ZT1,Physics and Astronomy,Physical Sciences,0.0073606
Z9CRZKD42ZT1,Social Sciences,Social Sciences,0.0064559
Z9CRZKD42ZT1,Immunology and Microbiology,Life Sciences,0.006399
Z9CRZKD42ZT1,Neuroscience,Life Sciences,0.0062994
Z9CRZKD42ZT1,Agricultural and Biological Sciences,Life Sciences,0.0060334
Z9CRZKD42ZT1,Engineering,Physical Sciences,0.0059726
ZFCRKN45MMD6,Environmental Science,Physical Sciences,0.027648499999999993
ZFCRKN45MMD6,Medicine,Health Sciences,0.0024352
ZFCRKN45MMD6,Agricultural and Biological Sciences,Life Sciences,0.0023465
ZFCRKN45MMD6,Earth and Planetary Sciences,Physical Sciences,0.0021866999999999998
ZFCRKN45MMD6,Immunology and Microbiology,Life Sciences,0.0009306
ZGKVAM2JVKG2,Social Sciences,Social Sciences,0.0040339
ZGKVAM2JVKG2,Decision Sciences,Social Sciences,0.0023404
ZGKVAM2JVKG2,Medicine,Health Sciences,0.0016022999999999999
ZGKVAM2JVKG2,Physics and Astronomy,Physical Sciences,0.0013159
ZGKVAM2JVKG2,Psychology,Social Sciences,0.0010328
ZGKVAM2JVKG2,Environmental Science,Physical Sciences,0.0010175
ZGKVAM2JVKG2,Arts and Humanities,Social Sciences,0.0009607999999999999
ZGKVAM2JVKG2,Engineering,Physical Sciences,0.0006834
ZGKVAM2JVKG2,Agricultural and Biological Sciences,Life Sciences,0.000437
ZGKVAM2JVKG2,"Economics, Econometrics and Finance",Social Sciences,0.0003583
ZGKVAM2JVKG2,Neuroscience,Life Sciences,0.0003506
ZM3DYHAGMKM3,Neuroscience,Life Sciences,0.0007613
ZM3DYHAGMKM3,Medicine,Health Sciences,0.000556
ZM3DYHAGMKM3,"Biochemistry, Genetics and Molecular Biology",Life Sciences,0.0005383
ZM3DYHAGMKM3,Immunology and Microbiology,Life Sciences,0.00042919999999999997
ZM3DYHAGMKM3,Social Sciences,Social Sciences,0.00019319999999999998
ZM3DYHAGMKM3,Agricultural and Biological Sciences,Life Sciences,0.0001185
ZM3DYHAGMKM3,Arts and Humanities,Social Sciences,7.69e-05
ZM3DYHAGMKM3,"Pharmacology, Toxicology and Pharmaceutics",Life Sciences,6.69e-05
ZM3DYHAGMKM3,Engineering,Physical Sciences,6.41e-05
ZPAUY3FQMM26,Immunology and Microbiology,Life Sciences,0.0313288
ZPAUY3FQMM26,"Biochemistry, Genetics and Molecular Biology",Life Sciences,0.0152756
ZPAUY3FQMM26,Medicine,Health Sciences,0.007957299999999999
ZPAUY3FQMM26,Neuroscience,Life Sciences,0.0011844
ZQ12LY4L5H39,Physics and Astronomy,Physical Sciences,0.0693155
ZQ12LY4L5H39,Earth and Planetary Sciences,Physical Sciences,0.0225288
ZQ12LY4L5H39,Agricultural and Biological Sciences,Life Sciences,0.010104400000000001
ZQ12LY4L5H39,Engineering,Physical Sciences,0.0068259
ZQ12LY4L5H39,Environmental Science,Physical Sciences,0.0063111
ZQ12LY4L5H39,Materials Science,Physical Sciences,0.0061987
ZQ12LY4L5H39,"Biochemistry, Genetics and Molecular Biology",Life Sciences,0.0034982
ZQ12LY4L5H39,Energy,Physical Sciences,0.0024532
ZUE9HKT2CLC9,Social Sciences,Social Sciences,0.1702815
ZUE9HKT2CLC9,Physics and Astronomy,Physical Sciences,0.1031749
ZUE9HKT2CLC9,"Economics, Econometrics and Finance",Social Sciences,0.07696069999999999
ZUE9HKT2CLC9,"Biochemistry, Genetics and Molecular Biology",Life Sciences,0.026682900000000002
ZUE9HKT2CLC9,Arts and Humanities,Social Sciences,0.0125596
ZUFBNVZ587D4,"Biochemistry, Genetics and Molecular Biology",Life Sciences,0.3848736
ZUFBNVZ587D4,Medicine,Health Sciences,0.2187899
ZUFBNVZ587D4,Materials Science,Physical Sciences,0.16704449999999998
ZUFBNVZ587D4,Engineering,Physical Sciences,0.0167773
ZUFBNVZ587D4,Chemistry,Physical Sciences,0.0112598
ZUFBNVZ587D4,Health Professions,Health Sciences,0.0100558
ZUFBNVZ587D4,Neuroscience,Life Sciences,0.0049827
