uei,fiscal_year,paper_count,award_count
C11KXJTP6ED1,2016,5,2
C11KXJTP6ED1,2017,5,4
C11KXJTP6ED1,2018,4,4
C11KXJTP6ED1,2019,2,2
C11KXJTP6ED1,2020,5,4
C11KXJTP6ED1,2021,8,5
C11KXJTP6ED1,2022,2,3
C11KXJTP6ED1,2023,4,6
C11KXJTP6ED1,2024,2,2
C11KXJTP6ED1,2025,3,3
C12LGNJ8FE57,2021,3,1
C12LGNJ8FE57,2023,2,1
C13DF16LC3H4,2016,27,16
C13DF16LC3H4,2017,34,17
C13DF16LC3H4,2018,41,22
C13DF16LC3H4,2019,55,22
C13DF16LC3H4,2020,66,31
C13DF16LC3H4,2021,62,32
C13DF16LC3H4,2022,54,29
C13DF16LC3H4,2023,61,35
C13DF16LC3H4,2024,50,31
C13DF16LC3H4,2025,54,31
C13XVQRKLNC6,2016,1,1
C13XVQRKLNC6,2017,2,1
C13XVQRKLNC6,2018,4,1
C13XVQRKLNC6,2019,2,1
C148TBZATPA8,2016,4,1
C148TBZATPA8,2017,9,4
C148TBZATPA8,2018,8,4
C148TBZATPA8,2019,17,8
C148TBZATPA8,2020,14,9
C148TBZATPA8,2021,26,15
C148TBZATPA8,2022,28,18
C148TBZATPA8,2023,26,18
C148TBZATPA8,2024,52,23
C148TBZATPA8,2025,41,20
C14QW1FDLCA8,2016,3,2
C14QW1FDLCA8,2017,1,1
C14QW1FDLCA8,2018,3,4
C14QW1FDLCA8,2019,1,2
C14QW1FDLCA8,2021,1,2
C14QW1FDLCA8,2022,3,2
C14QW1FDLCA8,2023,1,1
C14QW1FDLCA8,2024,1,1
C14QW1FDLCA8,2025,2,1
C151GPJLZXH3,2020,1,1
C151GPJLZXH3,2022,5,4
C151GPJLZXH3,2023,4,3
C151GPJLZXH3,2024,7,3
C151GPJLZXH3,2025,3,2
C155C9LUAK65,2020,1,1
C155UU2TXCP3,2016,332,105
C155UU2TXCP3,2017,308,107
C155UU2TXCP3,2018,341,117
C155UU2TXCP3,2019,350,117
C155UU2TXCP3,2020,374,145
C155UU2TXCP3,2021,407,139
C155UU2TXCP3,2022,414,156
C155UU2TXCP3,2023,465,154
C155UU2TXCP3,2024,447,154
C155UU2TXCP3,2025,482,136
C164SJKTL3J5,2023,2,1
C169K7T4QZ96,2016,6,2
C169K7T4QZ96,2017,6,2
C169K7T4QZ96,2018,4,2
C169K7T4QZ96,2019,5,2
C169K7T4QZ96,2020,11,3
C169K7T4QZ96,2021,12,4
C169K7T4QZ96,2022,12,7
C169K7T4QZ96,2023,10,4
C169K7T4QZ96,2024,9,4
C169K7T4QZ96,2025,6,4
C16RSM34A825,2022,1,1
C16RSM34A825,2024,1,1
C16VWS51B3C1,2016,5,2
C16VWS51B3C1,2017,7,2
C16VWS51B3C1,2018,10,2
C16VWS51B3C1,2019,9,1
C16VWS51B3C1,2020,7,1
C16VWS51B3C1,2021,6,1
C16VWS51B3C1,2022,3,1
C16VWS51B3C1,2023,6,1
C16VWS51B3C1,2024,7,1
C16VWS51B3C1,2025,5,1
C186U32QSBR9,2016,93,34
C186U32QSBR9,2017,96,35
C186U32QSBR9,2018,82,37
C186U32QSBR9,2019,64,32
C186U32QSBR9,2020,89,34
C186U32QSBR9,2021,65,28
C186U32QSBR9,2022,60,26
C186U32QSBR9,2023,55,24
C186U32QSBR9,2024,77,31
C186U32QSBR9,2025,85,33
C18FULMF7G73,2022,1,1
C18FULMF7G73,2024,1,1
C18FULMF7G73,2025,1,1
C1ABLRAQTB48,2016,7,6
C1ABLRAQTB48,2017,5,3
C1ABLRAQTB48,2018,10,6
C1ABLRAQTB48,2019,9,7
C1ABLRAQTB48,2020,5,4
C1ABLRAQTB48,2021,5,3
C1ABLRAQTB48,2022,6,4
C1ABLRAQTB48,2023,8,9
C1ABLRAQTB48,2024,8,7
C1ABLRAQTB48,2025,5,5
C1B4H9JHQ3J6,2020,1,1
C1BHSK3LNXV7,2016,26,13
C1BHSK3LNXV7,2017,16,10
C1BHSK3LNXV7,2018,12,10
C1BHSK3LNXV7,2019,13,6
C1BHSK3LNXV7,2020,18,9
C1BHSK3LNXV7,2021,33,7
C1BHSK3LNXV7,2022,18,6
C1BHSK3LNXV7,2023,9,5
C1BHSK3LNXV7,2024,4,5
C1CPANL3EWK4,2016,661,235
C1CPANL3EWK4,2017,685,269
C1CPANL3EWK4,2018,689,292
C1CPANL3EWK4,2019,689,303
C1CPANL3EWK4,2020,810,319
C1CPANL3EWK4,2021,883,347
C1CPANL3EWK4,2022,805,325
C1CPANL3EWK4,2023,767,325
C1CPANL3EWK4,2024,759,342
C1CPANL3EWK4,2025,699,333
C1CTSSNYBAM7,2016,1,1
C1DEGMMKC7W7,2016,70,25
C1DEGMMKC7W7,2017,64,25
C1DEGMMKC7W7,2018,67,26
C1DEGMMKC7W7,2019,61,26
C1DEGMMKC7W7,2020,92,38
C1DEGMMKC7W7,2021,96,43
C1DEGMMKC7W7,2022,79,39
C1DEGMMKC7W7,2023,82,40
C1DEGMMKC7W7,2024,76,44
C1DEGMMKC7W7,2025,75,51
C1F5LNUF7W86,2016,276,114
C1F5LNUF7W86,2017,267,129
C1F5LNUF7W86,2018,278,138
C1F5LNUF7W86,2019,290,151
C1F5LNUF7W86,2020,289,156
C1F5LNUF7W86,2021,311,156
C1F5LNUF7W86,2022,275,160
C1F5LNUF7W86,2023,284,149
C1F5LNUF7W86,2024,277,175
C1F5LNUF7W86,2025,287,155
C1FBUD6HND69,2018,4,1
C1FBUD6HND69,2019,5,1
C1FBUD6HND69,2020,2,1
C1FBUD6HND69,2022,1,1
C1JHWKX12BC4,2017,6,1
C1JHWKX12BC4,2018,8,1
C1JHWKX12BC4,2019,7,1
C1JHWKX12BC4,2020,8,1
C1JHWKX12BC4,2021,17,1
C1JHWKX12BC4,2022,15,1
C1JHWKX12BC4,2023,11,1
C1JHWKX12BC4,2024,14,1
C1JHWKX12BC4,2025,29,1
C1LJLCS3PM51,2017,1,1
C1NVZ5M6E319,2021,1,2
C1NVZ5M6E319,2022,2,1
C1NVZ5M6E319,2023,1,1
C1NVZ5M6E319,2025,1,1
C31ES3WEAVQ5,2016,16,6
C31ES3WEAVQ5,2017,13,8
C31ES3WEAVQ5,2018,9,7
C31ES3WEAVQ5,2019,25,11
C31ES3WEAVQ5,2020,17,8
C31ES3WEAVQ5,2021,9,7
C31ES3WEAVQ5,2022,13,8
C31ES3WEAVQ5,2023,11,7
C31ES3WEAVQ5,2024,4,6
C31ES3WEAVQ5,2025,7,7
C36QKLWW23Y5,2024,3,1
C36QKLWW23Y5,2025,5,1
C37HLWKKAH69,2016,1,1
C37HLWKKAH69,2024,1,1
C3KXNLTAAY98,2016,603,196
C3KXNLTAAY98,2017,543,197
C3KXNLTAAY98,2018,537,208
C3KXNLTAAY98,2019,526,215
C3KXNLTAAY98,2020,579,248
C3KXNLTAAY98,2021,601,264
C3KXNLTAAY98,2022,611,274
C3KXNLTAAY98,2023,681,287
C3KXNLTAAY98,2024,712,286
C3KXNLTAAY98,2025,748,316
C3MKXMVYHKP1,2021,3,2
C3MKXMVYHKP1,2022,1,1
C3MKXMVYHKP1,2023,1,1
C3N8CJRDHDZ8,2020,1,1
C3N8CJRDHDZ8,2021,5,1
C3N8CJRDHDZ8,2022,6,1
C3N8CJRDHDZ8,2023,8,1
C3N8CJRDHDZ8,2024,8,1
C3N8CJRDHDZ8,2025,4,1
C3RVZBM9XJU8,2016,18,2
C3RVZBM9XJU8,2017,34,2
C3RVZBM9XJU8,2018,29,2
C3RVZBM9XJU8,2019,33,2
C3RVZBM9XJU8,2020,39,2
C3RVZBM9XJU8,2021,41,2
C3RVZBM9XJU8,2022,38,2
C3RVZBM9XJU8,2023,31,2
C3RVZBM9XJU8,2024,29,2
C3RVZBM9XJU8,2025,26,2
C416U5QKG723,2016,1,1
C416U5QKG723,2018,1,1
C416U5QKG723,2020,3,2
C416U5QKG723,2021,1,1
C416U5QKG723,2022,2,1
C416U5QKG723,2023,2,2
C416U5QKG723,2025,3,2
C43HHASBLCV6,2016,1,2
C43HHASBLCV6,2017,1,1
C43HHASBLCV6,2018,1,4
C43HHASBLCV6,2021,3,3
C43HHASBLCV6,2025,1,1
C48BM1W4NEE3,2024,2,2
C48BM1W4NEE3,2025,1,1
C49FLAAK6LN5,2017,1,1
C49FLAAK6LN5,2018,1,1
C49FLAAK6LN5,2022,1,1
C4BXLBC11LC6,2016,49,19
C4BXLBC11LC6,2017,53,19
C4BXLBC11LC6,2018,55,24
C4BXLBC11LC6,2019,56,30
C4BXLBC11LC6,2020,72,36
C4BXLBC11LC6,2021,103,52
C4BXLBC11LC6,2022,111,49
C4BXLBC11LC6,2023,124,46
C4BXLBC11LC6,2024,106,50
C4BXLBC11LC6,2025,105,52
C4EPKSM22WQ6,2018,2,1
C4EPKSM22WQ6,2020,2,1
C4EPKSM22WQ6,2022,1,1
C4GJA1DTK7L1,2016,3,2
C4GJA1DTK7L1,2017,3,3
C4GJA1DTK7L1,2018,1,1
C4GJA1DTK7L1,2019,3,3
C4GJA1DTK7L1,2020,1,1
C4GJA1DTK7L1,2021,2,1
C4GJA1DTK7L1,2023,1,1
C4N1DL138V95,2016,6,2
C4N1DL138V95,2017,4,3
C4N1DL138V95,2018,3,1
C4N1DL138V95,2019,2,2
C4N1DL138V95,2020,5,4
C4N1DL138V95,2021,6,4
C4N1DL138V95,2022,5,4
C4N1DL138V95,2023,5,5
C4N1DL138V95,2024,2,2
C4N1DL138V95,2025,5,3
C4Q3HRMMMT94,2018,2,1
C4Q3HRMMMT94,2022,1,1
C4VMQLSU1LF4,2016,3,1
C4VMQLSU1LF4,2017,4,2
C4VMQLSU1LF4,2018,3,2
C4VMQLSU1LF4,2021,3,1
C4VMQLSU1LF4,2022,1,1
C5A9AGFXYW81,2021,1,1
C5BNR8SHXMM4,2016,1,1
C5BNR8SHXMM4,2018,1,1
C5BNR8SHXMM4,2020,1,1
C5BNR8SHXMM4,2021,1,1
C5BNR8SHXMM4,2022,3,1
C5BNR8SHXMM4,2024,1,1
C5BNR8SHXMM4,2025,1,1
C5LHMPRJ9J19,2016,128,40
C5LHMPRJ9J19,2017,118,42
C5LHMPRJ9J19,2018,151,59
C5LHMPRJ9J19,2019,128,60
C5LHMPRJ9J19,2020,170,57
C5LHMPRJ9J19,2021,160,71
C5LHMPRJ9J19,2022,144,67
C5LHMPRJ9J19,2023,174,86
C5LHMPRJ9J19,2024,164,82
C5LHMPRJ9J19,2025,184,87
C6AKYMKUT6N6,2016,1,1
C6AKYMKUT6N6,2018,1,1
C6KMJUPNY6R3,2022,1,1
C6T9BYG5EYX5,2016,10,5
C6T9BYG5EYX5,2017,22,6
C6T9BYG5EYX5,2018,17,6
C6T9BYG5EYX5,2019,16,9
C6T9BYG5EYX5,2020,33,15
C6T9BYG5EYX5,2021,30,17
C6T9BYG5EYX5,2022,51,22
C6T9BYG5EYX5,2023,43,27
C6T9BYG5EYX5,2024,49,23
C6T9BYG5EYX5,2025,59,30
C7AUT1DVMZD6,2020,1,2
C7AUT1DVMZD6,2023,1,3
C7AUT1DVMZD6,2025,2,1
C7EZL6RDKCS3,2025,1,1
C7JPQ5F3UUH7,2025,1,2
C8DQNL9C97V8,2017,2,3
C8DQNL9C97V8,2018,5,3
C8DQNL9C97V8,2019,1,2
C8DQNL9C97V8,2020,2,2
C8DQNL9C97V8,2021,5,4
C8DQNL9C97V8,2022,2,1
C8DQNL9C97V8,2023,2,2
C8DQNL9C97V8,2024,1,2
C8DQNL9C97V8,2025,1,1
C8DXD1N4HJZ3,2021,1,1
C8DXD1N4HJZ3,2022,3,1
C8DXD1N4HJZ3,2023,2,1
C8DXD1N4HJZ3,2024,2,1
C8DXD1N4HJZ3,2025,1,1
C8FUKQKC9JB4,2018,1,1
C8FUKQKC9JB4,2019,1,1
C8FUKQKC9JB4,2022,1,1
C8FUKQKC9JB4,2023,1,1
C8FUKQKC9JB4,2024,1,1
C8H9CNG1VBD9,2016,1272,486
C8H9CNG1VBD9,2017,1326,574
C8H9CNG1VBD9,2018,1425,633
C8H9CNG1VBD9,2019,1390,665
C8H9CNG1VBD9,2020,1614,739
C8H9CNG1VBD9,2021,1853,835
C8H9CNG1VBD9,2022,1714,840
C8H9CNG1VBD9,2023,1760,929
C8H9CNG1VBD9,2024,1825,938
C8H9CNG1VBD9,2025,1858,961
C8L8WEU3TE85,2017,1,1
C8L8WEU3TE85,2018,1,1
C8L8WEU3TE85,2020,2,2
C8L8WEU3TE85,2021,3,2
C8L8WEU3TE85,2022,2,3
C8L8WEU3TE85,2024,4,2
C8L8WEU3TE85,2025,2,1
C8YHSBH5VWL3,2022,2,2
C8YHSBH5VWL3,2023,3,2
C8YHSBH5VWL3,2024,7,2
C8YHSBH5VWL3,2025,4,2
C9ABMKQ87S75,2016,23,1
C9ABMKQ87S75,2017,13,2
C9ABMKQ87S75,2018,5,2
C9ABMKQ87S75,2019,12,2
C9ABMKQ87S75,2020,4,2
C9ABMKQ87S75,2021,14,2
C9ABMKQ87S75,2022,4,2
C9ABMKQ87S75,2023,7,2
C9ABMKQ87S75,2024,3,1
C9ABMKQ87S75,2025,2,1
C9B4SHYK5GJ1,2017,3,1
C9B4SHYK5GJ1,2019,4,2
C9B4SHYK5GJ1,2020,2,2
C9B4SHYK5GJ1,2021,2,1
C9B4SHYK5GJ1,2022,4,2
C9B4SHYK5GJ1,2023,4,2
C9FZMJCTQFP4,2016,1,2
C9FZMJCTQFP4,2018,1,2
C9FZMJCTQFP4,2019,2,4
C9K2L9U9BKF9,2017,1,1
C9MRZK4B7K39,2016,7,2
C9MRZK4B7K39,2017,4,2
C9MRZK4B7K39,2018,4,2
C9MRZK4B7K39,2019,4,2
C9MRZK4B7K39,2020,10,3
C9MRZK4B7K39,2021,7,3
C9MRZK4B7K39,2022,9,7
C9MRZK4B7K39,2023,8,8
C9MRZK4B7K39,2024,12,9
C9MRZK4B7K39,2025,6,5
CA1RNRESAZU6,2020,4,1
CA1RNRESAZU6,2021,3,1
CA1RNRESAZU6,2022,2,1
CA1RNRESAZU6,2023,1,1
CA1RNRESAZU6,2024,1,1
CA1RNRESAZU6,2025,1,1
CA5GQKREPCE4,2024,1,1
CA5GQKREPCE4,2025,1,1
CAAGN783MMF1,2016,1,4
CAAGN783MMF1,2017,2,3
CAAGN783MMF1,2018,1,3
CAAGN783MMF1,2019,2,4
CAAGN783MMF1,2021,2,1
CAAGN783MMF1,2023,1,1
CAAGN783MMF1,2024,1,1
CAJZKXCNUDN1,2019,1,1
CAJZKXCNUDN1,2022,1,1
CANEX2TRDPU9,2016,1,1
CANSDRLH1FD7,2022,1,1
CATLLUJNR7W4,2021,1,1
CATLLUJNR7W4,2024,2,2
CATLLUJNR7W4,2025,1,1
CB51JKUFWA27,2023,1,1
CB8BA7Y4NSL1,2016,4,1
CB8BA7Y4NSL1,2017,3,1
CB8BA7Y4NSL1,2018,1,1
CB8BA7Y4NSL1,2019,2,1
CB8BA7Y4NSL1,2020,4,1
CB8BA7Y4NSL1,2021,3,1
CB8BA7Y4NSL1,2022,4,1
CBEFU6C67HK6,2017,1,2
CBEMLJBKLZB4,2016,1,1
CBEMLJBKLZB4,2017,1,1
CBEMLJBKLZB4,2018,1,1
CBEMLJBKLZB4,2019,1,1
CBEMLJBKLZB4,2020,1,1
CBEMLJBKLZB4,2021,1,1
CBKYNSMGNDD5,2021,1,1
CBKYNSMGNDD5,2022,1,1
CBKYNSMGNDD5,2023,1,1
CBKYNSMGNDD5,2025,1,1
CBUHNWQD7TM8,2019,1,1
CBUHNWQD7TM8,2020,4,1
CBUHNWQD7TM8,2021,2,1
CBUHNWQD7TM8,2022,1,1
CBULAJJVC6A7,2025,4,1
CC3QRDB7EYX7,2016,1,1
CC3QRDB7EYX7,2017,3,1
CC3QRDB7EYX7,2018,1,1
CC3QRDB7EYX7,2019,1,1
CC3QRDB7EYX7,2020,1,1
CC3QRDB7EYX7,2021,1,1
CC3QRDB7EYX7,2022,2,2
CC75K29RDV48,2021,1,1
CC78FD4FHVN1,2019,2,1
CC78FD4FHVN1,2020,1,1
CC78FD4FHVN1,2021,3,1
CC78FD4FHVN1,2022,3,1
CC78FD4FHVN1,2023,3,1
CCKFL5P2M9X3,2016,1,1
CCKFL5P2M9X3,2018,1,2
CCKFL5P2M9X3,2022,1,2
CD43MSX5VM25,2023,1,2
CDAQNZCL6287,2016,6,4
CDAQNZCL6287,2017,9,5
CDAQNZCL6287,2018,7,5
CDAQNZCL6287,2019,8,5
CDAQNZCL6287,2020,12,7
CDAQNZCL6287,2021,5,5
CDAQNZCL6287,2022,13,6
CDAQNZCL6287,2023,6,5
CDAQNZCL6287,2024,10,5
CDAQNZCL6287,2025,6,4
CDENBM2B9K63,2024,1,1
CDL6HGNN8X17,2024,1,1
CDQ7RHKMN5G7,2018,2,2
CDQ7RHKMN5G7,2019,2,2
CDQ7RHKMN5G7,2021,2,3
CDQ7RHKMN5G7,2022,1,2
CDQ7RHKMN5G7,2023,1,2
CDQ7RHKMN5G7,2024,2,2
CDQ7RHKMN5G7,2025,2,2
CDYJEMPD5TF5,2016,1,1
CDYJEMPD5TF5,2017,7,1
CDYJEMPD5TF5,2020,1,1
CDYJEMPD5TF5,2021,1,1
CDZJAJJHJMH5,2016,4,3
CDZJAJJHJMH5,2017,10,4
CDZJAJJHJMH5,2018,6,4
CDZJAJJHJMH5,2019,3,3
CDZJAJJHJMH5,2020,6,4
CDZJAJJHJMH5,2021,8,5
CDZJAJJHJMH5,2022,6,5
CDZJAJJHJMH5,2023,5,4
CDZJAJJHJMH5,2024,3,2
CDZJAJJHJMH5,2025,6,5
CE7GMNET8B93,2016,1,1
CE84JRL2B796,2024,1,1
CE84JRL2B796,2025,1,1
CEF5ULT44LF5,2017,1,1
CEF5ULT44LF5,2018,1,1
CEGGMZ4BA4D9,2018,1,1
CEGGMZ4BA4D9,2022,1,1
CEGGMZ4BA4D9,2024,1,1
CEJ1F2GR2D25,2020,3,1
CEJ1F2GR2D25,2021,2,1
CER1EMNQ1663,2017,1,1
CER1EMNQ1663,2018,2,2
CER1EMNQ1663,2022,1,1
CER1EMNQ1663,2023,2,2
CER1EMNQ1663,2024,1,1
CFK3C7X7HX23,2018,1,1
CFK3C7X7HX23,2019,1,1
CFK3C7X7HX23,2020,3,1
CFK3C7X7HX23,2024,1,1
CFMMM5JM7HJ9,2016,59,31
CFMMM5JM7HJ9,2017,62,35
CFMMM5JM7HJ9,2018,62,36
CFMMM5JM7HJ9,2019,58,40
CFMMM5JM7HJ9,2020,78,52
CFMMM5JM7HJ9,2021,106,45
CFMMM5JM7HJ9,2022,127,51
CFMMM5JM7HJ9,2023,104,43
CFMMM5JM7HJ9,2024,95,46
CFMMM5JM7HJ9,2025,105,39
CFNFM43624X3,2018,1,1
CFNFM43624X3,2019,1,1
CFNFM43624X3,2021,1,1
CFNFM43624X3,2024,1,1
CFNFM43624X3,2025,1,1
CFZ7HKGZN762,2021,1,1
CFZ7HKGZN762,2023,3,2
CFZ7HKGZN762,2024,1,1
CGCDJ24JJLZ1,2016,20,11
CGCDJ24JJLZ1,2017,27,11
CGCDJ24JJLZ1,2018,25,15
CGCDJ24JJLZ1,2019,24,15
CGCDJ24JJLZ1,2020,37,18
CGCDJ24JJLZ1,2021,46,25
CGCDJ24JJLZ1,2022,46,23
CGCDJ24JJLZ1,2023,37,23
CGCDJ24JJLZ1,2024,31,23
CGCDJ24JJLZ1,2025,41,23
CGKMNL6SUY65,2016,3,1
CGKMNL6SUY65,2017,2,3
CGKMNL6SUY65,2018,3,3
CGKMNL6SUY65,2019,1,3
CGKMNL6SUY65,2020,1,2
CGKMNL6SUY65,2021,3,4
CGKMNL6SUY65,2023,2,1
CGKMNL6SUY65,2025,1,1
CHJ8YC513988,2025,1,1
CHPPVKPN2VE1,2016,1,1
CHPPVKPN2VE1,2017,1,1
CHPPVKPN2VE1,2018,2,2
CHPPVKPN2VE1,2019,1,2
CHPPVKPN2VE1,2020,1,2
CHPPVKPN2VE1,2021,1,2
CHPPVKPN2VE1,2022,1,1
CHPPVKPN2VE1,2023,1,2
CHPPVKPN2VE1,2025,1,1
CHTMBNQN8EV5,2017,1,1
CHTMBNQN8EV5,2021,2,2
CJ45LW5J44S3,2017,1,1
CJ45LW5J44S3,2018,1,1
CJ45LW5J44S3,2019,1,1
CJ6GFX2TU3J4,2016,1,1
CJ6GFX2TU3J4,2019,3,1
CJ6GFX2TU3J4,2020,3,1
CJ6GFX2TU3J4,2022,1,1
CJ6GFX2TU3J4,2023,3,1
CJ9KDA6HJMM1,2018,1,1
CJ9KDA6HJMM1,2019,1,1
CJ9KDA6HJMM1,2021,1,1
CJAJYT2KW771,2021,3,1
CJAJYT2KW771,2023,3,3
CJAJYT2KW771,2024,3,1
CJDNG9D14MW7,2016,68,17
CJDNG9D14MW7,2017,78,16
CJDNG9D14MW7,2018,92,26
CJDNG9D14MW7,2019,96,20
CJDNG9D14MW7,2020,108,24
CJDNG9D14MW7,2021,118,30
CJDNG9D14MW7,2022,126,35
CJDNG9D14MW7,2023,130,40
CJDNG9D14MW7,2024,134,47
CJDNG9D14MW7,2025,105,38
CJEGRYCZCKU8,2016,1,1
CJEGRYCZCKU8,2017,1,1
CJEGRYCZCKU8,2018,1,1
CJEGRYCZCKU8,2020,2,1
CJEGRYCZCKU8,2021,4,2
CJEGRYCZCKU8,2023,1,1
CJEGRYCZCKU8,2025,1,1
CJHNQPYZWBA3,2018,1,1
CJJ6DE7APKY6,2021,1,2
CJJ6DE7APKY6,2022,1,2
CJJ6DE7APKY6,2023,4,2
CJJ6DE7APKY6,2024,3,1
CJJ6DE7APKY6,2025,4,1
CJNYDRHT8VM5,2025,2,2
CJUCZL1GQGP7,2020,1,1
CK2GN49V59S4,2016,1,1
CK2GN49V59S4,2017,1,1
CK2GN49V59S4,2019,1,1
CK2GN49V59S4,2020,1,1
CK3KR85CSP23,2025,2,1
CK86X1TB2U91,2018,2,2
CK86X1TB2U91,2023,1,1
CK9CNLPNKLK5,2017,1,1
CK9CNLPNKLK5,2022,2,2
CK9CNLPNKLK5,2023,2,1
CK9CNLPNKLK5,2024,6,4
CK9CNLPNKLK5,2025,3,2
CKBCEK2UWFG7,2020,1,1
CKBCEK2UWFG7,2021,2,1
CKBCEK2UWFG7,2022,5,1
CKBCEK2UWFG7,2023,7,2
CKBCEK2UWFG7,2024,8,2
CKBCEK2UWFG7,2025,2,1
CKDVY4EXD6M9,2019,1,1
CKDWJ7MHU7J1,2016,6,1
CKDWJ7MHU7J1,2017,5,1
CKDWJ7MHU7J1,2018,7,1
CKDWJ7MHU7J1,2019,3,1
CKDWJ7MHU7J1,2020,3,1
CKDWJ7MHU7J1,2021,5,1
CKDWJ7MHU7J1,2023,6,1
CKDWJ7MHU7J1,2024,5,1
CKDWJ7MHU7J1,2025,1,1
CKUTZNUHGRN7,2023,1,1
CL1ZLD6JV3N6,2023,1,1
CL3AK9NLV9J6,2020,1,1
CL3AK9NLV9J6,2024,1,1
CL3AK9NLV9J6,2025,1,1
CL4JBKDVJD55,2022,1,1
CL5MKCJW4LP5,2020,1,1
CL5MKCJW4LP5,2023,1,1
CL6QC9R188Z7,2016,1,1
CL6QC9R188Z7,2020,1,1
CL6QC9R188Z7,2021,2,1
CL7KJX2VFHS9,2016,3,1
CL7KJX2VFHS9,2017,2,1
CL7KJX2VFHS9,2018,2,1
CL7KJX2VFHS9,2020,2,1
CL7KJX2VFHS9,2021,1,1
CL7KJX2VFHS9,2022,2,1
CL7KJX2VFHS9,2024,4,2
CL7KJX2VFHS9,2025,2,2
CL8JHK1LN291,2016,1,1
CL8JHK1LN291,2017,2,2
CL8JHK1LN291,2020,2,2
CL8JHK1LN291,2021,1,1
CL8JHK1LN291,2022,1,1
CL8JHK1LN291,2023,2,2
CL8JHK1LN291,2024,2,2
CL8JHK1LN291,2025,2,2
CLC6REB58U73,2019,1,1
CLC6REB58U73,2021,2,1
CLC6REB58U73,2023,1,1
CLC6REB58U73,2025,1,1
CLDKF42LPRC3,2024,1,1
CLFYGDBZ96B3,2024,1,1
CLFYGDBZ96B3,2025,2,1
CLHCSTHHSX25,2016,1,1
CLHCSTHHSX25,2017,1,1
CLHCSTHHSX25,2018,2,2
CLHCSTHHSX25,2019,1,1
CLHCSTHHSX25,2020,4,4
CLHCSTHHSX25,2021,2,2
CLHCSTHHSX25,2022,1,1
CLHCSTHHSX25,2023,1,1
CLHCSTHHSX25,2024,1,1
CLHCSTHHSX25,2025,1,1
CM2UZ96ZVKS8,2018,1,1
CM2UZ96ZVKS8,2020,1,1
CM2UZ96ZVKS8,2023,1,1
CM2UZ96ZVKS8,2024,1,1
CM3LK9281JS7,2020,1,1
CM3LK9281JS7,2021,1,1
CM3LK9281JS7,2022,1,1
CM3LK9281JS7,2023,1,1
CM4TTRKFCLF9,2019,1,1
CM4TTRKFCLF9,2020,2,2
CM4TTRKFCLF9,2021,1,1
CM4TTRKFCLF9,2022,3,2
CM4TTRKFCLF9,2023,8,5
CM4TTRKFCLF9,2024,6,5
CM4TTRKFCLF9,2025,5,5
CMBEL6LZ4MA5,2016,1,1
CMBEL6LZ4MA5,2017,1,1
CMBEL6LZ4MA5,2018,1,1
CMBEL6LZ4MA5,2021,1,1
CMDJS9LCFAS3,2018,1,1
CMDJS9LCFAS3,2019,1,1
CMNJCKH6LTK6,2016,1,1
CMNJCKH6LTK6,2017,4,2
CMNJCKH6LTK6,2018,3,3
CMNJCKH6LTK6,2019,3,3
CMNJCKH6LTK6,2020,5,2
CMNJCKH6LTK6,2021,4,3
CMNJCKH6LTK6,2022,1,1
CMNJCKH6LTK6,2024,1,1
CMXGBGR1SAK1,2016,1,1
CMXGBGR1SAK1,2017,1,1
CMXGBGR1SAK1,2019,2,1
CMXGBGR1SAK1,2020,1,1
CMXGBGR1SAK1,2022,1,1
CMZSZ5PQH478,2022,1,1
CN4GHCASZP96,2019,2,1
CNJNQ1GMSN55,2018,1,1
CNJNQ1GMSN55,2020,1,1
CNJNQ1GMSN55,2021,1,1
CNJNQ1GMSN55,2022,1,1
CNK2CHKJCJL6,2023,2,1
CNN8FXSY33J4,2016,1,1
CNN8FXSY33J4,2019,4,2
CNN8FXSY33J4,2020,4,2
CNN8FXSY33J4,2021,4,3
CNN8FXSY33J4,2022,1,1
CNN8FXSY33J4,2023,4,3
CNN8FXSY33J4,2024,7,6
CNN8FXSY33J4,2025,4,2
CNPVCR8DK7M8,2018,1,1
CNRKB4K64ND5,2025,1,1
CNTFFZCVNEA3,2022,1,1
CNTGGH7JHAB8,2018,1,1
CNTGGH7JHAB8,2019,1,1
CNZJNM3JF2G5,2025,1,1
CNZVA1958JZ1,2023,1,1
CP5UGDR6ZNA4,2017,2,1
CP5UGDR6ZNA4,2018,5,1
CP5UGDR6ZNA4,2019,3,1
CP5UGDR6ZNA4,2020,6,1
CP5UGDR6ZNA4,2021,3,1
CP5UGDR6ZNA4,2022,7,1
CP5UGDR6ZNA4,2023,5,1
CP5UGDR6ZNA4,2024,7,1
CP5UGDR6ZNA4,2025,10,1
CP76MKEFKFE4,2017,1,1
CPDCLG55B5Z3,2022,2,1
CPDCLG55B5Z3,2023,1,1
CPDCLG55B5Z3,2025,1,1
CPNKKXHEYMF5,2021,1,1
CQ5UBPWC97W1,2021,1,1
CQ5UBPWC97W1,2022,1,1
CQ5UBPWC97W1,2024,1,1
CQ5UBPWC97W1,2025,1,1
CQ97AGEHCMF9,2021,1,1
CQA1K84J6J85,2022,1,1
CQA1K84J6J85,2023,2,1
CQA1K84J6J85,2024,2,1
CQA1K84J6J85,2025,1,1
CQBFJPDVL9T3,2022,1,1
CQJBH3DDJSN4,2022,3,1
CQJBH3DDJSN4,2023,1,1
CRJPYMUA3NL4,2020,1,1
CRJPYMUA3NL4,2021,1,1
CRJPYMUA3NL4,2022,2,1
CRPQN9NU7X28,2016,22,2
CRPQN9NU7X28,2017,21,2
CRPQN9NU7X28,2018,16,2
CRPQN9NU7X28,2019,10,1
CRPQN9NU7X28,2020,17,1
CRPQN9NU7X28,2021,14,1
CRPQN9NU7X28,2022,12,2
CRPQN9NU7X28,2023,7,1
CRPQN9NU7X28,2024,5,1
CRPQN9NU7X28,2025,15,1
CRYFNUNXM1U5,2016,2,1
CRYFNUNXM1U5,2017,2,2
CRYFNUNXM1U5,2020,2,1
CRYFNUNXM1U5,2021,1,1
CRYFNUNXM1U5,2022,2,1
CRYFNUNXM1U5,2023,1,1
CRYFNUNXM1U5,2024,1,1
CS4QQVVPLWW8,2024,1,2
CSCNN26NDVK3,2021,1,1
CSCNN26NDVK3,2022,1,1
CSCNN26NDVK3,2023,1,1
CSCNN26NDVK3,2024,1,1
CSFEDJCD2DA6,2021,1,1
CSFEDJCD2DA6,2023,1,1
CSLMAR9NXN77,2020,1,1
CSLYY6VAHXX7,2016,5,1
CSLYY6VAHXX7,2017,1,1
CSLYY6VAHXX7,2018,1,1
CSLYY6VAHXX7,2021,3,1
CSLYY6VAHXX7,2022,2,1
CSLYY6VAHXX7,2023,3,4
CSLYY6VAHXX7,2024,8,6
CSLYY6VAHXX7,2025,5,5
CSSJGCRUZ9F3,2016,617,110
CSSJGCRUZ9F3,2017,483,110
CSSJGCRUZ9F3,2018,424,100
CSSJGCRUZ9F3,2019,318,98
CSSJGCRUZ9F3,2020,409,79
CSSJGCRUZ9F3,2021,373,63
CSSJGCRUZ9F3,2022,347,56
CSSJGCRUZ9F3,2023,239,52
CSSJGCRUZ9F3,2024,170,44
CSSJGCRUZ9F3,2025,173,47
CSVAGA1DWEN5,2024,1,1
CT5HTN1BU9B1,2025,1,1
CTH5KGL78E65,2016,4,2
CTH5KGL78E65,2017,3,2
CTH5KGL78E65,2018,2,1
CTH5KGL78E65,2019,1,1
CTH5KGL78E65,2020,2,1
CTH5KGL78E65,2021,1,2
CTH5KGL78E65,2022,3,3
CTH5KGL78E65,2023,5,2
CTH5KGL78E65,2024,2,1
CTH5KGL78E65,2025,5,3
CTHHMS29J6L6,2021,2,1
CTHHMS29J6L6,2024,1,1
CTLVX9M7AMR4,2016,16,13
CTLVX9M7AMR4,2017,16,13
CTLVX9M7AMR4,2018,18,12
CTLVX9M7AMR4,2019,24,12
CTLVX9M7AMR4,2020,26,13
CTLVX9M7AMR4,2021,28,14
CTLVX9M7AMR4,2022,34,16
CTLVX9M7AMR4,2023,27,15
CTLVX9M7AMR4,2024,30,13
CTLVX9M7AMR4,2025,41,16
CTWDPXTLUAM7,2016,1,1
CTWDPXTLUAM7,2017,2,2
CTWDPXTLUAM7,2018,4,2
CTWDPXTLUAM7,2019,2,2
CTWDPXTLUAM7,2020,3,3
CTWDPXTLUAM7,2021,1,1
CTWDPXTLUAM7,2023,1,1
CUJMD4EH1V21,2016,1,1
CV4DA3MZLNL8,2017,1,1
CV4DA3MZLNL8,2018,1,2
CV52PP94GAD5,2022,1,1
CV52PP94GAD5,2023,1,1
CV52PP94GAD5,2024,2,1
CV52PP94GAD5,2025,1,1
CV5BLXMMLFJ3,2023,1,1
CVBMAAJVVS25,2018,1,1
CVBMAAJVVS25,2019,3,1
CVBMAAJVVS25,2022,1,1
CVNBL4GDUKF3,2016,4,2
CVNBL4GDUKF3,2017,10,4
CVNBL4GDUKF3,2018,16,4
CVNBL4GDUKF3,2019,12,5
CVNBL4GDUKF3,2020,20,7
CVNBL4GDUKF3,2021,20,6
CVNBL4GDUKF3,2022,14,5
CVNBL4GDUKF3,2023,12,7
CVNBL4GDUKF3,2024,16,6
CVNBL4GDUKF3,2025,15,8
CVPMUCNLJPP5,2017,1,1
CVPMUCNLJPP5,2020,1,1
CVPMUCNLJPP5,2023,1,1
CVYZEGA1K911,2016,3,1
CVYZEGA1K911,2017,2,1
CVYZEGA1K911,2018,1,1
CVYZEGA1K911,2019,2,1
CW3TVGNJAYM6,2020,1,2
CW3TVGNJAYM6,2024,1,1
CWKJEXDG79A7,2016,63,14
CWKJEXDG79A7,2017,56,19
CWKJEXDG79A7,2018,69,23
CWKJEXDG79A7,2019,54,25
CWKJEXDG79A7,2020,63,26
CWKJEXDG79A7,2021,62,32
CWKJEXDG79A7,2022,41,30
CWKJEXDG79A7,2023,68,35
CWKJEXDG79A7,2024,67,29
CWKJEXDG79A7,2025,52,31
CX4ZCPH2EAA3,2017,1,1
CX4ZCPH2EAA3,2018,1,1
CX8HLN7XU7E6,2021,1,2
CX8HLN7XU7E6,2025,1,1
CXEUFMM1FXY8,2018,1,1
CXEUFMM1FXY8,2022,1,1
CXFPKGA7TQZ3,2016,149,19
CXFPKGA7TQZ3,2017,128,19
CXFPKGA7TQZ3,2018,112,24
CXFPKGA7TQZ3,2019,112,20
CXFPKGA7TQZ3,2020,89,21
CXFPKGA7TQZ3,2021,123,18
CXFPKGA7TQZ3,2022,89,16
CXFPKGA7TQZ3,2023,89,14
CXFPKGA7TQZ3,2024,85,13
CXFPKGA7TQZ3,2025,100,10
CXP2QC5SGSM6,2022,2,1
CXP2QC5SGSM6,2023,1,1
CXP2QC5SGSM6,2024,2,1
CYDKSKBAL9F3,2021,1,1
CYDKSKBAL9F3,2022,2,1
CYDKSKBAL9F3,2024,1,1
CYU5N7VNCPN3,2025,2,1
CZ53WXM52XT5,2025,1,2
CZABTMGHLJC8,2024,1,1
CZABTMGHLJC8,2025,3,2
CZDCV9W7CRC4,2024,1,1
CZDCV9W7CRC4,2025,1,1
CZQSE8JMCEN1,2022,1,1
CZVHJRF9T6H3,2022,1,1
CZVHJRF9T6H3,2023,2,2
CZY7PPKY5KC3,2016,1,1
CZY7PPKY5KC3,2023,1,1
CZZJVX2BKJF3,2016,1,1
CZZJVX2BKJF3,2017,2,1
CZZJVX2BKJF3,2018,2,1
CZZJVX2BKJF3,2022,1,4
CZZJVX2BKJF3,2023,1,1
D13WXXL3LNC7,2016,4,1
D13WXXL3LNC7,2017,3,1
D13WXXL3LNC7,2018,1,1
D13WXXL3LNC7,2019,2,1
D13WXXL3LNC7,2020,3,1
D13WXXL3LNC7,2022,1,1
D13WXXL3LNC7,2024,2,1
D1BKPRUCVYF6,2021,1,1
D1CRFN89NF71,2019,1,1
D1CRFN89NF71,2021,7,1
D1CRFN89NF71,2022,13,1
D1CRFN89NF71,2023,60,1
D1CRFN89NF71,2024,107,1
D1CRFN89NF71,2025,117,1
D258V8MNLGA5,2019,1,1
D26NRF445JV3,2016,1,2
D2NHE6C2EQF3,2020,1,1
D2NHE6C2EQF3,2021,1,1
D33QGS3Q3DJ3,2016,11,6
D33QGS3Q3DJ3,2017,11,8
D33QGS3Q3DJ3,2018,24,17
D33QGS3Q3DJ3,2019,28,19
D33QGS3Q3DJ3,2020,21,15
D33QGS3Q3DJ3,2021,37,18
D33QGS3Q3DJ3,2022,28,16
D33QGS3Q3DJ3,2023,37,16
D33QGS3Q3DJ3,2024,28,15
D33QGS3Q3DJ3,2025,27,19
D34CKFE1TLW8,2016,1,1
D34CKFE1TLW8,2020,2,2
D34CKFE1TLW8,2022,1,1
D34CKFE1TLW8,2023,3,3
D34CKFE1TLW8,2025,2,2
D37XGZLKKLJ9,2019,1,1
D37XGZLKKLJ9,2024,1,1
D38ER7T7B8L8,2022,1,1
D3CAG96VUG84,2016,2,2
D3CAG96VUG84,2017,3,3
D3CAG96VUG84,2018,2,2
D3CAG96VUG84,2019,5,3
D3DLCX4TL4L8,2024,1,1
D3DTJBVZRVB8,2022,1,1
D3DTJBVZRVB8,2023,1,1
D3DTJBVZRVB8,2025,1,2
D3GMZSP2W9U7,2017,1,1
D3GMZSP2W9U7,2019,1,1
D3JTJM83KNT3,2023,2,1
D3LHU66KBLD5,2016,3175,763
D3LHU66KBLD5,2017,3259,886
D3LHU66KBLD5,2018,3323,966
D3LHU66KBLD5,2019,2934,1026
D3LHU66KBLD5,2020,3071,1179
D3LHU66KBLD5,2021,3178,1181
D3LHU66KBLD5,2022,3072,1197
D3LHU66KBLD5,2023,3155,1276
D3LHU66KBLD5,2024,2903,1265
D3LHU66KBLD5,2025,2960,1300
D3ZDKNNU9PT9,2016,2,2
D3ZDKNNU9PT9,2017,5,4
D3ZDKNNU9PT9,2019,2,3
D3ZDKNNU9PT9,2020,2,1
D3ZDKNNU9PT9,2021,5,4
D3ZDKNNU9PT9,2022,6,2
D3ZDKNNU9PT9,2023,2,2
D435D8QN99S4,2020,4,1
D435D8QN99S4,2021,2,2
D435D8QN99S4,2022,1,1
D435D8QN99S4,2023,3,2
D435D8QN99S4,2024,4,2
D45VHM8FQRN6,2025,1,1
D4ARPK15SWA5,2018,1,1
D4ARPK15SWA5,2019,1,1
D4ARPK15SWA5,2020,1,1
D4ARPK15SWA5,2021,1,1
D4ARPK15SWA5,2022,1,1
D4D5TGHLXE71,2016,1,1
D4H1F8KMJJ28,2016,1,2
D4H1F8KMJJ28,2017,4,3
D4H1F8KMJJ28,2018,2,1
D4H1F8KMJJ28,2019,3,4
D4H1F8KMJJ28,2020,2,4
D4H1F8KMJJ28,2022,2,2
D4H1F8KMJJ28,2023,1,1
D4H1F8KMJJ28,2024,2,2
D4H1F8KMJJ28,2025,4,2
D4P7H8NWZER7,2018,2,1
D4P7H8NWZER7,2021,2,1
D4P7H8NWZER7,2023,1,1
D4P7H8NWZER7,2024,1,1
D4P7H8NWZER7,2025,4,1
D5EMA8JZJ9C8,2024,2,1
D5EMA8JZJ9C8,2025,1,1
D5LLACKKM5Q8,2016,2,1
D5LLACKKM5Q8,2019,1,1
D5PFEAJTZKA3,2018,1,2
D5PFEAJTZKA3,2019,1,2
D5PFEAJTZKA3,2020,1,2
D5PFEAJTZKA3,2021,1,2
D5V4N1FDJKW7,2018,9,1
D5V4N1FDJKW7,2019,9,1
D5V4N1FDJKW7,2020,7,1
D5V4N1FDJKW7,2021,5,1
D5V4N1FDJKW7,2022,1,1
D5V4N1FDJKW7,2023,1,1
D5V4N1FDJKW7,2024,1,1
D5WZFBNJE5Y3,2021,1,1
D638ZQHJJ9M1,2022,3,1
D638ZQHJJ9M1,2025,1,1
D6VABZ7RVM84,2018,2,1
D6VABZ7RVM84,2019,1,1
D6VABZ7RVM84,2020,2,1
D6VABZ7RVM84,2021,1,1
D6VABZ7RVM84,2023,1,1
D6VHAQPLHS79,2017,2,1
D6VHAQPLHS79,2018,1,1
D6VHAQPLHS79,2019,2,2
D73FC2LT5J26,2023,1,1
D73FC2LT5J26,2024,2,1
D73FC2LT5J26,2025,1,1
D77HU977E973,2016,1,1
D77HU977E973,2017,2,2
D77HU977E973,2019,1,1
D77HU977E973,2020,1,1
D79ND8GZR3E6,2016,1,1
D7G3RCMNEGA5,2020,1,1
D7G3RCMNEGA5,2021,1,1
D7Q8JLAJU3M4,2021,1,1
D7Q8JLAJU3M4,2022,1,1
D7Q8JLAJU3M4,2024,1,1
D7SFBJJHZ9Y5,2020,1,2
D7SRYQVNKMV3,2023,1,1
D7SRYQVNKMV3,2024,1,1
D7WBG8G7AWE4,2019,1,1
D7WBG8G7AWE4,2022,1,2
D7WBG8G7AWE4,2023,1,2
D82RA1JMEBA8,2020,2,4
D82RA1JMEBA8,2022,1,2
D82RA1JMEBA8,2024,1,1
D9DRUX8SM4V9,2016,2,1
D9DRUX8SM4V9,2020,2,2
D9DRUX8SM4V9,2021,1,1
D9DRUX8SM4V9,2024,1,1
D9EVNTKKWLF3,2016,1,1
D9EVNTKKWLF3,2020,1,1
D9EVNTKKWLF3,2021,1,1
D9EVNTKKWLF3,2023,2,2
D9EVNTKKWLF3,2024,1,1
D9KPSNLHD9J5,2017,1,1
D9KPSNLHD9J5,2018,1,1
D9KPSNLHD9J5,2019,1,1
D9KPSNLHD9J5,2025,1,1
D9MKKSEF5EC1,2016,1,1
D9MKKSEF5EC1,2017,3,2
D9MKKSEF5EC1,2018,2,2
D9MKKSEF5EC1,2019,2,1
D9MKKSEF5EC1,2021,3,2
D9MKKSEF5EC1,2022,1,1
D9MKKSEF5EC1,2023,1,1
D9WMZ24BAKL5,2023,1,1
DA5EYJ6V99G9,2016,1,1
DA7UPTVQMG73,2023,1,3
DAEHRJE6P7N4,2022,1,1
DAF9XL6P2BG5,2024,1,1
DAHAYJEBV8K1,2022,1,2
DALPEA4VNNJ3,2019,1,1
DALPEA4VNNJ3,2020,1,1
DALPEA4VNNJ3,2021,2,2
DALPEA4VNNJ3,2022,3,3
DALPEA4VNNJ3,2023,1,1
DALPEA4VNNJ3,2024,1,1
DALPEA4VNNJ3,2025,1,2
DAR5SR7BVBB6,2023,1,1
DAR5SR7BVBB6,2024,1,1
DAY7Z8ZD48Q3,2016,50,19
DAY7Z8ZD48Q3,2017,47,19
DAY7Z8ZD48Q3,2018,65,26
DAY7Z8ZD48Q3,2019,63,32
DAY7Z8ZD48Q3,2020,60,26
DAY7Z8ZD48Q3,2021,66,38
DAY7Z8ZD48Q3,2022,58,34
DAY7Z8ZD48Q3,2023,93,37
DAY7Z8ZD48Q3,2024,92,38
DAY7Z8ZD48Q3,2025,77,30
DB7NNKKT64K3,2024,1,1
DB7NNKKT64K3,2025,2,1
DB9LSMAHKNJ8,2018,1,1
DBA7CH2JH793,2016,2,1
DBA7CH2JH793,2017,2,1
DBA7CH2JH793,2018,3,1
DBA7CH2JH793,2019,7,2
DBA7CH2JH793,2020,8,3
DBA7CH2JH793,2021,7,3
DBA7CH2JH793,2022,8,2
DBA7CH2JH793,2023,8,1
DBA7CH2JH793,2024,3,1
DBA7CH2JH793,2025,8,2
DBM1C8MDJ5L3,2016,1,1
DBM1C8MDJ5L3,2017,3,2
DBM1C8MDJ5L3,2018,3,2
DBM1C8MDJ5L3,2020,5,3
DBM1C8MDJ5L3,2021,7,6
DBM1C8MDJ5L3,2022,9,5
DBM1C8MDJ5L3,2023,10,8
DBM1C8MDJ5L3,2024,9,5
DBM1C8MDJ5L3,2025,9,7
DBP4N9GHCA14,2016,6,2
DBP4N9GHCA14,2017,4,3
DBP4N9GHCA14,2018,11,3
DBP4N9GHCA14,2019,1,1
DBP4N9GHCA14,2020,1,1
DBP4N9GHCA14,2021,3,2
DBP4N9GHCA14,2022,1,1
DBP4N9GHCA14,2024,3,1
DC17DRKCAHN4,2022,1,1
DC3MUR6W5XV9,2016,1,1
DC3MUR6W5XV9,2017,1,1
DC3MUR6W5XV9,2018,1,1
DC3MUR6W5XV9,2019,1,1
DC3MUR6W5XV9,2020,1,1
DCBCUBQLAEN1,2016,2,1
DCBCUBQLAEN1,2017,3,1
DCBCUBQLAEN1,2019,3,1
DCBCUBQLAEN1,2020,3,2
DCBCUBQLAEN1,2021,4,2
DCBCUBQLAEN1,2022,2,2
DCBCUBQLAEN1,2023,4,2
DCBCUBQLAEN1,2024,5,1
DCBCUBQLAEN1,2025,10,3
DCM2TK5ZRKK6,2017,1,2
DCM2TK5ZRKK6,2019,2,3
DCM2TK5ZRKK6,2022,1,1
DCQQX5TRCYN9,2020,2,1
DCQQX5TRCYN9,2021,1,1
DCQQX5TRCYN9,2022,2,2
DCQQX5TRCYN9,2023,2,2
DCQQX5TRCYN9,2024,2,2
DCQQX5TRCYN9,2025,1,1
DCR3JT98KGB7,2024,1,1
DCSGCN3N8D87,2018,1,1
DCSGCN3N8D87,2019,2,2
DCSGCN3N8D87,2021,1,2
DCSGCN3N8D87,2024,1,1
DCTNHRGU1K75,2017,2,1
DCTNHRGU1K75,2018,5,1
DCTNHRGU1K75,2019,5,1
DCTNHRGU1K75,2020,4,1
DCTNHRGU1K75,2021,6,1
DCTNHRGU1K75,2022,12,1
DCTNHRGU1K75,2023,3,1
DCTNHRGU1K75,2024,9,1
DCTNHRGU1K75,2025,10,1
DCYNUU4E7Q66,2021,3,2
DCYNUU4E7Q66,2022,1,1
DCYNUU4E7Q66,2023,2,2
DCYNUU4E7Q66,2024,5,3
DD4ZLR6ARGK1,2021,1,1
DDD1BU62TM94,2019,1,1
DDD1BU62TM94,2020,3,2
DDD1BU62TM94,2025,1,2
DDJBJ4APF8S3,2019,1,1
DDJBJ4APF8S3,2024,1,1
DDLKGQ9LYCS7,2020,1,1
DDMLLCM3VAF8,2017,1,2
DDMLLCM3VAF8,2023,1,1
DDMLLCM3VAF8,2024,1,2
DDRUDKNS37N8,2016,2,2
DDRUDKNS37N8,2019,2,2
DDRUDKNS37N8,2020,1,1
DDRUDKNS37N8,2021,3,2
DDV1PJUEK2X9,2021,1,1
DEAWAZYYD6B8,2016,2,1
DEAWAZYYD6B8,2017,1,1
DEAWAZYYD6B8,2019,1,1
DEAWAZYYD6B8,2021,1,1
DEAWAZYYD6B8,2022,1,1
DEAWAZYYD6B8,2024,1,1
DEJAJMQ4VZB1,2023,3,1
DEJAJMQ4VZB1,2024,1,1
DEX9AWMJ3A67,2021,1,1
DEX9AWMJ3A67,2024,1,1
DEX9AWMJ3A67,2025,1,1
DF57MMBTUU55,2019,1,2
DF57MMBTUU55,2020,3,2
DF57MMBTUU55,2021,6,2
DF57MMBTUU55,2022,3,2
DF57MMBTUU55,2024,3,2
DF57MMBTUU55,2025,2,1
DF5ZDMUZJPH7,2016,2,3
DF5ZDMUZJPH7,2017,2,2
DF5ZDMUZJPH7,2018,1,1
DF5ZDMUZJPH7,2019,2,2
DF5ZDMUZJPH7,2020,1,1
DF5ZDMUZJPH7,2021,1,1
DF5ZDMUZJPH7,2022,1,1
DFGLPK8JLL93,2023,3,1
DFNAG1MWADP6,2016,1,1
DFNLDECWM8J8,2016,20,9
DFNLDECWM8J8,2017,15,11
DFNLDECWM8J8,2018,25,12
DFNLDECWM8J8,2019,17,10
DFNLDECWM8J8,2020,20,11
DFNLDECWM8J8,2021,16,8
DFNLDECWM8J8,2022,21,10
DFNLDECWM8J8,2023,20,7
DFNLDECWM8J8,2024,17,10
DFNLDECWM8J8,2025,20,9
DFTEBK8C6B73,2024,1,1
DFTEBK8C6B73,2025,4,1
DFTKQFFUPZX8,2020,2,1
DFTKQFFUPZX8,2021,2,1
DFTKQFFUPZX8,2022,1,1
DG7YFQJF7UJ5,2017,3,2
DG7YFQJF7UJ5,2018,3,2
DG7YFQJF7UJ5,2019,1,1
DG7YFQJF7UJ5,2020,1,1
DG7YFQJF7UJ5,2021,3,2
DG7YFQJF7UJ5,2022,1,2
DG7YFQJF7UJ5,2023,2,2
DG7YFQJF7UJ5,2024,2,3
DG7YFQJF7UJ5,2025,1,2
DGDHWH1KNVM6,2024,1,1
DGE6L9T3CW25,2016,1,1
DGE6L9T3CW25,2018,1,1
DGE6L9T3CW25,2019,1,1
DGE6L9T3CW25,2020,3,2
DGE6L9T3CW25,2021,3,3
DGE6L9T3CW25,2022,6,4
DGE6L9T3CW25,2023,1,1
DGE6L9T3CW25,2024,2,2
DGE6L9T3CW25,2025,7,5
DGF9K7VZNLU7,2017,1,1
DGF9K7VZNLU7,2019,2,2
DGGDTLJ713A3,2020,1,1
DGLULMGDV8X1,2016,1,1
DGLULMGDV8X1,2017,2,1
DGLULMGDV8X1,2018,1,1
DGLULMGDV8X1,2020,3,1
DH2EBEYDDJM9,2021,1,1
DH2EBEYDDJM9,2022,2,1
DH2EBEYDDJM9,2023,2,2
DH2EBEYDDJM9,2024,2,3
DH6HDJRM1K27,2017,1,1
DH6HDJRM1K27,2021,1,1
DH6HDJRM1K27,2022,1,1
DHJKJCADJH53,2017,3,1
DHJKJCADJH53,2018,1,1
DHJKJCADJH53,2021,1,1
DHJSMHJ9BJE5,2019,2,1
DHJSMHJ9BJE5,2022,1,1
DHJSMHJ9BJE5,2023,1,1
DHP2CMKGJH85,2017,1,1
DHRMCNVMLND7,2019,2,1
DHRMCNVMLND7,2020,3,1
DHRMCNVMLND7,2025,1,1
DHTASEX58M16,2017,2,3
DHTASEX58M16,2020,1,1
DHTASEX58M16,2022,1,1
DHTASEX58M16,2023,2,2
DHTASEX58M16,2025,1,1
DHZFD6Q6ZVC7,2022,1,1
DJ4SM8UQBHT7,2016,12,7
DJ4SM8UQBHT7,2017,10,7
DJ4SM8UQBHT7,2018,10,6
DJ4SM8UQBHT7,2019,10,5
DJ4SM8UQBHT7,2020,7,4
DJ4SM8UQBHT7,2021,9,6
DJ4SM8UQBHT7,2022,7,5
DJ4SM8UQBHT7,2023,10,8
DJ4SM8UQBHT7,2024,11,6
DJ4SM8UQBHT7,2025,12,9
DJANDTMJDD36,2020,1,1
DJCTQA1PR7Q4,2016,26,10
DJCTQA1PR7Q4,2017,25,11
DJCTQA1PR7Q4,2018,18,13
DJCTQA1PR7Q4,2019,9,11
DJCTQA1PR7Q4,2020,26,19
DJCTQA1PR7Q4,2021,41,26
DJCTQA1PR7Q4,2022,29,23
DJCTQA1PR7Q4,2023,30,26
DJCTQA1PR7Q4,2024,16,18
DJCTQA1PR7Q4,2025,20,16
DJFBH3LFSYD1,2018,4,2
DJFBH3LFSYD1,2020,3,1
DJG9V27F5MR6,2024,1,1
DJG9V27F5MR6,2025,1,1
DJH3Q8J7NCC7,2019,1,1
DJH3Q8J7NCC7,2021,1,1
DJH3Q8J7NCC7,2025,1,1
DJJUZJ94N9B4,2016,1,1
DJJUZJ94N9B4,2020,1,1
DJJUZJ94N9B4,2021,1,1
DJJUZJ94N9B4,2022,1,1
DJJUZJ94N9B4,2023,1,1
DJNTE364LJJ7,2019,2,2
DJNTE364LJJ7,2020,7,2
DJNTE364LJJ7,2021,5,2
DJNTE364LJJ7,2022,6,2
DJNTE364LJJ7,2023,3,2
DJNTE364LJJ7,2024,1,1
DJNTE364LJJ7,2025,2,2
DJPXLZAE9931,2018,2,1
DJPXLZAE9931,2021,1,1
DJPXLZAE9931,2022,1,1
DJPXLZAE9931,2024,2,1
DJPXLZAE9931,2025,3,1
DK6LPWMS5LP5,2016,13,11
DK6LPWMS5LP5,2017,22,9
DK6LPWMS5LP5,2018,34,13
DK6LPWMS5LP5,2019,27,11
DK6LPWMS5LP5,2020,43,9
DK6LPWMS5LP5,2021,21,11
DK6LPWMS5LP5,2022,21,11
DK6LPWMS5LP5,2023,16,11
DK6LPWMS5LP5,2024,9,8
DK6LPWMS5LP5,2025,4,4
DK9MKVC96A47,2016,2,1
DK9MKVC96A47,2017,1,1
DK9MKVC96A47,2018,3,2
DK9MKVC96A47,2019,4,2
DK9MKVC96A47,2021,2,2
DK9MKVC96A47,2022,2,1
DK9MKVC96A47,2024,1,1
DKLMFLKPAB48,2017,1,1
DKMDCB5HNBL7,2016,166,29
DKMDCB5HNBL7,2017,159,35
DKMDCB5HNBL7,2018,155,49
DKMDCB5HNBL7,2019,131,50
DKMDCB5HNBL7,2020,178,58
DKMDCB5HNBL7,2021,173,63
DKMDCB5HNBL7,2022,180,56
DKMDCB5HNBL7,2023,186,60
DKMDCB5HNBL7,2024,171,50
DKMDCB5HNBL7,2025,160,63
DKV9W8N3GR61,2017,1,1
DKV9W8N3GR61,2019,4,1
DKV9W8N3GR61,2021,2,1
DKV9W8N3GR61,2024,2,1
DKV9W8N3GR61,2025,2,1
DKZNEQL174E3,2019,1,1
DKZNEQL174E3,2020,1,1
DKZNEQL174E3,2022,1,1
DLBFL8DKL6Z3,2019,1,1
DLBFL8DKL6Z3,2023,2,2
DLBFL8DKL6Z3,2025,1,1
DLCKKJYC7NK3,2016,1,1
DLCKKJYC7NK3,2017,5,2
DLCKKJYC7NK3,2018,2,4
DLCKKJYC7NK3,2019,1,1
DLCKKJYC7NK3,2020,1,2
DLCKKJYC7NK3,2021,1,1
DLCKKJYC7NK3,2023,1,7
DLCKKJYC7NK3,2024,1,2
DLCKKJYC7NK3,2025,2,2
DLJWLMSNK627,2016,9,2
DLJWLMSNK627,2017,6,2
DLJWLMSNK627,2018,9,4
DLJWLMSNK627,2019,3,2
DLJWLMSNK627,2020,2,3
DLJWLMSNK627,2021,2,4
DLJWLMSNK627,2022,5,4
DLJWLMSNK627,2023,5,3
DLJWLMSNK627,2024,6,6
DLJWLMSNK627,2025,8,5
DLRNMH33N954,2024,1,1
DLRNMH33N954,2025,1,1
DLT8GQP9F918,2021,1,1
DLT8GQP9F918,2022,1,3
DLT8GQP9F918,2023,1,1
DLT8GQP9F918,2024,1,1
DLT8GQP9F918,2025,1,1
DLTJBDQBGBC9,2016,67,21
DLTJBDQBGBC9,2017,81,23
DLTJBDQBGBC9,2018,74,30
DLTJBDQBGBC9,2019,68,24
DLTJBDQBGBC9,2020,58,24
DLTJBDQBGBC9,2021,59,30
DLTJBDQBGBC9,2022,53,27
DLTJBDQBGBC9,2023,50,32
DLTJBDQBGBC9,2024,58,31
DLTJBDQBGBC9,2025,59,31
DLUJVCPR2HK3,2018,3,2
DLUJVCPR2HK3,2019,3,1
DLUJVCPR2HK3,2020,1,1
DLUJVCPR2HK3,2021,2,2
DLUJVCPR2HK3,2022,1,2
DLUJVCPR2HK3,2023,2,3
DLUJVCPR2HK3,2024,1,2
DLUJVCPR2HK3,2025,2,2
DLUMA6JAZ1K4,2021,1,2
DLUMA6JAZ1K4,2022,1,2
DLUMA6JAZ1K4,2025,2,3
DLUTVJJ15U66,2016,38,13
DLUTVJJ15U66,2017,55,12
DLUTVJJ15U66,2018,64,21
DLUTVJJ15U66,2019,58,16
DLUTVJJ15U66,2020,56,15
DLUTVJJ15U66,2021,62,24
DLUTVJJ15U66,2022,93,23
DLUTVJJ15U66,2023,123,29
DLUTVJJ15U66,2024,110,33
DLUTVJJ15U66,2025,100,33
DLV5DEVHGF38,2016,4,1
DLV5DEVHGF38,2017,2,1
DLV5DEVHGF38,2018,1,1
DLV5DEVHGF38,2020,1,1
DLV5DEVHGF38,2022,2,1
DLV5DEVHGF38,2023,3,2
DLV5DEVHGF38,2024,4,2
DLV5DEVHGF38,2025,1,1
DLVLULLCPB38,2024,1,1
DLVLULLCPB38,2025,2,1
DLWBSLWAJWR1,2016,1194,408
DLWBSLWAJWR1,2017,1278,479
DLWBSLWAJWR1,2018,1399,565
DLWBSLWAJWR1,2019,1245,586
DLWBSLWAJWR1,2020,1416,643
DLWBSLWAJWR1,2021,1485,681
DLWBSLWAJWR1,2022,1518,739
DLWBSLWAJWR1,2023,1419,702
DLWBSLWAJWR1,2024,1368,716
DLWBSLWAJWR1,2025,1361,738
DLWJUHQ9XGD8,2020,10,1
DLWJUHQ9XGD8,2021,21,1
DLWJUHQ9XGD8,2022,16,1
DLWJUHQ9XGD8,2023,12,1
DLWJUHQ9XGD8,2024,17,1
DLWJUHQ9XGD8,2025,12,1
DLZMEK3YBM49,2021,1,1
DLZMEK3YBM49,2022,1,1
DLZMEK3YBM49,2024,1,1
DLZMEK3YBM49,2025,1,1
DMARA7RB8NM3,2016,1,1
DMARA7RB8NM3,2018,1,1
DMDEQP66JL85,2016,4,4
DMDEQP66JL85,2017,12,5
DMDEQP66JL85,2018,11,4
DMDEQP66JL85,2019,15,7
DMDEQP66JL85,2020,30,14
DMDEQP66JL85,2021,35,13
DMDEQP66JL85,2022,24,12
DMDEQP66JL85,2023,20,12
DMDEQP66JL85,2024,39,19
DMDEQP66JL85,2025,41,18
DMDYDBFW9HK8,2016,1,1
DMDYDBFW9HK8,2018,1,1
DMFYKL5PQLF3,2025,1,1
DML4HJNAFE44,2016,1,1
DML4HJNAFE44,2017,5,2
DML4HJNAFE44,2018,4,1
DML4HJNAFE44,2019,3,1
DML4HJNAFE44,2020,4,1
DML4HJNAFE44,2021,6,1
DMLZJTD7WJ94,2016,3,1
DMLZJTD7WJ94,2017,2,1
DMLZJTD7WJ94,2018,4,1
DMLZJTD7WJ94,2019,3,1
DMLZJTD7WJ94,2020,1,1
DMLZJTD7WJ94,2022,3,1
DMLZJTD7WJ94,2023,6,2
DMLZJTD7WJ94,2024,7,3
DMLZJTD7WJ94,2025,5,3
DMQNDJDHTDG4,2016,31,12
DMQNDJDHTDG4,2017,27,15
DMQNDJDHTDG4,2018,27,14
DMQNDJDHTDG4,2019,32,17
DMQNDJDHTDG4,2020,44,26
DMQNDJDHTDG4,2021,49,28
DMQNDJDHTDG4,2022,44,25
DMQNDJDHTDG4,2023,75,37
DMQNDJDHTDG4,2024,78,40
DMQNDJDHTDG4,2025,86,42
DNBZUNYCN8A7,2024,1,1
DNBZUNYCN8A7,2025,1,1
DNPNAT7UW218,2018,1,1
DNPNAT7UW218,2019,1,1
DNPNAT7UW218,2020,2,1
DNPNAT7UW218,2021,1,1
DNPNAT7UW218,2023,1,1
DNPNAT7UW218,2024,1,1
DNZNC466DGR7,2016,4,2
DNZNC466DGR7,2017,7,5
DNZNC466DGR7,2018,7,3
DNZNC466DGR7,2019,11,6
DNZNC466DGR7,2020,15,7
DNZNC466DGR7,2021,16,8
DNZNC466DGR7,2022,15,6
DNZNC466DGR7,2023,15,7
DNZNC466DGR7,2024,19,10
DNZNC466DGR7,2025,15,5
DPEMWHCURCR5,2023,1,1
DPEMWHCURCR5,2024,4,1
DPEMWHCURCR5,2025,1,1
DPESPJN9F783,2023,1,1
DPESPJN9F783,2024,2,3
DPKVZFSEWND5,2016,8,1
DPKVZFSEWND5,2017,6,1
DPKVZFSEWND5,2018,7,1
DPKVZFSEWND5,2019,8,1
DPKVZFSEWND5,2020,4,1
DPKVZFSEWND5,2021,6,1
DPKVZFSEWND5,2022,4,1
DPKVZFSEWND5,2023,8,1
DPKVZFSEWND5,2024,7,1
DPKVZFSEWND5,2025,6,1
DPL8U7UN1435,2016,5,3
DPL8U7UN1435,2018,2,3
DPL8U7UN1435,2019,1,1
DPL8U7UN1435,2021,2,2
DPL8U7UN1435,2022,2,2
DPL8U7UN1435,2023,3,3
DPL8U7UN1435,2024,3,1
DPL8U7UN1435,2025,4,1
DPLCMVSEXTL6,2016,1,1
DPLCMVSEXTL6,2021,1,1
DPLCMVSEXTL6,2022,1,1
DPMGH9MG1X67,2016,739,219
DPMGH9MG1X67,2017,755,247
DPMGH9MG1X67,2018,713,254
DPMGH9MG1X67,2019,618,256
DPMGH9MG1X67,2020,750,300
DPMGH9MG1X67,2021,793,300
DPMGH9MG1X67,2022,762,307
DPMGH9MG1X67,2023,736,305
DPMGH9MG1X67,2024,708,298
DPMGH9MG1X67,2025,713,289
DQ61FFMB5H28,2023,1,1
DQDBM7FGJPC5,2016,86,34
DQDBM7FGJPC5,2017,101,43
DQDBM7FGJPC5,2018,109,44
DQDBM7FGJPC5,2019,119,52
DQDBM7FGJPC5,2020,144,61
DQDBM7FGJPC5,2021,132,63
DQDBM7FGJPC5,2022,129,67
DQDBM7FGJPC5,2023,117,69
DQDBM7FGJPC5,2024,131,75
DQDBM7FGJPC5,2025,135,66
DQMVZJFCVNK3,2016,1,1
DQMVZJFCVNK3,2017,1,2
DQMVZJFCVNK3,2019,1,2
DQMVZJFCVNK3,2020,1,1
DRC6S9KLNLH1,2016,2,2
DRC6S9KLNLH1,2017,3,2
DRC6S9KLNLH1,2020,1,1
DRC6S9KLNLH1,2023,1,1
DRC6S9KLNLH1,2025,1,1
DRH4VVXLZBZ6,2017,2,2
DRH4VVXLZBZ6,2022,1,1
DRH4VVXLZBZ6,2023,1,1
DRH4VVXLZBZ6,2025,1,1
DRL3G8AED3V5,2016,1,1
DRL3G8AED3V5,2017,1,1
DRL3G8AED3V5,2018,1,2
DRRKVZVXSND3,2016,34,9
DRRKVZVXSND3,2017,40,12
DRRKVZVXSND3,2018,55,18
DRRKVZVXSND3,2019,61,22
DRRKVZVXSND3,2020,66,26
DRRKVZVXSND3,2021,74,26
DRRKVZVXSND3,2022,52,23
DRRKVZVXSND3,2023,54,25
DRRKVZVXSND3,2024,59,24
DRRKVZVXSND3,2025,57,25
DRUNBSXBERD5,2016,3,2
DRUNBSXBERD5,2017,1,1
DRUNBSXBERD5,2018,2,2
DRUNBSXBERD5,2019,1,2
DRUNBSXBERD5,2020,3,2
DRUNBSXBERD5,2023,2,2
DRVPK616LSR4,2022,1,1
DSBCG7NS87J3,2021,1,1
DSBCG7NS87J3,2023,2,2
DSBCG7NS87J3,2025,1,1
DSLAGLZJQLT1,2024,1,1
DSLAGLZJQLT1,2025,1,1
DSLXBD7UWRV6,2016,8,4
DSLXBD7UWRV6,2017,6,4
DSLXBD7UWRV6,2018,4,5
DSLXBD7UWRV6,2019,1,1
DSLXBD7UWRV6,2020,1,1
DSLXBD7UWRV6,2021,2,1
DT8KJHZXVJH5,2024,1,1
DT8KJHZXVJH5,2025,10,1
DTBBEX8V3F26,2022,1,1
DTBBEX8V3F26,2023,1,1
DTBBEX8V3F26,2024,1,1
DU1VHNJBYHU5,2017,1,1
DU1VHNJBYHU5,2018,1,1
DUNKPBN48LE1,2021,1,1
DUQ7ZEJK8L26,2018,1,1
DUQVP26ELTH5,2023,1,1
DUQVP26ELTH5,2024,1,4
DUQVP26ELTH5,2025,4,5
DUYLXH2NJKA5,2024,1,1
DUYLXH2NJKA5,2025,1,1
DV4LJ9BSNXH7,2022,1,1
DVHKP4N619V9,2016,312,64
DVHKP4N619V9,2017,265,61
DVHKP4N619V9,2018,266,78
DVHKP4N619V9,2019,255,82
DVHKP4N619V9,2020,347,101
DVHKP4N619V9,2021,353,110
DVHKP4N619V9,2022,326,129
DVHKP4N619V9,2023,305,114
DVHKP4N619V9,2024,266,107
DVHKP4N619V9,2025,279,119
DVL1CMRMWRN9,2016,89,35
DVL1CMRMWRN9,2017,119,51
DVL1CMRMWRN9,2018,145,52
DVL1CMRMWRN9,2019,136,54
DVL1CMRMWRN9,2020,254,56
DVL1CMRMWRN9,2021,287,66
DVL1CMRMWRN9,2022,286,66
DVL1CMRMWRN9,2023,373,83
DVL1CMRMWRN9,2024,395,86
DVL1CMRMWRN9,2025,385,60
DVN3N5URYG68,2016,1,1
DVN3N5URYG68,2017,1,1
DVRLLGVF9214,2018,1,1
DVSBNKN6LGL6,2017,1,1
DVSBNKN6LGL6,2018,3,2
DVSBNKN6LGL6,2019,1,1
DVSBNKN6LGL6,2020,1,1
DVSBNKN6LGL6,2021,1,1
DVSMS2BMAK51,2025,2,1
DW16XLUG48J7,2020,6,1
DW16XLUG48J7,2021,1,1
DW16XLUG48J7,2022,3,1
DW16XLUG48J7,2023,1,2
DW16XLUG48J7,2025,2,2
DW1XZMGNFBL4,2016,214,53
DW1XZMGNFBL4,2017,176,61
DW1XZMGNFBL4,2018,165,68
DW1XZMGNFBL4,2019,165,68
DW1XZMGNFBL4,2020,203,74
DW1XZMGNFBL4,2021,196,83
DW1XZMGNFBL4,2022,195,78
DW1XZMGNFBL4,2023,187,77
DW1XZMGNFBL4,2024,189,75
DW1XZMGNFBL4,2025,158,69
DWH7MSXKA2A8,2016,1993,610
DWH7MSXKA2A8,2017,1749,647
DWH7MSXKA2A8,2018,1676,615
DWH7MSXKA2A8,2019,1550,562
DWH7MSXKA2A8,2020,1444,500
DWH7MSXKA2A8,2021,1452,450
DWH7MSXKA2A8,2022,1226,382
DWH7MSXKA2A8,2023,1137,323
DWH7MSXKA2A8,2024,1053,288
DWH7MSXKA2A8,2025,962,262
DXA8DRFBBBM5,2018,2,1
DXA8DRFBBBM5,2022,1,1
DXA8DRFBBBM5,2023,1,1
DXEVRGJ7MW28,2022,1,2
DXEVRGJ7MW28,2023,1,2
DXK7YWNEZEL4,2020,2,1
DXK7YWNEZEL4,2021,2,3
DXK7YWNEZEL4,2022,3,3
DXK7YWNEZEL4,2023,7,4
DXK7YWNEZEL4,2024,6,4
DXK7YWNEZEL4,2025,8,4
DXLWUB84NJJ5,2022,1,1
DY9KSWE8EJB8,2017,1,1
DY9KSWE8EJB8,2018,1,2
DY9KSWE8EJB8,2024,1,1
DYMCP83MBZP1,2017,1,1
DYMCP83MBZP1,2018,2,1
DYVAMZPL64T8,2019,1,1
DYVAMZPL64T8,2020,2,1
DYVAMZPL64T8,2024,1,1
DYZNJGLTHMR9,2016,78,21
DYZNJGLTHMR9,2017,74,20
DYZNJGLTHMR9,2018,51,20
DYZNJGLTHMR9,2019,47,18
DYZNJGLTHMR9,2020,54,22
DYZNJGLTHMR9,2021,55,22
DYZNJGLTHMR9,2022,69,23
DYZNJGLTHMR9,2023,48,23
DYZNJGLTHMR9,2024,42,28
DYZNJGLTHMR9,2025,57,32
DYZZL3651LF3,2018,1,1
DZ4YCZ3QSPR5,2016,897,146
DZ4YCZ3QSPR5,2017,712,160
DZ4YCZ3QSPR5,2018,465,162
DZ4YCZ3QSPR5,2019,439,165
DZ4YCZ3QSPR5,2020,508,177
DZ4YCZ3QSPR5,2021,542,216
DZ4YCZ3QSPR5,2022,492,230
DZ4YCZ3QSPR5,2023,523,236
DZ4YCZ3QSPR5,2024,443,228
DZ4YCZ3QSPR5,2025,455,240
DZFJT2KH9C43,2017,1,1
DZFJT2KH9C43,2018,1,1
DZFJT2KH9C43,2019,4,3
DZFJT2KH9C43,2020,1,1
DZFJT2KH9C43,2021,2,2
DZFJT2KH9C43,2022,1,1
DZFJT2KH9C43,2023,1,1
DZFJT2KH9C43,2024,5,4
DZFJT2KH9C43,2025,5,4
DZJ8GHQ38A24,2016,1,1
DZJ8GHQ38A24,2017,3,1
DZJ8GHQ38A24,2018,1,1
DZJ8GHQ38A24,2019,1,1
DZJ8GHQ38A24,2021,1,1
DZJ8GHQ38A24,2022,1,1
DZLTJ59VMX17,2016,1,1
DZLTJ59VMX17,2017,1,1
DZLTJ59VMX17,2018,1,1
DZLTJ59VMX17,2019,4,2
DZLTJ59VMX17,2020,3,1
DZLTJ59VMX17,2021,1,1
DZNEK4C3J4H5,2016,4,1
DZNEK4C3J4H5,2017,6,2
DZNEK4C3J4H5,2018,10,2
DZNEK4C3J4H5,2019,3,1
DZNEK4C3J4H5,2020,6,2
DZNEK4C3J4H5,2021,5,1
DZNEK4C3J4H5,2022,1,1
DZNEK4C3J4H5,2023,1,1
DZNEK4C3J4H5,2024,2,1
DZNEK4C3J4H5,2025,3,1
DZRHDJDP41A4,2017,3,1
DZRHDJDP41A4,2018,2,1
DZRHDJDP41A4,2019,5,1
DZRHDJDP41A4,2020,4,1
DZRHDJDP41A4,2021,3,1
DZRHDJDP41A4,2022,3,1
DZRHDJDP41A4,2023,3,1
DZRHDJDP41A4,2024,1,1
DZTKWESJQQ99,2023,1,1
DZTKWESJQQ99,2024,1,1
DZVEKMRCP7J1,2016,7,3
DZVEKMRCP7J1,2017,8,4
DZVEKMRCP7J1,2018,13,5
DZVEKMRCP7J1,2019,9,5
DZVEKMRCP7J1,2020,8,5
DZVEKMRCP7J1,2021,11,3
DZVEKMRCP7J1,2022,7,2
DZVEKMRCP7J1,2023,5,2
DZVEKMRCP7J1,2024,5,2
DZVEKMRCP7J1,2025,3,2
E13MDBKHLDB5,2016,27,15
E13MDBKHLDB5,2017,25,13
E13MDBKHLDB5,2018,37,22
E13MDBKHLDB5,2019,35,25
E13MDBKHLDB5,2020,55,30
E13MDBKHLDB5,2021,62,29
E13MDBKHLDB5,2022,50,28
E13MDBKHLDB5,2023,80,30
E13MDBKHLDB5,2024,86,35
E13MDBKHLDB5,2025,82,39
E16AAAJLGAH7,2018,1,1
E16AAAJLGAH7,2022,1,1
E16AAAJLGAH7,2024,1,1
E1BLWNK1NDX7,2022,1,1
E1BLWNK1NDX7,2023,1,1
E1BLWNK1NDX7,2025,2,1
E1F1YMYJBFH6,2023,1,1
E1KJM4T54MK6,2016,318,134
E1KJM4T54MK6,2017,292,142
E1KJM4T54MK6,2018,325,160
E1KJM4T54MK6,2019,311,179
E1KJM4T54MK6,2020,301,185
E1KJM4T54MK6,2021,317,192
E1KJM4T54MK6,2022,356,192
E1KJM4T54MK6,2023,369,203
E1KJM4T54MK6,2024,312,193
E1KJM4T54MK6,2025,260,192
E1W7Z1DEAH23,2025,1,1
E28JN5WPPWM8,2024,1,2
E2LGDJ9YU5M1,2022,1,2
E2NDENMDUEG8,2016,38,11
E2NDENMDUEG8,2017,50,13
E2NDENMDUEG8,2018,63,14
E2NDENMDUEG8,2019,46,15
E2NDENMDUEG8,2020,59,23
E2NDENMDUEG8,2021,49,19
E2NDENMDUEG8,2022,51,18
E2NDENMDUEG8,2023,53,18
E2NDENMDUEG8,2024,66,16
E2NDENMDUEG8,2025,62,20
E2NYLCDML6V1,2016,729,225
E2NYLCDML6V1,2017,649,247
E2NYLCDML6V1,2018,671,262
E2NYLCDML6V1,2019,561,271
E2NYLCDML6V1,2020,612,301
E2NYLCDML6V1,2021,608,302
E2NYLCDML6V1,2022,564,312
E2NYLCDML6V1,2023,567,325
E2NYLCDML6V1,2024,635,350
E2NYLCDML6V1,2025,629,337
E365HCJRBKC8,2024,1,1
E3FDXZ6TBHW3,2016,559,163
E3FDXZ6TBHW3,2017,621,192
E3FDXZ6TBHW3,2018,715,237
E3FDXZ6TBHW3,2019,640,260
E3FDXZ6TBHW3,2020,749,293
E3FDXZ6TBHW3,2021,783,332
E3FDXZ6TBHW3,2022,863,329
E3FDXZ6TBHW3,2023,836,357
E3FDXZ6TBHW3,2024,840,353
E3FDXZ6TBHW3,2025,807,347
E3H4XC65GZU3,2025,1,1
E3KLEENGVBR5,2020,1,1
E3KLEENGVBR5,2025,1,1
E3NRM7N7V4C4,2021,1,2
E3UQXACGFR43,2019,1,1
E3UQXACGFR43,2022,1,1
E3XKA7H7N6E3,2017,1,1
E4GHL8RAVNB5,2021,1,1
E4LRXHW2EKS5,2021,1,1
E4LRXHW2EKS5,2024,1,1
E4SPG9ZLLE76,2016,40,14
E4SPG9ZLLE76,2017,33,12
E4SPG9ZLLE76,2018,39,16
E4SPG9ZLLE76,2019,63,21
E4SPG9ZLLE76,2020,85,21
E4SPG9ZLLE76,2021,52,20
E4SPG9ZLLE76,2022,71,20
E4SPG9ZLLE76,2023,46,18
E4SPG9ZLLE76,2024,59,18
E4SPG9ZLLE76,2025,39,17
E4UZBXLPA2V3,2016,3,2
E4UZBXLPA2V3,2017,3,2
E4UZBXLPA2V3,2018,2,1
E4UZBXLPA2V3,2022,1,1
E4UZBXLPA2V3,2023,1,2
E4UZBXLPA2V3,2024,1,2
E4Z2NUYUMHF9,2016,67,32
E4Z2NUYUMHF9,2017,110,36
E4Z2NUYUMHF9,2018,73,38
E4Z2NUYUMHF9,2019,87,48
E4Z2NUYUMHF9,2020,100,65
E4Z2NUYUMHF9,2021,112,53
E4Z2NUYUMHF9,2022,94,46
E4Z2NUYUMHF9,2023,102,48
E4Z2NUYUMHF9,2024,77,47
E4Z2NUYUMHF9,2025,47,29
E4Z3M7L7NHT3,2018,1,2
E4Z3M7L7NHT3,2023,1,1
E4Z3M7L7NHT3,2024,1,1
E527XPXM1CJ7,2019,2,2
E527XPXM1CJ7,2020,2,2
E527XPXM1CJ7,2021,1,1
E527XPXM1CJ7,2022,3,3
E527XPXM1CJ7,2023,3,1
E527XPXM1CJ7,2024,1,1
E527XPXM1CJ7,2025,4,4
E548YJVWTGV7,2016,1,2
E548YJVWTGV7,2017,2,2
E548YJVWTGV7,2018,1,1
E548YJVWTGV7,2021,1,1
E557HM9TKJ17,2023,1,1
E55DVC4GWBD7,2020,1,1
E5B2E9MXKKC5,2016,15,4
E5B2E9MXKKC5,2017,11,3
E5B2E9MXKKC5,2018,14,3
E5B2E9MXKKC5,2019,20,5
E5B2E9MXKKC5,2020,14,5
E5B2E9MXKKC5,2021,11,6
E5B2E9MXKKC5,2022,12,6
E5B2E9MXKKC5,2023,7,5
E5B2E9MXKKC5,2024,9,5
E5B2E9MXKKC5,2025,4,4
E5FXNY7GG5M5,2019,1,1
E5PSKKJUHEW4,2020,2,2
E5PSKKJUHEW4,2022,1,1
E5PSKKJUHEW4,2023,1,1
E61VUUWBMTB7,2021,1,1
E691HHWANDV1,2020,1,1
E691HHWANDV1,2021,1,1
E6ACGUBJMQC5,2022,1,1
E6BMBVLJJB63,2023,1,1
E6GKXJ7MWV68,2024,2,1
E6KZG3MNE1D5,2016,44,13
E6KZG3MNE1D5,2017,38,14
E6KZG3MNE1D5,2018,48,13
E6KZG3MNE1D5,2019,63,19
E6KZG3MNE1D5,2020,54,15
E6KZG3MNE1D5,2021,46,14
E6KZG3MNE1D5,2022,45,13
E6KZG3MNE1D5,2023,43,17
E6KZG3MNE1D5,2024,41,18
E6KZG3MNE1D5,2025,39,17
E6Y2GCJJ14S4,2016,8,4
E6Y2GCJJ14S4,2017,5,4
E6Y2GCJJ14S4,2018,3,1
E6Y2GCJJ14S4,2019,6,6
E6Y2GCJJ14S4,2020,5,3
E6Y2GCJJ14S4,2021,6,4
E6Y2GCJJ14S4,2022,6,4
E6Y2GCJJ14S4,2023,1,1
E6Y2GCJJ14S4,2024,2,1
E6Y2GCJJ14S4,2025,2,1
E6ZGZWVVK244,2022,1,1
E6ZGZWVVK244,2023,3,2
E7TWPEK6PGS9,2016,5,1
E7TWPEK6PGS9,2017,9,1
E7TWPEK6PGS9,2018,14,1
E7TWPEK6PGS9,2019,5,1
E7TWPEK6PGS9,2020,12,1
E7TWPEK6PGS9,2021,4,1
E7TWPEK6PGS9,2023,1,1
E82JV52SLR18,2017,1,1
E84UKDFJBUM1,2022,1,1
E88EGXJKKL27,2021,1,1
E88EGXJKKL27,2023,5,1
E88EGXJKKL27,2024,12,2
E88EGXJKKL27,2025,2,1
E89DJ1L3THF3,2025,1,1
E8BBSZL4FQS3,2016,1,1
E8BBSZL4FQS3,2017,2,1
E8BBSZL4FQS3,2018,1,1
E8BBSZL4FQS3,2019,1,1
E8GJMHVNCN91,2018,1,1
E8JGL4G7QDD1,2016,1,1
E8JGL4G7QDD1,2017,3,1
E8JGL4G7QDD1,2018,1,1
E8JGL4G7QDD1,2019,1,1
E8JGL4G7QDD1,2021,4,1
E8JGL4G7QDD1,2022,2,1
E8JGL4G7QDD1,2023,2,1
E8M9NXN4X4Y7,2018,1,1
E8M9NXN4X4Y7,2019,3,3
E8M9NXN4X4Y7,2021,1,1
E8NFWFH55GK4,2016,28,7
E8NFWFH55GK4,2017,29,7
E8NFWFH55GK4,2018,27,7
E8NFWFH55GK4,2019,31,12
E8NFWFH55GK4,2020,31,13
E8NFWFH55GK4,2021,22,12
E8NFWFH55GK4,2022,33,11
E8NFWFH55GK4,2023,35,11
E8NFWFH55GK4,2024,32,9
E8NFWFH55GK4,2025,14,5
E8VWJXMMUQ67,2016,491,171
E8VWJXMMUQ67,2017,484,188
E8VWJXMMUQ67,2018,503,220
E8VWJXMMUQ67,2019,516,249
E8VWJXMMUQ67,2020,590,274
E8VWJXMMUQ67,2021,626,287
E8VWJXMMUQ67,2022,655,287
E8VWJXMMUQ67,2023,645,308
E8VWJXMMUQ67,2024,652,309
E8VWJXMMUQ67,2025,583,317
E8XNUUDRQ3K1,2025,1,1
E97JBYKPBNW5,2019,2,1
E97JBYKPBNW5,2020,1,1
E97JBYKPBNW5,2021,1,1
E97JBYKPBNW5,2022,3,1
E97JBYKPBNW5,2025,1,1
E9HQBLLJ39C5,2021,2,1
E9KLDNMNYJK5,2022,3,2
E9KLDNMNYJK5,2023,2,2
E9KLDNMNYJK5,2024,1,1
E9KLDNMNYJK5,2025,1,1
E9QLNCNUDLE3,2016,1,1
E9QLNCNUDLE3,2017,1,1
E9QLNCNUDLE3,2019,1,2
E9QLNCNUDLE3,2020,1,1
E9QLNCNUDLE3,2021,1,2
E9R1Z4LWYHV8,2021,1,1
E9R1Z4LWYHV8,2024,5,1
E9UJDT3BFUQ5,2022,1,2
EA2TGNNYQZ36,2017,2,1
EA2TGNNYQZ36,2018,2,1
EA2TGNNYQZ36,2019,1,1
EA2TGNNYQZ36,2023,4,2
EA2TGNNYQZ36,2024,1,1
EA2TGNNYQZ36,2025,11,4
EABBAMXVCDW9,2016,1,1
EABBAMXVCDW9,2017,1,1
EABBAMXVCDW9,2018,1,3
EABBAMXVCDW9,2019,2,2
EABBAMXVCDW9,2020,2,1
EABBAMXVCDW9,2021,3,2
EABBAMXVCDW9,2022,2,2
EABBAMXVCDW9,2023,7,3
EABBAMXVCDW9,2024,4,3
EABBAMXVCDW9,2025,3,2
EADLFP7Z72E5,2016,42,26
EADLFP7Z72E5,2017,75,30
EADLFP7Z72E5,2018,54,31
EADLFP7Z72E5,2019,57,30
EADLFP7Z72E5,2020,40,32
EADLFP7Z72E5,2021,48,33
EADLFP7Z72E5,2022,61,36
EADLFP7Z72E5,2023,78,38
EADLFP7Z72E5,2024,86,36
EADLFP7Z72E5,2025,82,32
EAEEYN1KBJT6,2016,4,1
EAEEYN1KBJT6,2017,1,1
EAEEYN1KBJT6,2018,3,2
EAEEYN1KBJT6,2020,7,1
EAEEYN1KBJT6,2021,3,1
EAEEYN1KBJT6,2024,3,3
EAEEYN1KBJT6,2025,2,1
EAKGDLLRU254,2019,1,1
EAKGDLLRU254,2020,3,2
EAKGDLLRU254,2021,3,3
EAKGDLLRU254,2023,2,3
EAKGDLLRU254,2024,4,2
EAKGDLLRU254,2025,1,1
EAL3QNJK3CB9,2016,43,15
EAL3QNJK3CB9,2017,47,20
EAL3QNJK3CB9,2018,58,22
EAL3QNJK3CB9,2019,71,20
EAL3QNJK3CB9,2020,70,23
EAL3QNJK3CB9,2021,68,27
EAL3QNJK3CB9,2022,45,17
EAL3QNJK3CB9,2023,59,24
EAL3QNJK3CB9,2024,61,31
EAL3QNJK3CB9,2025,71,27
EAN6X9USG646,2021,1,1
EAYZLEEWWJ65,2018,1,1
EAYZLEEWWJ65,2025,1,1
EAZXZLPJYJZ2,2017,4,2
EAZXZLPJYJZ2,2018,16,2
EAZXZLPJYJZ2,2019,19,1
EAZXZLPJYJZ2,2020,4,2
EAZXZLPJYJZ2,2021,1,1
EAZXZLPJYJZ2,2022,3,3
EAZXZLPJYJZ2,2023,4,3
EAZXZLPJYJZ2,2024,4,5
EAZXZLPJYJZ2,2025,2,5
EB2BHWSBLZT3,2020,1,1
EB8ASJBCFER9,2016,655,165
EB8ASJBCFER9,2017,610,192
EB8ASJBCFER9,2018,567,206
EB8ASJBCFER9,2019,560,224
EB8ASJBCFER9,2020,609,225
EB8ASJBCFER9,2021,589,214
EB8ASJBCFER9,2022,490,202
EB8ASJBCFER9,2023,534,224
EB8ASJBCFER9,2024,494,213
EB8ASJBCFER9,2025,531,228
EBA8PZWTMKA3,2025,1,1
EBD9Y2Q2JW55,2022,2,2
EBD9Y2Q2JW55,2023,1,1
EBLFHD7DJKX5,2022,2,1
EBMJLSXNL1M8,2018,1,1
EBMJLSXNL1M8,2023,1,1
EBMJLSXNL1M8,2024,1,1
EBMJLSXNL1M8,2025,2,1
EBRFSET42ZN1,2024,1,1
EC3VPSNVB1H1,2022,1,1
EC3VPSNVB1H1,2025,3,1
ECA9C6KCKLE6,2020,1,1
ECA9C6KCKLE6,2021,1,1
ECESTN2SSVH1,2016,13,4
ECESTN2SSVH1,2017,10,4
ECESTN2SSVH1,2018,20,7
ECESTN2SSVH1,2019,12,5
ECESTN2SSVH1,2020,15,6
ECESTN2SSVH1,2021,27,9
ECESTN2SSVH1,2022,31,11
ECESTN2SSVH1,2023,19,12
ECESTN2SSVH1,2024,20,12
ECESTN2SSVH1,2025,20,8
ECGMLSHGH4X6,2017,1,1
ECGMLSHGH4X6,2018,5,3
ECGMLSHGH4X6,2019,2,2
ECGMLSHGH4X6,2020,5,4
ECGMLSHGH4X6,2021,5,4
ECGMLSHGH4X6,2022,2,2
ECGMLSHGH4X6,2023,4,1
ECGMLSHGH4X6,2024,1,3
ECJKEEFL4L51,2023,1,1
ECQEYCHRNKJ4,2016,96,27
ECQEYCHRNKJ4,2017,94,37
ECQEYCHRNKJ4,2018,90,35
ECQEYCHRNKJ4,2019,81,35
ECQEYCHRNKJ4,2020,89,38
ECQEYCHRNKJ4,2021,87,48
ECQEYCHRNKJ4,2022,102,53
ECQEYCHRNKJ4,2023,89,43
ECQEYCHRNKJ4,2024,92,45
ECQEYCHRNKJ4,2025,96,56
ECR5E2LU5BL6,2016,316,95
ECR5E2LU5BL6,2017,305,109
ECR5E2LU5BL6,2018,317,113
ECR5E2LU5BL6,2019,314,128
ECR5E2LU5BL6,2020,401,134
ECR5E2LU5BL6,2021,385,153
ECR5E2LU5BL6,2022,365,152
ECR5E2LU5BL6,2023,372,157
ECR5E2LU5BL6,2024,341,146
ECR5E2LU5BL6,2025,327,146
ED44Y3W6P7B9,2016,614,202
ED44Y3W6P7B9,2017,571,241
ED44Y3W6P7B9,2018,692,276
ED44Y3W6P7B9,2019,585,274
ED44Y3W6P7B9,2020,694,335
ED44Y3W6P7B9,2021,728,347
ED44Y3W6P7B9,2022,698,364
ED44Y3W6P7B9,2023,858,397
ED44Y3W6P7B9,2024,770,399
ED44Y3W6P7B9,2025,769,403
ED4RPQ2UJ9G8,2023,1,1
ED8NE7MZCMF8,2018,1,1
ED8NE7MZCMF8,2020,1,1
EDHQH5AXXQZ5,2016,2,1
EDHQH5AXXQZ5,2017,5,2
EDHQH5AXXQZ5,2018,7,2
EDHQH5AXXQZ5,2019,3,2
EDHQH5AXXQZ5,2020,4,3
EDHQH5AXXQZ5,2021,3,2
EDHQH5AXXQZ5,2022,5,2
EDHQH5AXXQZ5,2023,4,1
EDHQH5AXXQZ5,2024,3,1
EDHQH5AXXQZ5,2025,3,1
EDK8FFD24SC4,2022,1,1
EDKJNT8DADG8,2018,1,1
EDSAQ1DMYLK7,2021,1,3
EDSLAP2J1BL8,2018,2,1
EDSUH7KMJE91,2017,1,1
EDSUH7KMJE91,2021,1,1
EDSUH7KMJE91,2022,1,1
EE31ZEX7SGQ5,2017,1,1
EE9MGR8K36B5,2021,2,3
EEN9FUFDRV64,2023,1,1
EEXDU6LVNDM7,2022,2,3
EEXDU6LVNDM7,2023,1,1
EEXDU6LVNDM7,2025,3,5
EF8AMXMGG8W5,2023,1,1
EF8MM8LVY6F8,2024,1,1
EFBEJ5KV3NR5,2019,1,1
EFBEJ5KV3NR5,2022,1,1
EFBEJ5KV3NR5,2024,1,1
EFBEJ5KV3NR5,2025,2,1
EFJCLL37KKH3,2017,2,2
EFJCLL37KKH3,2018,7,5
EFJCLL37KKH3,2019,13,6
EFJCLL37KKH3,2020,20,9
EFJCLL37KKH3,2021,25,7
EFJCLL37KKH3,2022,20,9
EFJCLL37KKH3,2023,13,8
EFJCLL37KKH3,2024,10,9
EFJCLL37KKH3,2025,15,8
EFMVM27V8NM1,2016,5,3
EFMVM27V8NM1,2017,2,1
EFMVM27V8NM1,2018,4,1
EFMVM27V8NM1,2019,7,2
EFMVM27V8NM1,2020,4,2
EFMVM27V8NM1,2021,1,2
EFMVM27V8NM1,2022,1,1
EFMVM27V8NM1,2023,1,1
EFQ8AGCC5HK7,2016,2,1
EFQ8AGCC5HK7,2023,1,1
EFQDNXDDTBM4,2016,1,3
EFQDNXDDTBM4,2017,3,3
EFQDNXDDTBM4,2018,5,4
EFQDNXDDTBM4,2019,2,2
EFQDNXDDTBM4,2021,1,1
EFQDNXDDTBM4,2024,1,3
EG5WUCPVAJT9,2016,10,6
EG5WUCPVAJT9,2017,21,6
EG5WUCPVAJT9,2018,11,6
EG5WUCPVAJT9,2019,20,7
EG5WUCPVAJT9,2020,16,6
EG5WUCPVAJT9,2021,12,4
EG5WUCPVAJT9,2022,17,8
EG5WUCPVAJT9,2023,14,6
EG5WUCPVAJT9,2024,17,6
EG5WUCPVAJT9,2025,14,5
EGK5JHG59KP3,2021,1,1
EGK5JHG59KP3,2024,1,1
EGLKRQ5JBCZ7,2016,46,9
EGLKRQ5JBCZ7,2017,43,17
EGLKRQ5JBCZ7,2018,46,15
EGLKRQ5JBCZ7,2019,34,17
EGLKRQ5JBCZ7,2020,32,22
EGLKRQ5JBCZ7,2021,42,23
EGLKRQ5JBCZ7,2022,39,24
EGLKRQ5JBCZ7,2023,48,25
EGLKRQ5JBCZ7,2024,35,24
EGLKRQ5JBCZ7,2025,51,26
EGSNNDJBMAG5,2017,1,1
EGTJJJPLRT11,2025,1,1
EH11DL9MHRG7,2018,1,1
EH11DL9MHRG7,2019,1,1
EH11DL9MHRG7,2020,3,1
EH11DL9MHRG7,2021,2,1
EHB9K3ECWV79,2019,1,1
EHHGWYELR4R3,2017,1,1
EHS5G1FNK5A8,2024,1,1
EHTKDK18LYH7,2016,3,1
EHTKDK18LYH7,2017,2,2
EHTKDK18LYH7,2018,4,2
EHTKDK18LYH7,2019,8,2
EHTKDK18LYH7,2020,9,2
EHTKDK18LYH7,2021,3,2
EHTKDK18LYH7,2022,2,2
EHTKDK18LYH7,2023,2,2
EHTKDK18LYH7,2024,2,1
EJ3UF7TK8RT5,2016,73,26
EJ3UF7TK8RT5,2017,89,26
EJ3UF7TK8RT5,2018,102,35
EJ3UF7TK8RT5,2019,96,35
EJ3UF7TK8RT5,2020,106,38
EJ3UF7TK8RT5,2021,103,31
EJ3UF7TK8RT5,2022,110,44
EJ3UF7TK8RT5,2023,115,37
EJ3UF7TK8RT5,2024,131,44
EJ3UF7TK8RT5,2025,129,46
EJABWGUJM228,2016,21,7
EJABWGUJM228,2017,14,5
EJABWGUJM228,2018,26,10
EJABWGUJM228,2019,20,8
EJABWGUJM228,2020,28,16
EJABWGUJM228,2021,26,12
EJABWGUJM228,2022,16,11
EJABWGUJM228,2023,26,15
EJABWGUJM228,2024,18,11
EJABWGUJM228,2025,24,18
EJCVPNN1WFS5,2016,104,35
EJCVPNN1WFS5,2017,124,47
EJCVPNN1WFS5,2018,145,56
EJCVPNN1WFS5,2019,137,66
EJCVPNN1WFS5,2020,185,86
EJCVPNN1WFS5,2021,160,79
EJCVPNN1WFS5,2022,187,86
EJCVPNN1WFS5,2023,184,85
EJCVPNN1WFS5,2024,194,90
EJCVPNN1WFS5,2025,239,104
EJMHW8SL81L7,2016,36,6
EJMHW8SL81L7,2017,41,6
EJMHW8SL81L7,2018,49,7
EJMHW8SL81L7,2019,58,15
EJMHW8SL81L7,2020,93,16
EJMHW8SL81L7,2021,132,19
EJMHW8SL81L7,2022,153,25
EJMHW8SL81L7,2023,173,24
EJMHW8SL81L7,2024,158,23
EJMHW8SL81L7,2025,151,23
EJN6MZYQMFW3,2024,1,1
EJRNPKNUBNM8,2023,1,1
EJRNPKNUBNM8,2024,6,1
EJRNPKNUBNM8,2025,6,2
EJX5YKMCKG35,2021,1,1
EJZLNLTM5GQ5,2019,1,1
EJZLNLTM5GQ5,2021,1,1
EK1QFVX2DPN8,2017,2,2
EK4SMPJKY5E4,2021,7,1
EK4SMPJKY5E4,2022,13,1
EK4SMPJKY5E4,2023,8,1
EK4SMPJKY5E4,2024,11,1
EK4SMPJKY5E4,2025,6,2
EK7REXPF9KW4,2019,3,3
EK7REXPF9KW4,2020,1,2
EK7REXPF9KW4,2021,1,1
EK8FQYWH5XU3,2020,1,1
EK93EZLLBSC4,2016,89,26
EK93EZLLBSC4,2017,75,31
EK93EZLLBSC4,2018,94,42
EK93EZLLBSC4,2019,105,42
EK93EZLLBSC4,2020,89,43
EK93EZLLBSC4,2021,93,46
EK93EZLLBSC4,2022,106,49
EK93EZLLBSC4,2023,83,48
EK93EZLLBSC4,2024,63,38
EK93EZLLBSC4,2025,71,38
EKE1RJKQSGL9,2023,2,1
EKE1RJKQSGL9,2025,2,1
EKHKFP33NN53,2016,10,6
EKHKFP33NN53,2017,13,6
EKHKFP33NN53,2018,5,3
EKHKFP33NN53,2019,5,5
EKHKFP33NN53,2020,6,4
EKHKFP33NN53,2021,8,4
EKHKFP33NN53,2022,7,6
EKHKFP33NN53,2023,8,7
EKHKFP33NN53,2024,8,10
EKHKFP33NN53,2025,19,13
EKNSTJ474AD3,2019,1,1
EKNSTJ474AD3,2021,1,2
EKNSTJ474AD3,2025,1,1
EL2EGN51HHZ6,2024,2,2
EL2EGN51HHZ6,2025,1,1
EL7GS6M49ZQ1,2017,1,1
EL7GS6M49ZQ1,2018,2,3
ELA9KB9GJCN8,2016,25,13
ELA9KB9GJCN8,2017,22,12
ELA9KB9GJCN8,2018,37,18
ELA9KB9GJCN8,2019,26,15
ELA9KB9GJCN8,2020,38,18
ELA9KB9GJCN8,2021,42,22
ELA9KB9GJCN8,2022,61,25
ELA9KB9GJCN8,2023,57,26
ELA9KB9GJCN8,2024,70,33
ELA9KB9GJCN8,2025,58,31
ELBVJ1KYX976,2016,101,20
ELBVJ1KYX976,2017,58,17
ELBVJ1KYX976,2018,42,15
ELBVJ1KYX976,2019,36,10
ELBVJ1KYX976,2020,32,9
ELBVJ1KYX976,2021,46,7
ELBVJ1KYX976,2022,25,8
ELBVJ1KYX976,2023,33,5
ELBVJ1KYX976,2024,29,5
ELBVJ1KYX976,2025,21,5
ELGEEPUTTZM4,2016,16,5
ELGEEPUTTZM4,2017,10,4
ELGEEPUTTZM4,2018,14,8
ELGEEPUTTZM4,2019,8,7
ELGEEPUTTZM4,2020,12,7
ELGEEPUTTZM4,2021,7,8
ELGEEPUTTZM4,2022,8,8
ELGEEPUTTZM4,2023,3,3
ELGEEPUTTZM4,2024,3,3
ELGEEPUTTZM4,2025,9,6
ELHNGFG5TQC1,2016,1,1
ELHNGFG5TQC1,2017,1,1
ELHNGFG5TQC1,2018,2,1
ELHNGFG5TQC1,2019,1,1
ELHNGFG5TQC1,2022,1,1
ELHNGFG5TQC1,2024,1,1
ELJFQZFNLS48,2021,1,1
ELJFQZFNLS48,2023,1,1
ELLACBHT19T6,2024,1,1
ELVQARY4EJZ4,2016,76,9
ELVQARY4EJZ4,2017,68,8
ELVQARY4EJZ4,2018,77,11
ELVQARY4EJZ4,2019,61,11
ELVQARY4EJZ4,2020,78,18
ELVQARY4EJZ4,2021,62,19
ELVQARY4EJZ4,2022,59,17
ELVQARY4EJZ4,2023,100,16
ELVQARY4EJZ4,2024,97,15
ELVQARY4EJZ4,2025,87,16
EM3BV8FFL8C7,2016,2,1
EM3BV8FFL8C7,2017,2,2
EM3BV8FFL8C7,2018,3,2
EM3BV8FFL8C7,2019,1,1
EM3BV8FFL8C7,2023,3,3
EM3BV8FFL8C7,2025,1,2
EM8CCFVCTV69,2017,3,3
EM8CCFVCTV69,2018,1,1
EM8CCFVCTV69,2020,3,3
EM8CCFVCTV69,2021,1,4
EM8CCFVCTV69,2023,1,1
EM8CCFVCTV69,2024,1,1
EM9ULMXK5F21,2019,1,1
EMK2Z5CDK413,2025,1,1
EMMVBR5FQ1A3,2016,20,7
EMMVBR5FQ1A3,2017,14,8
EMMVBR5FQ1A3,2018,14,6
EMMVBR5FQ1A3,2019,12,7
EMMVBR5FQ1A3,2020,17,7
EMMVBR5FQ1A3,2021,15,8
EMMVBR5FQ1A3,2022,13,6
EMMVBR5FQ1A3,2023,17,8
EMMVBR5FQ1A3,2024,11,8
EMMVBR5FQ1A3,2025,8,7
EMMVLVGAKYK6,2021,1,2
EMQ1ANLATYS6,2016,9,2
EMQ1ANLATYS6,2017,8,5
EMQ1ANLATYS6,2018,13,8
EMQ1ANLATYS6,2019,7,5
EMQ1ANLATYS6,2020,4,3
EMQ1ANLATYS6,2021,6,4
EMQ1ANLATYS6,2022,7,5
EMQ1ANLATYS6,2023,14,7
EMQ1ANLATYS6,2024,2,1
EMQ1ANLATYS6,2025,4,2
EMW9FC8J3HN4,2016,201,79
EMW9FC8J3HN4,2017,258,115
EMW9FC8J3HN4,2018,276,130
EMW9FC8J3HN4,2019,282,144
EMW9FC8J3HN4,2020,325,161
EMW9FC8J3HN4,2021,306,153
EMW9FC8J3HN4,2022,301,156
EMW9FC8J3HN4,2023,318,170
EMW9FC8J3HN4,2024,403,193
EMW9FC8J3HN4,2025,381,193
EMXDXET56K76,2025,3,2
EMZ9GH4XKEJ4,2025,1,2
EN7DYMLKJAG9,2023,1,2
EN9DMTETW3N1,2016,8,1
EN9DMTETW3N1,2017,23,7
EN9DMTETW3N1,2018,11,6
EN9DMTETW3N1,2019,19,6
EN9DMTETW3N1,2020,35,12
EN9DMTETW3N1,2021,32,11
EN9DMTETW3N1,2022,38,16
EN9DMTETW3N1,2023,38,15
EN9DMTETW3N1,2024,21,13
EN9DMTETW3N1,2025,32,17
ENA5G1N2MWP4,2016,3,2
ENA5G1N2MWP4,2017,5,2
ENA5G1N2MWP4,2018,3,3
ENA5G1N2MWP4,2019,2,1
ENA5G1N2MWP4,2024,3,7
ENA5G1N2MWP4,2025,1,3
ENBLDJUN4N73,2016,133,40
ENBLDJUN4N73,2017,138,39
ENBLDJUN4N73,2018,159,40
ENBLDJUN4N73,2019,153,38
ENBLDJUN4N73,2020,176,37
ENBLDJUN4N73,2021,188,31
ENBLDJUN4N73,2022,166,44
ENBLDJUN4N73,2023,202,41
ENBLDJUN4N73,2024,192,37
ENBLDJUN4N73,2025,193,39
ENCFSMNC3PT1,2016,1,1
ENCFSMNC3PT1,2017,4,1
ENCFSMNC3PT1,2018,2,1
ENCFSMNC3PT1,2019,5,2
ENCFSMNC3PT1,2020,1,1
ENCFSMNC3PT1,2021,5,1
ENCFSMNC3PT1,2022,9,4
ENCFSMNC3PT1,2023,16,4
ENCFSMNC3PT1,2024,16,3
ENCFSMNC3PT1,2025,10,3
ENT2GNN6P1E8,2019,3,2
ENT2GNN6P1E8,2020,2,2
ENV4TLV7STJ5,2018,1,1
ENWMQ5VRY2S5,2023,1,1
EP58MDT76CL5,2017,1,1
EP58MDT76CL5,2019,3,2
EP58MDT76CL5,2024,1,1
EP58MDT76CL5,2025,2,2
EP7LAGY1Y274,2024,1,1
EQA7Q6HRYFN5,2016,1,1
EQH8NQ4AXFT7,2016,45,13
EQH8NQ4AXFT7,2017,42,13
EQH8NQ4AXFT7,2018,27,9
EQH8NQ4AXFT7,2019,22,7
EQH8NQ4AXFT7,2020,20,9
EQH8NQ4AXFT7,2021,15,6
EQH8NQ4AXFT7,2022,14,4
EQH8NQ4AXFT7,2023,10,5
EQH8NQ4AXFT7,2024,15,4
EQH8NQ4AXFT7,2025,14,6
ERBJF4DMW6G4,2016,6,1
ERBJF4DMW6G4,2017,4,1
ERBJF4DMW6G4,2018,8,1
ERBJF4DMW6G4,2019,3,1
ERBJF4DMW6G4,2020,1,1
ERBJF4DMW6G4,2021,4,1
ERBJF4DMW6G4,2022,5,1
ERBJF4DMW6G4,2023,4,1
EREVZ11HCL36,2025,1,1
ERJ8P8TGN2F1,2019,2,1
ERJ8P8TGN2F1,2020,1,1
ERRLJEYAUMC8,2022,1,1
ES5SR32JX1L8,2020,1,1
ES69D58DJPE7,2017,3,1
ES69D58DJPE7,2018,1,1
ES69D58DJPE7,2019,3,3
ES69D58DJPE7,2020,2,1
ES69D58DJPE7,2021,1,1
ES69D58DJPE7,2022,4,2
ES69D58DJPE7,2023,1,1
ES69D58DJPE7,2024,1,1
ES69D58DJPE7,2025,3,2
ESGCGXXLUMG7,2023,1,1
ESGCGXXLUMG7,2024,1,1
ESJQL5U9JYM3,2016,53,18
ESJQL5U9JYM3,2017,59,22
ESJQL5U9JYM3,2018,48,22
ESJQL5U9JYM3,2019,55,19
ESJQL5U9JYM3,2020,39,16
ESJQL5U9JYM3,2021,48,21
ESJQL5U9JYM3,2022,25,12
ESJQL5U9JYM3,2023,25,14
ESJQL5U9JYM3,2024,25,11
ESJQL5U9JYM3,2025,17,12
ET2MB89ZSHH5,2024,1,1
ET4AQ6MDU1L7,2020,1,1
ET52YPHJ2JR3,2016,6,2
ET52YPHJ2JR3,2017,9,2
ET52YPHJ2JR3,2018,8,2
ET52YPHJ2JR3,2019,8,1
ET52YPHJ2JR3,2020,4,2
ET52YPHJ2JR3,2021,6,4
ET52YPHJ2JR3,2022,17,4
ET52YPHJ2JR3,2023,6,3
ET52YPHJ2JR3,2024,14,5
ET52YPHJ2JR3,2025,15,5
ET6ZQVMNLGB3,2022,2,1
ET6ZQVMNLGB3,2025,1,1
ETE2HHEYPAV7,2024,1,2
ETE2HHEYPAV7,2025,1,1
ETGMYV7CKAJ7,2016,27,6
ETGMYV7CKAJ7,2017,39,7
ETGMYV7CKAJ7,2018,33,11
ETGMYV7CKAJ7,2019,32,10
ETGMYV7CKAJ7,2020,29,9
ETGMYV7CKAJ7,2021,32,14
ETGMYV7CKAJ7,2022,23,12
ETGMYV7CKAJ7,2023,27,14
ETGMYV7CKAJ7,2024,25,12
ETGMYV7CKAJ7,2025,29,14
ETJLM26WRKP5,2018,4,1
ETJLM26WRKP5,2019,3,1
ETJLM26WRKP5,2020,2,1
ETJLM26WRKP5,2021,1,1
ETJLM26WRKP5,2022,3,1
ETJLM26WRKP5,2023,4,1
ETJLM26WRKP5,2024,1,1
ETK8BT7KYHV8,2017,1,1
ETXMT2ELTHW3,2025,2,1
EUBDAC1GLEK6,2018,1,1
EUJPXZASENV6,2019,4,2
EUJPXZASENV6,2020,4,1
EUJPXZASENV6,2022,1,1
EUJPXZASENV6,2023,1,1
EUMYW9X8NUS8,2020,1,1
EUMYW9X8NUS8,2021,1,1
EUMYW9X8NUS8,2025,1,1
EUSBYXSC3KX7,2017,1,1
EUSBYXSC3KX7,2020,2,1
EUSBYXSC3KX7,2021,1,1
EUSBYXSC3KX7,2024,2,2
EUSBYXSC3KX7,2025,1,1
EUVNNWGFCA87,2016,2,1
EUVNNWGFCA87,2017,2,2
EUVNNWGFCA87,2018,2,2
EUVNNWGFCA87,2022,1,1
EUVNNWGFCA87,2023,1,2
EUYXHRL5MLL3,2016,15,4
EUYXHRL5MLL3,2017,10,4
EUYXHRL5MLL3,2018,15,7
EUYXHRL5MLL3,2019,12,8
EUYXHRL5MLL3,2020,12,4
EUYXHRL5MLL3,2021,13,7
EUYXHRL5MLL3,2022,13,6
EUYXHRL5MLL3,2023,18,10
EUYXHRL5MLL3,2024,25,10
EUYXHRL5MLL3,2025,38,15
EVJBK35LRTU5,2018,5,2
EVJBK35LRTU5,2019,1,1
EVJBK35LRTU5,2021,1,1
EVJWXL9HAYN5,2021,1,1
EVQMBF7KC8P3,2018,3,2
EVQMBF7KC8P3,2019,1,1
EVQMBF7KC8P3,2020,6,2
EVQMBF7KC8P3,2021,3,3
EVQMBF7KC8P3,2022,2,2
EVQMBF7KC8P3,2023,1,1
EVQMBF7KC8P3,2024,2,2
EVTSTTLCEWS5,2016,62,16
EVTSTTLCEWS5,2017,58,18
EVTSTTLCEWS5,2018,69,25
EVTSTTLCEWS5,2019,75,25
EVTSTTLCEWS5,2020,97,32
EVTSTTLCEWS5,2021,87,29
EVTSTTLCEWS5,2022,94,34
EVTSTTLCEWS5,2023,93,33
EVTSTTLCEWS5,2024,90,32
EVTSTTLCEWS5,2025,85,44
EVWJPCY6AD97,2016,10,6
EVWJPCY6AD97,2017,14,7
EVWJPCY6AD97,2018,15,8
EVWJPCY6AD97,2019,8,9
EVWJPCY6AD97,2020,8,8
EVWJPCY6AD97,2021,7,7
EVWJPCY6AD97,2022,9,9
EVWJPCY6AD97,2023,9,9
EVWJPCY6AD97,2024,13,13
EVWJPCY6AD97,2025,9,7
EVYDGHYR7LK6,2024,1,1
EW32NYB3QRJ1,2016,1,1
EWCZLHMC44N8,2024,1,1
EWJGYC13AGG1,2022,1,1
EWN1YJ67XK31,2016,1,1
EWN1YJ67XK31,2018,1,1
EWN1YJ67XK31,2019,1,2
EWN3LW7S8NP5,2025,1,1
EWXGLAYGJZQ3,2021,1,1
EX6HANR4NX67,2020,1,1
EX6HANR4NX67,2021,2,1
EX6HANR4NX67,2022,1,1
EXSNSDEFJVZ1,2025,1,2
EXU9P6KH4G93,2020,1,1
EXU9P6KH4G93,2021,1,1
EXU9P6KH4G93,2022,1,1
EXU9P6KH4G93,2023,1,1
EXU9P6KH4G93,2025,1,1
EXZVPWZBLUE8,2016,291,105
EXZVPWZBLUE8,2017,339,122
EXZVPWZBLUE8,2018,318,114
EXZVPWZBLUE8,2019,333,136
EXZVPWZBLUE8,2020,338,153
EXZVPWZBLUE8,2021,383,170
EXZVPWZBLUE8,2022,382,197
EXZVPWZBLUE8,2023,330,171
EXZVPWZBLUE8,2024,390,182
EXZVPWZBLUE8,2025,412,185
EYCBWGA47PL5,2022,1,2
EYCBWGA47PL5,2025,1,1
EYEHGTVJK567,2016,3,4
EYEHGTVJK567,2017,1,1
EYEHGTVJK567,2020,1,1
EYEHGTVJK567,2021,1,1
EYHMENQTK3L9,2018,1,1
EYKDJZZMDGA7,2016,1,1
EYKDJZZMDGA7,2017,4,1
EYKDJZZMDGA7,2018,2,1
EYKDJZZMDGA7,2019,2,1
EYKDJZZMDGA7,2020,3,2
EYKDJZZMDGA7,2021,1,1
EYKDJZZMDGA7,2022,1,1
EYKDJZZMDGA7,2024,1,1
EYKDJZZMDGA7,2025,1,1
EYLZY3YCV9H7,2023,1,1
EYMJXLN2MFB4,2016,169,74
EYMJXLN2MFB4,2017,153,83
EYMJXLN2MFB4,2018,189,91
EYMJXLN2MFB4,2019,189,102
EYMJXLN2MFB4,2020,211,111
EYMJXLN2MFB4,2021,251,120
EYMJXLN2MFB4,2022,250,123
EYMJXLN2MFB4,2023,229,128
EYMJXLN2MFB4,2024,239,128
EYMJXLN2MFB4,2025,267,135
EYNYSU6L8ZX6,2016,5,2
EYNYSU6L8ZX6,2017,3,2
EYNYSU6L8ZX6,2018,11,4
EYNYSU6L8ZX6,2019,2,1
EYNYSU6L8ZX6,2020,2,2
EYNYSU6L8ZX6,2022,2,2
EYNYSU6L8ZX6,2023,3,2
EYNYSU6L8ZX6,2024,7,5
EYNYSU6L8ZX6,2025,9,4
EYSXHJ3R7S53,2016,1,1
EYSXHJ3R7S53,2017,1,1
EZ4WPGRE1RD5,2016,35,13
EZ4WPGRE1RD5,2017,37,20
EZ4WPGRE1RD5,2018,47,22
EZ4WPGRE1RD5,2019,38,18
EZ4WPGRE1RD5,2020,36,19
EZ4WPGRE1RD5,2021,42,19
EZ4WPGRE1RD5,2022,25,15
EZ4WPGRE1RD5,2023,38,17
EZ4WPGRE1RD5,2024,46,25
EZ4WPGRE1RD5,2025,52,24
EZCAF8LJ7FX9,2018,1,1
EZT5FTNNGF91,2016,2,1
EZT5FTNNGF91,2017,1,2
EZT5FTNNGF91,2019,2,4
EZT5FTNNGF91,2023,1,1
F125YU6SWK59,2017,4,1
F125YU6SWK59,2018,10,4
F125YU6SWK59,2019,4,3
F125YU6SWK59,2020,4,3
F125YU6SWK59,2021,1,1
F125YU6SWK59,2022,2,2
F125YU6SWK59,2023,3,3
F125YU6SWK59,2024,2,3
F125YU6SWK59,2025,3,2
F1AZD1SCFSB3,2018,1,1
F1AZD1SCFSB3,2019,2,1
F1NAKY5L1425,2016,1,1
F1NAKY5L1425,2017,2,1
F1NAKY5L1425,2020,1,1
F1NAKY5L1425,2021,1,1
F1NAKY5L1425,2023,7,2
F1NAKY5L1425,2024,7,2
F1NAKY5L1425,2025,4,2
F1PNSXJZC269,2017,1,1
F1Q1E3KMEG51,2017,2,1
F1Q1E3KMEG51,2018,4,1
F23LDFFMGTZ6,2019,3,1
F23LDFFMGTZ6,2020,1,1
F23LDFFMGTZ6,2021,2,1
F23LDFFMGTZ6,2022,2,2
F23LDFFMGTZ6,2023,5,2
F23LDFFMGTZ6,2024,7,2
F23LDFFMGTZ6,2025,5,2
F277MVZW7B15,2020,3,1
F277MVZW7B15,2021,1,1
F27KDXZMF9Y8,2016,733,315
F27KDXZMF9Y8,2017,662,350
F27KDXZMF9Y8,2018,744,394
F27KDXZMF9Y8,2019,778,422
F27KDXZMF9Y8,2020,840,435
F27KDXZMF9Y8,2021,828,470
F27KDXZMF9Y8,2022,885,485
F27KDXZMF9Y8,2023,1038,484
F27KDXZMF9Y8,2024,1002,471
F27KDXZMF9Y8,2025,998,443
F2BDWGQXNJ33,2022,1,1
F2BDWGQXNJ33,2024,1,1
F2QBDJHRH2G3,2019,1,1
F2QBDJHRH2G3,2020,1,1
F2QBDJHRH2G3,2021,1,1
F2TMFXLXHPU7,2019,1,1
F2VSMAKDH8Z7,2016,49,12
F2VSMAKDH8Z7,2017,60,15
F2VSMAKDH8Z7,2018,49,16
F2VSMAKDH8Z7,2019,63,19
F2VSMAKDH8Z7,2020,58,25
F2VSMAKDH8Z7,2021,74,24
F2VSMAKDH8Z7,2022,53,21
F2VSMAKDH8Z7,2023,55,24
F2VSMAKDH8Z7,2024,51,23
F2VSMAKDH8Z7,2025,41,22
F2WEDS3WUGC4,2018,2,1
F2ZHHNH3NMK3,2022,1,2
F2ZWBFV5NZ86,2016,1,2
F2ZWBFV5NZ86,2019,2,3
F2ZWBFV5NZ86,2021,1,1
F2ZWBFV5NZ86,2022,1,1
F31GEXBJVL57,2017,1,1
F32QSKPPN192,2023,1,1
F34SP1Z95YM3,2016,1,1
F34SP1Z95YM3,2019,1,1
F391LAAT74P4,2019,1,1
F397FLYH4JH8,2023,1,1
F3KRQG95DCF6,2017,1,1
F3KRQG95DCF6,2018,1,1
F3KRQG95DCF6,2019,1,1
F3KRQG95DCF6,2022,2,2
F3KRQG95DCF6,2023,5,4
F3KRQG95DCF6,2024,1,2
F3KRQG95DCF6,2025,3,3
F3QNTX1H4SL9,2019,1,1
F3QNTX1H4SL9,2020,1,2
F3QNTX1H4SL9,2023,1,1
F4BMNBQK9BM1,2016,86,2
F4BMNBQK9BM1,2017,102,2
F4BMNBQK9BM1,2018,77,2
F4BMNBQK9BM1,2019,79,2
F4BMNBQK9BM1,2020,78,2
F4BMNBQK9BM1,2021,92,2
F4BMNBQK9BM1,2022,83,2
F4BMNBQK9BM1,2023,77,2
F4BMNBQK9BM1,2024,86,2
F4BMNBQK9BM1,2025,70,2
F4MEAAM4J6F7,2023,2,1
F4MEAAM4J6F7,2024,2,1
F4MEAAM4J6F7,2025,3,2
F4N1QNPB95M4,2016,291,102
F4N1QNPB95M4,2017,320,108
F4N1QNPB95M4,2018,290,116
F4N1QNPB95M4,2019,263,119
F4N1QNPB95M4,2020,312,131
F4N1QNPB95M4,2021,303,123
F4N1QNPB95M4,2022,310,126
F4N1QNPB95M4,2023,350,146
F4N1QNPB95M4,2024,346,149
F4N1QNPB95M4,2025,330,160
F4QRHMMF3CC8,2024,1,1
F4QRHMMF3CC8,2025,1,1
F4SLJ5WF59F6,2016,17,14
F4SLJ5WF59F6,2017,31,14
F4SLJ5WF59F6,2018,26,12
F4SLJ5WF59F6,2019,40,19
F4SLJ5WF59F6,2020,33,17
F4SLJ5WF59F6,2021,38,14
F4SLJ5WF59F6,2022,25,13
F4SLJ5WF59F6,2023,20,17
F4SLJ5WF59F6,2024,23,14
F4SLJ5WF59F6,2025,21,14
F4WPQQ5TC552,2025,1,1
F51NKQLSLHT4,2016,2,2
F51NKQLSLHT4,2017,2,2
F51NKQLSLHT4,2018,3,2
F5JVNKERKNA5,2020,1,1
F5JVNKERKNA5,2021,1,1
F5JVNKERKNA5,2022,1,1
F5JVNKERKNA5,2024,3,2
F5JVNKERKNA5,2025,3,1
F5R2ZH3HCHB5,2024,1,1
F5R2ZH3HCHB5,2025,1,2
F696R1G6DN85,2016,10,1
F696R1G6DN85,2017,3,1
F696R1G6DN85,2018,10,1
F696R1G6DN85,2019,5,1
F696R1G6DN85,2020,7,1
F696R1G6DN85,2021,2,1
F696R1G6DN85,2022,1,1
F696R1G6DN85,2023,2,1
F696R1G6DN85,2024,2,1
F696R1G6DN85,2025,11,3
F6AVRPUHTPW6,2019,1,1
F6AVRPUHTPW6,2022,1,1
F6B4DQXKDSE8,2024,1,3
F6CFMFLHC6U3,2017,9,1
F6CFMFLHC6U3,2018,8,1
F6CFMFLHC6U3,2019,6,1
F6CFMFLHC6U3,2020,7,1
F6CFMFLHC6U3,2021,6,1
F6CFMFLHC6U3,2022,1,1
F6SKM7YHCUS7,2019,1,2
F6SKM7YHCUS7,2020,4,2
F6SKM7YHCUS7,2021,1,2
F6SKM7YHCUS7,2022,2,1
F6SKM7YHCUS7,2023,4,3
F6SKM7YHCUS7,2024,7,2
F6SKM7YHCUS7,2025,7,4
F6W7H78TK9B1,2019,1,1
F6X1FY4X3SF3,2021,2,1
F6X1FY4X3SF3,2023,1,1
F6X1FY4X3SF3,2024,1,1
F6X1FY4X3SF3,2025,1,1
F6XLTRUQJEN4,2016,103,26
F6XLTRUQJEN4,2017,107,29
F6XLTRUQJEN4,2018,93,39
F6XLTRUQJEN4,2019,104,38
F6XLTRUQJEN4,2020,124,42
F6XLTRUQJEN4,2021,106,41
F6XLTRUQJEN4,2022,79,41
F6XLTRUQJEN4,2023,106,49
F6XLTRUQJEN4,2024,92,53
F6XLTRUQJEN4,2025,86,53
F7ABP9KFQNA3,2024,1,1
F7ABP9KFQNA3,2025,1,1
F7C3ALLZWYB6,2024,1,1
F7C3ALLZWYB6,2025,1,1
F7EQFJDU4495,2020,1,1
F7EQFJDU4495,2022,3,1
F7EQFJDU4495,2023,2,1
F7EQFJDU4495,2024,2,2
F7G8SHTEHNU7,2021,1,1
F7H9PNARMES3,2016,1,1
F7H9PNARMES3,2018,2,1
F7H9PNARMES3,2019,2,1
F7H9PNARMES3,2020,1,1
F7JGTSJC19E9,2017,2,1
F7JGTSJC19E9,2018,1,1
F7JGTSJC19E9,2019,1,1
F7JGTSJC19E9,2020,1,1
F7JGTSJC19E9,2024,1,1
F7V2DLFLWJN9,2016,2,1
F7V2DLFLWJN9,2017,3,3
F7V2DLFLWJN9,2018,1,1
F7V2DLFLWJN9,2019,5,3
F7V2DLFLWJN9,2020,4,4
F7V2DLFLWJN9,2021,5,4
F7V2DLFLWJN9,2022,5,5
F7V2DLFLWJN9,2023,3,1
F7V2DLFLWJN9,2024,3,4
F7V2DLFLWJN9,2025,1,1
F873ZJEX7615,2016,1,1
F896MG5LQ6R4,2024,1,1
F896MG5LQ6R4,2025,1,1
F8EJN8CSNA49,2021,1,1
F8EJN8CSNA49,2023,1,1
F8EJN8CSNA49,2025,1,1
F8F5KUUPFG29,2023,2,1
F8KNALT5KSV1,2017,1,1
F8KNALT5KSV1,2024,1,1
F8MHJ3TA87E9,2016,3,1
F8MHJ3TA87E9,2020,1,1
F8MJFZUEGS34,2017,2,1
F8THLJQSAF93,2016,644,232
F8THLJQSAF93,2017,657,264
F8THLJQSAF93,2018,695,284
F8THLJQSAF93,2019,659,316
F8THLJQSAF93,2020,828,353
F8THLJQSAF93,2021,889,349
F8THLJQSAF93,2022,867,368
F8THLJQSAF93,2023,950,381
F8THLJQSAF93,2024,900,388
F8THLJQSAF93,2025,959,399
F8WWSS8ECES3,2018,3,1
F8WWSS8ECES3,2019,3,2
F8WWSS8ECES3,2021,1,1
F8WWSS8ECES3,2022,1,1
F8WWSS8ECES3,2023,2,1
F8WWSS8ECES3,2024,3,2
F91YML3Q7YU3,2024,1,1
F91YML3Q7YU3,2025,2,2
F99NA5GZHCH7,2018,3,3
F99NA5GZHCH7,2020,1,1
F99NA5GZHCH7,2021,3,1
F99NA5GZHCH7,2022,3,1
F99NA5GZHCH7,2023,2,1
F99NA5GZHCH7,2024,3,1
F99NA5GZHCH7,2025,1,1
F9SBM8237HV8,2016,1,1
F9SBM8237HV8,2018,3,1
F9SBM8237HV8,2019,1,1
F9SBM8237HV8,2020,1,1
F9SBM8237HV8,2021,1,1
F9Y2JMCKQJL7,2017,1,1
FA4VKPTJRLY8,2016,47,20
FA4VKPTJRLY8,2017,42,25
FA4VKPTJRLY8,2018,61,30
FA4VKPTJRLY8,2019,74,39
FA4VKPTJRLY8,2020,84,43
FA4VKPTJRLY8,2021,87,42
FA4VKPTJRLY8,2022,76,47
FA4VKPTJRLY8,2023,76,51
FA4VKPTJRLY8,2024,83,55
FA4VKPTJRLY8,2025,81,55
FAHCUXEPEU49,2018,1,1
FAHCUXEPEU49,2019,1,1
FAHCUXEPEU49,2022,1,1
FBLCV9JYHU85,2022,2,1
FBMJAANK5HE5,2016,1,1
FBRWDWC7SJC6,2023,1,1
FBYMGMHW4X95,2016,691,219
FBYMGMHW4X95,2017,793,284
FBYMGMHW4X95,2018,732,311
FBYMGMHW4X95,2019,746,339
FBYMGMHW4X95,2020,889,398
FBYMGMHW4X95,2021,948,408
FBYMGMHW4X95,2022,1002,427
FBYMGMHW4X95,2023,1101,424
FBYMGMHW4X95,2024,978,428
FBYMGMHW4X95,2025,1044,441
FC1DH6VNMQG6,2023,1,1
FC2NFDNJA3L9,2016,1,1
FC88KYZQWMJ4,2023,1,1
FCKXY3WV5R26,2018,2,1
FCKXY3WV5R26,2019,2,1
FCKXY3WV5R26,2020,2,1
FCKXY3WV5R26,2021,1,1
FCKXY3WV5R26,2022,2,1
FCKXY3WV5R26,2023,2,1
FCKXY3WV5R26,2024,6,1
FCKXY3WV5R26,2025,6,1
FCSLNELT6DG7,2016,1,2
FCSLNELT6DG7,2017,1,1
FCSLNELT6DG7,2018,1,1
FD7CHJLMHYK5,2017,2,2
FD7CHJLMHYK5,2020,1,1
FD87DDNEMMZ9,2017,1,1
FD9MPD9K3EC1,2023,1,3
FD9MPD9K3EC1,2024,1,3
FDK1A7M5XDJ6,2024,1,1
FDLEQSJ8FF63,2016,26,11
FDLEQSJ8FF63,2017,39,10
FDLEQSJ8FF63,2018,41,18
FDLEQSJ8FF63,2019,38,12
FDLEQSJ8FF63,2020,37,14
FDLEQSJ8FF63,2021,43,14
FDLEQSJ8FF63,2022,51,13
FDLEQSJ8FF63,2023,40,14
FDLEQSJ8FF63,2024,30,10
FDLEQSJ8FF63,2025,35,10
FDR5YF2K32X5,2016,52,14
FDR5YF2K32X5,2017,58,18
FDR5YF2K32X5,2018,68,23
FDR5YF2K32X5,2019,48,18
FDR5YF2K32X5,2020,62,19
FDR5YF2K32X5,2021,58,23
FDR5YF2K32X5,2022,67,17
FDR5YF2K32X5,2023,58,18
FDR5YF2K32X5,2024,70,19
FDR5YF2K32X5,2025,59,21
FDV5E79YLFF5,2016,1,1
FDV5E79YLFF5,2017,1,1
FDV5E79YLFF5,2018,1,1
FDV5E79YLFF5,2019,5,1
FDV5E79YLFF5,2020,2,1
FDV5E79YLFF5,2022,1,1
FDV5E79YLFF5,2023,1,1
FE39B2864GM9,2021,3,1
FE39B2864GM9,2022,1,1
FE7GADSS7GE5,2023,1,1
FE9HTJ2TLGY5,2017,2,1
FE9HTJ2TLGY5,2020,1,2
FF1XVJMDYVR1,2016,270,45
FF1XVJMDYVR1,2017,169,54
FF1XVJMDYVR1,2018,115,53
FF1XVJMDYVR1,2019,122,61
FF1XVJMDYVR1,2020,145,57
FF1XVJMDYVR1,2021,133,64
FF1XVJMDYVR1,2022,140,54
FF1XVJMDYVR1,2023,129,63
FF1XVJMDYVR1,2024,132,50
FF1XVJMDYVR1,2025,140,57
FF4ZMHESDLK6,2020,1,1
FF4ZMHESDLK6,2024,1,1
FF4ZMHESDLK6,2025,1,1
FFAKKLCKBNN7,2025,1,1
FFM7VPAG8P92,2016,23,11
FFM7VPAG8P92,2017,27,13
FFM7VPAG8P92,2018,30,20
FFM7VPAG8P92,2019,37,23
FFM7VPAG8P92,2020,54,26
FFM7VPAG8P92,2021,36,24
FFM7VPAG8P92,2022,38,22
FFM7VPAG8P92,2023,50,39
FFM7VPAG8P92,2024,48,30
FFM7VPAG8P92,2025,46,25
FFNHJ2RDRHW3,2020,2,3
FFNHJ2RDRHW3,2021,1,1
FFNHJ2RDRHW3,2022,1,1
FFNHJ2RDRHW3,2023,2,2
FFWJTXCKDLK5,2016,18,3
FFWJTXCKDLK5,2017,23,4
FFWJTXCKDLK5,2018,19,6
FFWJTXCKDLK5,2019,25,5
FFWJTXCKDLK5,2020,18,4
FFWJTXCKDLK5,2021,9,3
FFWJTXCKDLK5,2022,11,4
FFWJTXCKDLK5,2023,12,4
FFWJTXCKDLK5,2024,10,4
FFWJTXCKDLK5,2025,14,4
FGCCMKJNFAD5,2023,1,2
FGK7C4BSUVK3,2024,1,1
FGRZYXLMGER4,2016,2,1
FGRZYXLMGER4,2017,2,1
FGRZYXLMGER4,2018,4,1
FGRZYXLMGER4,2019,6,1
FGRZYXLMGER4,2020,1,1
FGSBKL1XRT76,2021,1,1
FGSBKL1XRT76,2023,1,1
FGSBKL1XRT76,2024,2,1
FGSBKL1XRT76,2025,1,1
FGXDBY8YCNK1,2022,1,1
FH41QG5NZ2Y6,2024,1,1
FH41QG5NZ2Y6,2025,1,1
FH8XJBG4WG91,2023,1,1
FH8XJBG4WG91,2025,2,1
FHEJW958JKD8,2025,1,1
FHLRP57QLNL7,2016,2,3
FHLRP57QLNL7,2017,1,3
FHLRP57QLNL7,2018,2,4
FHLRP57QLNL7,2025,1,3
FHUHJETDV881,2021,1,1
FHUHJETDV881,2022,1,1
FHUHJETDV881,2023,1,1
FHWGEP6NNLG1,2019,1,1
FHWGEP6NNLG1,2020,2,1
FHWGEP6NNLG1,2021,3,2
FHWGEP6NNLG1,2022,5,4
FHWGEP6NNLG1,2023,5,2
FHWGEP6NNLG1,2024,1,1
FHWGEP6NNLG1,2025,1,1
FJ4ZV9YC2HK3,2018,3,1
FJ4ZV9YC2HK3,2019,2,1
FJ4ZV9YC2HK3,2020,5,1
FJ4ZV9YC2HK3,2021,4,1
FJ4ZV9YC2HK3,2022,3,1
FJ4ZV9YC2HK3,2024,1,1
FJ89M88FV141,2018,1,1
FJALGT339JN9,2016,1,1
FJALGT339JN9,2019,1,1
FJALGT339JN9,2020,1,1
FJDGHK4JKNR1,2022,2,2
FJHKC4XNMED8,2016,2,1
FJHKC4XNMED8,2017,3,1
FJHKC4XNMED8,2021,1,1
FJHKC4XNMED8,2022,2,1
FJHKC4XNMED8,2023,1,1
FJHKC4XNMED8,2024,2,1
FJHKC4XNMED8,2025,1,2
FJJVUJGDDLS3,2019,1,1
FJJVUJGDDLS3,2020,1,1
FJJVUJGDDLS3,2022,2,3
FJJVUJGDDLS3,2023,2,2
FJN8ZEF912K7,2024,1,1
FJN8ZEF912K7,2025,1,1
FJWLMDEML1Y1,2016,7,3
FJWLMDEML1Y1,2017,8,2
FJWLMDEML1Y1,2018,2,2
FJWLMDEML1Y1,2019,3,3
FJWLMDEML1Y1,2020,5,3
FJWLMDEML1Y1,2021,3,1
FJWLMDEML1Y1,2022,2,1
FJWLMDEML1Y1,2023,3,2
FJWLMDEML1Y1,2024,3,2
FJWLMDEML1Y1,2025,1,1
FK25QH6D6VN3,2023,1,1
FK25QH6D6VN3,2024,1,1
FKB6UR5M6C84,2020,2,2
FKB6UR5M6C84,2021,1,1
FKB6UR5M6C84,2024,2,1
FKBJC9XK16F8,2020,1,1
FKBJC9XK16F8,2022,1,1
FKBJC9XK16F8,2023,1,1
FKBJC9XK16F8,2024,1,1
FKCJB1WNQ1V3,2022,1,1
FKH5JEYGKKE7,2017,1,1
FKH5JEYGKKE7,2019,2,1
FKHEB7ZLS715,2017,1,1
FKHEB7ZLS715,2019,3,1
FKJCB9NGPM24,2017,3,2
FKJCB9NGPM24,2018,1,4
FKJCB9NGPM24,2019,1,3
FKJCB9NGPM24,2020,2,3
FKJCB9NGPM24,2021,2,3
FKJCB9NGPM24,2022,1,1
FKJCB9NGPM24,2023,1,2
FKLCLQFBA463,2016,4,2
FKLCLQFBA463,2017,7,4
FKLCLQFBA463,2018,4,4
FKLCLQFBA463,2019,17,6
FKLCLQFBA463,2020,7,6
FKLCLQFBA463,2021,5,6
FKLCLQFBA463,2022,9,7
FKLCLQFBA463,2023,7,5
FKLCLQFBA463,2024,5,5
FKLCLQFBA463,2025,8,8
FL4AUYLFP7E8,2016,3,1
FL4AUYLFP7E8,2017,3,1
FL4AUYLFP7E8,2019,1,1
FL4AUYLFP7E8,2020,1,1
FL4AUYLFP7E8,2024,3,3
FL6GV84CKN57,2016,2646,830
FL6GV84CKN57,2017,2847,979
FL6GV84CKN57,2018,2740,1025
FL6GV84CKN57,2019,3129,1104
FL6GV84CKN57,2020,3153,1242
FL6GV84CKN57,2021,4072,1330
FL6GV84CKN57,2022,4216,1376
FL6GV84CKN57,2023,3341,1460
FL6GV84CKN57,2024,3235,1454
FL6GV84CKN57,2025,3278,1499
FL8UNYTG72D1,2016,26,5
FL8UNYTG72D1,2017,46,11
FL8UNYTG72D1,2018,45,14
FL8UNYTG72D1,2019,43,9
FL8UNYTG72D1,2020,104,9
FL8UNYTG72D1,2021,124,12
FL8UNYTG72D1,2022,134,17
FL8UNYTG72D1,2023,182,12
FL8UNYTG72D1,2024,225,12
FL8UNYTG72D1,2025,257,8
FLALS4PX6G79,2017,4,1
FLALS4PX6G79,2018,1,1
FLALS4PX6G79,2019,1,1
FLEJLJPRT5K5,2022,1,1
FLEJLJPRT5K5,2023,2,1
FLHHE89XH2H5,2016,1,1
FLHHE89XH2H5,2025,1,1
FLJ7DQKLL226,2016,2280,745
FLJ7DQKLL226,2017,2270,855
FLJ7DQKLL226,2018,2293,943
FLJ7DQKLL226,2019,2445,1080
FLJ7DQKLL226,2020,2757,1190
FLJ7DQKLL226,2021,2953,1298
FLJ7DQKLL226,2022,2935,1389
FLJ7DQKLL226,2023,2973,1428
FLJ7DQKLL226,2024,2978,1480
FLJ7DQKLL226,2025,3056,1487
FLLTVXQCQ426,2022,3,3
FLLTVXQCQ426,2023,3,3
FLLTVXQCQ426,2024,1,2
FLLTVXQCQ426,2025,2,3
FLR5JDVWMBL3,2022,1,1
FLV6AS8D7HX1,2018,1,1
FLV6AS8D7HX1,2019,1,1
FLV6AS8D7HX1,2020,2,1
FLY3JASWB8M5,2019,1,1
FLYEKQS2YLE7,2020,1,2
FLYEKQS2YLE7,2022,1,2
FM8VV9SAL6M3,2016,3,2
FM8VV9SAL6M3,2017,4,1
FM8VV9SAL6M3,2018,3,2
FM8VV9SAL6M3,2019,3,2
FM8VV9SAL6M3,2020,2,2
FM8VV9SAL6M3,2021,6,2
FM8VV9SAL6M3,2022,5,1
FM8VV9SAL6M3,2023,3,1
FM8VV9SAL6M3,2024,5,1
FM8VV9SAL6M3,2025,5,2
FM8XH18NYPC7,2022,2,2
FMCMANG61MN5,2021,3,2
FMCMANG61MN5,2024,1,1
FMFEHF5ACEV2,2025,2,1
FMMTHMCJWBD3,2019,2,1
FN2YCS2YAUW3,2016,80,26
FN2YCS2YAUW3,2017,85,30
FN2YCS2YAUW3,2018,74,33
FN2YCS2YAUW3,2019,70,41
FN2YCS2YAUW3,2020,76,39
FN2YCS2YAUW3,2021,89,48
FN2YCS2YAUW3,2022,88,47
FN2YCS2YAUW3,2023,87,50
FN2YCS2YAUW3,2024,70,47
FN2YCS2YAUW3,2025,94,52
FN33EA27UCB1,2020,4,4
FN33EA27UCB1,2021,6,3
FN33EA27UCB1,2022,3,4
FN33EA27UCB1,2024,1,1
FN33EA27UCB1,2025,2,2
FNAUJA4K1198,2022,1,1
FNAUJA4K1198,2023,2,1
FNAUJA4K1198,2024,1,1
FNB6YYCELKU5,2016,5,2
FNB6YYCELKU5,2017,6,2
FNB6YYCELKU5,2018,1,1
FNB6YYCELKU5,2019,2,3
FNB6YYCELKU5,2020,4,3
FNB6YYCELKU5,2021,6,3
FNB6YYCELKU5,2022,5,2
FNB6YYCELKU5,2023,1,1
FNB6YYCELKU5,2024,3,1
FNB6YYCELKU5,2025,7,1
FNCZY9LQJ5K3,2024,1,1
FNCZY9LQJ5K3,2025,2,3
FNJEG25KW6B1,2017,1,1
FNJEG25KW6B1,2018,1,1
FP1VD1HU5HV7,2016,87,4
FP1VD1HU5HV7,2017,75,4
FP1VD1HU5HV7,2018,84,4
FP1VD1HU5HV7,2019,88,5
FP1VD1HU5HV7,2020,62,5
FP1VD1HU5HV7,2021,65,5
FP1VD1HU5HV7,2022,37,5
FP1VD1HU5HV7,2023,20,4
FP1VD1HU5HV7,2024,22,4
FP1VD1HU5HV7,2025,17,3
FPCUDWBE7DX2,2016,8,7
FPCUDWBE7DX2,2017,13,13
FPCUDWBE7DX2,2018,23,16
FPCUDWBE7DX2,2019,26,16
FPCUDWBE7DX2,2020,16,7
FPCUDWBE7DX2,2021,33,16
FPCUDWBE7DX2,2022,39,15
FPCUDWBE7DX2,2023,20,18
FPCUDWBE7DX2,2024,39,22
FPCUDWBE7DX2,2025,33,16
FPHZQN3L67K4,2018,1,1
FPHZQN3L67K4,2019,1,1
FPHZQN3L67K4,2021,2,2
FPHZQN3L67K4,2022,1,1
FPHZQN3L67K4,2023,1,1
FPHZQN3L67K4,2024,1,1
FPMHBG7RBBZ3,2018,1,1
FPMHBG7RBBZ3,2020,1,1
FPMHBG7RBBZ3,2022,1,1
FPMHBG7RBBZ3,2023,1,1
FPMHBG7RBBZ3,2024,1,1
FPMHBG7RBBZ3,2025,2,1
FPRRYGJGEHB1,2019,3,4
FPRRYGJGEHB1,2020,4,2
FPRRYGJGEHB1,2021,4,2
FPRRYGJGEHB1,2022,4,2
FPRRYGJGEHB1,2023,1,1
FPU6XGFXMBE9,2016,163,52
FPU6XGFXMBE9,2017,156,55
FPU6XGFXMBE9,2018,154,60
FPU6XGFXMBE9,2019,133,60
FPU6XGFXMBE9,2020,163,74
FPU6XGFXMBE9,2021,139,75
FPU6XGFXMBE9,2022,146,75
FPU6XGFXMBE9,2023,176,92
FPU6XGFXMBE9,2024,174,88
FPU6XGFXMBE9,2025,200,105
FPZ9KW2KCUF7,2020,4,1
FPZ9KW2KCUF7,2021,3,2
FPZ9KW2KCUF7,2022,4,2
FPZ9KW2KCUF7,2025,1,1
FQ37YMLY6N38,2016,3,1
FQ37YMLY6N38,2017,1,1
FQ37YMLY6N38,2022,2,2
FQ37YMLY6N38,2025,1,2
FQYEZB2494N9,2016,2,1
FQYEZB2494N9,2017,1,1
FQYEZB2494N9,2018,1,1
FQYEZB2494N9,2020,1,1
FQZFGGMF8ST3,2019,1,1
FQZFGGMF8ST3,2021,7,1
FQZFGGMF8ST3,2022,13,1
FQZFGGMF8ST3,2023,60,1
FQZFGGMF8ST3,2024,109,1
FQZFGGMF8ST3,2025,117,1
FR89NXNNSDX3,2024,2,2
FR89NXNNSDX3,2025,14,2
FR9LM1J86MJ5,2016,7,1
FR9LM1J86MJ5,2017,4,1
FR9LM1J86MJ5,2018,2,1
FRCKHD9EKUY9,2018,1,2
FRCKHD9EKUY9,2019,1,1
FRCKHD9EKUY9,2023,1,1
FRKXPV9AEMF6,2020,2,1
FRKXPV9AEMF6,2022,1,1
FRM2JMLMGJK1,2016,1,1
FRM2JMLMGJK1,2017,1,1
FRM2JMLMGJK1,2020,1,2
FRM2JMLMGJK1,2023,1,1
FSCZWWCR5N76,2018,1,1
FSCZWWCR5N76,2019,1,1
FSRUUQKHD749,2021,1,1
FSUDJFGQ8327,2024,1,1
FSULLJ5XFVF1,2019,3,1
FSULLJ5XFVF1,2020,5,1
FSULLJ5XFVF1,2021,5,1
FSULLJ5XFVF1,2022,1,1
FSULLJ5XFVF1,2023,1,1
FSULLJ5XFVF1,2024,2,1
FSULLJ5XFVF1,2025,1,1
FTAAW94S6LC6,2016,2,1
FTAAW94S6LC6,2017,1,1
FTAAW94S6LC6,2018,4,1
FTAAW94S6LC6,2019,2,1
FTDKFHKP6JK3,2016,1,1
FTDKFHKP6JK3,2017,1,1
FTDKFHKP6JK3,2018,1,1
FTLJHKYBT5V4,2019,1,1
FTMTDMBR29C7,2016,3714,1154
FTMTDMBR29C7,2017,3733,1335
FTMTDMBR29C7,2018,3869,1494
FTMTDMBR29C7,2019,3778,1601
FTMTDMBR29C7,2020,4246,1708
FTMTDMBR29C7,2021,4491,1847
FTMTDMBR29C7,2022,4366,1825
FTMTDMBR29C7,2023,4324,1907
FTMTDMBR29C7,2024,4048,1936
FTMTDMBR29C7,2025,3929,1889
FU7YL2GAWHY3,2019,1,1
FU7YL2GAWHY3,2020,1,1
FU7YL2GAWHY3,2022,1,1
FUJVYZ383GJ3,2024,1,1
FUXAP1K5LYS1,2019,1,1
FUXAP1K5LYS1,2021,1,1
FVA3CJ121344,2016,1,1
FVA3CJ121344,2017,2,1
FVA3CJ121344,2018,1,1
FVA3CJ121344,2019,1,1
FVA3CJ121344,2023,1,1
FVA3CJ121344,2024,1,1
FW7PJD4KQXC7,2021,1,1
FWHMZQADL327,2024,1,1
FWY1FX3THXC5,2016,23,8
FWY1FX3THXC5,2017,31,6
FWY1FX3THXC5,2018,36,10
FWY1FX3THXC5,2019,32,15
FWY1FX3THXC5,2020,50,18
FWY1FX3THXC5,2021,63,16
FWY1FX3THXC5,2022,41,17
FWY1FX3THXC5,2023,48,22
FWY1FX3THXC5,2024,48,19
FWY1FX3THXC5,2025,53,21
FX3HURWMGC21,2021,1,1
FX3HURWMGC21,2022,2,2
FX3HURWMGC21,2023,2,2
FXKMA43NTV21,2016,1114,446
FXKMA43NTV21,2017,1114,484
FXKMA43NTV21,2018,1212,546
FXKMA43NTV21,2019,1102,576
FXKMA43NTV21,2020,1311,633
FXKMA43NTV21,2021,1310,678
FXKMA43NTV21,2022,1350,706
FXKMA43NTV21,2023,1512,766
FXKMA43NTV21,2024,1340,769
FXKMA43NTV21,2025,1324,771
FXRCJNY4PJL1,2024,1,1
FXRCJNY4PJL1,2025,3,2
FY2NCML2TTW7,2022,1,1
FY2NCML2TTW7,2023,1,1
FY2NCML2TTW7,2024,1,1
FYGPW6JX4L98,2016,1,1
FYGPW6JX4L98,2017,7,4
FYGPW6JX4L98,2018,5,2
FYGPW6JX4L98,2019,1,2
FYGPW6JX4L98,2020,2,3
FYGPW6JX4L98,2021,2,6
FZ24CDNHU8D6,2017,2,1
FZ24CDNHU8D6,2018,1,1
FZ24CDNHU8D6,2021,1,1
FZ4MXCJNNE23,2020,1,1
FZ4MXCJNNE23,2021,1,1
FZ4MXCJNNE23,2022,2,1
FZ4MXCJNNE23,2023,1,1
FZ4MXCJNNE23,2024,1,1
FZ6SWMGN3199,2024,1,1
FZBDVM1MBTN9,2024,1,1
FZPKPXA6S8L8,2018,1,2
FZRNFQTKADH1,2016,21,5
FZRNFQTKADH1,2017,31,5
FZRNFQTKADH1,2018,39,8
FZRNFQTKADH1,2019,40,8
FZRNFQTKADH1,2020,39,10
FZRNFQTKADH1,2021,44,8
FZRNFQTKADH1,2022,19,7
FZRNFQTKADH1,2023,32,11
FZRNFQTKADH1,2024,34,14
FZRNFQTKADH1,2025,45,14
G15AG3BLLMH4,2016,422,150
G15AG3BLLMH4,2017,446,172
G15AG3BLLMH4,2018,439,205
G15AG3BLLMH4,2019,535,230
G15AG3BLLMH4,2020,609,255
G15AG3BLLMH4,2021,556,257
G15AG3BLLMH4,2022,569,276
G15AG3BLLMH4,2023,493,250
G15AG3BLLMH4,2024,515,268
G15AG3BLLMH4,2025,532,294
G192A9HR62S5,2016,48,14
G192A9HR62S5,2017,41,14
G192A9HR62S5,2018,33,16
G192A9HR62S5,2019,27,14
G192A9HR62S5,2020,26,15
G192A9HR62S5,2021,22,18
G192A9HR62S5,2022,13,12
G192A9HR62S5,2023,14,17
G192A9HR62S5,2024,14,16
G192A9HR62S5,2025,11,12
G1HAYR9Y1FJ9,2016,1,1
G1HAYR9Y1FJ9,2017,1,1
G1HAYR9Y1FJ9,2018,3,1
G1HAYR9Y1FJ9,2019,1,1
G1HAYR9Y1FJ9,2021,1,1
G1NAHNEAVKK9,2024,1,2
G1RKNNXESY18,2016,1,1
G1RKNNXESY18,2017,1,1
G1THVER8BNL4,2016,26,4
G1THVER8BNL4,2017,32,6
G1THVER8BNL4,2018,44,8
G1THVER8BNL4,2019,32,10
G1THVER8BNL4,2020,42,14
G1THVER8BNL4,2021,44,16
G1THVER8BNL4,2022,44,16
G1THVER8BNL4,2023,54,22
G1THVER8BNL4,2024,42,14
G1THVER8BNL4,2025,37,21
G225Y5WH3VZ4,2022,1,1
G225Y5WH3VZ4,2023,1,1
G225Y5WH3VZ4,2024,1,1
G225Y5WH3VZ4,2025,1,1
G2ENDLHLZWK9,2022,1,1
G2JEUT716287,2021,1,1
G2JTZ3UQV9M3,2020,5,2
G2JTZ3UQV9M3,2021,2,1
G2JTZ3UQV9M3,2022,8,1
G2JTZ3UQV9M3,2023,12,3
G2JTZ3UQV9M3,2024,10,4
G2JTZ3UQV9M3,2025,12,6
G2LENL4JLTA5,2016,2,2
G2LENL4JLTA5,2017,1,1
G2LENL4JLTA5,2018,1,1
G2LENL4JLTA5,2019,2,2
G2LENL4JLTA5,2020,1,1
G2LENL4JLTA5,2021,1,1
G2LENL4JLTA5,2023,3,2
G2LENL4JLTA5,2024,1,1
G34WKGPA1M73,2020,1,1
G34WKGPA1M73,2021,1,1
G34WKGPA1M73,2022,2,3
G34WKGPA1M73,2023,1,1
G34WKGPA1M73,2024,2,2
G34WKGPA1M73,2025,1,1
G389MFAYJNG9,2016,271,97
G389MFAYJNG9,2017,277,101
G389MFAYJNG9,2018,293,121
G389MFAYJNG9,2019,275,112
G389MFAYJNG9,2020,325,145
G389MFAYJNG9,2021,359,137
G389MFAYJNG9,2022,353,138
G389MFAYJNG9,2023,469,148
G389MFAYJNG9,2024,439,152
G389MFAYJNG9,2025,531,162
G3D3L6GDL7W7,2021,1,1
G3EFEJS5J759,2022,1,1
G3EFEJS5J759,2023,2,1
G3EFEJS5J759,2024,5,1
G3EFEJS5J759,2025,3,1
G43JQMRR5JL5,2016,1,1
G47WN1XZNWX9,2016,5,3
G47WN1XZNWX9,2017,8,2
G47WN1XZNWX9,2018,12,6
G47WN1XZNWX9,2019,18,9
G47WN1XZNWX9,2020,22,12
G47WN1XZNWX9,2021,42,16
G47WN1XZNWX9,2022,35,19
G47WN1XZNWX9,2023,24,10
G47WN1XZNWX9,2024,51,24
G47WN1XZNWX9,2025,55,25
G4ALRBCZ52G7,2016,11,5
G4ALRBCZ52G7,2017,11,4
G4ALRBCZ52G7,2018,12,4
G4ALRBCZ52G7,2019,13,4
G4ALRBCZ52G7,2020,7,3
G4ALRBCZ52G7,2021,4,2
G4ALRBCZ52G7,2022,3,1
G4ALRBCZ52G7,2023,3,3
G4ALRBCZ52G7,2025,2,1
G4K6RV9PCMN8,2017,2,1
G4K6RV9PCMN8,2018,1,1
G4KQDKZBL848,2019,1,1
G4KQDKZBL848,2024,1,1
G4KWTEXXZQV9,2023,1,1
G4TUM6J1ZM24,2020,3,1
G4TUM6J1ZM24,2021,2,1
G4TUM6J1ZM24,2022,3,1
G4TUM6J1ZM24,2025,1,1
G51EN7YDH7F3,2016,1,1
G51EN7YDH7F3,2017,2,2
G51EN7YDH7F3,2018,2,1
G51EN7YDH7F3,2019,1,1
G51EN7YDH7F3,2020,3,2
G51EN7YDH7F3,2022,1,1
G51EN7YDH7F3,2023,1,1
G557RMJZM5H5,2021,1,1
G56PUALJ3KT5,2016,526,168
G56PUALJ3KT5,2017,495,197
G56PUALJ3KT5,2018,566,225
G56PUALJ3KT5,2019,529,229
G56PUALJ3KT5,2020,592,259
G56PUALJ3KT5,2021,553,257
G56PUALJ3KT5,2022,533,260
G56PUALJ3KT5,2023,568,283
G56PUALJ3KT5,2024,591,294
G56PUALJ3KT5,2025,575,272
G595XDTMK443,2017,1,1
G595XDTMK443,2018,3,1
G595XDTMK443,2020,1,2
G595XDTMK443,2022,1,1
G595XDTMK443,2023,2,3
G595XDTMK443,2025,2,2
G5DFJWJ5TMR9,2025,1,1
G5JDLG4TM924,2023,2,1
G5JDLG4TM924,2024,1,1
G5JDXMW3NSW3,2017,2,2
G5JDXMW3NSW3,2019,1,3
G5JDXMW3NSW3,2020,2,1
G5JDXMW3NSW3,2021,2,1
G5JDXMW3NSW3,2022,1,1
G5JDXMW3NSW3,2023,1,1
G5JDXMW3NSW3,2024,3,2
G5JDYJ4F55P5,2024,2,1
G5JDYJ4F55P5,2025,2,1
G5YJYCGDUZD7,2017,1,1
G5YJYCGDUZD7,2018,3,1
G5YJYCGDUZD7,2019,1,2
G5YJYCGDUZD7,2020,2,1
G5YJYCGDUZD7,2021,4,4
G5YJYCGDUZD7,2022,1,1
G5YJYCGDUZD7,2023,2,2
G5YJYCGDUZD7,2024,4,3
G5YJYCGDUZD7,2025,3,4
G5ZBN5MMU9J1,2024,2,1
G5ZBN5MMU9J1,2025,2,1
G5ZZRFBRWKK8,2023,1,1
G61CA7K9CE35,2021,1,1
G68UXNP4J1W5,2017,2,3
G68UXNP4J1W5,2018,1,1
G68UXNP4J1W5,2020,1,1
G68UXNP4J1W5,2021,1,1
G69NH6PMLT75,2016,1,2
G6C8YSKSERK8,2021,1,2
G6SHT3ZJ2LW6,2023,1,2
G6VVMPNK4Y48,2016,47,27
G6VVMPNK4Y48,2017,44,30
G6VVMPNK4Y48,2018,42,30
G6VVMPNK4Y48,2019,44,38
G6VVMPNK4Y48,2020,57,44
G6VVMPNK4Y48,2021,74,48
G6VVMPNK4Y48,2022,49,44
G6VVMPNK4Y48,2023,69,51
G6VVMPNK4Y48,2024,67,48
G6VVMPNK4Y48,2025,59,41
G723GKM745R1,2024,1,1
G744CCJ2MZ29,2023,3,1
G744CCJ2MZ29,2024,3,1
G744CCJ2MZ29,2025,4,1
G7KLMNRJCFH3,2024,1,1
G7MQPLSUX1L4,2016,739,191
G7MQPLSUX1L4,2017,631,215
G7MQPLSUX1L4,2018,715,230
G7MQPLSUX1L4,2019,682,282
G7MQPLSUX1L4,2020,844,330
G7MQPLSUX1L4,2021,827,344
G7MQPLSUX1L4,2022,822,335
G7MQPLSUX1L4,2023,919,364
G7MQPLSUX1L4,2024,906,409
G7MQPLSUX1L4,2025,874,407
G7S7M6L41EX5,2023,4,5
G7S7M6L41EX5,2024,1,4
G7SXMGVJZHM3,2016,2,2
G7SXMGVJZHM3,2017,3,3
G7SXMGVJZHM3,2018,2,2
G7SXMGVJZHM3,2019,2,1
G7YSH33A2617,2020,1,1
G7YSH33A2617,2021,1,1
G885KBWHJM24,2022,1,1
G88KLJR3KYT5,2016,1416,402
G88KLJR3KYT5,2017,1416,450
G88KLJR3KYT5,2018,1475,516
G88KLJR3KYT5,2019,1406,568
G88KLJR3KYT5,2020,1750,621
G88KLJR3KYT5,2021,1734,649
G88KLJR3KYT5,2022,1886,664
G88KLJR3KYT5,2023,1910,684
G88KLJR3KYT5,2024,1907,723
G88KLJR3KYT5,2025,1983,739
G8K2TMKNCJ52,2023,1,1
G8NKGWYSLES8,2016,1,1
G8NKGWYSLES8,2018,1,1
G8WAHQ82DVC4,2018,1,1
G8WAHQ82DVC4,2019,1,1
G8WAHQ82DVC4,2020,1,1
G8WAHQ82DVC4,2022,1,1
G8WAHQ82DVC4,2023,1,1
G8WAHQ82DVC4,2024,1,2
G8XKMW3DYMQ6,2017,1,1
G8XKMW3DYMQ6,2019,1,3
G8XKMW3DYMQ6,2020,1,1
G8XKMW3DYMQ6,2021,4,2
G8XKMW3DYMQ6,2022,4,2
G8XKMW3DYMQ6,2023,3,2
G8XKMW3DYMQ6,2024,2,3
G98FLJUFLZN3,2017,1,1
G9B3RNSFLTM7,2024,1,1
G9D8ADENWJL8,2017,1,2
G9D8ADENWJL8,2020,2,1
G9D8ADENWJL8,2024,2,1
G9D8ADENWJL8,2025,4,1
G9DFSZBM4QK3,2017,1,2
G9DFSZBM4QK3,2018,1,1
G9DFSZBM4QK3,2020,2,2
G9GQJWPKUZP9,2016,34,1
G9GQJWPKUZP9,2017,20,1
G9GQJWPKUZP9,2018,7,1
G9GQJWPKUZP9,2019,6,1
G9GQJWPKUZP9,2020,3,1
G9GQJWPKUZP9,2021,1,1
G9GQJWPKUZP9,2022,2,2
G9GQJWPKUZP9,2023,2,1
G9GQJWPKUZP9,2025,1,1
G9QBQDH39DF4,2016,140,57
G9QBQDH39DF4,2017,124,48
G9QBQDH39DF4,2018,131,64
G9QBQDH39DF4,2019,95,55
G9QBQDH39DF4,2020,118,61
G9QBQDH39DF4,2021,116,60
G9QBQDH39DF4,2022,115,63
G9QBQDH39DF4,2023,140,77
G9QBQDH39DF4,2024,164,88
G9QBQDH39DF4,2025,137,72
G9QUJCDRVYB7,2025,3,1
G9RMDCWJYGL3,2016,3,1
G9RMDCWJYGL3,2019,2,5
G9RMDCWJYGL3,2021,1,1
G9RMDCWJYGL3,2022,1,2
GA2MMT1QL2B3,2016,4,3
GA2MMT1QL2B3,2017,1,1
GA2MMT1QL2B3,2018,2,1
GA2MMT1QL2B3,2019,2,2
GA2MMT1QL2B3,2020,1,1
GACCLMYMW3L3,2018,1,1
GACCLMYMW3L3,2021,1,2
GACCLMYMW3L3,2025,1,2
GAP7WGA3S3M3,2024,1,1
GAZZGS3YV389,2016,32,9
GAZZGS3YV389,2017,32,9
GAZZGS3YV389,2018,35,7
GAZZGS3YV389,2019,15,7
GAZZGS3YV389,2020,27,7
GAZZGS3YV389,2021,32,7
GAZZGS3YV389,2022,13,7
GAZZGS3YV389,2023,18,6
GAZZGS3YV389,2024,28,7
GAZZGS3YV389,2025,17,6
GB1LFAEYA5P1,2017,1,1
GB1LFAEYA5P1,2018,1,1
GB1LFAEYA5P1,2025,1,1
GB3PX7V3HYW5,2020,1,1
GB73JGN726M5,2017,2,1
GB73JGN726M5,2020,1,1
GB73JGN726M5,2021,1,1
GB8YLLHKNLB3,2022,1,1
GB8YLLHKNLB3,2023,1,1
GBATCBNV1SH8,2016,3,2
GBATCBNV1SH8,2017,1,1
GBATCBNV1SH8,2018,8,6
GBATCBNV1SH8,2019,8,6
GBATCBNV1SH8,2020,5,5
GBATCBNV1SH8,2021,7,8
GBATCBNV1SH8,2022,6,6
GBATCBNV1SH8,2023,3,3
GBATCBNV1SH8,2024,5,5
GBATCBNV1SH8,2025,7,6
GBBCJ5PNBT98,2016,3,1
GBBCJ5PNBT98,2017,6,1
GBBCJ5PNBT98,2018,4,1
GBBCJ5PNBT98,2019,4,1
GBBCJ5PNBT98,2020,5,1
GBBCJ5PNBT98,2021,8,1
GBBCJ5PNBT98,2022,7,1
GBBCJ5PNBT98,2023,5,1
GBBCJ5PNBT98,2024,2,1
GBBCJ5PNBT98,2025,1,1
GBEVFWHXBEE7,2019,2,1
GBEVFWHXBEE7,2021,2,1
GBEVFWHXBEE7,2024,1,1
GBJMUZDMLN84,2020,1,1
GBJMUZDMLN84,2021,2,1
GBJMUZDMLN84,2022,2,1
GBJMUZDMLN84,2025,1,1
GBMRFWFDMSM8,2018,2,1
GBMRFWFDMSM8,2019,5,1
GBMRFWFDMSM8,2020,7,1
GBMRFWFDMSM8,2021,5,1
GBMRFWFDMSM8,2022,4,1
GBMRFWFDMSM8,2023,2,1
GBMRFWFDMSM8,2024,2,2
GBNGC495XA67,2016,15,6
GBNGC495XA67,2017,16,9
GBNGC495XA67,2018,25,10
GBNGC495XA67,2019,34,11
GBNGC495XA67,2020,29,12
GBNGC495XA67,2021,27,10
GBNGC495XA67,2022,22,9
GBNGC495XA67,2023,19,15
GBNGC495XA67,2024,40,15
GBNGC495XA67,2025,23,12
GBPMHQM2SRL3,2016,1,1
GBPMHQM2SRL3,2017,1,1
GBPMHQM2SRL3,2019,1,1
GBPMHQM2SRL3,2020,5,2
GBPMHQM2SRL3,2021,1,1
GBPMHQM2SRL3,2022,1,1
GBPMHQM2SRL3,2024,1,1
GBYKKNK9SAE5,2021,1,1
GBYKKNK9SAE5,2022,1,1
GBYKKNK9SAE5,2023,1,1
GBYKKNK9SAE5,2024,3,3
GBYKKNK9SAE5,2025,3,2
GBYTLQUYMMP7,2019,1,1
GBYTLQUYMMP7,2022,1,1
GC8QXPMV7JB4,2016,1,1
GC8QXPMV7JB4,2024,1,1
GCFJKHNPZM21,2016,1,1
GCKPMNH8D854,2017,1,1
GCKPMNH8D854,2018,2,1
GCKPMNH8D854,2019,1,1
GCKPMNH8D854,2022,1,1
GCKZNM9VMHJ5,2022,1,1
GCMUMTJ3WHC6,2022,1,1
GCMUMTJ3WHC6,2023,2,1
GCMUMTJ3WHC6,2024,1,1
GCMUMTJ3WHC6,2025,2,1
GCN6NRBS5E73,2018,1,1
GCN6NRBS5E73,2019,1,1
GCN6NRBS5E73,2020,3,3
GCN6NRBS5E73,2021,3,2
GCN6NRBS5E73,2023,1,1
GCW6M7SBN4D5,2022,1,4
GCWMLMNVXKR3,2016,4,2
GCWMLMNVXKR3,2017,7,3
GCWMLMNVXKR3,2018,7,2
GCWMLMNVXKR3,2019,15,6
GCWMLMNVXKR3,2020,9,5
GCWMLMNVXKR3,2021,6,5
GCWMLMNVXKR3,2022,17,6
GCWMLMNVXKR3,2023,13,6
GCWMLMNVXKR3,2024,22,6
GCWMLMNVXKR3,2025,13,6
GDKVJMCM5KQ6,2025,1,1
GDKZRUXEP3P2,2018,1,1
GDKZRUXEP3P2,2019,1,1
GDKZRUXEP3P2,2021,2,1
GDKZRUXEP3P2,2024,1,2
GDKZRUXEP3P2,2025,1,2
GDM4E6DB2L75,2018,1,1
GDY7VD6EX3L4,2024,1,1
GE6SB9D2NFM3,2021,1,1
GE6SB9D2NFM3,2023,1,1
GE7MEN1LVLR9,2023,1,1
GEF6KQTMXND5,2020,6,2
GEF6KQTMXND5,2021,3,2
GEF6KQTMXND5,2023,1,1
GEFSUS1N3474,2021,1,1
GERAVN61UL56,2020,1,2
GEWFVH8MVAH4,2025,1,1
GEXJV1ZLVDM8,2017,1,1
GEXJV1ZLVDM8,2018,1,1
GEXJV1ZLVDM8,2020,1,1
GEXJV1ZLVDM8,2021,1,1
GEXJV1ZLVDM8,2022,1,1
GEXJV1ZLVDM8,2024,6,2
GEXJV1ZLVDM8,2025,3,2
GEY3HA4ZT4C7,2018,1,1
GEY3HA4ZT4C7,2021,1,2
GEY3HA4ZT4C7,2022,1,1
GEY3HA4ZT4C7,2023,2,1
GEY3HA4ZT4C7,2024,5,1
GEY3HA4ZT4C7,2025,1,1
GF1WL93RAM91,2017,1,1
GF1WL93RAM91,2019,2,1
GF1WL93RAM91,2021,1,1
GF1WL93RAM91,2022,1,1
GF1WL93RAM91,2023,1,1
GFC8EGJU6VZ5,2024,1,1
GFKFBWG2TV98,2016,13,3
GFKFBWG2TV98,2017,11,4
GFKFBWG2TV98,2018,13,5
GFKFBWG2TV98,2019,9,4
GFKFBWG2TV98,2020,13,6
GFKFBWG2TV98,2021,14,6
GFKFBWG2TV98,2022,12,4
GFKFBWG2TV98,2023,9,5
GFKFBWG2TV98,2024,21,6
GFKFBWG2TV98,2025,26,7
GFLGUHS87T45,2021,1,2
GFNNNG97DDB3,2016,24,7
GFNNNG97DDB3,2017,25,10
GFNNNG97DDB3,2018,14,10
GFNNNG97DDB3,2019,5,4
GFNNNG97DDB3,2020,9,7
GFNNNG97DDB3,2021,8,6
GFNNNG97DDB3,2022,6,5
GFNNNG97DDB3,2023,9,4
GFNNNG97DDB3,2024,3,3
GFT8LMZNTEG2,2020,1,2
GFT8LMZNTEG2,2024,1,2
GFUGPN7K31J5,2022,2,1
GFUGPN7K31J5,2023,1,1
GGDBDDHSR198,2017,1,1
GGDBDDHSR198,2018,2,1
GGDBDDHSR198,2020,1,1
GGR9ABCTBGG5,2020,1,1
GGR9ABCTBGG5,2022,1,2
GGR9ABCTBGG5,2024,2,3
GGR9ABCTBGG5,2025,3,4
GHH7MZCN4RV1,2023,2,1
GHH7MZCN4RV1,2024,1,1
GHJQRDSYUJG8,2021,1,1
GHJQRDSYUJG8,2025,1,1
GHLLGP13Q6L1,2023,1,1
GHMJR4AX38G9,2020,1,1
GHMJR4AX38G9,2021,1,1
GHMJR4AX38G9,2022,1,1
GJ1KBJPEZL52,2016,1,1
GJ1KBJPEZL52,2017,1,1
GJ1KBJPEZL52,2019,3,3
GJ1KBJPEZL52,2020,2,2
GJ1KBJPEZL52,2021,1,1
GJ1KBJPEZL52,2022,3,4
GJ1KBJPEZL52,2023,1,1
GJ1KBJPEZL52,2024,1,1
GJ23WBJR8NV1,2016,1,1
GJ23WBJR8NV1,2020,1,1
GJ23WBJR8NV1,2021,1,2
GJ23WBJR8NV1,2022,2,2
GJ8XNYA4Z8T9,2018,1,1
GJ8XNYA4Z8T9,2021,1,1
GJ8XNYA4Z8T9,2022,1,1
GJ8XNYA4Z8T9,2023,1,1
GJ8XNYA4Z8T9,2025,4,2
GJB8DQ7GVZP5,2017,2,1
GJB8DQ7GVZP5,2019,1,1
GJJMTLUFDK77,2016,1,1
GJJMTLUFDK77,2020,1,1
GJJRLDPAL8M9,2017,2,1
GJJRLDPAL8M9,2023,2,1
GJJRLDPAL8M9,2024,1,6
GJLBDQT8K757,2018,2,2
GJLBDQT8K757,2020,1,1
GJLBDQT8K757,2022,1,1
GJLBDQT8K757,2023,2,2
GJLBDQT8K757,2024,3,3
GJLBDQT8K757,2025,1,1
GJLMWYFPMQZ7,2016,1,1
GJLMWYFPMQZ7,2018,1,1
GJLMWYFPMQZ7,2019,3,1
GJLMWYFPMQZ7,2020,4,4
GJLMWYFPMQZ7,2021,3,2
GJLMWYFPMQZ7,2022,7,5
GJLMWYFPMQZ7,2023,7,5
GJLMWYFPMQZ7,2024,3,3
GJLMWYFPMQZ7,2025,8,3
GJNAJMVMXZ13,2020,1,1
GJNAJMVMXZ13,2021,3,3
GJNAJMVMXZ13,2024,1,1
GJNAJMVMXZ13,2025,1,1
GJPLU1M2BUE5,2018,2,1
GJPLU1M2BUE5,2019,1,1
GJPLU1M2BUE5,2020,4,2
GJPLU1M2BUE5,2021,2,1
GJPLU1M2BUE5,2022,2,1
GJPLU1M2BUE5,2024,2,1
GKA7VH5LFR25,2016,3,3
GKA7VH5LFR25,2017,3,2
GKA7VH5LFR25,2018,4,3
GKA7VH5LFR25,2019,4,4
GKA7VH5LFR25,2020,3,2
GKA7VH5LFR25,2021,7,5
GKA7VH5LFR25,2022,5,4
GKA7VH5LFR25,2023,3,3
GKA7VH5LFR25,2024,10,4
GKA7VH5LFR25,2025,1,1
GKMESJNN4674,2020,1,1
GKMSN3DA6P91,2016,19,9
GKMSN3DA6P91,2017,26,12
GKMSN3DA6P91,2018,31,12
GKMSN3DA6P91,2019,31,14
GKMSN3DA6P91,2020,28,21
GKMSN3DA6P91,2021,32,20
GKMSN3DA6P91,2022,30,20
GKMSN3DA6P91,2023,47,26
GKMSN3DA6P91,2024,53,30
GKMSN3DA6P91,2025,61,29
GKPBCFV1QMM3,2016,132,48
GKPBCFV1QMM3,2017,159,61
GKPBCFV1QMM3,2018,162,57
GKPBCFV1QMM3,2019,185,73
GKPBCFV1QMM3,2020,202,77
GKPBCFV1QMM3,2021,207,89
GKPBCFV1QMM3,2022,256,102
GKPBCFV1QMM3,2023,231,92
GKPBCFV1QMM3,2024,288,116
GKPBCFV1QMM3,2025,291,114
GKPTJLFBHYX7,2020,1,1
GKPTJLFBHYX7,2021,1,1
GKPTJLFBHYX7,2022,2,1
GKPTJLFBHYX7,2023,2,2
GKT4L2JZJ622,2016,14,4
GKT4L2JZJ622,2017,17,7
GKT4L2JZJ622,2018,17,7
GKT4L2JZJ622,2019,27,9
GKT4L2JZJ622,2020,20,11
GKT4L2JZJ622,2021,15,7
GKT4L2JZJ622,2022,18,7
GKT4L2JZJ622,2023,12,6
GKT4L2JZJ622,2024,15,6
GKT4L2JZJ622,2025,6,2
GKXNVULUFLU9,2018,1,1
GKXNVULUFLU9,2019,1,1
GKXNVULUFLU9,2021,2,1
GKXNVULUFLU9,2022,1,1
GL1MD7F116L6,2021,1,1
GL1MD7F116L6,2023,2,1
GL1MD7F116L6,2024,2,1
GLJAVKF1KGM9,2022,1,1
GLJAVKF1KGM9,2023,1,1
GLJUBG1WK6F2,2016,1,1
GLJUBG1WK6F2,2017,1,1
GLJUBG1WK6F2,2018,1,1
GLJUBG1WK6F2,2019,1,1
GLKJYG8H1HS7,2017,1,1
GLKJYG8H1HS7,2018,1,1
GLKJYG8H1HS7,2020,2,2
GLKJYG8H1HS7,2023,1,2
GLP5YD2PDSG4,2025,1,1
GM1XX56LEP58,2016,2934,1035
GM1XX56LEP58,2017,2956,1172
GM1XX56LEP58,2018,2977,1262
GM1XX56LEP58,2019,2903,1320
GM1XX56LEP58,2020,3292,1502
GM1XX56LEP58,2021,3457,1594
GM1XX56LEP58,2022,3325,1617
GM1XX56LEP58,2023,3433,1623
GM1XX56LEP58,2024,3244,1633
GM1XX56LEP58,2025,3283,1641
GM3UL6PBJKD3,2021,1,2
GM3UL6PBJKD3,2023,1,1
GM5UDR4KWBS4,2021,3,1
GM5UDR4KWBS4,2022,3,1
GM5UDR4KWBS4,2023,3,1
GM5UDR4KWBS4,2024,1,1
GMDZPWS8LEG2,2017,1,1
GMDZPWS8LEG2,2018,3,1
GMDZPWS8LEG2,2020,1,1
GMDZPWS8LEG2,2021,2,1
GMDZPWS8LEG2,2022,4,1
GMDZPWS8LEG2,2023,3,1
GMDZPWS8LEG2,2024,1,1
GMR5T8P487D7,2016,20,4
GMR5T8P487D7,2017,25,4
GMR5T8P487D7,2018,64,8
GMR5T8P487D7,2019,42,7
GMR5T8P487D7,2020,71,7
GMR5T8P487D7,2021,69,7
GMR5T8P487D7,2022,49,10
GMR5T8P487D7,2023,63,13
GMR5T8P487D7,2024,104,13
GMR5T8P487D7,2025,104,13
GMSHMX5E6L85,2019,1,1
GMVGJCFKQSP8,2023,1,1
GMZUKXFDJMA9,2024,1,1
GMZUKXFDJMA9,2025,1,1
GN14A4GH44V7,2025,1,1
GN9JLYCZL7C9,2021,1,1
GNJ7BBP73WE9,2016,3206,980
GNJ7BBP73WE9,2017,3269,1146
GNJ7BBP73WE9,2018,3446,1311
GNJ7BBP73WE9,2019,3331,1355
GNJ7BBP73WE9,2020,3968,1585
GNJ7BBP73WE9,2021,3826,1573
GNJ7BBP73WE9,2022,3844,1676
GNJ7BBP73WE9,2023,3968,1762
GNJ7BBP73WE9,2024,3740,1708
GNJ7BBP73WE9,2025,3914,1812
GNNHNV9613S4,2019,1,1
GNNHNV9613S4,2020,1,1
GNP7MJLZW7F4,2019,1,1
GNYKMU6R4H64,2024,1,1
GNYKMU6R4H64,2025,1,1
GP1SKG5MFH79,2017,1,2
GP1SKG5MFH79,2018,2,2
GP1SKG5MFH79,2019,1,1
GP1SKG5MFH79,2020,2,2
GP1SKG5MFH79,2021,3,1
GP1SKG5MFH79,2022,1,1
GP1SKG5MFH79,2023,1,2
GP1SKG5MFH79,2024,1,2
GP1SKG5MFH79,2025,1,2
GP8DN2TLZKE5,2016,13,3
GP8DN2TLZKE5,2017,5,5
GP8DN2TLZKE5,2018,4,2
GP8DN2TLZKE5,2019,2,2
GP8DN2TLZKE5,2020,4,3
GP8DN2TLZKE5,2021,2,2
GP8DN2TLZKE5,2022,3,2
GP8DN2TLZKE5,2023,4,3
GP8DN2TLZKE5,2024,4,2
GP8DN2TLZKE5,2025,2,1
GQGPBER9WF54,2018,1,1
GQGPBER9WF54,2022,2,1
GQGPBER9WF54,2023,2,1
GQGPBER9WF54,2024,3,1
GQGPBER9WF54,2025,5,1
GQWFJQX2UKJ2,2016,1,5
GR1DKGELJGP8,2023,1,1
GR1DKGELJGP8,2024,1,1
GR1DKGELJGP8,2025,2,1
GRUBC16PUKX5,2018,3,1
GRUBC16PUKX5,2019,5,1
GRUBC16PUKX5,2020,4,2
GRUBC16PUKX5,2021,5,2
GRUBC16PUKX5,2024,1,2
GRWALCDP1457,2016,1,1
GRWALCDP1457,2018,1,1
GRWALCDP1457,2024,1,1
GRZ2YNG9H6E1,2016,25,3
GRZ2YNG9H6E1,2017,30,4
GRZ2YNG9H6E1,2018,10,4
GRZ2YNG9H6E1,2019,19,4
GRZ2YNG9H6E1,2020,16,5
GRZ2YNG9H6E1,2021,14,5
GRZ2YNG9H6E1,2022,19,9
GRZ2YNG9H6E1,2023,10,3
GRZ2YNG9H6E1,2024,8,5
GRZ2YNG9H6E1,2025,5,3
GS3YEVSS12N6,2016,725,318
GS3YEVSS12N6,2017,792,355
GS3YEVSS12N6,2018,830,395
GS3YEVSS12N6,2019,794,392
GS3YEVSS12N6,2020,803,413
GS3YEVSS12N6,2021,863,411
GS3YEVSS12N6,2022,816,425
GS3YEVSS12N6,2023,851,406
GS3YEVSS12N6,2024,898,422
GS3YEVSS12N6,2025,917,433
GS83KJAB4525,2025,1,1
GSAHEHG8MNL7,2016,30,2
GSAHEHG8MNL7,2017,18,1
GSAHEHG8MNL7,2018,29,2
GSAHEHG8MNL7,2019,24,2
GSAHEHG8MNL7,2020,24,2
GSAHEHG8MNL7,2021,23,2
GSAHEHG8MNL7,2022,43,2
GSAHEHG8MNL7,2023,25,2
GSAHEHG8MNL7,2024,10,2
GSAHEHG8MNL7,2025,14,1
GSH1NF35LK69,2022,1,1
GSH6GDCYLQN5,2019,1,1
GSH6GDCYLQN5,2020,2,2
GSH6GDCYLQN5,2021,1,1
GSWNHA3JGZ93,2019,1,1
GSWNHA3JGZ93,2021,1,1
GSWNHA3JGZ93,2023,1,1
GT28BRBA2Q49,2016,102,19
GT28BRBA2Q49,2017,82,19
GT28BRBA2Q49,2018,95,22
GT28BRBA2Q49,2019,87,18
GT28BRBA2Q49,2020,90,23
GT28BRBA2Q49,2021,97,23
GT28BRBA2Q49,2022,93,13
GT28BRBA2Q49,2023,88,19
GT28BRBA2Q49,2024,49,17
GT28BRBA2Q49,2025,32,14
GTDVYFYXCFF7,2020,1,1
GTJHZE4M7YK1,2016,1,1
GTJHZE4M7YK1,2017,1,1
GTNBNWXJ12D5,2016,638,166
GTNBNWXJ12D5,2017,647,207
GTNBNWXJ12D5,2018,653,254
GTNBNWXJ12D5,2019,703,293
GTNBNWXJ12D5,2020,743,346
GTNBNWXJ12D5,2021,799,381
GTNBNWXJ12D5,2022,742,380
GTNBNWXJ12D5,2023,824,415
GTNBNWXJ12D5,2024,818,460
GTNBNWXJ12D5,2025,867,489
GTPCCLD8LK26,2016,1,2
GTPCCLD8LK26,2017,2,1
GTPCCLD8LK26,2019,2,1
GUQGJA4CTBF1,2016,1,1
GUQGJA4CTBF1,2017,2,2
GUQGJA4CTBF1,2019,1,2
GUV4CZLZE5Z2,2023,2,2
GUV4CZLZE5Z2,2024,1,2
GUZKW18N99Y8,2025,1,1
GV31TMFLPY88,2016,106,45
GV31TMFLPY88,2017,92,56
GV31TMFLPY88,2018,104,61
GV31TMFLPY88,2019,82,57
GV31TMFLPY88,2020,122,69
GV31TMFLPY88,2021,117,69
GV31TMFLPY88,2022,114,69
GV31TMFLPY88,2023,154,86
GV31TMFLPY88,2024,129,86
GV31TMFLPY88,2025,143,92
GV7VALHZMNR7,2020,2,2
GV7VALHZMNR7,2021,1,2
GV7VALHZMNR7,2022,1,2
GV7VALHZMNR7,2023,2,2
GV87HMJJ2FD5,2020,2,2
GV87HMJJ2FD5,2021,1,2
GVD4XBVYD9J5,2016,2,2
GVD4XBVYD9J5,2025,1,1
GVHYYXAME436,2023,1,1
GVXFSF8QCKC7,2018,1,1
GW6NF3RJFSH8,2017,1,1
GW6NF3RJFSH8,2019,1,1
GW6NF3RJFSH8,2021,1,1
GWCTP4CQ1E65,2016,15,5
GWCTP4CQ1E65,2017,15,7
GWCTP4CQ1E65,2018,13,6
GWCTP4CQ1E65,2019,14,9
GWCTP4CQ1E65,2020,18,8
GWCTP4CQ1E65,2021,14,6
GWCTP4CQ1E65,2022,20,8
GWCTP4CQ1E65,2023,31,10
GWCTP4CQ1E65,2024,26,8
GWCTP4CQ1E65,2025,19,4
GWGDBN4PE928,2016,1,2
GWHGLACPKJR5,2016,1,1
GWHGLACPKJR5,2017,2,1
GWHGLACPKJR5,2018,2,1
GWV9U96UKR38,2025,1,1
GX1TUDQ8F9M5,2016,8,1
GX1TUDQ8F9M5,2017,4,1
GX1TUDQ8F9M5,2018,3,3
GX1TUDQ8F9M5,2019,1,1
GX1TUDQ8F9M5,2020,5,2
GX1TUDQ8F9M5,2023,6,4
GX1TUDQ8F9M5,2024,7,3
GX1TUDQ8F9M5,2025,5,4
GX6ELAY5M4N9,2016,17,4
GX6ELAY5M4N9,2017,18,4
GX6ELAY5M4N9,2018,15,8
GX6ELAY5M4N9,2019,17,7
GX6ELAY5M4N9,2020,25,6
GX6ELAY5M4N9,2021,18,6
GX6ELAY5M4N9,2022,11,5
GX6ELAY5M4N9,2023,10,5
GX6ELAY5M4N9,2024,14,5
GX6ELAY5M4N9,2025,5,3
GXNFA6RYTKW3,2025,1,1
GXR2KU9K3M14,2018,1,1
GXR2KU9K3M14,2020,1,1
GXR2KU9K3M14,2023,2,1
GXR2KU9K3M14,2024,2,1
GY6VN2CMD1H3,2019,1,1
GY6VN2CMD1H3,2020,1,1
GY6VN2CMD1H3,2021,2,1
GY6VN2CMD1H3,2022,1,1
GY6VN2CMD1H3,2023,1,1
GY6VN2CMD1H3,2024,1,1
GY8NMUZQXVS7,2016,288,99
GY8NMUZQXVS7,2017,353,117
GY8NMUZQXVS7,2018,340,129
GY8NMUZQXVS7,2019,370,149
GY8NMUZQXVS7,2020,409,177
GY8NMUZQXVS7,2021,395,180
GY8NMUZQXVS7,2022,456,178
GY8NMUZQXVS7,2023,473,189
GY8NMUZQXVS7,2024,424,180
GY8NMUZQXVS7,2025,396,175
GYLUH9UXHDX5,2016,1786,410
GYLUH9UXHDX5,2017,1615,482
GYLUH9UXHDX5,2018,1748,533
GYLUH9UXHDX5,2019,1742,607
GYLUH9UXHDX5,2020,1830,672
GYLUH9UXHDX5,2021,2009,714
GYLUH9UXHDX5,2022,1853,736
GYLUH9UXHDX5,2023,1960,751
GYLUH9UXHDX5,2024,1961,783
GYLUH9UXHDX5,2025,2035,823
GYQBAK48EMK3,2025,1,1
GYU1MCQEXNL5,2016,3,1
GYWMGXX59Z58,2017,1,1
GZ31A3JSWNF5,2017,2,1
GZ31A3JSWNF5,2018,1,1
GZ5WW5GZY2A5,2016,26,4
GZ5WW5GZY2A5,2017,15,3
GZ5WW5GZY2A5,2018,26,5
GZ5WW5GZY2A5,2019,23,5
GZ5WW5GZY2A5,2020,11,3
GZ5WW5GZY2A5,2021,9,3
GZ5WW5GZY2A5,2022,8,4
GZ5WW5GZY2A5,2023,13,5
GZ5WW5GZY2A5,2024,12,3
GZ5WW5GZY2A5,2025,12,3
GZ6NCMJFL6R4,2016,2,1
GZ6NCMJFL6R4,2017,2,1
GZ6NCMJFL6R4,2025,1,1
GZFHPNZD9SD7,2023,1,1
GZFHPNZD9SD7,2024,1,1
GZK6V6LL3SM8,2023,1,1
GZNJSM9ELXB3,2022,1,2
GZNJSM9ELXB3,2023,1,1
GZRNJ1GZDBM1,2016,6,2
GZRNJ1GZDBM1,2017,4,4
GZRNJ1GZDBM1,2018,6,4
GZRNJ1GZDBM1,2019,1,2
GZRNJ1GZDBM1,2020,1,2
GZRNJ1GZDBM1,2021,3,3
GZRNJ1GZDBM1,2022,1,1
GZRNJ1GZDBM1,2023,1,1
GZRNJ1GZDBM1,2024,4,3
GZRNJ1GZDBM1,2025,2,1
GZUUVCTL4U89,2024,1,1
GZYNUKFEJRN5,2017,2,1
GZYNUKFEJRN5,2019,1,2
GZYNUKFEJRN5,2022,1,1
H17BGQ86LAR4,2018,1,1
H17BGQ86LAR4,2021,1,1
H17BGQ86LAR4,2023,1,1
H17BGQ86LAR4,2024,3,1
H17BGQ86LAR4,2025,3,1
H1EQZ5W49ZV3,2019,1,1
H1EQZ5W49ZV3,2021,2,1
H1EQZ5W49ZV3,2022,1,3
H1EQZ5W49ZV3,2023,5,4
H1EQZ5W49ZV3,2024,7,3
H1EQZ5W49ZV3,2025,8,6
H1HYA8Z1NTM5,2016,678,256
H1HYA8Z1NTM5,2017,699,299
H1HYA8Z1NTM5,2018,699,309
H1HYA8Z1NTM5,2019,651,336
H1HYA8Z1NTM5,2020,758,368
H1HYA8Z1NTM5,2021,779,402
H1HYA8Z1NTM5,2022,762,394
H1HYA8Z1NTM5,2023,832,413
H1HYA8Z1NTM5,2024,760,403
H1HYA8Z1NTM5,2025,891,424
H1N6WSMKFR54,2019,1,1
H1THZE49MJF7,2021,1,2
H1THZE49MJF7,2023,1,2
H1TYS4PK8EC5,2016,36,20
H1TYS4PK8EC5,2017,54,20
H1TYS4PK8EC5,2018,42,23
H1TYS4PK8EC5,2019,68,28
H1TYS4PK8EC5,2020,97,29
H1TYS4PK8EC5,2021,94,32
H1TYS4PK8EC5,2022,101,35
H1TYS4PK8EC5,2023,97,45
H1TYS4PK8EC5,2024,82,43
H1TYS4PK8EC5,2025,70,46
H2BMNX7DSKU8,2016,56,17
H2BMNX7DSKU8,2017,84,23
H2BMNX7DSKU8,2018,60,20
H2BMNX7DSKU8,2019,89,34
H2BMNX7DSKU8,2020,86,27
H2BMNX7DSKU8,2021,113,35
H2BMNX7DSKU8,2022,122,42
H2BMNX7DSKU8,2023,131,51
H2BMNX7DSKU8,2024,152,64
H2BMNX7DSKU8,2025,184,72
H2HNJZH9VWT8,2021,1,1
H2PAEG9HXQY3,2021,1,1
H2PAEG9HXQY3,2022,1,1
H33FSMVGKNK3,2025,1,1
H35NAFC832C3,2024,1,1
H37GLKECDJ68,2017,1,1
H37GLKECDJ68,2018,3,1
H37GLKECDJ68,2019,1,1
H37GLKECDJ68,2020,2,1
H37GLKECDJ68,2021,1,1
H3NLLKAW2NP8,2024,1,1
H3NLLKAW2NP8,2025,1,1
H3R1MLL2VLT7,2024,2,2
H3R1MLL2VLT7,2025,5,4
H3WKMCF9V1D3,2017,2,1
H3WKMCF9V1D3,2018,4,1
H3WKMCF9V1D3,2019,3,2
H3WKMCF9V1D3,2020,1,1
H3WKMCF9V1D3,2021,2,2
H3WKMCF9V1D3,2022,4,3
H3WKMCF9V1D3,2023,1,2
H3WXH47J27H7,2023,1,2
H3WXH47J27H7,2024,1,2
H3WXH47J27H7,2025,3,3
H3ZMV3VXHPP7,2019,1,1
H3ZMV3VXHPP7,2020,2,1
H44FTK25AME3,2016,4,1
H44FTK25AME3,2017,1,2
H44FTK25AME3,2019,5,2
H44FTK25AME3,2020,2,2
H44FTK25AME3,2021,2,3
H44FTK25AME3,2022,3,1
H44FTK25AME3,2024,1,1
H44FTK25AME3,2025,3,1
H4CAHK2RD945,2016,4,3
H4CAHK2RD945,2017,17,9
H4CAHK2RD945,2018,34,12
H4CAHK2RD945,2019,30,15
H4CAHK2RD945,2020,42,12
H4CAHK2RD945,2021,31,18
H4CAHK2RD945,2022,25,11
H4CAHK2RD945,2023,30,19
H4CAHK2RD945,2024,32,15
H4CAHK2RD945,2025,33,20
H4VNDUN2VWU5,2016,13,10
H4VNDUN2VWU5,2017,15,10
H4VNDUN2VWU5,2018,18,11
H4VNDUN2VWU5,2019,26,13
H4VNDUN2VWU5,2020,21,11
H4VNDUN2VWU5,2021,29,9
H4VNDUN2VWU5,2022,24,8
H4VNDUN2VWU5,2023,29,13
H4VNDUN2VWU5,2024,28,13
H4VNDUN2VWU5,2025,23,13
H534D2GJMQD3,2016,1,1
H534D2GJMQD3,2017,1,1
H534D2GJMQD3,2021,1,1
H534D2GJMQD3,2023,1,1
H58CPAYE6UE5,2016,2,1
H58CPAYE6UE5,2017,1,1
H58CPAYE6UE5,2018,5,2
H58CPAYE6UE5,2019,1,1
H58CPAYE6UE5,2020,3,3
H58CPAYE6UE5,2021,1,1
H58CPAYE6UE5,2022,3,2
H58CPAYE6UE5,2023,7,3
H58CPAYE6UE5,2024,9,4
H58CPAYE6UE5,2025,9,4
H58TR2D7DNE3,2016,80,38
H58TR2D7DNE3,2017,76,39
H58TR2D7DNE3,2018,90,40
H58TR2D7DNE3,2019,60,46
H58TR2D7DNE3,2020,79,39
H58TR2D7DNE3,2021,70,38
H58TR2D7DNE3,2022,72,41
H58TR2D7DNE3,2023,85,41
H58TR2D7DNE3,2024,66,37
H58TR2D7DNE3,2025,72,39
H59JKGFZKHL7,2016,145,56
H59JKGFZKHL7,2017,168,74
H59JKGFZKHL7,2018,155,79
H59JKGFZKHL7,2019,157,73
H59JKGFZKHL7,2020,159,81
H59JKGFZKHL7,2021,168,85
H59JKGFZKHL7,2022,162,79
H59JKGFZKHL7,2023,140,78
H59JKGFZKHL7,2024,161,80
H59JKGFZKHL7,2025,187,86
H5CKS454W1T3,2016,1,2
H5CKS454W1T3,2019,1,1
H5CKS454W1T3,2023,1,2
H5F1MMEAMCM3,2021,1,1
H5F1MMEAMCM3,2022,1,1
H5G9NWEFHXN4,2016,253,55
H5G9NWEFHXN4,2017,258,71
H5G9NWEFHXN4,2018,293,83
H5G9NWEFHXN4,2019,301,93
H5G9NWEFHXN4,2020,354,100
H5G9NWEFHXN4,2021,400,120
H5G9NWEFHXN4,2022,397,140
H5G9NWEFHXN4,2023,505,141
H5G9NWEFHXN4,2024,537,138
H5G9NWEFHXN4,2025,563,154
H5LUUPDFFCK7,2018,1,1
H5UJCPYHJM34,2019,1,1
H5UJCPYHJM34,2020,1,2
H5UJCPYHJM34,2021,1,1
H5UJCPYHJM34,2023,1,1
H5UJCPYHJM34,2024,2,1
H62UKEZJ9E83,2016,1,1
H65GNDPBTRY7,2016,11,7
H65GNDPBTRY7,2017,9,4
H65GNDPBTRY7,2018,25,10
H65GNDPBTRY7,2019,25,12
H65GNDPBTRY7,2020,24,11
H65GNDPBTRY7,2021,18,10
H65GNDPBTRY7,2022,19,10
H65GNDPBTRY7,2023,17,7
H65GNDPBTRY7,2024,21,11
H65GNDPBTRY7,2025,18,8
H68RXEVTQCG5,2019,2,1
H68RXEVTQCG5,2020,1,1
H6D6JMXJXDE6,2016,228,107
H6D6JMXJXDE6,2017,231,115
H6D6JMXJXDE6,2018,221,141
H6D6JMXJXDE6,2019,213,143
H6D6JMXJXDE6,2020,288,165
H6D6JMXJXDE6,2021,270,175
H6D6JMXJXDE6,2022,287,185
H6D6JMXJXDE6,2023,331,200
H6D6JMXJXDE6,2024,293,188
H6D6JMXJXDE6,2025,271,168
H6DNZXT5MMT1,2017,2,2
H6DNZXT5MMT1,2019,1,5
H6DNZXT5MMT1,2020,2,3
H6DNZXT5MMT1,2021,6,6
H6DNZXT5MMT1,2022,1,2
H6DNZXT5MMT1,2024,2,3
H6EHGAYPX5Q5,2025,2,2
H6N1ZF5HJ2G3,2016,885,183
H6N1ZF5HJ2G3,2017,795,223
H6N1ZF5HJ2G3,2018,800,263
H6N1ZF5HJ2G3,2019,759,304
H6N1ZF5HJ2G3,2020,947,326
H6N1ZF5HJ2G3,2021,1021,365
H6N1ZF5HJ2G3,2022,1042,382
H6N1ZF5HJ2G3,2023,891,387
H6N1ZF5HJ2G3,2024,881,407
H6N1ZF5HJ2G3,2025,862,384
H6N2Y333JHS5,2024,1,1
H6N2Y333JHS5,2025,1,1
H6Z9K3JQEKD7,2017,2,1
H71FNSTNQVC4,2023,1,1
H762ZD9TLFU7,2022,1,1
H762ZD9TLFU7,2024,1,1
H766VX8JTEB3,2022,3,1
H766VX8JTEB3,2023,1,1
H766VX8JTEB3,2024,2,1
H7CJA7NX9WN3,2016,2,1
H7CJA7NX9WN3,2017,5,2
H7CJA7NX9WN3,2018,2,1
H7CJA7NX9WN3,2020,1,1
H7CJA7NX9WN3,2022,1,1
H7EQKJLW3N11,2021,1,1
H7EQKJLW3N11,2022,1,1
H7EQKJLW3N11,2025,1,1
H84BM1BBK129,2018,1,1
H87CXYZCSDM6,2020,1,1
H8AQL3HN4PM8,2018,3,2
H8AQL3HN4PM8,2019,7,4
H8AQL3HN4PM8,2020,7,4
H8AQL3HN4PM8,2021,1,1
H8AQL3HN4PM8,2022,1,1
H8AQL3HN4PM8,2023,1,3
H8AQL3HN4PM8,2024,4,3
H8AQL3HN4PM8,2025,4,5
H8DXCFZ51KK2,2024,3,1
H8DXCFZ51KK2,2025,2,1
H8L1ZGQ62AP9,2017,2,1
H8L1ZGQ62AP9,2018,1,1
H8L1ZGQ62AP9,2019,3,1
H8L1ZGQ62AP9,2020,2,1
H8L1ZGQ62AP9,2021,1,1
H8L1ZGQ62AP9,2022,2,1
H8L1ZGQ62AP9,2023,1,1
H8L1ZGQ62AP9,2024,1,1
H8L1ZGQ62AP9,2025,2,1
H8MEQ3719HM3,2017,1,1
H8MEQ3719HM3,2019,1,1
H8MEQ3719HM3,2020,2,2
H8UUZXJ7EDS1,2025,1,1
H93DMA2RBMS1,2025,1,1
H97VG2NZKLK5,2020,3,2
H97VG2NZKLK5,2021,1,1
H97VG2NZKLK5,2022,1,1
H97VG2NZKLK5,2024,3,5
H9JJHWJVHNK4,2016,1,1
HA17F32KXEV8,2016,1,1
HA17F32KXEV8,2017,2,2
HA17F32KXEV8,2018,1,1
HA17F32KXEV8,2019,2,2
HA17F32KXEV8,2021,1,1
HA17F32KXEV8,2022,1,1
HA17F32KXEV8,2023,1,1
HA6KN1AL2486,2020,1,1
HA6KN1AL2486,2021,1,1
HA6KN1AL2486,2023,1,1
HADCRYL89P49,2023,1,1
HADCRYL89P49,2024,1,1
HAQGXY4K5956,2022,1,1
HAQGXY4K5956,2023,1,1
HAQGXY4K5956,2024,1,1
HAZLQLR43591,2018,1,1
HB4LN3AQR226,2025,1,1
HB6KNGVNJRU1,2017,1,1
HB6KNGVNJRU1,2019,1,1
HB6KNGVNJRU1,2022,1,1
HB6KNGVNJRU1,2023,1,1
HB6KNGVNJRU1,2024,1,1
HB6KNGVNJRU1,2025,1,1
HB8HEMLHJUJ4,2016,3,1
HB8HEMLHJUJ4,2017,1,1
HB8HEMLHJUJ4,2018,3,2
HB8HEMLHJUJ4,2019,5,3
HB8HEMLHJUJ4,2020,3,3
HB8HEMLHJUJ4,2021,7,4
HB8HEMLHJUJ4,2022,10,3
HB8HEMLHJUJ4,2023,7,2
HB8HEMLHJUJ4,2024,4,4
HB8HEMLHJUJ4,2025,1,1
HBF9RH8CGJX3,2021,2,1
HBF9RH8CGJX3,2022,2,1
HBF9RH8CGJX3,2025,1,1
HBFBKCTJRL55,2018,1,1
HBFBKCTJRL55,2019,1,1
HBTSD5J8NL84,2021,1,1
HBTSD5J8NL84,2024,2,1
HCASLE3WAJD1,2019,1,1
HCASLE3WAJD1,2023,1,1
HCASLE3WAJD1,2024,1,1
HCXHVBD9HKN9,2024,1,1
HD1WMN6945W6,2016,2678,758
HD1WMN6945W6,2017,2580,862
HD1WMN6945W6,2018,2602,972
HD1WMN6945W6,2019,2490,1042
HD1WMN6945W6,2020,2761,1135
HD1WMN6945W6,2021,2918,1204
HD1WMN6945W6,2022,2825,1195
HD1WMN6945W6,2023,3108,1309
HD1WMN6945W6,2024,2862,1298
HD1WMN6945W6,2025,2892,1258
HD5MTZEGX7W4,2025,3,1
HDLNBXMMCMN9,2025,1,1
HDM5CZ7LTDA4,2023,1,1
HDM5CZ7LTDA4,2025,1,1
HE54H48SHFH4,2021,2,1
HE54H48SHFH4,2022,5,1
HE54H48SHFH4,2023,4,2
HE54H48SHFH4,2024,2,1
HE54H48SHFH4,2025,1,2
HEFXHHLVL9G1,2022,1,1
HEGURQ5WJRQ9,2023,1,1
HEPWWVBLM4C5,2020,1,1
HF7MJJDVQQX5,2017,2,2
HF7MJJDVQQX5,2018,1,1
HF7MJJDVQQX5,2019,2,1
HF7MJJDVQQX5,2020,2,2
HF7MJJDVQQX5,2021,2,3
HF7MJJDVQQX5,2022,1,1
HF7WN2N6GB43,2021,1,1
HF7WN2N6GB43,2024,2,1
HF81Y1S5GT46,2018,1,1
HF81Y1S5GT46,2021,2,1
HF81Y1S5GT46,2022,2,1
HF81Y1S5GT46,2023,2,1
HF81Y1S5GT46,2024,9,1
HFGXJFZYFBK9,2016,29,7
HFGXJFZYFBK9,2017,31,7
HFGXJFZYFBK9,2018,23,7
HFGXJFZYFBK9,2019,19,7
HFGXJFZYFBK9,2020,22,9
HFGXJFZYFBK9,2021,15,12
HFGXJFZYFBK9,2022,23,12
HFGXJFZYFBK9,2023,20,13
HFGXJFZYFBK9,2024,21,11
HFGXJFZYFBK9,2025,14,7
HFJRBHKCBPR5,2016,1,1
HFJRBHKCBPR5,2017,2,1
HFJRBHKCBPR5,2018,8,1
HFJRBHKCBPR5,2019,5,1
HFJRBHKCBPR5,2020,1,1
HFJRBHKCBPR5,2021,5,1
HFJRBHKCBPR5,2022,5,1
HFJRBHKCBPR5,2023,3,1
HFJRBHKCBPR5,2024,2,1
HFLFWGRP7YL5,2018,1,2
HFLFWGRP7YL5,2019,1,2
HFLFWGRP7YL5,2020,5,2
HFLFWGRP7YL5,2021,5,2
HFLFWGRP7YL5,2022,5,2
HFLFWGRP7YL5,2023,2,2
HFLFWGRP7YL5,2024,2,2
HFLFWGRP7YL5,2025,2,2
HFT7XTHB6563,2016,141,62
HFT7XTHB6563,2017,164,71
HFT7XTHB6563,2018,158,79
HFT7XTHB6563,2019,137,81
HFT7XTHB6563,2020,152,100
HFT7XTHB6563,2021,162,105
HFT7XTHB6563,2022,166,133
HFT7XTHB6563,2023,151,116
HFT7XTHB6563,2024,147,107
HFT7XTHB6563,2025,163,119
HFVPWLV7WAJ3,2016,1,1
HFVPWLV7WAJ3,2022,3,1
HFVPWLV7WAJ3,2023,4,2
HFVPWLV7WAJ3,2024,6,4
HFVPWLV7WAJ3,2025,9,3
HFW2MYZMLMP6,2021,1,1
HFW2MYZMLMP6,2023,1,1
HGAAKCE3A7P7,2016,64,9
HGAAKCE3A7P7,2017,52,8
HGAAKCE3A7P7,2018,30,8
HGAAKCE3A7P7,2019,27,8
HGAAKCE3A7P7,2020,33,10
HGAAKCE3A7P7,2021,37,10
HGAAKCE3A7P7,2022,41,9
HGAAKCE3A7P7,2023,38,8
HGAAKCE3A7P7,2024,27,8
HGAAKCE3A7P7,2025,16,6
HGADQ8GL9PX1,2019,3,2
HGADQ8GL9PX1,2020,3,2
HGADQ8GL9PX1,2021,9,3
HGADQ8GL9PX1,2022,4,2
HGADQ8GL9PX1,2023,4,2
HGADQ8GL9PX1,2024,6,3
HGADQ8GL9PX1,2025,4,2
HGQGMW7VQPC8,2016,2,2
HGQGMW7VQPC8,2018,3,2
HGQGMW7VQPC8,2019,1,1
HGQGMW7VQPC8,2022,1,1
HGQGMW7VQPC8,2025,1,1
HGSVBWNGPE94,2022,1,1
HGSVBWNGPE94,2023,2,1
HGU2SLP22BK2,2024,3,1
HGU2SLP22BK2,2025,1,1
HGUMFB14NFU3,2023,1,1
HGWPD7EWNWK4,2016,4,2
HGWPD7EWNWK4,2017,3,2
HGWPD7EWNWK4,2018,8,2
HGWPD7EWNWK4,2019,4,2
HGWPD7EWNWK4,2020,2,2
HGWPD7EWNWK4,2021,1,1
HH1NQ1B5MPV3,2016,83,6
HH1NQ1B5MPV3,2017,52,9
HH1NQ1B5MPV3,2018,44,9
HH1NQ1B5MPV3,2019,58,16
HH1NQ1B5MPV3,2020,64,20
HH1NQ1B5MPV3,2021,78,19
HH1NQ1B5MPV3,2022,81,18
HH1NQ1B5MPV3,2023,72,20
HH1NQ1B5MPV3,2024,71,20
HH1NQ1B5MPV3,2025,51,15
HH9LT9M9B3N4,2016,1,1
HH9LT9M9B3N4,2017,1,1
HH9LT9M9B3N4,2018,2,1
HH9LT9M9B3N4,2022,2,1
HH9LT9M9B3N4,2023,1,1
HH9LT9M9B3N4,2025,3,2
HHJ4JD7CEHZ5,2016,3,1
HHJ4JD7CEHZ5,2019,1,1
HHJ4JD7CEHZ5,2020,1,1
HHJ4JD7CEHZ5,2021,1,1
HHJ4JD7CEHZ5,2025,1,2
HHQ6JMDL6YT6,2018,1,1
HHQ6JMDL6YT6,2020,1,1
HHQ6JMDL6YT6,2021,1,1
HHQ6JMDL6YT6,2022,1,1
HHU2ZJ8DFTC8,2018,2,2
HHU2ZJ8DFTC8,2019,1,1
HHVJKY3ULQV6,2016,11,4
HHVJKY3ULQV6,2017,6,5
HHVJKY3ULQV6,2018,5,6
HHVJKY3ULQV6,2019,6,7
HHVJKY3ULQV6,2020,3,1
HHVJKY3ULQV6,2021,18,6
HHVJKY3ULQV6,2022,7,3
HHVJKY3ULQV6,2023,5,4
HHVJKY3ULQV6,2024,6,4
HHVJKY3ULQV6,2025,7,6
HHW8AALKF2L1,2024,1,1
HJ46NHNMRF13,2019,1,2
HJA3VPDBM6T4,2017,1,1
HJA3VPDBM6T4,2018,1,1
HJB2H6LTWKQ3,2016,1,1
HJB2H6LTWKQ3,2023,1,1
HJD6G4D6TJY5,2016,2340,819
HJD6G4D6TJY5,2017,2532,964
HJD6G4D6TJY5,2018,2523,1101
HJD6G4D6TJY5,2019,2318,1136
HJD6G4D6TJY5,2020,2711,1230
HJD6G4D6TJY5,2021,2745,1334
HJD6G4D6TJY5,2022,2888,1406
HJD6G4D6TJY5,2023,2862,1429
HJD6G4D6TJY5,2024,2817,1463
HJD6G4D6TJY5,2025,3031,1509
HJDCHLCY3RF1,2018,8,2
HJDCHLCY3RF1,2019,4,1
HJDCHLCY3RF1,2020,2,1
HJDCHLCY3RF1,2021,4,2
HJFTTHWQ97R4,2021,1,1
HJFTTHWQ97R4,2022,1,1
HJL7S6MUNL85,2016,1,1
HJL7S6MUNL85,2017,5,1
HJL7S6MUNL85,2020,2,2
HJL7S6MUNL85,2021,3,2
HJL7S6MUNL85,2022,1,1
HJL7S6MUNL85,2023,2,1
HJL7S6MUNL85,2025,2,2
HJMKEF7EJW69,2016,1109,358
HJMKEF7EJW69,2017,1054,382
HJMKEF7EJW69,2018,1088,440
HJMKEF7EJW69,2019,1015,455
HJMKEF7EJW69,2020,1086,467
HJMKEF7EJW69,2021,1121,516
HJMKEF7EJW69,2022,1032,521
HJMKEF7EJW69,2023,902,499
HJMKEF7EJW69,2024,937,486
HJMKEF7EJW69,2025,956,497
HJNQME41NBU4,2016,35,13
HJNQME41NBU4,2017,32,16
HJNQME41NBU4,2018,35,15
HJNQME41NBU4,2019,29,14
HJNQME41NBU4,2020,32,16
HJNQME41NBU4,2021,31,16
HJNQME41NBU4,2022,34,20
HJNQME41NBU4,2023,50,27
HJNQME41NBU4,2024,41,20
HJNQME41NBU4,2025,57,21
HJQSAMLJY9M3,2016,20,6
HJQSAMLJY9M3,2017,31,8
HJQSAMLJY9M3,2018,24,5
HJQSAMLJY9M3,2019,28,10
HJQSAMLJY9M3,2020,13,7
HJQSAMLJY9M3,2021,18,6
HJQSAMLJY9M3,2022,16,8
HJQSAMLJY9M3,2023,18,9
HJQSAMLJY9M3,2024,21,9
HJQSAMLJY9M3,2025,18,8
HJT3V4D7LMF8,2016,1,1
HJT3V4D7LMF8,2017,1,3
HJT3V4D7LMF8,2019,1,3
HJT3V4D7LMF8,2021,1,1
HJT3V4D7LMF8,2022,1,1
HJT3V4D7LMF8,2023,1,1
HJT3V4D7LMF8,2024,2,2
HJT3V4D7LMF8,2025,1,2
HJTLACN81NK1,2016,20,8
HJTLACN81NK1,2017,21,13
HJTLACN81NK1,2018,24,10
HJTLACN81NK1,2019,18,12
HJTLACN81NK1,2020,31,11
HJTLACN81NK1,2021,30,16
HJTLACN81NK1,2022,22,11
HJTLACN81NK1,2023,30,18
HJTLACN81NK1,2024,26,17
HJTLACN81NK1,2025,26,19
HJTNTC61BNT3,2017,2,1
HJVMCLNHEZ49,2024,1,1
HK1ZZJKA73L1,2016,14,1
HK1ZZJKA73L1,2017,5,1
HK1ZZJKA73L1,2018,9,1
HK1ZZJKA73L1,2019,8,1
HK1ZZJKA73L1,2020,25,2
HK1ZZJKA73L1,2021,19,1
HK1ZZJKA73L1,2022,24,1
HK1ZZJKA73L1,2023,24,1
HK1ZZJKA73L1,2024,25,1
HK1ZZJKA73L1,2025,52,1
HKDXUVASHNE4,2016,56,10
HKDXUVASHNE4,2017,36,14
HKDXUVASHNE4,2018,44,14
HKDXUVASHNE4,2019,31,16
HKDXUVASHNE4,2020,30,12
HKDXUVASHNE4,2021,25,11
HKDXUVASHNE4,2022,20,11
HKDXUVASHNE4,2023,13,6
HKDXUVASHNE4,2024,16,7
HKDXUVASHNE4,2025,12,6
HKJCKTFJNBM7,2016,31,20
HKJCKTFJNBM7,2017,35,24
HKJCKTFJNBM7,2018,51,34
HKJCKTFJNBM7,2019,39,30
HKJCKTFJNBM7,2020,53,33
HKJCKTFJNBM7,2021,54,36
HKJCKTFJNBM7,2022,59,27
HKJCKTFJNBM7,2023,61,36
HKJCKTFJNBM7,2024,61,33
HKJCKTFJNBM7,2025,68,37
HKM9P8EYEMJ6,2016,36,1
HKM9P8EYEMJ6,2017,35,2
HKM9P8EYEMJ6,2018,36,3
HKM9P8EYEMJ6,2019,47,3
HKM9P8EYEMJ6,2020,35,4
HKM9P8EYEMJ6,2021,21,4
HKM9P8EYEMJ6,2022,26,1
HKM9P8EYEMJ6,2023,24,3
HKM9P8EYEMJ6,2024,25,3
HKM9P8EYEMJ6,2025,25,2
HKRCLDA9BG75,2016,1,1
HKRCLDA9BG75,2018,1,1
HKRCLDA9BG75,2019,1,1
HKRCLDA9BG75,2021,1,1
HKRCLDA9BG75,2024,1,1
HKRCLDA9BG75,2025,2,2
HKU8TL9TT2R5,2018,2,3
HKU8TL9TT2R5,2019,1,1
HKU8TL9TT2R5,2020,3,3
HKU8TL9TT2R5,2021,2,2
HKU8TL9TT2R5,2023,1,1
HKU8TL9TT2R5,2024,1,1
HL3NPM25XYG7,2023,1,1
HL3NPM25XYG7,2024,1,2
HL6UPT9J6RA7,2022,2,1
HL6UPT9J6RA7,2023,1,1
HL6UPT9J6RA7,2024,1,1
HLB7STLJB973,2018,1,1
HLB7STLJB973,2019,2,1
HLB7STLJB973,2020,1,1
HLCBZM872A89,2023,2,1
HLCREWKYMJ13,2021,2,2
HLESZNCGFZD6,2020,2,1
HLESZNCGFZD6,2021,1,1
HLESZNCGFZD6,2022,1,1
HLESZNCGFZD6,2023,1,1
HLKDDRDLJAP9,2020,13,1
HLKDDRDLJAP9,2021,15,1
HLKDDRDLJAP9,2022,19,1
HLKDDRDLJAP9,2023,2,1
HLLEW3GUYDM5,2022,1,1
HLLGHKT1WBF1,2024,1,1
HLMAUZLBGAF1,2017,1,1
HLMAUZLBGAF1,2018,2,1
HLMAUZLBGAF1,2023,1,1
HLMPJLSDCXM4,2019,3,2
HLMPJLSDCXM4,2020,2,2
HLTMVS2JZBS6,2016,186,66
HLTMVS2JZBS6,2017,191,85
HLTMVS2JZBS6,2018,231,105
HLTMVS2JZBS6,2019,273,106
HLTMVS2JZBS6,2020,285,113
HLTMVS2JZBS6,2021,263,116
HLTMVS2JZBS6,2022,281,140
HLTMVS2JZBS6,2023,263,131
HLTMVS2JZBS6,2024,280,135
HLTMVS2JZBS6,2025,313,146
HLVEXZFJKCF2,2022,2,2
HLVEXZFJKCF2,2023,2,2
HLVEXZFJKCF2,2024,1,1
HLVEXZFJKCF2,2025,1,1
HM2CXTNLMWF3,2019,1,1
HM2CXTNLMWF3,2024,1,1
HM7JM8VY2GD4,2020,1,1
HM7JM8VY2GD4,2021,1,1
HM7JM8VY2GD4,2022,2,2
HM7JM8VY2GD4,2024,1,1
HM7JM8VY2GD4,2025,3,2
HMBEH3F1D7T3,2018,1,1
HMF9GMNLXCF7,2023,1,1
HMF9GMNLXCF7,2024,1,1
HMSNCM57QNR5,2016,792,221
HMSNCM57QNR5,2017,727,238
HMSNCM57QNR5,2018,780,259
HMSNCM57QNR5,2019,755,258
HMSNCM57QNR5,2020,858,277
HMSNCM57QNR5,2021,967,306
HMSNCM57QNR5,2022,813,274
HMSNCM57QNR5,2023,805,268
HMSNCM57QNR5,2024,773,254
HMSNCM57QNR5,2025,733,224
HMTCQ9MG57M7,2025,1,1
HN5MHAE5ADQ9,2025,2,1
HN8TDRE82ZL6,2023,2,1
HN8TDRE82ZL6,2025,1,1
HNC7XKDQQ5E6,2023,1,2
HNC7XKDQQ5E6,2025,1,3
HNLDMARU1Z79,2016,2,1
HNLDMARU1Z79,2017,1,1
HNLDMARU1Z79,2018,1,1
HNLDMARU1Z79,2019,1,1
HNLDMARU1Z79,2020,1,1
HNLDMARU1Z79,2021,2,2
HNLDMARU1Z79,2022,1,1
HNLDMARU1Z79,2023,1,1
HNLJN8YZPVJ3,2021,1,1
HNNJRZELZGN7,2017,1,2
HNNJRZELZGN7,2018,4,3
HNNJRZELZGN7,2019,1,1
HNNJRZELZGN7,2020,2,2
HNNJRZELZGN7,2021,1,1
HNNJRZELZGN7,2022,1,1
HNNMF98N2AF8,2018,1,1
HNTBLH9MW8G3,2025,1,1
HP51NPWGBEU1,2021,2,1
HP51NPWGBEU1,2024,1,1
HP51NPWGBEU1,2025,2,1
HPCLFGJ7JH26,2017,1,1
HPCLFGJ7JH26,2019,2,1
HPMNNTXWWKB3,2020,1,1
HPY9BJWV8X31,2018,1,1
HPY9BJWV8X31,2019,1,1
HPY9BJWV8X31,2020,4,3
HPY9BJWV8X31,2021,1,1
HPY9BJWV8X31,2023,7,2
HPY9BJWV8X31,2024,1,1
HPZ7FS9MF8J1,2025,1,1
HQ32D1YYKMC8,2022,2,1
HQ32D1YYKMC8,2023,2,1
HQ32D1YYKMC8,2024,1,1
HQ32D1YYKMC8,2025,3,1
HQ5NMP5HLL53,2016,1,1
HQ5NMP5HLL53,2017,1,1
HQ5NMP5HLL53,2018,2,2
HQ5NMP5HLL53,2019,1,1
HQ5NMP5HLL53,2021,2,2
HQ5NMP5HLL53,2022,4,2
HQ5NMP5HLL53,2023,2,2
HQ5NMP5HLL53,2024,6,3
HQ5NMP5HLL53,2025,5,2
HQ61PQ64HFU4,2016,1,1
HQ61PQ64HFU4,2018,1,1
HQ61PQ64HFU4,2020,3,2
HQ61PQ64HFU4,2024,1,2
HR3GMLNKBBG3,2025,1,1
HS57TAYN5449,2024,1,1
HS5HWWK1AAU5,2016,14,4
HS5HWWK1AAU5,2017,16,5
HS5HWWK1AAU5,2018,27,7
HS5HWWK1AAU5,2019,25,8
HS5HWWK1AAU5,2020,25,9
HS5HWWK1AAU5,2021,24,12
HS5HWWK1AAU5,2022,19,9
HS5HWWK1AAU5,2023,28,17
HS5HWWK1AAU5,2024,29,16
HS5HWWK1AAU5,2025,28,11
HSCNW2K7VN97,2016,1,1
HSCNW2K7VN97,2017,1,1
HSCNW2K7VN97,2021,3,1
HSCNW2K7VN97,2022,1,2
HSCNW2K7VN97,2023,4,2
HSD6WJ83N746,2017,2,1
HSD6WJ83N746,2019,1,1
HSG5CY5VWW33,2022,3,1
HSG5CY5VWW33,2023,1,1
HSG5CY5VWW33,2025,1,1
HSHMHVL8L7D5,2025,2,2
HSZNRZ4JS954,2023,2,1
HSZNRZ4JS954,2024,2,4
HSZNRZ4JS954,2025,3,3
HTNQZ6XSD4L4,2021,2,2
HTNQZ6XSD4L4,2022,1,2
HTNQZ6XSD4L4,2024,1,2
HTNQZ6XSD4L4,2025,2,2
HTQ6K6NJFHA6,2016,188,37
HTQ6K6NJFHA6,2017,200,45
HTQ6K6NJFHA6,2018,143,51
HTQ6K6NJFHA6,2019,127,48
HTQ6K6NJFHA6,2020,136,49
HTQ6K6NJFHA6,2021,175,69
HTQ6K6NJFHA6,2022,171,62
HTQ6K6NJFHA6,2023,148,69
HTQ6K6NJFHA6,2024,132,65
HTQ6K6NJFHA6,2025,130,63
HTQPUZVLJMM6,2016,3,2
HTQPUZVLJMM6,2017,2,2
HTQPUZVLJMM6,2018,1,1
HTQPUZVLJMM6,2019,6,3
HTQPUZVLJMM6,2020,1,1
HTQPUZVLJMM6,2021,5,2
HTQPUZVLJMM6,2022,3,3
HTQPUZVLJMM6,2023,7,2
HTQPUZVLJMM6,2024,7,1
HTQPUZVLJMM6,2025,1,1
HTREMNKMB9E7,2019,6,1
HTREMNKMB9E7,2020,5,1
HTREMNKMB9E7,2021,7,1
HTREMNKMB9E7,2022,9,1
HTREMNKMB9E7,2023,4,1
HTREMNKMB9E7,2024,2,1
HTREMNKMB9E7,2025,1,1
HTS2RB6VBWK5,2025,1,2
HUJWEG37EDK5,2016,4,1
HUJWEG37EDK5,2017,5,2
HUJWEG37EDK5,2018,4,1
HUJWEG37EDK5,2019,2,1
HUJWEG37EDK5,2020,5,1
HUJWEG37EDK5,2021,3,1
HUJWEG37EDK5,2022,1,1
HV9VWEM43GN5,2021,1,1
HV9VWEM43GN5,2023,2,1
HVC1Q1N28A47,2016,2,1
HVC1Q1N28A47,2019,1,1
HVC1Q1N28A47,2021,1,1
HVC1Q1N28A47,2022,2,1
HVC1Q1N28A47,2025,1,1
HVDUCDJQ2V95,2021,1,1
HVE6K4YS3B51,2016,7,2
HVE6K4YS3B51,2017,12,6
HVE6K4YS3B51,2018,12,6
HVE6K4YS3B51,2019,13,7
HVE6K4YS3B51,2020,8,6
HVE6K4YS3B51,2021,13,8
HVE6K4YS3B51,2022,8,6
HVE6K4YS3B51,2023,10,11
HVE6K4YS3B51,2024,7,6
HVE6K4YS3B51,2025,10,9
HVMJC4FQ8RM7,2020,2,1
HVMJC4FQ8RM7,2024,1,1
HVMJC4FQ8RM7,2025,1,1
HVQYC8JZB9A6,2016,16,5
HVQYC8JZB9A6,2017,5,4
HVQYC8JZB9A6,2018,7,4
HVQYC8JZB9A6,2019,11,5
HVQYC8JZB9A6,2020,6,4
HVQYC8JZB9A6,2021,4,3
HVQYC8JZB9A6,2022,4,2
HVQYC8JZB9A6,2023,6,4
HVQYC8JZB9A6,2024,11,4
HVQYC8JZB9A6,2025,7,5
HVSPJABE75M1,2016,1,1
HVSPJABE75M1,2017,3,2
HVSPJABE75M1,2018,4,2
HVSPJABE75M1,2019,5,2
HVSPJABE75M1,2020,9,4
HVSPJABE75M1,2021,9,6
HVSPJABE75M1,2022,3,3
HVSPJABE75M1,2023,4,2
HVSPJABE75M1,2024,3,1
HVSPJABE75M1,2025,6,2
HVSVM481KUF9,2024,1,1
HVTWTNGRTV88,2022,1,1
HVUWF1K69W37,2019,2,2
HVUWF1K69W37,2021,2,2
HVUWF1K69W37,2022,1,1
HVUWF1K69W37,2023,3,4
HVUWF1K69W37,2024,1,2
HVUWF1K69W37,2025,3,3
HVWJJCAW86H3,2016,3,2
HVWJJCAW86H3,2017,9,4
HVWJJCAW86H3,2018,4,3
HVWJJCAW86H3,2019,6,3
HVWJJCAW86H3,2020,26,5
HVWJJCAW86H3,2021,15,3
HVWJJCAW86H3,2022,29,4
HVWJJCAW86H3,2023,20,4
HVWJJCAW86H3,2024,14,4
HVWJJCAW86H3,2025,15,5
HVWSKPM6NUK3,2020,2,2
HVWSKPM6NUK3,2023,1,2
HW9LU4LT5673,2023,1,1
HW9LU4LT5673,2025,1,1
HWJMRNTHN8H8,2020,1,1
HWJMRNTHN8H8,2022,1,1
HWK7TMY1EY68,2018,1,1
HWK7TMY1EY68,2021,1,1
HWK7TMY1EY68,2022,1,1
HWK7TMY1EY68,2024,2,1
HWPEKM8VFTJ9,2016,57,30
HWPEKM8VFTJ9,2017,56,37
HWPEKM8VFTJ9,2018,79,40
HWPEKM8VFTJ9,2019,69,43
HWPEKM8VFTJ9,2020,104,55
HWPEKM8VFTJ9,2021,83,54
HWPEKM8VFTJ9,2022,86,51
HWPEKM8VFTJ9,2023,90,62
HWPEKM8VFTJ9,2024,84,53
HWPEKM8VFTJ9,2025,96,45
HX1BJLENEH33,2018,1,1
HXUNCLKMHAP4,2024,1,1
HXZHX26PAUW5,2025,1,2
HY6HKMAUZ3S3,2016,4,1
HY6HKMAUZ3S3,2017,2,1
HY6HKMAUZ3S3,2018,3,1
HY6HKMAUZ3S3,2019,3,1
HY6HKMAUZ3S3,2020,7,1
HY6HKMAUZ3S3,2021,4,1
HY6HKMAUZ3S3,2022,9,1
HY6HKMAUZ3S3,2023,1,1
HY6HKMAUZ3S3,2025,1,1
HY76TZ1Z48X4,2018,1,2
HY76TZ1Z48X4,2021,1,1
HY76TZ1Z48X4,2022,1,1
HY76TZ1Z48X4,2023,1,1
HY76TZ1Z48X4,2024,3,7
HY76TZ1Z48X4,2025,5,7
HYN3WD58HNN7,2016,73,45
HYN3WD58HNN7,2017,85,49
HYN3WD58HNN7,2018,107,53
HYN3WD58HNN7,2019,94,65
HYN3WD58HNN7,2020,104,63
HYN3WD58HNN7,2021,112,66
HYN3WD58HNN7,2022,132,83
HYN3WD58HNN7,2023,130,78
HYN3WD58HNN7,2024,126,82
HYN3WD58HNN7,2025,128,82
HYQ8HT5L8SV4,2016,2,1
HYQ8HT5L8SV4,2017,1,1
HYQ8HT5L8SV4,2018,1,1
HYQ8HT5L8SV4,2019,1,1
HYQ8HT5L8SV4,2020,1,1
HYQ8HT5L8SV4,2021,9,5
HYQ8HT5L8SV4,2022,8,5
HYQ8HT5L8SV4,2023,9,4
HYQ8HT5L8SV4,2024,10,8
HYQ8HT5L8SV4,2025,11,6
HYWTVM5HNFM3,2016,25,4
HYWTVM5HNFM3,2017,35,5
HYWTVM5HNFM3,2018,31,7
HYWTVM5HNFM3,2019,26,7
HYWTVM5HNFM3,2020,42,12
HYWTVM5HNFM3,2021,33,9
HYWTVM5HNFM3,2022,34,11
HYWTVM5HNFM3,2023,44,18
HYWTVM5HNFM3,2024,45,15
HYWTVM5HNFM3,2025,45,20
HYYDK595WKK3,2016,1,1
HYYJJ5ZP7CR9,2016,8,2
HYYJJ5ZP7CR9,2017,4,2
HYYJJ5ZP7CR9,2018,5,2
HYYJJ5ZP7CR9,2019,7,2
HYYJJ5ZP7CR9,2020,10,3
HYYJJ5ZP7CR9,2021,23,4
HYYJJ5ZP7CR9,2022,9,2
HYYJJ5ZP7CR9,2023,8,4
HYYJJ5ZP7CR9,2024,15,6
HYYJJ5ZP7CR9,2025,9,4
HZ1JBLWN7DN8,2024,3,2
HZ1JBLWN7DN8,2025,3,2
HZ4BH65BD8S3,2016,2,1
HZ4BH65BD8S3,2017,1,1
HZ4BH65BD8S3,2018,1,1
HZ4BH65BD8S3,2019,2,1
HZ6HVKF5M8D6,2023,2,1
HZ6HVKF5M8D6,2024,1,1
HZ77V776MFA6,2017,1,1
HZ77V776MFA6,2018,1,1
HZ77V776MFA6,2019,2,1
HZ77V776MFA6,2020,3,1
HZ77V776MFA6,2022,2,1
HZ77V776MFA6,2025,1,1
HZ7FUNE27SA9,2024,1,1
HZ7FUNE27SA9,2025,1,1
HZD8NNZ4N6Y3,2016,2,1
HZJ2JZUALWN4,2020,2,1
HZJ2JZUALWN4,2022,1,1
HZJ2JZUALWN4,2024,1,2
HZMPWKV873R2,2020,1,1
J19ZXYATJLT3,2016,29,6
J19ZXYATJLT3,2017,29,9
J19ZXYATJLT3,2018,26,11
J19ZXYATJLT3,2019,34,9
J19ZXYATJLT3,2020,46,12
J19ZXYATJLT3,2021,45,13
J19ZXYATJLT3,2022,37,10
J19ZXYATJLT3,2023,60,11
J19ZXYATJLT3,2024,50,14
J19ZXYATJLT3,2025,44,10
J1G9CV11VCN7,2016,43,11
J1G9CV11VCN7,2017,40,12
J1G9CV11VCN7,2018,33,13
J1G9CV11VCN7,2019,33,14
J1G9CV11VCN7,2020,35,12
J1G9CV11VCN7,2021,35,19
J1G9CV11VCN7,2022,34,12
J1G9CV11VCN7,2023,34,13
J1G9CV11VCN7,2024,34,17
J1G9CV11VCN7,2025,31,16
J1LVLP8ZZAC9,2018,1,1
J1LVLP8ZZAC9,2025,1,1
J1MCWM4BP4P4,2016,9,1
J1MCWM4BP4P4,2017,12,1
J1MCWM4BP4P4,2018,16,1
J1MCWM4BP4P4,2019,12,1
J1MCWM4BP4P4,2020,17,1
J1MCWM4BP4P4,2021,14,1
J1MCWM4BP4P4,2022,7,1
J1MCWM4BP4P4,2023,6,1
J1MCWM4BP4P4,2024,4,1
J1MCWM4BP4P4,2025,2,1
J221RK5FMG94,2025,3,1
J22LNTMEDP73,2016,294,96
J22LNTMEDP73,2017,243,106
J22LNTMEDP73,2018,262,119
J22LNTMEDP73,2019,262,132
J22LNTMEDP73,2020,295,147
J22LNTMEDP73,2021,334,156
J22LNTMEDP73,2022,344,174
J22LNTMEDP73,2023,400,182
J22LNTMEDP73,2024,394,185
J22LNTMEDP73,2025,305,182
J24WLDWXJBD3,2018,1,1
J24WLDWXJBD3,2019,1,1
J24WLDWXJBD3,2020,2,1
J24WLDWXJBD3,2021,1,1
J24WLDWXJBD3,2023,1,1
J24WLDWXJBD3,2024,1,1
J2DKRSK14FF5,2016,1,2
J2JFU2APCCY8,2019,1,1
J2JFU2APCCY8,2020,3,1
J2JFU2APCCY8,2022,1,1
J2JFU2APCCY8,2023,2,1
J2JFU2APCCY8,2025,1,1
J2KGU972RXG3,2016,44,16
J2KGU972RXG3,2017,35,10
J2KGU972RXG3,2018,44,13
J2KGU972RXG3,2019,20,12
J2KGU972RXG3,2020,16,9
J2KGU972RXG3,2021,17,8
J2KGU972RXG3,2022,24,8
J2KGU972RXG3,2023,8,3
J2KGU972RXG3,2024,7,3
J2KGU972RXG3,2025,6,3
J2NHTDAJGK24,2021,1,2
J2PGQ6JNTVS9,2024,1,1
J37KDMT2AGL7,2022,3,1
J37KDMT2AGL7,2023,4,1
J37KDMT2AGL7,2024,1,1
J38NNMDB24E6,2018,1,1
J38NNMDB24E6,2022,1,1
J38NNMDB24E6,2023,1,1
J3AJRW16GDB3,2021,1,1
J3JYRLJ4EV98,2017,1,1
J3JYRLJ4EV98,2018,1,1
J3JYRLJ4EV98,2019,1,1
J3JYRLJ4EV98,2023,1,1
J3KPEDNN74R6,2016,5,1
J3KPEDNN74R6,2017,3,1
J3KPEDNN74R6,2018,4,1
J3KPEDNN74R6,2019,3,1
J3KPEDNN74R6,2020,5,1
J3KPEDNN74R6,2021,4,1
J3KPEDNN74R6,2022,3,1
J3KPEDNN74R6,2023,4,1
J3KPEDNN74R6,2024,5,1
J3M5GZAT8N85,2016,40,10
J3M5GZAT8N85,2017,34,13
J3M5GZAT8N85,2018,44,11
J3M5GZAT8N85,2019,31,13
J3M5GZAT8N85,2020,36,12
J3M5GZAT8N85,2021,40,11
J3M5GZAT8N85,2022,32,12
J3M5GZAT8N85,2023,54,15
J3M5GZAT8N85,2024,42,12
J3M5GZAT8N85,2025,40,16
J3NCLB3MW4F4,2025,1,1
J3TLJQ7LFK49,2022,2,2
J3XVZ8JZRJV8,2016,1,1
J3XVZ8JZRJV8,2021,1,1
J3XVZ8JZRJV8,2022,2,2
J3XVZ8JZRJV8,2024,4,3
J3XVZ8JZRJV8,2025,6,3
J3Z5MNJJ3FZ4,2016,89,27
J3Z5MNJJ3FZ4,2017,98,28
J3Z5MNJJ3FZ4,2018,97,35
J3Z5MNJJ3FZ4,2019,115,37
J3Z5MNJJ3FZ4,2020,110,41
J3Z5MNJJ3FZ4,2021,103,34
J3Z5MNJJ3FZ4,2022,121,35
J3Z5MNJJ3FZ4,2023,105,46
J3Z5MNJJ3FZ4,2024,109,39
J3Z5MNJJ3FZ4,2025,88,36
J444UXXZRY25,2017,6,2
J444UXXZRY25,2018,2,2
J444UXXZRY25,2019,2,2
J444UXXZRY25,2020,4,2
J444UXXZRY25,2021,8,6
J444UXXZRY25,2022,9,4
J444UXXZRY25,2023,9,6
J444UXXZRY25,2024,9,7
J444UXXZRY25,2025,8,6
J453G5R8UMJ5,2020,1,1
J453G5R8UMJ5,2021,3,2
J4BVPMCV3MB7,2021,1,1
J4EYPCJDQ1H6,2016,62,9
J4EYPCJDQ1H6,2017,81,16
J4EYPCJDQ1H6,2018,83,22
J4EYPCJDQ1H6,2019,89,23
J4EYPCJDQ1H6,2020,62,26
J4EYPCJDQ1H6,2021,97,34
J4EYPCJDQ1H6,2022,96,31
J4EYPCJDQ1H6,2023,85,37
J4EYPCJDQ1H6,2024,106,38
J4EYPCJDQ1H6,2025,97,43
J4KRBVE4S4M5,2016,1,1
J4KRBVE4S4M5,2019,1,1
J4KRBVE4S4M5,2021,1,1
J4S6VXC9CK77,2018,1,2
J4S6VXC9CK77,2020,1,1
J4SMPV2JMR25,2023,1,1
J5AJLKL8SCC4,2019,1,1
J5AJLKL8SCC4,2021,1,1
J5AJLKL8SCC4,2022,3,1
J5AJLKL8SCC4,2024,1,1
J5AJLKL8SCC4,2025,2,2
J5D7XKCAD361,2023,1,1
J5HWZ6H6UAK5,2016,2,1
J5HWZ6H6UAK5,2017,1,1
J5HWZ6H6UAK5,2020,1,1
J5SGWMMHPAH8,2018,1,1
J66DCHJSKWA4,2016,1,1
J66DCHJSKWA4,2018,1,1
J68MN7NJ8MG6,2022,2,1
J68MN7NJ8MG6,2023,2,2
J68MN7NJ8MG6,2024,1,1
J68MN7NJ8MG6,2025,2,2
J6DAAQH7AQL8,2025,1,1
J6F5TF5MS5S5,2020,1,1
J6F5TF5MS5S5,2022,1,1
J6K8AE4B6935,2019,2,3
J6K8AE4B6935,2022,1,2
J6K8AE4B6935,2024,1,1
J6KKU5NBB4E9,2021,1,1
J6KMAKJJVNB5,2024,1,1
J6MVM8F3HM25,2018,1,2
J6QJVY8JCQH3,2016,1,1
J6QJVY8JCQH3,2017,1,1
J6QJVY8JCQH3,2018,1,1
J6QJVY8JCQH3,2021,1,1
J6QJVY8JCQH3,2023,1,1
J6QJVY8JCQH3,2024,4,2
J6QJVY8JCQH3,2025,3,3
J6TWTRKC1X14,2016,13,9
J6TWTRKC1X14,2017,16,9
J6TWTRKC1X14,2018,31,9
J6TWTRKC1X14,2019,31,17
J6TWTRKC1X14,2020,36,15
J6TWTRKC1X14,2021,26,12
J6TWTRKC1X14,2022,35,15
J6TWTRKC1X14,2023,26,15
J6TWTRKC1X14,2024,23,20
J6TWTRKC1X14,2025,38,24
J6Z1K4CHPNQ6,2017,1,1
J6Z1K4CHPNQ6,2018,2,1
J6Z1K4CHPNQ6,2019,6,1
J6Z1K4CHPNQ6,2020,8,1
J6Z1K4CHPNQ6,2021,5,1
J6Z1K4CHPNQ6,2022,8,1
J6Z1K4CHPNQ6,2023,8,1
J6Z1K4CHPNQ6,2024,8,1
J6Z1K4CHPNQ6,2025,8,1
J721JH1XV9F8,2022,3,2
J721JH1XV9F8,2023,1,1
J721JH1XV9F8,2024,1,1
J721JH1XV9F8,2025,3,2
J72JB2JXJRG1,2017,7,1
J72JB2JXJRG1,2018,2,1
J74LH5EBZDA9,2017,1,1
J74LH5EBZDA9,2018,1,1
J795AYLMUM83,2016,3,2
J795AYLMUM83,2017,1,1
J795AYLMUM83,2018,1,3
J795AYLMUM83,2020,1,1
J795AYLMUM83,2023,1,2
J79GBT6Y9LE3,2024,2,1
J7A6XZMKLGZ8,2016,1,1
J7RUJJ2WHZF8,2022,1,1
J7RUJJ2WHZF8,2023,1,1
J7RUJJ2WHZF8,2025,1,1
J7WULLYGFRH1,2016,6,5
J7WULLYGFRH1,2017,12,6
J7WULLYGFRH1,2018,5,4
J7WULLYGFRH1,2019,6,4
J7WULLYGFRH1,2020,5,4
J7WULLYGFRH1,2021,8,7
J7WULLYGFRH1,2022,9,4
J7WULLYGFRH1,2023,7,4
J7WULLYGFRH1,2024,10,5
J7WULLYGFRH1,2025,4,3
J7WVEQTH1ML6,2019,1,1
J7WVEQTH1ML6,2020,1,1
J7YCQN4L5CM3,2018,1,1
J8EKVLUY96J9,2022,1,1
J8F3W4SWZ944,2025,1,1
J8KMX54WRJM9,2019,2,2
J8KMX54WRJM9,2021,1,2
J8KMX54WRJM9,2022,1,2
J8LLPBAEMJG3,2019,1,1
J8RSMABQPN95,2024,1,1
J9BEXRES3TZ4,2016,1,2
J9BEXRES3TZ4,2017,1,1
J9BEXRES3TZ4,2020,1,1
J9BEXRES3TZ4,2022,1,1
J9CDGR596MN3,2016,56,18
J9CDGR596MN3,2017,72,23
J9CDGR596MN3,2018,54,25
J9CDGR596MN3,2019,53,24
J9CDGR596MN3,2020,66,25
J9CDGR596MN3,2021,60,18
J9CDGR596MN3,2022,63,27
J9CDGR596MN3,2023,60,29
J9CDGR596MN3,2024,50,25
J9CDGR596MN3,2025,57,28
J9L5HK2UVD38,2020,1,1
J9L5HK2UVD38,2023,3,1
J9L5HK2UVD38,2024,3,3
J9L5HK2UVD38,2025,2,2
J9Q4KEGSLWY9,2016,1,1
J9Q4KEGSLWY9,2017,1,1
J9Q4KEGSLWY9,2018,2,1
J9Q4KEGSLWY9,2019,1,1
J9Q4KEGSLWY9,2020,1,1
J9Q4KEGSLWY9,2022,2,1
J9Q4KEGSLWY9,2023,3,1
J9Q4KEGSLWY9,2024,1,1
JA17A756E3E1,2016,4,1
JA17A756E3E1,2017,4,1
JA17A756E3E1,2018,3,1
JA17A756E3E1,2019,3,1
JA17A756E3E1,2020,4,1
JA17A756E3E1,2021,7,1
JA17A756E3E1,2022,5,1
JA17A756E3E1,2023,3,2
JA17A756E3E1,2024,7,3
JA17A756E3E1,2025,10,3
JA25GYTMYJP3,2023,1,1
JA8EP8EKX8Y9,2021,8,1
JA8EP8EKX8Y9,2022,23,1
JA8EP8EKX8Y9,2023,32,1
JA8EP8EKX8Y9,2024,21,1
JA8EP8EKX8Y9,2025,20,2
JA9BDUH73852,2022,1,1
JAGMUBJY1GM5,2019,1,1
JAN7MJTEVLH9,2019,1,1
JB17GKEKK6T3,2016,10,1
JB17GKEKK6T3,2017,17,1
JB17GKEKK6T3,2018,38,1
JB17GKEKK6T3,2019,30,1
JB17GKEKK6T3,2020,37,1
JB17GKEKK6T3,2021,46,1
JB17GKEKK6T3,2022,37,1
JB17GKEKK6T3,2023,49,1
JB17GKEKK6T3,2024,38,1
JB17GKEKK6T3,2025,24,1
JB2FD2U4R1L5,2016,1,1
JB2FD2U4R1L5,2017,2,1
JB2FD2U4R1L5,2018,3,1
JB2FD2U4R1L5,2019,3,2
JB2FD2U4R1L5,2020,2,2
JB2FD2U4R1L5,2021,4,4
JB2FD2U4R1L5,2022,7,3
JB2FD2U4R1L5,2023,11,3
JB2FD2U4R1L5,2024,7,3
JB2FD2U4R1L5,2025,4,2
JB33DT84JNA5,2016,20,12
JB33DT84JNA5,2017,32,17
JB33DT84JNA5,2018,26,18
JB33DT84JNA5,2019,44,27
JB33DT84JNA5,2020,42,27
JB33DT84JNA5,2021,40,26
JB33DT84JNA5,2022,50,26
JB33DT84JNA5,2023,66,29
JB33DT84JNA5,2024,57,33
JB33DT84JNA5,2025,57,34
JB7RMLG8U699,2018,2,1
JB7RMLG8U699,2019,1,1
JB7RMLG8U699,2020,2,1
JB7RMLG8U699,2021,1,1
JB7RMLG8U699,2024,1,1
JB7RMLG8U699,2025,1,1
JBD3P7YDM244,2018,1,2
JBMUKQPM2956,2016,1,1
JBMUKQPM2956,2019,1,1
JBQ9M3PLFDP5,2016,42,16
JBQ9M3PLFDP5,2017,38,17
JBQ9M3PLFDP5,2018,49,25
JBQ9M3PLFDP5,2019,42,20
JBQ9M3PLFDP5,2020,112,29
JBQ9M3PLFDP5,2021,116,30
JBQ9M3PLFDP5,2022,147,28
JBQ9M3PLFDP5,2023,173,26
JBQ9M3PLFDP5,2024,217,28
JBQ9M3PLFDP5,2025,253,20
JBTSRMQF4941,2025,1,1
JBVNWFNEEV59,2016,1,1
JBVNWFNEEV59,2017,1,1
JBVNWFNEEV59,2018,4,2
JBVNWFNEEV59,2020,1,2
JBVNWFNEEV59,2021,1,1
JBVNWFNEEV59,2023,4,3
JBVNWFNEEV59,2024,3,2
JC9CN1ZWN3M5,2021,1,2
JCALBPNMAHF3,2016,8,3
JCALBPNMAHF3,2017,6,3
JCALBPNMAHF3,2018,7,4
JCALBPNMAHF3,2019,7,4
JCALBPNMAHF3,2020,8,3
JCALBPNMAHF3,2021,19,4
JCALBPNMAHF3,2022,20,5
JCALBPNMAHF3,2023,67,7
JCALBPNMAHF3,2024,123,5
JCALBPNMAHF3,2025,123,4
JCJ8YJYLG1P1,2024,1,1
JCK6VMEHJMR9,2016,3,1
JCK6VMEHJMR9,2018,1,1
JCKWC2F1NX23,2021,3,1
JCKWC2F1NX23,2025,2,1
JCN3NV7P5FD8,2016,2,2
JCN3NV7P5FD8,2017,2,3
JCN3NV7P5FD8,2018,2,2
JCN3NV7P5FD8,2019,1,1
JCN3NV7P5FD8,2020,1,1
JCN3NV7P5FD8,2021,1,1
JCN3NV7P5FD8,2022,1,3
JCN3NV7P5FD8,2023,1,2
JCNBY88DXRG5,2025,1,3
JCSKALYM8HU6,2016,1,1
JCSKALYM8HU6,2017,2,1
JCSKALYM8HU6,2018,2,1
JCSKALYM8HU6,2019,2,1
JCSKALYM8HU6,2024,2,1
JCTRLDK86CJ5,2016,8,1
JCTRLDK86CJ5,2017,7,1
JCTRLDK86CJ5,2018,6,1
JCTRLDK86CJ5,2019,6,1
JCTRLDK86CJ5,2020,6,1
JCTRLDK86CJ5,2021,3,1
JCTRLDK86CJ5,2024,1,1
JCU5WSZNSTF3,2021,1,1
JCU5WSZNSTF3,2022,2,2
JCU5WSZNSTF3,2023,2,1
JCU5WSZNSTF3,2024,1,1
JD11RKB2KWJ3,2021,1,1
JD2AKUCDBVV9,2018,1,1
JD2AKUCDBVV9,2019,1,1
JD2AKUCDBVV9,2021,1,1
JD2AKUCDBVV9,2024,3,2
JD2AKUCDBVV9,2025,3,2
JD2VE5LCK1B6,2017,1,1
JD2VE5LCK1B6,2019,1,1
JD2VE5LCK1B6,2021,1,1
JD2VE5LCK1B6,2022,1,1
JDELV4PXM7Z3,2021,3,1
JDELV4PXM7Z3,2022,6,1
JDELV4PXM7Z3,2023,2,1
JDELV4PXM7Z3,2025,1,1
JDKYAKDT4TT6,2017,1,1
JDKYAKDT4TT6,2018,1,1
JDKYAKDT4TT6,2022,1,1
JDLVAVGYJQ21,2016,1104,297
JDLVAVGYJQ21,2017,1227,359
JDLVAVGYJQ21,2018,1210,387
JDLVAVGYJQ21,2019,1022,370
JDLVAVGYJQ21,2020,1257,413
JDLVAVGYJQ21,2021,1217,418
JDLVAVGYJQ21,2022,1072,400
JDLVAVGYJQ21,2023,1134,401
JDLVAVGYJQ21,2024,1054,422
JDLVAVGYJQ21,2025,1007,416
JDVGS67MSLH7,2024,1,1
JDWRVEQGKPJ8,2016,3,2
JDWRVEQGKPJ8,2018,2,2
JDWRVEQGKPJ8,2024,1,1
JE5WBLZJUME7,2016,1,1
JE5WBLZJUME7,2017,5,2
JE5WBLZJUME7,2018,1,1
JE5WBLZJUME7,2019,4,2
JE5WBLZJUME7,2020,1,1
JE5WBLZJUME7,2021,3,3
JE5WBLZJUME7,2022,2,2
JE5WBLZJUME7,2023,3,2
JE5WBLZJUME7,2024,7,4
JE5WBLZJUME7,2025,1,1
JE7LSMMB78H9,2017,1,1
JE7LSMMB78H9,2023,1,1
JE7LSMMB78H9,2024,2,1
JE8AKPCR2KA4,2016,74,29
JE8AKPCR2KA4,2017,78,39
JE8AKPCR2KA4,2018,99,53
JE8AKPCR2KA4,2019,84,46
JE8AKPCR2KA4,2020,102,58
JE8AKPCR2KA4,2021,87,51
JE8AKPCR2KA4,2022,112,57
JE8AKPCR2KA4,2023,111,56
JE8AKPCR2KA4,2024,107,61
JE8AKPCR2KA4,2025,131,50
JEJGGM9MT7V9,2016,1,1
JEJGGM9MT7V9,2017,2,1
JEJGGM9MT7V9,2018,1,1
JEJGGM9MT7V9,2019,1,1
JEJLR9NJ1LJ9,2023,1,1
JF2BLNN4PJC3,2016,160,63
JF2BLNN4PJC3,2017,204,76
JF2BLNN4PJC3,2018,230,88
JF2BLNN4PJC3,2019,258,100
JF2BLNN4PJC3,2020,273,113
JF2BLNN4PJC3,2021,249,111
JF2BLNN4PJC3,2022,310,129
JF2BLNN4PJC3,2023,289,129
JF2BLNN4PJC3,2024,262,127
JF2BLNN4PJC3,2025,285,131
JF48WJGLKW85,2021,1,1
JF48WJGLKW85,2022,1,1
JF5CJQH8NNH1,2021,1,1
JF5CJQH8NNH1,2022,2,1
JF64YMCE9V63,2022,1,2
JF6XLNB4CDJ5,2016,74,27
JF6XLNB4CDJ5,2017,103,39
JF6XLNB4CDJ5,2018,134,43
JF6XLNB4CDJ5,2019,174,52
JF6XLNB4CDJ5,2020,209,63
JF6XLNB4CDJ5,2021,240,70
JF6XLNB4CDJ5,2022,259,84
JF6XLNB4CDJ5,2023,253,82
JF6XLNB4CDJ5,2024,262,81
JF6XLNB4CDJ5,2025,290,84
JF7FD5E6TKS5,2021,2,1
JF7FD5E6TKS5,2022,2,1
JF7FD5E6TKS5,2024,1,1
JF7FD5E6TKS5,2025,2,1
JF7HR9WJSFJ6,2017,2,1
JF7HR9WJSFJ6,2018,1,1
JF7HR9WJSFJ6,2019,1,1
JF7HR9WJSFJ6,2020,2,2
JF7HR9WJSFJ6,2021,1,1
JF7HR9WJSFJ6,2022,1,1
JF7HR9WJSFJ6,2024,2,2
JFB5A3FZ9RQ1,2024,1,1
JFB5A3FZ9RQ1,2025,1,1
JFHPX6TUYMU8,2021,4,2
JFHPX6TUYMU8,2024,2,2
JFN1KKMNPL53,2016,1,1
JFN1KKMNPL53,2018,2,1
JFN1KKMNPL53,2020,3,1
JFN1KKMNPL53,2021,2,1
JFN1KKMNPL53,2023,1,1
JFN1KKMNPL53,2024,1,1
JFN1KKMNPL53,2025,1,1
JFP9F7JB72L3,2017,1,1
JFP9F7JB72L3,2020,1,1
JFW3MYK7WR99,2016,1,1
JFW3MYK7WR99,2017,1,1
JGA3E25MFDV9,2016,12,5
JGA3E25MFDV9,2017,13,4
JGA3E25MFDV9,2018,9,4
JGA3E25MFDV9,2019,5,5
JGA3E25MFDV9,2020,10,5
JGA3E25MFDV9,2021,8,4
JGA3E25MFDV9,2022,5,6
JGA3E25MFDV9,2023,11,6
JGA3E25MFDV9,2024,7,3
JGA3E25MFDV9,2025,4,3
JGMWFYLEBVK7,2017,4,3
JGMWFYLEBVK7,2018,3,3
JGMWFYLEBVK7,2019,3,3
JGMWFYLEBVK7,2020,2,2
JGMWFYLEBVK7,2021,8,4
JGMWFYLEBVK7,2022,10,5
JGMWFYLEBVK7,2023,3,2
JGMWFYLEBVK7,2024,5,4
JGR3HEB8QZJ1,2022,3,1
JGR3HEB8QZJ1,2023,1,1
JGR3HEB8QZJ1,2024,2,2
JGR3HEB8QZJ1,2025,1,1
JGV7NE1LFTT9,2023,3,1
JGXRFMJVJCM5,2016,3,2
JGXRFMJVJCM5,2017,3,3
JGXRFMJVJCM5,2021,1,1
JGXRFMJVJCM5,2022,4,4
JGXRFMJVJCM5,2023,2,3
JGXRFMJVJCM5,2024,1,1
JGZFBDAL61C4,2019,1,1
JGZFBDAL61C4,2020,1,1
JH3AAWA12273,2018,1,1
JH3AAWA12273,2022,1,1
JH3AAWA12273,2023,1,1
JHFSNCGGJNQ3,2024,2,1
JHFSNCGGJNQ3,2025,1,2
JHM2PHX82EM7,2016,1,1
JHM2PHX82EM7,2019,1,1
JHM2PHX82EM7,2020,3,1
JHM2PHX82EM7,2021,2,1
JHM2PHX82EM7,2022,9,1
JHM2PHX82EM7,2023,9,2
JHM2PHX82EM7,2024,3,1
JHM2PHX82EM7,2025,2,1
JHMSN8C8KJ58,2016,1,1
JHMSN8C8KJ58,2017,3,1
JHMSN8C8KJ58,2020,1,1
JHMSN8C8KJ58,2022,1,1
JHMSN8C8KJ58,2023,2,1
JHMSN8C8KJ58,2024,2,1
JHMSN8C8KJ58,2025,3,1
JHNHD3R1TCT8,2021,1,1
JHNHD3R1TCT8,2022,1,1
JHTYTGKYWLL9,2016,4,1
JHTYTGKYWLL9,2017,6,1
JHTYTGKYWLL9,2018,2,1
JHTYTGKYWLL9,2019,1,1
JHVKQN55S7Y5,2020,1,1
JHVKQN55S7Y5,2021,1,1
JHVKQN55S7Y5,2022,1,2
JHYEUJKX54W3,2025,1,1
JJ2FXBDGWMG5,2016,1,1
JJ2FXBDGWMG5,2017,1,1
JJ45PN66LSE7,2016,1,1
JJ45PN66LSE7,2017,2,1
JJ45PN66LSE7,2018,3,2
JJ45PN66LSE7,2019,1,1
JJ45PN66LSE7,2020,4,2
JJ45PN66LSE7,2021,1,2
JJ45PN66LSE7,2023,1,1
JJ45PN66LSE7,2024,1,1
JJ45PN66LSE7,2025,4,1
JJ6CN5Y5A2R5,2016,12,4
JJ6CN5Y5A2R5,2017,6,4
JJ6CN5Y5A2R5,2018,12,5
JJ6CN5Y5A2R5,2019,11,4
JJ6CN5Y5A2R5,2020,11,6
JJ6CN5Y5A2R5,2021,17,11
JJ6CN5Y5A2R5,2022,9,9
JJ6CN5Y5A2R5,2023,17,12
JJ6CN5Y5A2R5,2024,23,15
JJ6CN5Y5A2R5,2025,28,15
JJAGRFJ3L8Q8,2023,1,1
JJC9GJJJL4M7,2016,6,4
JJC9GJJJL4M7,2017,4,4
JJC9GJJJL4M7,2018,6,5
JJC9GJJJL4M7,2019,7,4
JJC9GJJJL4M7,2020,5,3
JJC9GJJJL4M7,2021,2,2
JJC9GJJJL4M7,2022,2,2
JJC9GJJJL4M7,2023,3,2
JJC9GJJJL4M7,2024,4,3
JJC9GJJJL4M7,2025,5,3
JJD3ELAQT8G7,2021,1,1
JJD3ELAQT8G7,2022,1,1
JJDTXUBQGSN5,2018,1,3
JJDYK36PRTL5,2016,6,5
JJDYK36PRTL5,2017,6,3
JJDYK36PRTL5,2018,5,4
JJDYK36PRTL5,2019,9,5
JJDYK36PRTL5,2020,18,11
JJDYK36PRTL5,2021,16,11
JJDYK36PRTL5,2022,25,13
JJDYK36PRTL5,2023,30,11
JJDYK36PRTL5,2024,22,12
JJDYK36PRTL5,2025,27,14
JJEFMUZAXZC9,2022,1,1
JJFKLGY7TBJ5,2023,1,2
JJFKLGY7TBJ5,2024,1,2
JJFKLGY7TBJ5,2025,1,2
JJG6HU8PA4S5,2016,719,305
JJG6HU8PA4S5,2017,750,366
JJG6HU8PA4S5,2018,766,407
JJG6HU8PA4S5,2019,736,437
JJG6HU8PA4S5,2020,909,511
JJG6HU8PA4S5,2021,974,538
JJG6HU8PA4S5,2022,998,566
JJG6HU8PA4S5,2023,977,558
JJG6HU8PA4S5,2024,986,549
JJG6HU8PA4S5,2025,982,578
JJHCMK4NT5N3,2016,107,35
JJHCMK4NT5N3,2017,109,44
JJHCMK4NT5N3,2018,112,48
JJHCMK4NT5N3,2019,109,52
JJHCMK4NT5N3,2020,121,61
JJHCMK4NT5N3,2021,125,65
JJHCMK4NT5N3,2022,143,79
JJHCMK4NT5N3,2023,173,78
JJHCMK4NT5N3,2024,156,70
JJHCMK4NT5N3,2025,185,81
JJJNQAJY5RN6,2016,17,6
JJJNQAJY5RN6,2017,12,5
JJJNQAJY5RN6,2018,21,6
JJJNQAJY5RN6,2019,18,7
JJJNQAJY5RN6,2020,9,3
JJJNQAJY5RN6,2021,7,3
JJJNQAJY5RN6,2022,6,2
JJJNQAJY5RN6,2023,1,1
JJJNQAJY5RN6,2024,4,1
JJJNQAJY5RN6,2025,1,1
JJKEN12FWSJ3,2024,1,1
JJQ1WQ7XFZ41,2020,1,1
JJQ1WQ7XFZ41,2024,1,1
JJRCL53EXL36,2016,3,1
JJRCL53EXL36,2017,9,4
JJRCL53EXL36,2018,1,1
JJRCL53EXL36,2019,3,4
JJRCL53EXL36,2020,2,3
JJRCL53EXL36,2021,3,2
JJRCL53EXL36,2022,3,3
JJRCL53EXL36,2023,2,2
JJRCL53EXL36,2024,4,4
JJW4GNPDZCW4,2018,1,1
JJWLQMLKBB85,2021,1,1
JK2VCZCBR8R4,2018,1,1
JK6FZ2TLBLR8,2016,1,1
JK7BK6JL14M6,2017,1,1
JK7BK6JL14M6,2018,1,1
JK7BK6JL14M6,2019,1,2
JK7BK6JL14M6,2020,2,1
JK9PMLM41J77,2020,1,3
JKA4BD459953,2016,1,1
JKA4BD459953,2017,1,1
JKA4BD459953,2019,3,1
JKA4BD459953,2021,4,1
JKA4BD459953,2022,1,1
JKA4BD459953,2023,5,1
JKA4BD459953,2024,2,2
JKENE9QG9NQ3,2019,2,1
JKENE9QG9NQ3,2021,2,1
JKKNZLNYLJ19,2016,5,1
JKKNZLNYLJ19,2017,3,1
JKKNZLNYLJ19,2018,7,2
JKKNZLNYLJ19,2019,3,1
JKKNZLNYLJ19,2020,9,2
JKKNZLNYLJ19,2021,3,1
JKKNZLNYLJ19,2022,12,1
JKKNZLNYLJ19,2023,7,4
JKKNZLNYLJ19,2024,8,2
JKKNZLNYLJ19,2025,8,2
JKNYYXKR57B7,2018,1,1
JKNYYXKR57B7,2019,2,1
JKNYYXKR57B7,2020,1,1
JKNYYXKR57B7,2021,2,1
JKU6KKUC2P37,2023,1,1
JKU6KKUC2P37,2024,1,1
JKU7RBFQKPC3,2018,1,1
JKU7RBFQKPC3,2020,1,1
JL4JHE9SDRR3,2016,406,101
JL4JHE9SDRR3,2017,385,116
JL4JHE9SDRR3,2018,362,116
JL4JHE9SDRR3,2019,311,112
JL4JHE9SDRR3,2020,388,131
JL4JHE9SDRR3,2021,422,163
JL4JHE9SDRR3,2022,406,174
JL4JHE9SDRR3,2023,416,168
JL4JHE9SDRR3,2024,454,193
JL4JHE9SDRR3,2025,380,191
JLTKFBSDPLR4,2024,1,1
JLYJYPLD1LV7,2019,1,1
JLYJYPLD1LV7,2020,2,1
JLYJYPLD1LV7,2021,3,1
JLZSJRJVKJ49,2021,1,1
JLZSJRJVKJ49,2023,1,1
JLZSJRJVKJ49,2024,1,1
JM5UN38YM1H7,2017,1,1
JM5UN38YM1H7,2018,2,2
JM5UN38YM1H7,2020,2,4
JM5UN38YM1H7,2021,1,2
JM5UN38YM1H7,2022,2,4
JM5UN38YM1H7,2024,1,1
JM5UN38YM1H7,2025,1,4
JM6BHZ96DG41,2022,1,1
JM6BHZ96DG41,2024,1,1
JMGMMM7BMBT6,2017,2,2
JMGMMM7BMBT6,2018,2,2
JMGMMM7BMBT6,2019,2,1
JMGMMM7BMBT6,2020,4,3
JMGMMM7BMBT6,2021,4,4
JMGMMM7BMBT6,2022,1,1
JMGMMM7BMBT6,2023,1,1
JMGMMM7BMBT6,2024,4,5
JMGMMM7BMBT6,2025,1,1
JMH6UEKMAE65,2024,1,1
JMU9QSMGB676,2023,1,1
JMU9QSMGB676,2024,1,1
JMUPNZALJF39,2022,1,1
JMZEP47X6DW9,2019,2,1
JN85K7S9MBL6,2025,4,1
JNAJTN8L1SA4,2016,1,1
JNAJTN8L1SA4,2017,1,1
JNAJTN8L1SA4,2019,1,1
JNBLLTBTLLD8,2016,117,52
JNBLLTBTLLD8,2017,121,58
JNBLLTBTLLD8,2018,124,60
JNBLLTBTLLD8,2019,119,62
JNBLLTBTLLD8,2020,144,77
JNBLLTBTLLD8,2021,152,78
JNBLLTBTLLD8,2022,138,78
JNBLLTBTLLD8,2023,134,77
JNBLLTBTLLD8,2024,132,78
JNBLLTBTLLD8,2025,132,77
JNDKU5RMVAT4,2016,1,1
JNDKU5RMVAT4,2017,3,2
JNDKU5RMVAT4,2019,1,1
JNDKU5RMVAT4,2020,1,1
JNDKU5RMVAT4,2021,4,1
JNDKU5RMVAT4,2024,1,1
JNDKU5RMVAT4,2025,2,2
JNKWLMMSVVZ8,2023,1,1
JNMNVKEUU2Y3,2019,1,2
JNMNVKEUU2Y3,2020,1,2
JNMNVKEUU2Y3,2023,1,2
JNMNVKEUU2Y3,2024,1,2
JNMNVKEUU2Y3,2025,1,2
JNQFZNMEYGB3,2016,1,1
JNQFZNMEYGB3,2017,1,1
JNQFZNMEYGB3,2018,1,1
JNQFZNMEYGB3,2019,1,1
JNVRYXCFG2G3,2016,1,1
JNWDDQVW6N83,2017,1,1
JNZFHMGJN7M3,2016,1,1
JNZFHMGJN7M3,2017,2,1
JNZFHMGJN7M3,2019,1,1
JNZFHMGJN7M3,2020,2,1
JNZFHMGJN7M3,2021,3,1
JNZFHMGJN7M3,2022,3,1
JNZFHMGJN7M3,2023,4,2
JNZFHMGJN7M3,2024,1,1
JNZFHMGJN7M3,2025,3,1
JPCLGB7EJXG3,2016,2,2
JPCLGB7EJXG3,2017,8,3
JPCLGB7EJXG3,2018,5,3
JPCLGB7EJXG3,2019,3,2
JPCLGB7EJXG3,2020,2,1
JPCLGB7EJXG3,2021,3,3
JPCLGB7EJXG3,2024,2,2
JPCLGB7EJXG3,2025,1,1
JPNRGENTXC35,2016,1,1
JPNRGENTXC35,2020,1,1
JPNRGENTXC35,2025,2,2
JQ3KMKXKSDP6,2024,1,1
JQ58W3Y1VT11,2018,1,1
JQ58W3Y1VT11,2019,3,1
JQ58W3Y1VT11,2020,2,1
JQ58W3Y1VT11,2023,1,1
JQ94BLW6F9G9,2024,1,1
JQH2GEMCAVN5,2016,25,7
JQH2GEMCAVN5,2017,37,12
JQH2GEMCAVN5,2018,39,11
JQH2GEMCAVN5,2019,45,14
JQH2GEMCAVN5,2020,37,16
JQH2GEMCAVN5,2021,49,16
JQH2GEMCAVN5,2022,47,17
JQH2GEMCAVN5,2023,43,20
JQH2GEMCAVN5,2024,44,17
JQH2GEMCAVN5,2025,36,18
JQJKSNCSTNC8,2016,2,1
JQJKSNCSTNC8,2017,3,1
JQJKSNCSTNC8,2018,4,1
JQJKSNCSTNC8,2019,1,1
JQJKSNCSTNC8,2020,1,1
JQJKSNCSTNC8,2021,1,1
JQJKSNCSTNC8,2022,2,1
JQJKSNCSTNC8,2024,1,1
JQJKSNCSTNC8,2025,1,2
JQMBE83BZHY6,2017,2,1
JQMBE83BZHY6,2018,2,1
JQMBE83BZHY6,2019,3,1
JQMBE83BZHY6,2021,2,1
JQMBE83BZHY6,2022,1,1
JQMBE83BZHY6,2023,1,1
JQMBE83BZHY6,2025,1,1
JQSHVNNS62X5,2018,2,1
JQSHVNNS62X5,2021,1,1
JQSHVNNS62X5,2022,1,1
JR53UMNS5Y87,2016,1,1
JR53UMNS5Y87,2019,1,1
JR53UMNS5Y87,2020,1,1
JR53UMNS5Y87,2021,3,1
JR53UMNS5Y87,2022,2,1
JR53UMNS5Y87,2023,9,1
JR53UMNS5Y87,2024,6,1
JR53UMNS5Y87,2025,6,2
JR72TJGV9JR7,2019,1,1
JR72TJGV9JR7,2021,1,2
JRJ4X9VW3KG9,2019,2,3
JRJ4X9VW3KG9,2020,1,1
JRJ4X9VW3KG9,2021,3,2
JRVYCLTYN3M9,2020,1,1
JS4YHZJ695Z3,2021,3,1
JS4YHZJ695Z3,2024,1,1
JS8KMGKH3UM7,2023,1,1
JS8KMGKH3UM7,2024,5,1
JS8KMGKH3UM7,2025,3,1
JSGJUMRNAC46,2017,1,1
JSGJUMRNAC46,2019,1,1
JSKMSKNBLN89,2024,2,1
JSKMSKNBLN89,2025,1,1
JSQBWLM86WC3,2019,1,1
JSQBWLM86WC3,2020,1,1
JSRQCFY9QPP1,2020,1,1
JSRQCFY9QPP1,2023,1,1
JSRQCFY9QPP1,2024,3,1
JSRQCFY9QPP1,2025,3,1
JSVRKAJ75ET5,2016,14,1
JSVRKAJ75ET5,2017,5,1
JSVRKAJ75ET5,2018,9,1
JSVRKAJ75ET5,2019,8,1
JSVRKAJ75ET5,2020,24,1
JSVRKAJ75ET5,2021,19,1
JSVRKAJ75ET5,2022,24,1
JSVRKAJ75ET5,2023,24,1
JSVRKAJ75ET5,2024,25,1
JSVRKAJ75ET5,2025,52,1
JSYSU447VRP3,2022,1,1
JSYSU447VRP3,2024,1,1
JT6NDMA2JAC5,2022,1,1
JT8UHL4E3QM1,2016,3,1
JT8UHL4E3QM1,2017,1,1
JT8UHL4E3QM1,2018,1,1
JT8UHL4E3QM1,2019,4,2
JT8UHL4E3QM1,2020,2,2
JT8UHL4E3QM1,2021,1,1
JT8UHL4E3QM1,2022,9,3
JT8UHL4E3QM1,2023,11,4
JT8UHL4E3QM1,2024,3,1
JT8UHL4E3QM1,2025,3,1
JTALGHD9SUH5,2016,92,3
JTALGHD9SUH5,2017,52,3
JTALGHD9SUH5,2018,33,3
JTALGHD9SUH5,2019,37,3
JTALGHD9SUH5,2020,29,3
JTALGHD9SUH5,2021,17,1
JTALGHD9SUH5,2022,8,3
JTALGHD9SUH5,2023,5,2
JTALGHD9SUH5,2024,3,3
JTALGHD9SUH5,2025,3,1
JTCNBQFZ8YZ2,2017,1,1
JTCNBQFZ8YZ2,2022,1,1
JTCNBQFZ8YZ2,2023,1,1
JTCNBQFZ8YZ2,2024,1,1
JTFKX11JLHS8,2016,4,2
JTFKX11JLHS8,2017,3,2
JTFKX11JLHS8,2018,3,1
JTFKX11JLHS8,2020,2,1
JTFKX11JLHS8,2023,1,1
JTGCK219C6F4,2023,1,2
JTLUDAMC9CK1,2024,1,2
JTLUDAMC9CK1,2025,1,2
JTLXJ63RFNC6,2018,1,1
JTLXJ63RFNC6,2020,3,3
JTLXJ63RFNC6,2021,2,1
JTLXJ63RFNC6,2022,3,3
JTLXJ63RFNC6,2024,3,4
JTLXJ63RFNC6,2025,1,1
JTN1DN4YZJ76,2018,2,1
JTN1DN4YZJ76,2019,1,1
JTN1DN4YZJ76,2020,1,1
JTPHNHBR9AQ3,2016,2,1
JTPHNHBR9AQ3,2018,1,1
JTPHNHBR9AQ3,2019,1,1
JTT9ARG8ZHU5,2016,2,1
JTXFWYK5KAL4,2019,1,2
JTXFWYK5KAL4,2020,1,2
JTXFWYK5KAL4,2023,1,1
JTXFWYK5KAL4,2025,1,2
JU6AR6FMMK68,2024,1,1
JU9YMZGJMNS5,2022,1,1
JUDSCKAHKWR9,2017,2,1
JUDSCKAHKWR9,2019,4,1
JUDSCKAHKWR9,2020,4,1
JUDSCKAHKWR9,2021,6,2
JUDSCKAHKWR9,2022,6,2
JUDSCKAHKWR9,2023,2,1
JUDSCKAHKWR9,2024,2,1
JUDSCKAHKWR9,2025,1,1
JUTDSUN5T9W5,2024,1,1
JUTDSUN5T9W5,2025,1,1
JUVFHKN9XCY3,2019,1,1
JUVFHKN9XCY3,2020,1,1
JUVFHKN9XCY3,2021,3,2
JUVFHKN9XCY3,2022,3,1
JUVFHKN9XCY3,2023,2,3
JUVFHKN9XCY3,2024,4,1
JUVFHKN9XCY3,2025,3,1
JV65NBRZN141,2025,2,1
JVERHVTFJLH1,2016,22,4
JVERHVTFJLH1,2017,18,3
JVERHVTFJLH1,2018,12,4
JVERHVTFJLH1,2019,14,4
JVERHVTFJLH1,2020,21,4
JVERHVTFJLH1,2021,13,3
JVERHVTFJLH1,2022,10,3
JVERHVTFJLH1,2023,12,3
JVERHVTFJLH1,2024,8,3
JVERHVTFJLH1,2025,11,3
JVJHDS653M48,2018,1,1
JVJHDS653M48,2021,1,1
JVJHDS653M48,2023,5,2
JVJHDS653M48,2024,5,2
JVJHDS653M48,2025,3,2
JVJXJU3L5T53,2016,5,1
JVJXJU3L5T53,2018,1,1
JVLTSYYJG5L5,2016,2,2
JVLTSYYJG5L5,2017,2,2
JVLTSYYJG5L5,2019,3,2
JVLTSYYJG5L5,2021,2,2
JVZEJJ6N5EM8,2016,1,1
JVZEJJ6N5EM8,2017,5,3
JVZEJJ6N5EM8,2018,6,2
JVZEJJ6N5EM8,2019,1,1
JVZEJJ6N5EM8,2020,1,1
JVZEJJ6N5EM8,2022,4,4
JVZEJJ6N5EM8,2023,2,1
JVZEJJ6N5EM8,2024,3,3
JVZEJJ6N5EM8,2025,8,4
JW2NGMP4NMA3,2016,10,4
JW2NGMP4NMA3,2017,14,4
JW2NGMP4NMA3,2018,8,3
JW2NGMP4NMA3,2019,13,6
JW2NGMP4NMA3,2020,15,9
JW2NGMP4NMA3,2021,12,6
JW2NGMP4NMA3,2022,15,9
JW2NGMP4NMA3,2023,12,8
JW2NGMP4NMA3,2024,21,9
JW2NGMP4NMA3,2025,18,12
JW6LZ7N5TGB5,2017,1,1
JW6LZ7N5TGB5,2018,3,1
JW6LZ7N5TGB5,2019,3,1
JW6LZ7N5TGB5,2020,2,1
JW6LZ7N5TGB5,2021,9,1
JW6LZ7N5TGB5,2022,3,1
JW6LZ7N5TGB5,2023,3,1
JW6LZ7N5TGB5,2024,3,1
JW7FW1GBYJB5,2019,1,1
JWEZE9VNHL14,2018,1,1
JWEZE9VNHL14,2020,1,1
JWSYC7RUMJD1,2016,35,10
JWSYC7RUMJD1,2017,41,18
JWSYC7RUMJD1,2018,41,16
JWSYC7RUMJD1,2019,38,19
JWSYC7RUMJD1,2020,33,18
JWSYC7RUMJD1,2021,34,20
JWSYC7RUMJD1,2022,66,28
JWSYC7RUMJD1,2023,67,34
JWSYC7RUMJD1,2024,48,27
JWSYC7RUMJD1,2025,65,33
JXJJHFBDBLD5,2016,1,1
JXJJHFBDBLD5,2018,2,2
JXJJHFBDBLD5,2020,1,1
JXJJHFBDBLD5,2022,1,1
JXNDFBMEL195,2021,1,1
JXNDFBMEL195,2022,2,1
JXNMAWC5BY65,2016,1,1
JXNMAWC5BY65,2017,1,2
JXNMAWC5BY65,2018,2,2
JXNMAWC5BY65,2020,1,2
JXPVN9BZLZ15,2016,2,1
JXPVN9BZLZ15,2017,2,1
JXPVN9BZLZ15,2018,1,2
JXPVN9BZLZ15,2019,4,2
JXPVN9BZLZ15,2020,2,2
JXPVN9BZLZ15,2021,3,2
JXPVN9BZLZ15,2023,5,2
JXPVN9BZLZ15,2024,3,1
JXPVN9BZLZ15,2025,2,3
JY3KKMRM47L6,2022,1,1
JYA9LJ7GTSP1,2016,1,1
JYA9LJ7GTSP1,2017,2,3
JYA9LJ7GTSP1,2018,1,1
JYA9LJ7GTSP1,2020,2,2
JYA9LJ7GTSP1,2023,1,1
JYN1A3M4LD29,2023,3,1
JZ8RQC4EMDZ5,2016,208,64
JZ8RQC4EMDZ5,2017,202,67
JZ8RQC4EMDZ5,2018,238,66
JZ8RQC4EMDZ5,2019,217,71
JZ8RQC4EMDZ5,2020,284,89
JZ8RQC4EMDZ5,2021,332,97
JZ8RQC4EMDZ5,2022,304,101
JZ8RQC4EMDZ5,2023,275,100
JZ8RQC4EMDZ5,2024,249,86
JZ8RQC4EMDZ5,2025,217,84
JZD1HLM2ZU83,2016,647,220
JZD1HLM2ZU83,2017,718,272
JZD1HLM2ZU83,2018,803,319
JZD1HLM2ZU83,2019,737,321
JZD1HLM2ZU83,2020,774,342
JZD1HLM2ZU83,2021,802,378
JZD1HLM2ZU83,2022,685,381
JZD1HLM2ZU83,2023,758,382
JZD1HLM2ZU83,2024,720,390
JZD1HLM2ZU83,2025,703,369
JZDRNT166LE4,2016,38,20
JZDRNT166LE4,2017,44,27
JZDRNT166LE4,2018,45,27
JZDRNT166LE4,2019,49,28
JZDRNT166LE4,2020,75,31
JZDRNT166LE4,2021,72,43
JZDRNT166LE4,2022,68,33
JZDRNT166LE4,2023,49,34
JZDRNT166LE4,2024,54,34
JZDRNT166LE4,2025,40,38
JZG1CTLKTUP3,2016,1,2
JZG1CTLKTUP3,2017,2,1
JZG1CTLKTUP3,2018,1,1
JZG1CTLKTUP3,2019,3,1
JZG1CTLKTUP3,2020,3,2
JZG1CTLKTUP3,2021,6,3
JZG1CTLKTUP3,2022,3,1
JZG1CTLKTUP3,2023,1,1
JZG1CTLKTUP3,2024,2,2
JZG9BKYXTVD5,2016,1,1
JZG9BKYXTVD5,2019,1,1
JZG9BKYXTVD5,2020,1,1
JZS6V158FBE6,2016,1,1
JZS6V158FBE6,2017,2,2
JZS6V158FBE6,2018,2,1
JZS6V158FBE6,2019,1,1
JZS6V158FBE6,2023,1,1
JZW3NTF53113,2022,1,1
JZWJLWEF1KR9,2016,6,2
JZWJLWEF1KR9,2017,10,3
JZWJLWEF1KR9,2018,19,4
JZWJLWEF1KR9,2019,17,4
JZWJLWEF1KR9,2020,26,5
JZWJLWEF1KR9,2021,21,7
JZWJLWEF1KR9,2022,18,6
JZWJLWEF1KR9,2023,23,10
JZWJLWEF1KR9,2024,31,12
JZWJLWEF1KR9,2025,26,17
JZZKDKNVJQM5,2023,1,1
K17YGJXFWM95,2023,1,2
K17YGJXFWM95,2024,1,2
K17YGJXFWM95,2025,1,1
K19FFWF23DK3,2016,1,1
K19FFWF23DK3,2017,1,1
K19FFWF23DK3,2018,3,1
K19FFWF23DK3,2019,4,1
K19FFWF23DK3,2022,1,1
K19FFWF23DK3,2023,2,1
K1FBL8EVSSK6,2018,1,1
K1L7CAXEGZF1,2016,1,1
K1L7CAXEGZF1,2023,1,2
K1S8M8RU4FK7,2025,1,1
K1V8ZUNLURE3,2017,1,1
K2DDAS2E6DP7,2019,2,2
K2DDAS2E6DP7,2020,2,1
K2DDAS2E6DP7,2021,1,1
K2DDAS2E6DP7,2022,1,1
K2DDAS2E6DP7,2023,1,1
K2DDAS2E6DP7,2024,6,2
K2DDAS2E6DP7,2025,1,1
K2M9T6LVC4H9,2020,1,1
K2M9T6LVC4H9,2021,1,1
K2QMZUVDPKW1,2016,3,1
K2QMZUVDPKW1,2017,2,1
K2QMZUVDPKW1,2018,4,1
K2QMZUVDPKW1,2019,1,1
K2QMZUVDPKW1,2020,2,1
K2QMZUVDPKW1,2022,2,1
K2QMZUVDPKW1,2023,1,1
K2QMZUVDPKW1,2024,2,1
K2QMZUVDPKW1,2025,2,1
K2QUJB8AZPX1,2023,1,1
K2XFYLHNXPY3,2018,1,2
K2XFYLHNXPY3,2019,2,2
K2XFYLHNXPY3,2023,2,3
K2YANNA7WH31,2016,1,1
K34YUEJKPN64,2021,2,2
K34YUEJKPN64,2023,1,2
K34YUEJKPN64,2024,1,2
K3KKUWLAKDE3,2025,1,1
K3YFW6S3YQ67,2016,4,2
K3YFW6S3YQ67,2017,8,3
K3YFW6S3YQ67,2018,8,2
K3YFW6S3YQ67,2019,3,2
K3YFW6S3YQ67,2020,5,3
K3YFW6S3YQ67,2021,2,2
K3YFW6S3YQ67,2022,8,6
K3YFW6S3YQ67,2023,15,10
K3YFW6S3YQ67,2024,21,12
K3YFW6S3YQ67,2025,44,14
K4DME5HKGV83,2021,7,1
K4DME5HKGV83,2022,2,1
K4DME5HKGV83,2023,1,1
K4FYB2EJVL32,2016,8,5
K4FYB2EJVL32,2017,14,6
K4FYB2EJVL32,2018,30,8
K4FYB2EJVL32,2019,37,6
K4FYB2EJVL32,2020,48,13
K4FYB2EJVL32,2021,59,9
K4FYB2EJVL32,2022,62,15
K4FYB2EJVL32,2023,56,11
K4FYB2EJVL32,2024,60,16
K4FYB2EJVL32,2025,73,18
K4L2JH8P6EE5,2016,1,1
K4L2JH8P6EE5,2022,1,1
K4LZTWHBSGN6,2016,5,1
K4LZTWHBSGN6,2021,1,1
K4LZTWHBSGN6,2022,1,1
K4YQHEJSMFJ1,2018,1,1
K4YQHEJSMFJ1,2020,1,2
K4YQHEJSMFJ1,2022,1,1
K4YQHEJSMFJ1,2024,1,1
K51LECU1G8N3,2016,100,38
K51LECU1G8N3,2017,120,52
K51LECU1G8N3,2018,98,46
K51LECU1G8N3,2019,112,59
K51LECU1G8N3,2020,114,61
K51LECU1G8N3,2021,139,59
K51LECU1G8N3,2022,155,73
K51LECU1G8N3,2023,148,78
K51LECU1G8N3,2024,168,85
K51LECU1G8N3,2025,178,89
K51MT3XNKME7,2016,1,1
K51MT3XNKME7,2017,2,1
K51MT3XNKME7,2018,1,2
K51MT3XNKME7,2020,1,4
K51MT3XNKME7,2021,3,5
K51MT3XNKME7,2022,1,2
K51MT3XNKME7,2023,2,3
K51MT3XNKME7,2025,1,3
K53DFNBMUAN4,2016,1,1
K53DFNBMUAN4,2020,1,1
K53DFNBMUAN4,2021,1,1
K53DFNBMUAN4,2022,1,1
K53DFNBMUAN4,2023,1,1
K53DFNBMUAN4,2024,1,1
K54FKGWN2EN5,2016,3,2
K54FKGWN2EN5,2017,1,1
K54FKGWN2EN5,2018,2,2
K54FKGWN2EN5,2019,3,2
K54FKGWN2EN5,2020,1,1
K54FKGWN2EN5,2023,1,1
K54FKGWN2EN5,2025,1,1
K57JWU3XKX95,2017,3,3
K57JWU3XKX95,2019,2,2
K57JWU3XKX95,2020,2,3
K57JWU3XKX95,2021,4,4
K57JWU3XKX95,2023,2,2
K57JWU3XKX95,2024,3,3
K59NP6BZLYK1,2020,1,1
K5D7EN4J1FR7,2017,1,1
K5D7EN4J1FR7,2019,1,1
K5D7EN4J1FR7,2020,1,1
K5D7EN4J1FR7,2022,1,1
K5D7EN4J1FR7,2025,1,1
K5ELZZPK73V9,2019,1,1
K5ELZZPK73V9,2020,4,1
K5ELZZPK73V9,2021,3,1
K5ELZZPK73V9,2022,3,2
K5ELZZPK73V9,2023,1,1
K5ELZZPK73V9,2024,1,1
K5GFMW6QF1P7,2019,1,1
K5KAMCPRVED6,2018,2,1
K5KAMCPRVED6,2019,4,2
K5KAMCPRVED6,2020,3,2
K5KAMCPRVED6,2021,4,2
K5KAMCPRVED6,2022,2,2
K5KAMCPRVED6,2023,2,1
K5MSGRFGVVZ9,2016,1,1
K5MSGRFGVVZ9,2018,3,2
K5MSGRFGVVZ9,2019,7,2
K5MSGRFGVVZ9,2020,1,1
K5MSGRFGVVZ9,2021,3,2
K5MSGRFGVVZ9,2022,5,4
K5MSGRFGVVZ9,2023,5,2
K5MSGRFGVVZ9,2024,5,2
K5MSGRFGVVZ9,2025,3,3
K5QVXHA4R9G4,2020,2,1
K5RKRPEAQQ33,2024,1,1
K5TKCGKKA1T9,2022,1,1
K5TKCGKKA1T9,2023,5,2
K5TKCGKKA1T9,2024,5,2
K5XLJ6KZHAC1,2018,1,1
K5XLJ6KZHAC1,2020,1,1
K5XLJ6KZHAC1,2021,2,1
K5XLJ6KZHAC1,2022,1,1
K5XLJ6KZHAC1,2025,2,1
K64BSC9GSNH7,2016,1,1
K64BSC9GSNH7,2017,1,1
K64BSC9GSNH7,2019,1,1
K64BSC9GSNH7,2020,3,2
K68HYAKNBMX5,2020,1,1
K68HYAKNBMX5,2024,1,1
K6QTMYRRT6S5,2018,4,2
K6QTMYRRT6S5,2019,1,1
K6QTMYRRT6S5,2022,3,2
K6QTMYRRT6S5,2023,3,2
K6QTMYRRT6S5,2024,1,1
K6QTMYRRT6S5,2025,2,2
K6VKFMK4QL95,2017,1,1
K6YFV76PCGB7,2016,4,2
K6YFV76PCGB7,2017,6,2
K6YFV76PCGB7,2018,2,1
K6YFV76PCGB7,2019,3,3
K6YFV76PCGB7,2020,2,2
K6YFV76PCGB7,2022,4,3
K6YFV76PCGB7,2023,5,6
K6YFV76PCGB7,2024,2,3
K6ZEC3LCEKE1,2023,2,1
K6ZEC3LCEKE1,2024,2,1
K6ZEC3LCEKE1,2025,1,1
K718SE8C5CY5,2016,1,1
K718SE8C5CY5,2017,1,1
K7HRH5JERRB7,2021,2,1
K7HRH5JERRB7,2022,2,1
K7SXKWC4URY9,2017,1,1
K7SXKWC4URY9,2018,1,1
K7ZHCPD2VKE7,2025,1,1
K82DJW3G9VN7,2025,4,1
K82GCNF5EPU3,2022,1,1
K82GCNF5EPU3,2024,1,1
K82GCNF5EPU3,2025,1,1
K8MVV4TD6NX4,2019,1,1
K8P3RKTHETZ4,2019,1,1
K8P3RKTHETZ4,2020,1,1
K8UCJMA9VW39,2019,1,1
K91FAN8WHBM9,2021,1,1
K91FAN8WHBM9,2022,1,1
K91FAN8WHBM9,2024,1,1
K91FAN8WHBM9,2025,2,1
K9HFTNBU3M11,2018,1,1
K9HFTNBU3M11,2023,1,1
K9VQL9BKC1A9,2025,1,1
KA52MBNEHXF6,2025,1,1
KA57PCXN9QG3,2025,1,1
KAAMMFK1JJL8,2022,1,1
KAAMMFK1JJL8,2023,2,1
KAAMMFK1JJL8,2024,1,1
KABJZBBJ4B54,2016,1905,508
KABJZBBJ4B54,2017,1892,555
KABJZBBJ4B54,2018,2120,682
KABJZBBJ4B54,2019,1798,684
KABJZBBJ4B54,2020,2209,759
KABJZBBJ4B54,2021,2167,807
KABJZBBJ4B54,2022,2117,864
KABJZBBJ4B54,2023,2323,956
KABJZBBJ4B54,2024,2335,908
KABJZBBJ4B54,2025,2619,962
KACSQ7VNS1L7,2025,1,1
KAGFNRYEKXV4,2023,2,1
KALKKJL418Q7,2017,1,1
KALKKJL418Q7,2021,1,1
KALKKJL418Q7,2022,3,2
KALKKJL418Q7,2023,5,2
KALKKJL418Q7,2024,2,1
KALKKJL418Q7,2025,4,3
KALZFKXVQTA6,2024,1,1
KAP8ZU1NJUP6,2023,1,1
KAP8ZU1NJUP6,2025,1,2
KAPNN2QB4UY3,2017,1,1
KAQDBUUAYKM8,2023,1,1
KAQDBUUAYKM8,2024,2,1
KAQDBUUAYKM8,2025,1,1
KASJGN8XW8P8,2022,2,3
KAZGK5KJJNG5,2017,1,2
KAZGK5KJJNG5,2020,2,1
KB32W86W3Z75,2016,1,1
KB32W86W3Z75,2018,1,1
KBBCKHAHD4E9,2019,1,1
KBBCKHAHD4E9,2020,1,1
KBBCKHAHD4E9,2025,2,1
KBGTNMR2H497,2021,2,1
KBGTNMR2H497,2023,1,1
KBGTNMR2H497,2025,2,1
KBM8UKRMLKM9,2020,1,1
KC1DAXHM8424,2016,4,1
KC1DAXHM8424,2017,3,1
KC1DAXHM8424,2018,2,1
KC1DAXHM8424,2019,3,1
KC1DAXHM8424,2021,1,1
KC1DAXHM8424,2022,1,1
KC7MPKPPJDE7,2023,1,1
KC7MPKPPJDE7,2024,1,1
KC7MPKPPJDE7,2025,1,1
KCKBAFDPP833,2016,1,1
KCKBAFDPP833,2020,1,1
KCLEFN6AJYK5,2024,1,2
KCLEFN6AJYK5,2025,1,1
KCRBSNJMBVW9,2019,1,1
KCSBM7ASMA34,2016,4,3
KCSBM7ASMA34,2017,2,2
KCSBM7ASMA34,2018,2,1
KCSBM7ASMA34,2019,1,2
KCSBM7ASMA34,2020,1,1
KCSBM7ASMA34,2022,1,5
KCSBM7ASMA34,2023,1,2
KCSNGXRKL276,2018,1,1
KCSNGXRKL276,2019,1,1
KCSNGXRKL276,2020,2,1
KCSNGXRKL276,2021,3,4
KCSNGXRKL276,2022,1,1
KCSNGXRKL276,2024,1,2
KD1LJTFV7DN8,2022,1,1
KD1LJTFV7DN8,2023,1,1
KD1LJTFV7DN8,2024,5,2
KD1LJTFV7DN8,2025,1,1
KD49TNVVD417,2017,1,1
KD5QMN7SPDL9,2016,1,1
KD5QMN7SPDL9,2017,1,1
KD5TGBT7AKC9,2016,189,31
KD5TGBT7AKC9,2017,197,34
KD5TGBT7AKC9,2018,262,38
KD5TGBT7AKC9,2019,249,46
KD5TGBT7AKC9,2020,281,49
KD5TGBT7AKC9,2021,246,53
KD5TGBT7AKC9,2022,304,48
KD5TGBT7AKC9,2023,226,48
KD5TGBT7AKC9,2024,247,55
KD5TGBT7AKC9,2025,211,54
KD8GTLK3VV93,2020,1,1
KD8GTLK3VV93,2022,1,1
KDC3ZR39MDT9,2017,1,1
KDEZVGZ2PHN7,2018,1,1
KDEZVGZ2PHN7,2019,2,1
KDEZVGZ2PHN7,2023,2,2
KDEZVGZ2PHN7,2024,1,1
KDEZVGZ2PHN7,2025,3,4
KDJ1WQFNRK66,2016,2,1
KDJ1WQFNRK66,2018,4,1
KDJ1WQFNRK66,2019,2,1
KDJ1WQFNRK66,2021,1,1
KDJ1WQFNRK66,2022,1,1
KDM9HGS7NFT9,2022,1,2
KDM9HGS7NFT9,2024,1,2
KDP6QKY6QLM1,2016,6,3
KDP6QKY6QLM1,2017,5,3
KDP6QKY6QLM1,2018,7,3
KDP6QKY6QLM1,2019,9,6
KDP6QKY6QLM1,2020,15,6
KDP6QKY6QLM1,2021,16,7
KDP6QKY6QLM1,2022,7,6
KDP6QKY6QLM1,2023,16,9
KDP6QKY6QLM1,2024,22,11
KDP6QKY6QLM1,2025,16,8
KDRLUT71AFM5,2016,2,2
KDRLUT71AFM5,2017,5,3
KDRLUT71AFM5,2018,6,3
KDRLUT71AFM5,2019,3,2
KDRLUT71AFM5,2020,4,2
KDRLUT71AFM5,2021,6,5
KDRLUT71AFM5,2022,2,2
KDRLUT71AFM5,2023,11,5
KDRLUT71AFM5,2024,8,4
KDRLUT71AFM5,2025,7,5
KDU8W267SFM8,2019,1,1
KDU8W267SFM8,2022,1,1
KDUMCTBFT188,2023,2,2
KDUMCTBFT188,2025,1,1
KDX5Y29YQUL1,2022,2,1
KDX5Y29YQUL1,2023,1,1
KE4NA95F3HF9,2021,1,1
KEA1TCKU8DD1,2024,1,1
KEGPJGAUS5K3,2022,1,2
KEM9SPVGWL15,2023,1,1
KEPBG1V32A64,2016,1,1
KEPBG1V32A64,2019,1,1
KEXVZ79F9UU9,2016,3,2
KEXVZ79F9UU9,2017,6,3
KEXVZ79F9UU9,2018,2,2
KEXVZ79F9UU9,2019,2,1
KEXVZ79F9UU9,2021,1,1
KFBQNKZHLJZ6,2023,2,1
KFBQNKZHLJZ6,2024,1,1
KFD4ZKUJQKJ7,2016,5,1
KFD4ZKUJQKJ7,2017,2,1
KFD4ZKUJQKJ7,2018,1,1
KFD4ZKUJQKJ7,2021,3,1
KFD4ZKUJQKJ7,2025,1,1
KFJ7WLKY6987,2016,1,1
KFJ7WLKY6987,2018,3,1
KFJ7WLKY6987,2019,1,1
KFJ7WLKY6987,2020,1,1
KFJ7WLKY6987,2021,1,1
KFJ7WLKY6987,2022,5,1
KFJ7WLKY6987,2023,3,2
KFJ7WLKY6987,2025,2,2
KFQAMG8BEE35,2018,2,3
KFQAMG8BEE35,2019,1,3
KFQAMG8BEE35,2022,1,1
KG76WYENL5K1,2016,1767,467
KG76WYENL5K1,2017,1605,558
KG76WYENL5K1,2018,1572,640
KG76WYENL5K1,2019,1546,659
KG76WYENL5K1,2020,1738,760
KG76WYENL5K1,2021,1837,806
KG76WYENL5K1,2022,2008,814
KG76WYENL5K1,2023,1994,892
KG76WYENL5K1,2024,1959,899
KG76WYENL5K1,2025,1984,935
KGL3NCTHEM88,2019,1,1
KGL3NCTHEM88,2021,1,1
KGL7K51B52Y5,2023,2,2
KGMNGV6P8533,2016,3,2
KGMNGV6P8533,2017,4,2
KGMNGV6P8533,2018,1,1
KGMNGV6P8533,2020,3,1
KGMNGV6P8533,2021,1,1
KGMNGV6P8533,2022,1,1
KGN8G9F9JLW6,2021,1,1
KGP6EXJ2DEM1,2021,1,1
KGP6EXJ2DEM1,2022,1,1
KGP6EXJ2DEM1,2023,2,1
KGP6EXJ2DEM1,2024,2,1
KH6NJ6ND8737,2016,84,44
KH6NJ6ND8737,2017,92,44
KH6NJ6ND8737,2018,98,60
KH6NJ6ND8737,2019,75,52
KH6NJ6ND8737,2020,95,72
KH6NJ6ND8737,2021,101,72
KH6NJ6ND8737,2022,98,59
KH6NJ6ND8737,2023,113,72
KH6NJ6ND8737,2024,101,66
KH6NJ6ND8737,2025,132,80
KHJ6KKM6J8N8,2016,1,1
KHJ6KKM6J8N8,2021,1,1
KHR2T925ZCV6,2016,1,1
KHR2T925ZCV6,2019,1,1
KHTTXQEGW995,2021,2,1
KHTTXQEGW995,2022,5,1
KHTTXQEGW995,2023,7,1
KHTTXQEGW995,2024,2,1
KHTTXQEGW995,2025,1,1
KJ2FDLEJT973,2018,1,1
KJ2FDLEJT973,2019,1,1
KJ2FDLEJT973,2021,1,1
KJ6MKF4LZ598,2017,1,1
KJ6MKF4LZ598,2018,3,1
KJ6MKF4LZ598,2020,1,1
KJ6MKF4LZ598,2025,1,1
KJ8KQCTJBL17,2021,1,1
KJAPY2NGGNQ8,2022,2,2
KJAPY2NGGNQ8,2023,1,2
KJAPY2NGGNQ8,2025,3,1
KJF3CKV4LA45,2017,1,1
KJF3CKV4LA45,2023,2,1
KJGKLJKBEEG3,2020,1,1
KJGKLJKBEEG3,2023,1,1
KJGXVMFV9U14,2021,1,1
KJGXVMFV9U14,2023,1,3
KJGXVMFV9U14,2025,2,2
KJKPW8ZC1P88,2020,2,1
KJKYFMDKP1V9,2023,1,1
KJL4YQ7KSEK9,2020,6,4
KJL4YQ7KSEK9,2021,3,5
KJL4YQ7KSEK9,2022,1,1
KJL4YQ7KSEK9,2025,3,4
KJSXV7BX15K5,2017,1,1
KJSXV7BX15K5,2018,2,1
KJSXV7BX15K5,2019,2,1
KJWYBQN9STL7,2016,2,2
KJWYBQN9STL7,2017,2,2
KJWYBQN9STL7,2018,7,3
KJWYBQN9STL7,2019,4,2
KJWYBQN9STL7,2020,5,4
KJWYBQN9STL7,2021,6,6
KJWYBQN9STL7,2022,15,7
KJWYBQN9STL7,2023,12,5
KJWYBQN9STL7,2024,10,5
KJWYBQN9STL7,2025,9,6
KKAULFBAX8W4,2018,2,1
KKDXWXKXX447,2025,1,1
KKENLH4K7TK3,2018,1,1
KKENLH4K7TK3,2022,1,1
KKFFZTN2DXL8,2016,1,1
KKFFZTN2DXL8,2019,1,1
KKFFZTN2DXL8,2020,1,2
KKFTU8J72323,2023,1,1
KKFTU8J72323,2024,1,1
KKNKANJQJJA5,2023,2,1
KKSHAJA41B56,2022,1,1
KKSHAJA41B56,2025,1,2
KKT9PGKVV2A1,2016,3,1
KKT9PGKVV2A1,2019,1,1
KKT9PGKVV2A1,2025,2,1
KL1DMVY1MZM8,2016,13,2
KL1DMVY1MZM8,2017,17,5
KL1DMVY1MZM8,2018,17,3
KL1DMVY1MZM8,2019,21,5
KL1DMVY1MZM8,2020,14,5
KL1DMVY1MZM8,2021,29,6
KL1DMVY1MZM8,2022,28,6
KL1DMVY1MZM8,2023,16,4
KL1DMVY1MZM8,2024,21,5
KL1DMVY1MZM8,2025,46,6
KL35SH8XHG94,2025,1,1
KLANRKKPWQT4,2018,1,1
KLANRKKPWQT4,2019,1,1
KLCPP1J49GC5,2017,1,1
KLCPP1J49GC5,2019,1,2
KLCPP1J49GC5,2023,1,1
KLCPP1J49GC5,2024,2,3
KLCPP1J49GC5,2025,1,1
KLCRCAQBG417,2023,1,1
KLCRCAQBG417,2024,3,1
KLCRCAQBG417,2025,1,1
KLFLHV967JW4,2023,1,1
KLFLHV967JW4,2025,2,2
KLM1F8DQJKN1,2019,1,1
KLM1F8DQJKN1,2020,1,1
KLNCNGPNB7Y8,2024,1,1
KLNCNGPNB7Y8,2025,1,1
KLYZMQYD9SZ3,2017,1,1
KM23KYBML5N8,2019,1,1
KM23KYBML5N8,2024,2,1
KM24BL6J7XG3,2016,2,2
KM24BL6J7XG3,2017,1,1
KM24BL6J7XG3,2018,1,1
KM24BL6J7XG3,2019,1,1
KM31KGPYM8Y1,2017,1,1
KM31KGPYM8Y1,2019,1,1
KM31KGPYM8Y1,2020,1,1
KM31KGPYM8Y1,2023,1,1
KM9RHDLMHTN5,2021,1,1
KM9RHDLMHTN5,2022,1,1
KM9RHDLMHTN5,2024,2,2
KM9RHDLMHTN5,2025,1,2
KMDFQGPWPK85,2016,1,1
KMDFQGPWPK85,2017,4,1
KMDFQGPWPK85,2018,1,1
KMDFQGPWPK85,2019,3,1
KMDFQGPWPK85,2020,1,1
KMDFQGPWPK85,2021,2,1
KMDFQGPWPK85,2022,1,1
KMDFQGPWPK85,2023,2,1
KMDFQGPWPK85,2025,1,1
KMH5K9V7S518,2016,2978,1030
KMH5K9V7S518,2017,2987,1182
KMH5K9V7S518,2018,3158,1299
KMH5K9V7S518,2019,3131,1416
KMH5K9V7S518,2020,3631,1555
KMH5K9V7S518,2021,3749,1620
KMH5K9V7S518,2022,3805,1670
KMH5K9V7S518,2023,3734,1686
KMH5K9V7S518,2024,3725,1712
KMH5K9V7S518,2025,3657,1780
KMMKPBEDBDP6,2020,1,1
KMMKPBEDBDP6,2021,2,1
KMMKPBEDBDP6,2022,4,2
KMRLL3EPWVK5,2021,3,2
KMRLL3EPWVK5,2025,1,3
KMTHQL9S5RS3,2017,1,1
KMTHQL9S5RS3,2018,2,1
KMTHQL9S5RS3,2019,3,1
KMTHQL9S5RS3,2020,1,1
KMTHQL9S5RS3,2021,1,1
KMTHQL9S5RS3,2023,1,1
KN3BF8Y27ES3,2016,2,1
KN3BF8Y27ES3,2020,2,2
KN3BF8Y27ES3,2021,1,1
KN3BF8Y27ES3,2025,1,1
KNJLDH2XCWG6,2020,1,1
KNJLDH2XCWG6,2024,1,2
KNJLDH2XCWG6,2025,2,2
KNL3VGH5KWM5,2024,1,2
KNL3VGH5KWM5,2025,2,2
KNPKVDXDCNL9,2018,1,2
KNPKVDXDCNL9,2019,1,1
KNPKVDXDCNL9,2021,1,1
KNSQZPJ3K775,2016,25,11
KNSQZPJ3K775,2017,23,14
KNSQZPJ3K775,2018,30,15
KNSQZPJ3K775,2019,33,13
KNSQZPJ3K775,2020,30,18
KNSQZPJ3K775,2021,33,22
KNSQZPJ3K775,2022,27,22
KNSQZPJ3K775,2023,32,19
KNSQZPJ3K775,2024,51,24
KNSQZPJ3K775,2025,53,29
KP2SCPU3W6K9,2024,1,1
KP77HA6KJXY9,2020,1,1
KPALJZQMJAX6,2016,3,2
KPALJZQMJAX6,2017,4,3
KPALJZQMJAX6,2018,8,5
KPALJZQMJAX6,2019,1,1
KPALJZQMJAX6,2020,5,4
KPALJZQMJAX6,2021,3,3
KPALJZQMJAX6,2022,5,4
KPALJZQMJAX6,2023,7,3
KPALJZQMJAX6,2024,5,4
KPALJZQMJAX6,2025,7,6
KPVBKSDMPJ95,2016,8,3
KPVBKSDMPJ95,2018,7,3
KPVBKSDMPJ95,2019,7,5
KPVBKSDMPJ95,2020,6,3
KPVBKSDMPJ95,2021,6,4
KPVBKSDMPJ95,2022,3,2
KPVBKSDMPJ95,2023,4,4
KPVBKSDMPJ95,2024,2,2
KPVBKSDMPJ95,2025,3,2
KPXWREFHL249,2017,1,1
KPXWREFHL249,2024,1,1
KQ1KJG78NNS9,2016,1,1
KQ1KJG78NNS9,2017,1,1
KQ1KJG78NNS9,2018,2,4
KQ1KJG78NNS9,2019,1,1
KQ1KJG78NNS9,2020,4,1
KQ1KJG78NNS9,2021,3,2
KQ1KJG78NNS9,2022,2,1
KQ1KJG78NNS9,2023,3,2
KQ1KJG78NNS9,2024,1,1
KQ4JJBW6EKC5,2021,1,1
KQ6SCWDRPFG5,2019,1,1
KQ6SCWDRPFG5,2020,1,1
KQ6SCWDRPFG5,2021,2,2
KQ6SCWDRPFG5,2022,1,1
KQH2L3LDQMC6,2020,1,1
KQH2L3LDQMC6,2021,2,2
KQH2L3LDQMC6,2022,2,2
KQH2L3LDQMC6,2023,1,1
KQH2L3LDQMC6,2025,1,1
KQMJK8NFLK35,2018,2,1
KQMJK8NFLK35,2019,1,1
KQMJK8NFLK35,2022,2,1
KRDESMTF3N68,2019,1,1
KRDJLRA9X6F3,2016,12,4
KRDJLRA9X6F3,2017,6,2
KRDJLRA9X6F3,2018,11,4
KRDJLRA9X6F3,2019,11,6
KRDJLRA9X6F3,2020,11,6
KRDJLRA9X6F3,2021,11,4
KRDJLRA9X6F3,2022,12,5
KRDJLRA9X6F3,2023,12,6
KRDJLRA9X6F3,2024,10,3
KRDJLRA9X6F3,2025,10,6
KREAAS7G2LB1,2020,1,1
KREAAS7G2LB1,2024,1,1
KRKPFMRJ5H19,2016,15,10
KRKPFMRJ5H19,2017,9,11
KRKPFMRJ5H19,2018,16,11
KRKPFMRJ5H19,2019,9,7
KRKPFMRJ5H19,2020,19,9
KRKPFMRJ5H19,2021,5,4
KRKPFMRJ5H19,2022,11,6
KRKPFMRJ5H19,2023,11,9
KRKPFMRJ5H19,2024,6,5
KRKPFMRJ5H19,2025,4,4
KRP2M1FKAG54,2021,1,1
KS69U7ENCAB8,2017,1,1
KS69U7ENCAB8,2018,1,1
KS69U7ENCAB8,2019,1,1
KSJKE3KVNBB4,2016,11,5
KSJKE3KVNBB4,2017,16,8
KSJKE3KVNBB4,2018,7,6
KSJKE3KVNBB4,2019,7,4
KSJKE3KVNBB4,2021,1,1
KSJKE3KVNBB4,2022,13,4
KSJKE3KVNBB4,2023,3,2
KSJKE3KVNBB4,2024,6,4
KSJKE3KVNBB4,2025,3,4
KSKJNLG2VNB4,2025,1,1
KSKTLXS2JHP7,2019,1,2
KSKTLXS2JHP7,2020,2,2
KSKTLXS2JHP7,2024,1,2
KSNRWVQ97YN6,2016,1,1
KSNRWVQ97YN6,2017,1,1
KSNRWVQ97YN6,2021,1,3
KSNRWVQ97YN6,2022,1,2
KSPKNZ673H55,2022,1,1
KSPKNZ673H55,2024,3,1
KT53C2WERLQ7,2017,1,1
KT53C2WERLQ7,2018,1,1
KT53C2WERLQ7,2019,1,2
KTD9TQGMNMR1,2023,2,1
KTD9TQGMNMR1,2024,1,1
KTJKPBE2H5H3,2017,2,1
KTJKPBE2H5H3,2018,1,1
KTJKPBE2H5H3,2019,2,1
KTJKPBE2H5H3,2020,3,1
KTJKPBE2H5H3,2021,1,1
KTJKPBE2H5H3,2022,1,1
KTJKPBE2H5H3,2024,1,2
KTJKPBE2H5H3,2025,2,2
KTPBYA983Y35,2016,1,1
KTPBYA983Y35,2018,1,1
KTUKAUTZVRJ3,2018,1,1
KTUKAUTZVRJ3,2019,1,1
KTUKAUTZVRJ3,2020,1,1
KTUKAUTZVRJ3,2021,3,2
KTUKAUTZVRJ3,2022,3,3
KTUKAUTZVRJ3,2024,1,1
KTUKAUTZVRJ3,2025,3,2
KTUYMKC7J4P5,2025,1,2
KTVMENVNKJ37,2017,1,1
KTVMENVNKJ37,2018,3,3
KTYPNFNGG3E9,2025,4,1
KU3DCFJJTVN3,2016,143,38
KU3DCFJJTVN3,2017,129,43
KU3DCFJJTVN3,2018,127,52
KU3DCFJJTVN3,2019,139,61
KU3DCFJJTVN3,2020,129,66
KU3DCFJJTVN3,2021,126,76
KU3DCFJJTVN3,2022,175,76
KU3DCFJJTVN3,2023,141,69
KU3DCFJJTVN3,2024,123,66
KU3DCFJJTVN3,2025,114,69
KU5GN73B5N24,2025,1,2
KU5VWM3D5TJ8,2017,1,1
KU5VWM3D5TJ8,2019,1,1
KU5VWM3D5TJ8,2020,1,3
KU5VWM3D5TJ8,2025,1,2
KU82LEKRFP28,2016,1,1
KU82LEKRFP28,2018,1,1
KU82LEKRFP28,2019,1,1
KU82LEKRFP28,2020,1,1
KU82LEKRFP28,2023,1,1
KU82LEKRFP28,2025,1,1
KUCNQK5YE9V8,2019,1,1
KUDAYJK9M7K7,2021,1,1
KUDAYJK9M7K7,2022,1,1
KUFGHGVAR634,2021,1,1
KUFGHGVAR634,2022,1,1
KUGZUDSCWQK5,2021,1,1
KUGZUDSCWQK5,2022,1,1
KUKXRCZ6NZC2,2016,2368,244
KUKXRCZ6NZC2,2017,1802,291
KUKXRCZ6NZC2,2018,1730,289
KUKXRCZ6NZC2,2019,1533,309
KUKXRCZ6NZC2,2020,2171,361
KUKXRCZ6NZC2,2021,2164,402
KUKXRCZ6NZC2,2022,2741,413
KUKXRCZ6NZC2,2023,2518,419
KUKXRCZ6NZC2,2024,2397,415
KUKXRCZ6NZC2,2025,2195,436
KULSKCCZJT27,2016,6,4
KULSKCCZJT27,2017,9,4
KULSKCCZJT27,2018,12,4
KULSKCCZJT27,2019,16,5
KULSKCCZJT27,2020,14,7
KULSKCCZJT27,2021,14,5
KULSKCCZJT27,2022,11,6
KULSKCCZJT27,2023,32,7
KULSKCCZJT27,2024,33,8
KULSKCCZJT27,2025,35,9
KUPNQTF7DR42,2018,2,1
KUPNQTF7DR42,2019,1,1
KUPNQTF7DR42,2020,1,1
KUPNQTF7DR42,2021,1,3
KV6XHGACM3Z5,2020,1,1
KV6XHGACM3Z5,2021,1,1
KV6XHGACM3Z5,2022,3,1
KVFLK2JVJST8,2022,2,1
KVFLK2JVJST8,2023,1,2
KVHSJ1LPV7P2,2017,1,1
KVMHTFE6T4K7,2016,1,1
KVMHTFE6T4K7,2017,1,1
KVMHTFE6T4K7,2020,1,1
KVPFLBUEA8C7,2017,1,1
KVPSHD32BK67,2018,1,1
KW9HMURNKJN5,2025,1,1
KWKDEX6DATN7,2017,3,1
KWKDEX6DATN7,2019,2,2
KWKDEX6DATN7,2020,7,4
KWKDEX6DATN7,2021,6,4
KWKDEX6DATN7,2022,7,4
KWKDEX6DATN7,2023,14,7
KWKDEX6DATN7,2024,26,5
KWKDEX6DATN7,2025,31,6
KWKELMPPHJB5,2021,2,1
KWKNEAQPAK43,2017,4,1
KWTAB1GYM4L9,2016,195,32
KWTAB1GYM4L9,2017,173,29
KWTAB1GYM4L9,2018,188,37
KWTAB1GYM4L9,2019,160,35
KWTAB1GYM4L9,2020,159,29
KWTAB1GYM4L9,2021,174,38
KWTAB1GYM4L9,2022,134,35
KWTAB1GYM4L9,2023,132,34
KWTAB1GYM4L9,2024,142,33
KWTAB1GYM4L9,2025,154,47
KX3EAX2JEMV8,2016,2,2
KX3EAX2JEMV8,2018,5,2
KX3EAX2JEMV8,2019,1,1
KX3EAX2JEMV8,2020,2,2
KX3EAX2JEMV8,2021,2,2
KX3EAX2JEMV8,2023,1,1
KX3EAX2JEMV8,2024,2,2
KX6SSKWEHNQ4,2019,1,1
KX6SSKWEHNQ4,2020,4,1
KX6SSKWEHNQ4,2021,5,2
KX6SSKWEHNQ4,2022,5,1
KX6SSKWEHNQ4,2023,1,1
KX6SSKWEHNQ4,2024,2,2
KXN7HGCF6K91,2016,3,1
KXN7HGCF6K91,2017,3,1
KXN7HGCF6K91,2018,4,1
KXN7HGCF6K91,2019,2,1
KXN7HGCF6K91,2020,4,1
KXN7HGCF6K91,2021,1,1
KXN7HGCF6K91,2022,3,1
KXN7HGCF6K91,2023,3,1
KXN7HGCF6K91,2024,3,1
KXN7HGCF6K91,2025,1,1
KXNRBQRMKPZ5,2025,1,1
KXNVA7JCC5K6,2016,15,8
KXNVA7JCC5K6,2017,20,7
KXNVA7JCC5K6,2018,17,13
KXNVA7JCC5K6,2019,35,22
KXNVA7JCC5K6,2020,42,18
KXNVA7JCC5K6,2021,27,21
KXNVA7JCC5K6,2022,44,21
KXNVA7JCC5K6,2023,41,26
KXNVA7JCC5K6,2024,30,18
KXNVA7JCC5K6,2025,31,23
KXPFHEDXERL7,2016,1,1
KXPFHEDXERL7,2017,1,1
KXWAKDEXPKM3,2022,2,3
KXWAKDEXPKM3,2023,1,1
KXWAKDEXPKM3,2024,2,2
KY93LFANLH99,2017,2,1
KY93LFANLH99,2018,2,1
KY93LFANLH99,2019,3,1
KY93LFANLH99,2020,6,2
KY93LFANLH99,2021,3,2
KY93LFANLH99,2022,6,3
KY93LFANLH99,2023,8,2
KY93LFANLH99,2024,8,2
KY93LFANLH99,2025,19,3
KY9XKL5CRLP8,2024,1,1
KYCNEEPCAZ25,2016,1,1
KYCNEEPCAZ25,2017,1,1
KYCNEEPCAZ25,2018,1,1
KYG3DZSMH4R7,2017,1,1
KYG3DZSMH4R7,2018,1,1
KYG3DZSMH4R7,2020,6,6
KYG3DZSMH4R7,2021,6,6
KYG3DZSMH4R7,2022,4,6
KYG3DZSMH4R7,2023,8,6
KYG3DZSMH4R7,2024,9,6
KYG3DZSMH4R7,2025,4,3
KYRDRMCYA1T1,2016,3,1
KYRDRMCYA1T1,2017,2,1
KYRDRMCYA1T1,2018,15,1
KYRDRMCYA1T1,2019,2,1
KYRDRMCYA1T1,2020,1,1
KYRDRMCYA1T1,2021,1,1
KYRDRMCYA1T1,2022,1,1
KYRDRMCYA1T1,2023,1,1
KYRDRMCYA1T1,2024,1,1
KYRDRMCYA1T1,2025,3,1
KYWWQMMM1PZ4,2022,2,1
KYWWQMMM1PZ4,2023,1,1
KYWWQMMM1PZ4,2024,1,2
KZNHNMDUTJA5,2017,1,1
KZNHNMDUTJA5,2018,2,1
KZNHNMDUTJA5,2019,2,1
KZNHNMDUTJA5,2020,1,1
KZQGBBTLWXE6,2018,1,1
L1D1KDJ6SWF7,2025,3,1
L1D3E91ZZAB9,2020,1,1
L1DXXP1KGP77,2016,14,5
L1DXXP1KGP77,2017,37,12
L1DXXP1KGP77,2018,30,13
L1DXXP1KGP77,2019,34,11
L1DXXP1KGP77,2020,24,15
L1DXXP1KGP77,2021,37,12
L1DXXP1KGP77,2022,27,19
L1DXXP1KGP77,2023,26,18
L1DXXP1KGP77,2024,19,12
L1DXXP1KGP77,2025,19,17
L1EDVCGK2327,2016,1,1
L1EDVCGK2327,2017,2,1
L1EDVCGK2327,2021,3,1
L1EDVCGK2327,2023,1,1
L1EDVCGK2327,2024,5,1
L1GPHS96MUE1,2016,12,4
L1GPHS96MUE1,2017,10,5
L1GPHS96MUE1,2018,4,2
L1GPHS96MUE1,2019,5,4
L1GPHS96MUE1,2020,5,4
L1GPHS96MUE1,2021,7,6
L1GPHS96MUE1,2022,3,3
L1GPHS96MUE1,2023,5,6
L1GPHS96MUE1,2024,3,2
L1GPHS96MUE1,2025,7,5
L1ULXZFAK9C3,2022,1,1
L1ULXZFAK9C3,2023,3,1
L1VLYM9HZNK3,2017,2,2
L1VLYM9HZNK3,2019,2,1
L1VLYM9HZNK3,2020,2,1
L1VLYM9HZNK3,2022,2,1
L1VLYM9HZNK3,2024,2,3
L1WMS53DNJT3,2025,1,1
L26KNREPFJQ9,2019,1,1
L26KNREPFJQ9,2020,1,1
L26KNREPFJQ9,2021,1,1
L2D2FJHMKWK3,2018,2,2
L2T9XGZ1JUL5,2016,1,5
L2T9XGZ1JUL5,2017,2,6
L2T9XGZ1JUL5,2019,1,1
L2T9XGZ1JUL5,2020,2,8
L2T9XGZ1JUL5,2021,2,5
L34KABQ8SC17,2016,2,1
L34KABQ8SC17,2017,2,1
L34KABQ8SC17,2018,1,1
L34KABQ8SC17,2022,1,1
L393CE1KTBR9,2019,1,1
L3ATVUT2KNK7,2016,93,11
L3ATVUT2KNK7,2017,40,15
L3ATVUT2KNK7,2018,111,19
L3ATVUT2KNK7,2019,36,18
L3ATVUT2KNK7,2020,38,19
L3ATVUT2KNK7,2021,33,18
L3ATVUT2KNK7,2022,39,23
L3ATVUT2KNK7,2023,33,27
L3ATVUT2KNK7,2024,48,30
L3ATVUT2KNK7,2025,57,36
L3EDB8218ZM5,2016,2,1
L3EDB8218ZM5,2018,1,1
L42HJFW8K536,2016,1,1
L42HJFW8K536,2017,2,1
L42HJFW8K536,2018,2,1
L447XJXMJ7L5,2022,1,1
L45ESZCK7JJ1,2023,1,1
L45FLFHWMGQ9,2021,1,1
L45FLFHWMGQ9,2023,1,1
L4E8EXJDSUH5,2022,1,1
L4EEW9SQX2F6,2016,47,10
L4EEW9SQX2F6,2017,25,7
L4EEW9SQX2F6,2018,42,11
L4EEW9SQX2F6,2019,35,12
L4EEW9SQX2F6,2020,26,12
L4EEW9SQX2F6,2021,43,7
L4EEW9SQX2F6,2022,34,11
L4EEW9SQX2F6,2023,22,10
L4EEW9SQX2F6,2024,21,6
L4EEW9SQX2F6,2025,24,8
L4XJEPDB3QJ9,2016,2,2
L4XJEPDB3QJ9,2017,2,2
L4XJEPDB3QJ9,2018,2,2
L4XJEPDB3QJ9,2019,1,1
L4XJEPDB3QJ9,2022,5,3
L4XJEPDB3QJ9,2023,4,3
L4XJEPDB3QJ9,2024,2,2
L4XJEPDB3QJ9,2025,3,4
L53AQ71QLHU4,2025,1,1
L5D8PHYBNJH7,2016,1,1
L5D8PHYBNJH7,2019,1,1
L5D8PHYBNJH7,2020,1,1
L5D8PHYBNJH7,2025,1,1
L5HXKEKQGL93,2024,1,1
L5HXKEKQGL93,2025,3,1
L5XGENY3LNN7,2016,1,1
L5XGENY3LNN7,2019,4,3
L5XGENY3LNN7,2023,1,1
L5XGENY3LNN7,2024,2,1
L5XGENY3LNN7,2025,3,3
L5Z4F1VY5EE5,2018,2,2
L5Z4F1VY5EE5,2024,1,1
L5Z8K6ZE8LY4,2019,1,1
L63BKBLD2LH4,2016,2,2
L63BKBLD2LH4,2017,3,2
L63BKBLD2LH4,2018,2,1
L63BKBLD2LH4,2019,4,3
L63BKBLD2LH4,2020,2,2
L63BKBLD2LH4,2021,3,3
L63BKBLD2LH4,2022,7,3
L63BKBLD2LH4,2023,5,5
L63BKBLD2LH4,2024,13,6
L63BKBLD2LH4,2025,10,4
L6AZATV6ZKH3,2025,1,1
L6NFUM28LQM5,2016,2383,830
L6NFUM28LQM5,2017,2368,939
L6NFUM28LQM5,2018,2541,1060
L6NFUM28LQM5,2019,2375,1156
L6NFUM28LQM5,2020,2689,1233
L6NFUM28LQM5,2021,2924,1347
L6NFUM28LQM5,2022,2916,1322
L6NFUM28LQM5,2023,3194,1474
L6NFUM28LQM5,2024,3063,1511
L6NFUM28LQM5,2025,3155,1584
L72RA25Z7LK3,2017,1,1
L7HDMFCS1NS5,2016,15,1
L7HDMFCS1NS5,2017,16,1
L7HDMFCS1NS5,2018,10,1
L7HDMFCS1NS5,2019,9,1
L7HDMFCS1NS5,2020,9,1
L7HDMFCS1NS5,2021,11,1
L7HDMFCS1NS5,2022,14,1
L7HDMFCS1NS5,2023,17,1
L7HDMFCS1NS5,2024,15,1
L7HDMFCS1NS5,2025,13,1
L7XBFSMFEK43,2018,1,1
L8CFJBXMJ6Q3,2016,3,2
L8CFJBXMJ6Q3,2017,3,2
L8CFJBXMJ6Q3,2018,4,2
L8CFJBXMJ6Q3,2022,1,1
L8NCZUZBNMQ5,2017,1,1
L8QSLB2KCRE5,2025,1,1
L8RJFGJXXS36,2016,17,9
L8RJFGJXXS36,2017,19,10
L8RJFGJXXS36,2018,12,9
L8RJFGJXXS36,2019,11,10
L8RJFGJXXS36,2020,9,10
L8RJFGJXXS36,2021,17,15
L8RJFGJXXS36,2022,16,16
L8RJFGJXXS36,2023,19,13
L8RJFGJXXS36,2024,17,13
L8RJFGJXXS36,2025,22,13
L952KGDMSLV5,2016,90,30
L952KGDMSLV5,2017,106,35
L952KGDMSLV5,2018,82,32
L952KGDMSLV5,2019,74,29
L952KGDMSLV5,2020,95,34
L952KGDMSLV5,2021,82,38
L952KGDMSLV5,2022,67,23
L952KGDMSLV5,2023,84,28
L952KGDMSLV5,2024,62,30
L952KGDMSLV5,2025,93,30
L99NWZNZ7K57,2019,1,1
L99NWZNZ7K57,2020,2,1
L99NWZNZ7K57,2021,3,3
L99NWZNZ7K57,2023,1,1
L99NWZNZ7K57,2024,3,1
L99NWZNZ7K57,2025,8,2
L9HHRYCBMBZ1,2023,1,1
L9HHRYCBMBZ1,2024,1,1
L9JLQACKL9U3,2016,1,1
L9JLQACKL9U3,2017,1,2
L9JLQACKL9U3,2018,1,1
L9JLQACKL9U3,2019,2,1
L9JLQACKL9U3,2020,4,1
L9JLQACKL9U3,2021,2,1
L9JLQACKL9U3,2022,1,1
L9M4LLJED927,2016,1,1
L9M4LLJED927,2019,1,1
L9M4LLJED927,2020,1,1
L9M4LLJED927,2021,1,2
L9M4LLJED927,2024,1,1
L9SNJEY728V3,2016,1,1
L9SNJEY728V3,2018,3,3
L9TLJWV8XPC7,2017,2,1
L9TLJWV8XPC7,2019,2,1
LA54LAMKQ5A6,2021,1,1
LA7RMC774LU5,2016,5,1
LA7RMC774LU5,2017,5,1
LA7RMC774LU5,2018,6,1
LA7RMC774LU5,2019,2,1
LA7RMC774LU5,2020,2,1
LA7RMC774LU5,2021,1,1
LA7RMC774LU5,2022,1,1
LA7RMC774LU5,2023,3,1
LAGNHMC58DF3,2016,15,12
LAGNHMC58DF3,2017,20,10
LAGNHMC58DF3,2018,14,11
LAGNHMC58DF3,2019,18,13
LAGNHMC58DF3,2020,19,12
LAGNHMC58DF3,2021,11,10
LAGNHMC58DF3,2022,19,11
LAGNHMC58DF3,2023,16,11
LAGNHMC58DF3,2024,31,15
LAGNHMC58DF3,2025,30,18
LAS2A8MTAR45,2019,1,1
LAS2A8MTAR45,2021,1,2
LAS2A8MTAR45,2023,1,1
LAS2A8MTAR45,2024,2,7
LB1ZSHY1LFK5,2025,1,1
LB2MA24ZXBL9,2019,2,1
LB2MA24ZXBL9,2021,2,1
LB2MA24ZXBL9,2023,2,1
LB2MA24ZXBL9,2024,2,1
LBDFHP79P678,2017,1,1
LBDFHP79P678,2018,1,1
LBDFHP79P678,2019,2,1
LBF9YJ9QGLJ5,2024,1,1
LBGNY1VKYKH6,2021,1,1
LBGNY1VKYKH6,2022,2,1
LBGNY1VKYKH6,2023,6,1
LBGNY1VKYKH6,2024,3,1
LBGNY1VKYKH6,2025,3,1
LBLNMRYNA6J6,2016,1,1
LBLNMRYNA6J6,2017,1,1
LBLNMRYNA6J6,2020,8,3
LBLNMRYNA6J6,2021,5,2
LBLNMRYNA6J6,2022,4,1
LBLNMRYNA6J6,2023,1,1
LBLNMRYNA6J6,2024,1,1
LBLNMRYNA6J6,2025,3,2
LBRULVU4BYF3,2016,1,1
LBRULVU4BYF3,2018,1,1
LBUCQRCP3C77,2024,1,1
LBWUKD3WN139,2021,1,1
LBWUKD3WN139,2022,1,1
LBWUKD3WN139,2023,1,2
LBWUKD3WN139,2024,1,1
LC3GHFGF2KK1,2024,3,2
LC3SFMP2L798,2017,3,2
LC3SFMP2L798,2019,2,2
LC3SFMP2L798,2020,2,2
LC3SFMP2L798,2021,1,1
LC3SFMP2L798,2022,2,2
LC3SFMP2L798,2023,4,6
LC3SFMP2L798,2024,4,6
LC3SFMP2L798,2025,3,4
LC51NU2PW4A9,2023,2,1
LC51NU2PW4A9,2024,3,2
LC51NU2PW4A9,2025,2,2
LC6JYTFEJ5N1,2018,1,1
LC6JYTFEJ5N1,2019,1,1
LC6JYTFEJ5N1,2020,1,1
LC6JYTFEJ5N1,2021,1,1
LC6JYTFEJ5N1,2025,1,1
LC92PH8U8CH4,2021,2,1
LCFEAHCC8KT6,2017,2,1
LCFEAHCC8KT6,2019,1,1
LCFLMPUNNGJ3,2016,2,1
LCFLMPUNNGJ3,2018,6,3
LCFLMPUNNGJ3,2019,11,6
LCFLMPUNNGJ3,2020,7,6
LCFLMPUNNGJ3,2021,10,7
LCFLMPUNNGJ3,2022,8,5
LCFLMPUNNGJ3,2023,14,7
LCFLMPUNNGJ3,2024,7,6
LCFLMPUNNGJ3,2025,8,5
LCJKQBTKZK99,2016,1,1
LCLSJAGTNZQ7,2016,1878,559
LCLSJAGTNZQ7,2017,1786,608
LCLSJAGTNZQ7,2018,1848,684
LCLSJAGTNZQ7,2019,1704,733
LCLSJAGTNZQ7,2020,1834,755
LCLSJAGTNZQ7,2021,1880,847
LCLSJAGTNZQ7,2022,1838,881
LCLSJAGTNZQ7,2023,1872,900
LCLSJAGTNZQ7,2024,1908,894
LCLSJAGTNZQ7,2025,2035,935
LCMXDXSMNBM7,2016,1,1
LCMXDXSMNBM7,2021,1,1
LCSFK2KRP5A4,2016,7,3
LCSFK2KRP5A4,2017,15,6
LCSFK2KRP5A4,2018,7,5
LCSFK2KRP5A4,2019,11,7
LCSFK2KRP5A4,2020,10,9
LCSFK2KRP5A4,2021,11,8
LCSFK2KRP5A4,2022,16,8
LCSFK2KRP5A4,2023,5,2
LCSFK2KRP5A4,2024,3,3
LCSFK2KRP5A4,2025,4,3
LCXNBB1KM9K9,2021,1,2
LCXNBB1KM9K9,2022,1,1
LCYLGVGSEQE3,2020,1,1
LCYLGVGSEQE3,2022,1,1
LCYLGVGSEQE3,2023,5,3
LCYLGVGSEQE3,2024,3,2
LCYLGVGSEQE3,2025,4,3
LD14B57WN7C5,2020,1,1
LD14B57WN7C5,2021,1,1
LD14B57WN7C5,2024,1,1
LD3WUVEUK2N5,2016,2,1
LD3WUVEUK2N5,2017,5,2
LD3WUVEUK2N5,2018,7,3
LD3WUVEUK2N5,2019,6,5
LD3WUVEUK2N5,2020,5,3
LD3WUVEUK2N5,2021,6,7
LD3WUVEUK2N5,2022,1,1
LD3WUVEUK2N5,2023,1,1
LD3WUVEUK2N5,2024,10,5
LD3WUVEUK2N5,2025,4,4
LD43NK6PHAA1,2017,1,1
LD43NK6PHAA1,2019,2,3
LD43NK6PHAA1,2023,1,1
LD43NK6PHAA1,2025,1,1
LD8KLVK4S9D9,2017,2,1
LD8KLVK4S9D9,2018,3,1
LD8KLVK4S9D9,2022,1,2
LDABZVFUKNS3,2016,5,1
LDABZVFUKNS3,2017,4,1
LDABZVFUKNS3,2018,8,1
LDABZVFUKNS3,2019,1,1
LDABZVFUKNS3,2020,5,1
LDABZVFUKNS3,2021,2,1
LDABZVFUKNS3,2023,2,1
LDABZVFUKNS3,2024,1,1
LDABZVFUKNS3,2025,2,1
LDDWVYDKFZ33,2023,1,1
LDEFEXZT9CQ9,2016,5,1
LDEFEXZT9CQ9,2017,1,1
LDHKC12HSJ86,2021,1,1
LDHKC12HSJ86,2022,2,2
LDHKC12HSJ86,2024,1,2
LDHKC12HSJ86,2025,2,1
LDL9MLRAHY77,2016,1,1
LE1UN7R3MLF5,2024,3,1
LE1UN7R3MLF5,2025,1,1
LEAQKSEPJKY7,2020,1,1
LEAQKSEPJKY7,2022,1,1
LEAQKSEPJKY7,2024,1,1
LEAQKSEPJKY7,2025,1,1
LEJKRKLTL1N7,2021,1,1
LELZHK767GF3,2025,1,1
LFDWVEH1JLU3,2021,2,1
LFE6DJ6KL4E5,2020,2,1
LFE7CWNKK1X3,2020,1,1
LFE7CWNKK1X3,2021,2,1
LFE7CWNKK1X3,2022,3,3
LFE7CWNKK1X3,2023,11,5
LFE7CWNKK1X3,2024,11,1
LFE7CWNKK1X3,2025,3,2
LFEJER34NQU6,2016,1,1
LFEJER34NQU6,2017,2,3
LFEJER34NQU6,2018,4,3
LFEJER34NQU6,2019,2,2
LFEJER34NQU6,2020,2,2
LFEJER34NQU6,2022,1,1
LFK6DRMK1C69,2018,1,1
LFK6DRMK1C69,2019,1,1
LFK6DRMK1C69,2022,1,1
LFK8DDLYRHL6,2017,1,1
LFK8DDLYRHL6,2018,1,1
LFLQJUEMA6E6,2018,1,1
LFTMCM93JWG8,2018,1,1
LFTMCM93JWG8,2019,1,1
LFTNJ5WJS5V8,2018,1,1
LFTNJ5WJS5V8,2020,1,1
LFTNJ5WJS5V8,2021,1,1
LFTNJ5WJS5V8,2023,1,1
LFTNJ5WJS5V8,2024,2,1
LFUZVYCFAE19,2018,1,1
LG53EH7JZLK4,2017,1,1
LG53EH7JZLK4,2018,2,2
LG53EH7JZLK4,2019,2,3
LG53EH7JZLK4,2021,1,3
LG53EH7JZLK4,2023,1,1
LG53EH7JZLK4,2024,2,9
LGE2LDQHPX25,2017,1,1
LGHBJMLVD8H3,2016,37,21
LGHBJMLVD8H3,2017,38,25
LGHBJMLVD8H3,2018,49,30
LGHBJMLVD8H3,2019,50,28
LGHBJMLVD8H3,2020,45,31
LGHBJMLVD8H3,2021,48,31
LGHBJMLVD8H3,2022,49,33
LGHBJMLVD8H3,2023,37,32
LGHBJMLVD8H3,2024,49,29
LGHBJMLVD8H3,2025,59,38
LGHUH4NB69L8,2016,5,3
LGHUH4NB69L8,2017,5,1
LGHUH4NB69L8,2018,6,2
LGHUH4NB69L8,2019,1,1
LGHUH4NB69L8,2020,1,1
LGHUH4NB69L8,2021,2,1
LGHUH4NB69L8,2022,2,1
LGHUH4NB69L8,2023,1,1
LGHUH4NB69L8,2024,4,1
LGHUH4NB69L8,2025,4,3
LGLFR914DVR5,2023,1,1
LH67JQ2UGSV9,2020,1,1
LHC2S92MXG63,2021,1,1
LHC2S92MXG63,2022,1,1
LHC2S92MXG63,2023,1,1
LHC2S92MXG63,2024,2,1
LHC2S92MXG63,2025,2,1
LHGDNJMZ64Y1,2016,281,112
LHGDNJMZ64Y1,2017,285,125
LHGDNJMZ64Y1,2018,294,133
LHGDNJMZ64Y1,2019,299,145
LHGDNJMZ64Y1,2020,376,165
LHGDNJMZ64Y1,2021,404,165
LHGDNJMZ64Y1,2022,363,141
LHGDNJMZ64Y1,2023,359,166
LHGDNJMZ64Y1,2024,330,159
LHGDNJMZ64Y1,2025,293,155
LHSXERFS33P6,2022,1,1
LJ1ZKX7C8SL5,2024,1,1
LJ1ZKX7C8SL5,2025,2,2
LJ44J51N1BF5,2017,1,1
LJ44J51N1BF5,2019,1,1
LJ44J51N1BF5,2020,2,2
LJ44J51N1BF5,2021,1,2
LJ44J51N1BF5,2022,1,2
LJ44J51N1BF5,2024,1,2
LJ4JLBKM96E5,2023,1,1
LJARDLY9MMK5,2022,1,1
LJARDLY9MMK5,2024,1,1
LJARDLY9MMK5,2025,2,2
LJBWLKDBEM17,2024,1,3
LJBXV5VF2BT9,2016,11,5
LJBXV5VF2BT9,2017,5,6
LJBXV5VF2BT9,2018,9,8
LJBXV5VF2BT9,2019,8,5
LJBXV5VF2BT9,2020,11,5
LJBXV5VF2BT9,2021,6,8
LJBXV5VF2BT9,2022,3,3
LJBXV5VF2BT9,2023,6,7
LJBXV5VF2BT9,2024,12,11
LJBXV5VF2BT9,2025,13,10
LJDQSS1E5ST7,2016,1,2
LJDQSS1E5ST7,2018,2,2
LJDQSS1E5ST7,2019,1,1
LJENUTB87KN5,2019,1,1
LJFNSE6NM648,2025,1,1
LJGZZLEEMG63,2016,1,1
LJGZZLEEMG63,2017,2,1
LJGZZLEEMG63,2019,1,1
LJGZZLEEMG63,2021,2,1
LJGZZLEEMG63,2023,1,1
LJGZZLEEMG63,2024,1,2
LJGZZLEEMG63,2025,2,1
LJH7LE9AUHL5,2016,6,2
LJH7LE9AUHL5,2017,2,2
LJH7LE9AUHL5,2018,4,3
LJH7LE9AUHL5,2019,5,4
LJH7LE9AUHL5,2020,6,3
LJH7LE9AUHL5,2021,6,4
LJH7LE9AUHL5,2022,1,1
LJH7LE9AUHL5,2023,1,1
LJH7LE9AUHL5,2024,1,1
LJH7LE9AUHL5,2025,2,2
LJJEPJM7BKG4,2016,1,1
LJJEPJM7BKG4,2020,1,1
LJJEPJM7BKG4,2024,1,1
LJWQMH4FA7P3,2022,2,1
LK6JJKJ9RVS3,2016,13,2
LK6JJKJ9RVS3,2017,11,2
LK6JJKJ9RVS3,2018,10,2
LK6JJKJ9RVS3,2019,6,2
LK6JJKJ9RVS3,2020,4,1
LK6JJKJ9RVS3,2021,5,2
LK6JJKJ9RVS3,2022,6,2
LK6JJKJ9RVS3,2023,7,2
LK6JJKJ9RVS3,2025,6,2
LKA1BYCMJHY7,2017,3,1
LKA1BYCMJHY7,2023,1,1
LKCCN9GN4BM1,2024,2,1
LKEPMM3KKF27,2020,1,1
LKEPMM3KKF27,2021,1,1
LKEPMM3KKF27,2022,4,1
LKEPMM3KKF27,2023,2,1
LKEPMM3KKF27,2024,10,2
LKEPMM3KKF27,2025,2,1
LKG8E91JBQY9,2023,1,1
LKKJM4Y9LDX4,2016,1,1
LKKJM4Y9LDX4,2017,1,1
LKKJM4Y9LDX4,2018,3,1
LKKJM4Y9LDX4,2019,1,1
LKKJM4Y9LDX4,2021,1,1
LKMNHBWLC5C8,2016,1,1
LKMNHBWLC5C8,2018,1,1
LKMNHBWLC5C8,2019,2,1
LKMNHBWLC5C8,2022,2,2
LKMNHBWLC5C8,2023,2,1
LKMNHBWLC5C8,2024,2,1
LKMNHBWLC5C8,2025,3,3
LKQGSHLAXVW5,2021,1,1
LKQGSHLAXVW5,2022,1,1
LKS9KJF2F3U7,2019,1,1
LL15RDS34HE7,2023,1,1
LL5MVRM9NKP5,2017,4,1
LL5MVRM9NKP5,2019,4,3
LL5MVRM9NKP5,2020,3,3
LL5MVRM9NKP5,2021,2,1
LL5MVRM9NKP5,2023,1,1
LL8GLEVH6MG3,2016,887,338
LL8GLEVH6MG3,2017,935,399
LL8GLEVH6MG3,2018,1009,445
LL8GLEVH6MG3,2019,992,490
LL8GLEVH6MG3,2020,1256,526
LL8GLEVH6MG3,2021,1403,556
LL8GLEVH6MG3,2022,1328,600
LL8GLEVH6MG3,2023,1543,619
LL8GLEVH6MG3,2024,1536,656
LL8GLEVH6MG3,2025,1525,716
LLABHNB9ABM4,2016,21,1
LLABHNB9ABM4,2017,22,1
LLABHNB9ABM4,2018,29,1
LLABHNB9ABM4,2019,17,1
LLABHNB9ABM4,2020,35,2
LLABHNB9ABM4,2021,23,2
LLABHNB9ABM4,2022,25,1
LLABHNB9ABM4,2023,23,2
LLABHNB9ABM4,2024,25,1
LLABHNB9ABM4,2025,26,1
LLANDDLF1151,2018,1,1
LLANDDLF1151,2024,1,1
LLCNGSLHHLJ5,2016,5,3
LLCNGSLHHLJ5,2017,7,4
LLCNGSLHHLJ5,2018,3,3
LLCNGSLHHLJ5,2019,4,2
LLCNGSLHHLJ5,2021,4,5
LLCNGSLHHLJ5,2022,6,4
LLCNGSLHHLJ5,2023,12,8
LLCNGSLHHLJ5,2024,12,2
LLCNGSLHHLJ5,2025,15,9
LLFAXDBMYCB5,2016,1,1
LLFAXDBMYCB5,2017,1,1
LLFAXDBMYCB5,2022,1,1
LLFAXDBMYCB5,2023,1,1
LLFAXDBMYCB5,2025,1,1
LLHVSHZRHKJ1,2025,1,2
LLLYTJ6LYD21,2016,44,8
LLLYTJ6LYD21,2017,48,9
LLLYTJ6LYD21,2018,80,13
LLLYTJ6LYD21,2019,91,25
LLLYTJ6LYD21,2020,81,23
LLLYTJ6LYD21,2021,89,22
LLLYTJ6LYD21,2022,65,26
LLLYTJ6LYD21,2023,89,33
LLLYTJ6LYD21,2024,82,38
LLLYTJ6LYD21,2025,79,34
LLPBLQA2CBU5,2024,1,1
LLRUZMQ7HE63,2023,1,1
LLRUZMQ7HE63,2024,1,1
LLRUZMQ7HE63,2025,2,2
LM1CSJF7LLS6,2017,1,1
LM55T19DEWC6,2025,1,1
LM5MD6TLKHP9,2016,1,1
LM5MD6TLKHP9,2020,1,1
LM5MD6TLKHP9,2021,1,1
LM61PK5X7HK9,2016,1,1
LM61PK5X7HK9,2017,1,1
LM61PK5X7HK9,2018,1,1
LM61PK5X7HK9,2020,1,1
LMCJKRFW5R81,2016,377,139
LMCJKRFW5R81,2017,406,172
LMCJKRFW5R81,2018,430,198
LMCJKRFW5R81,2019,386,207
LMCJKRFW5R81,2020,455,248
LMCJKRFW5R81,2021,537,250
LMCJKRFW5R81,2022,512,266
LMCJKRFW5R81,2023,514,258
LMCJKRFW5R81,2024,479,260
LMCJKRFW5R81,2025,428,265
LMF5HEYNM148,2016,21,12
LMF5HEYNM148,2017,18,8
LMF5HEYNM148,2018,35,12
LMF5HEYNM148,2019,21,14
LMF5HEYNM148,2020,19,12
LMF5HEYNM148,2021,30,12
LMF5HEYNM148,2022,30,8
LMF5HEYNM148,2023,27,13
LMF5HEYNM148,2024,18,12
LMF5HEYNM148,2025,33,12
LMJJGS6EHR59,2024,1,1
LMJJGS6EHR59,2025,3,2
LMKSNZ862R36,2016,1,1
LMKSNZ862R36,2017,2,6
LMKSNZ862R36,2018,3,8
LMKSNZ862R36,2021,2,8
LMKSNZ862R36,2022,2,2
LML1YE6L8KU3,2018,1,1
LMLUKUPJJ9N3,2016,29,8
LMLUKUPJJ9N3,2017,52,14
LMLUKUPJJ9N3,2018,50,16
LMLUKUPJJ9N3,2019,48,23
LMLUKUPJJ9N3,2020,69,27
LMLUKUPJJ9N3,2021,71,34
LMLUKUPJJ9N3,2022,79,44
LMLUKUPJJ9N3,2023,82,44
LMLUKUPJJ9N3,2024,74,46
LMLUKUPJJ9N3,2025,96,58
LMSRBSKZJC55,2017,2,1
LMSRBSKZJC55,2018,2,1
LMSRBSKZJC55,2019,1,1
LMUKY8XEXTZ5,2016,1,1
LMUKY8XEXTZ5,2017,1,1
LMVRCK9N2BU5,2016,1,1
LMVRCK9N2BU5,2018,2,1
LMVRCK9N2BU5,2022,3,2
LMVRCK9N2BU5,2023,1,1
LMYYK99MF117,2018,1,1
LMYYK99MF117,2022,1,1
LN39LS8N1YW4,2022,1,1
LN39LS8N1YW4,2024,1,1
LN53C9E23GH6,2016,2,1
LN53C9E23GH6,2017,5,3
LN53C9E23GH6,2018,4,2
LN53C9E23GH6,2019,4,3
LN53C9E23GH6,2020,5,6
LN53C9E23GH6,2021,3,1
LN53C9E23GH6,2022,3,4
LN53C9E23GH6,2023,6,5
LN53C9E23GH6,2024,7,7
LN53C9E23GH6,2025,4,4
LN53LCFJFL45,2016,373,124
LN53LCFJFL45,2017,356,126
LN53LCFJFL45,2018,393,135
LN53LCFJFL45,2019,374,142
LN53LCFJFL45,2020,423,172
LN53LCFJFL45,2021,450,155
LN53LCFJFL45,2022,383,170
LN53LCFJFL45,2023,424,189
LN53LCFJFL45,2024,433,179
LN53LCFJFL45,2025,451,203
LNESEBSKBHK8,2018,1,2
LNESEBSKBHK8,2019,2,2
LNESEBSKBHK8,2021,1,1
LNGUZA1LBEN9,2023,1,1
LNGXAKMH8J26,2017,1,1
LNGXAKMH8J26,2018,1,1
LNGXAKMH8J26,2019,4,4
LNGXAKMH8J26,2020,2,2
LNGXAKMH8J26,2021,4,2
LNGXAKMH8J26,2022,24,4
LNGXAKMH8J26,2023,33,4
LNGXAKMH8J26,2024,20,4
LNGXAKMH8J26,2025,26,3
LNK1TL483SA5,2016,1,1
LNKFR5REK2D5,2021,1,1
LNKFR5REK2D5,2022,2,1
LNKFR5REK2D5,2023,1,1
LNKFR5REK2D5,2024,2,1
LNKFR5REK2D5,2025,1,1
LNLZNDU1AFJ5,2023,2,1
LNQNAQEASB71,2023,1,1
LNQNAQEASB71,2025,1,1
LNUBJQ26R2M5,2016,3,1
LNUBJQ26R2M5,2017,4,1
LNUBJQ26R2M5,2019,1,1
LNUBJQ26R2M5,2020,1,1
LNUBJQ26R2M5,2021,2,2
LNUBJQ26R2M5,2022,1,1
LNUBJQ26R2M5,2023,6,2
LNUBJQ26R2M5,2024,3,2
LNUBJQ26R2M5,2025,3,2
LNZ6PUHSJLW3,2020,1,1
LNZ6PUHSJLW3,2022,2,1
LNZ6PUHSJLW3,2023,3,1
LNZ6PUHSJLW3,2024,1,1
LP9JUHKJSKK3,2017,1,1
LP9JUHKJSKK3,2018,2,1
LP9JUHKJSKK3,2019,1,1
LP9JUHKJSKK3,2020,2,1
LPCTM8BS8NF3,2016,6,4
LPCTM8BS8NF3,2017,3,2
LPCTM8BS8NF3,2018,3,2
LPCTM8BS8NF3,2019,2,2
LPCTM8BS8NF3,2020,4,2
LPCTM8BS8NF3,2021,2,2
LPCTM8BS8NF3,2022,4,4
LPCTM8BS8NF3,2023,3,3
LPCTM8BS8NF3,2024,1,1
LPLLJSR7CDM4,2022,1,1
LPQ1NHRK78M9,2016,13,5
LPQ1NHRK78M9,2017,8,5
LPQ1NHRK78M9,2018,11,5
LPQ1NHRK78M9,2019,5,3
LPQ1NHRK78M9,2020,7,4
LPQ1NHRK78M9,2021,9,6
LPQ1NHRK78M9,2022,11,7
LPQ1NHRK78M9,2023,13,7
LPQ1NHRK78M9,2024,7,4
LPQ1NHRK78M9,2025,7,4
LPR3TFP1VBB8,2016,1,1
LPR3TFP1VBB8,2019,1,2
LPR3TFP1VBB8,2020,3,1
LPR3TFP1VBB8,2022,3,1
LQ2CHPJK6P85,2023,1,1
LQ2CHPJK6P85,2024,1,1
LQ4HJQHFWNA4,2018,1,1
LQ4HJQHFWNA4,2019,1,1
LQ4HJQHFWNA4,2022,1,1
LQDAZMN14NM7,2021,2,1
LQDAZMN14NM7,2023,1,2
LQDAZMN14NM7,2024,3,2
LQDAZMN14NM7,2025,1,1
LQK1DD1EYZK9,2016,45,21
LQK1DD1EYZK9,2017,38,23
LQK1DD1EYZK9,2018,48,29
LQK1DD1EYZK9,2019,40,21
LQK1DD1EYZK9,2020,48,39
LQK1DD1EYZK9,2021,66,33
LQK1DD1EYZK9,2022,80,44
LQK1DD1EYZK9,2023,93,38
LQK1DD1EYZK9,2024,100,29
LQK1DD1EYZK9,2025,120,30
LQS2WJFBBUQ3,2021,2,1
LQS2WJFBBUQ3,2022,1,1
LQS2WJFBBUQ3,2024,3,1
LQS2WJFBBUQ3,2025,2,1
LR7QH452JJ31,2021,1,2
LR7QH452JJ31,2024,2,2
LR7QH452JJ31,2025,1,1
LRA7LGJCZP15,2024,1,1
LRDKAZABGBM1,2020,1,1
LREJR1PJ1DD9,2022,1,1
LRVRYJKD2Q85,2021,1,1
LRVRYJKD2Q85,2023,1,1
LRVRYJKD2Q85,2025,1,1
LRYDDL8NSAC4,2018,1,2
LRYDDL8NSAC4,2021,2,1
LS7JQN77JKQ1,2023,2,1
LS7JQN77JKQ1,2024,1,1
LS7JQN77JKQ1,2025,1,1
LSJ7WFKBJWW4,2020,1,1
LSJ7WFKBJWW4,2021,3,3
LSJ7WFKBJWW4,2023,1,2
LSJ7WFKBJWW4,2024,2,5
LSJ7WFKBJWW4,2025,1,3
LSSHAWGCG737,2023,1,1
LSULPAHTNHN7,2024,1,2
LT7CLFEE1ZW4,2016,1,1
LT7CLFEE1ZW4,2017,1,1
LT7CLFEE1ZW4,2018,1,1
LT7CLFEE1ZW4,2019,3,2
LT7CLFEE1ZW4,2020,2,2
LT7CLFEE1ZW4,2021,1,1
LT7CLFEE1ZW4,2022,1,1
LT7CLFEE1ZW4,2023,4,3
LT7CLFEE1ZW4,2024,1,1
LT7CLFEE1ZW4,2025,1,1
LT8YKFJDVKJ3,2016,3,3
LT8YKFJDVKJ3,2017,6,3
LT8YKFJDVKJ3,2018,6,3
LT8YKFJDVKJ3,2019,8,2
LT8YKFJDVKJ3,2020,7,5
LT8YKFJDVKJ3,2021,12,7
LT8YKFJDVKJ3,2022,19,7
LT8YKFJDVKJ3,2023,20,8
LT8YKFJDVKJ3,2024,28,9
LT8YKFJDVKJ3,2025,15,7
LT9CXX8L19G1,2016,121,74
LT9CXX8L19G1,2017,199,95
LT9CXX8L19G1,2018,194,101
LT9CXX8L19G1,2019,202,107
LT9CXX8L19G1,2020,232,125
LT9CXX8L19G1,2021,213,123
LT9CXX8L19G1,2022,179,119
LT9CXX8L19G1,2023,199,128
LT9CXX8L19G1,2024,203,133
LT9CXX8L19G1,2025,209,143
LTJVF4QSFCP9,2016,41,19
LTJVF4QSFCP9,2017,37,16
LTJVF4QSFCP9,2018,51,22
LTJVF4QSFCP9,2019,50,22
LTJVF4QSFCP9,2020,71,33
LTJVF4QSFCP9,2021,85,35
LTJVF4QSFCP9,2022,75,33
LTJVF4QSFCP9,2023,67,34
LTJVF4QSFCP9,2024,81,38
LTJVF4QSFCP9,2025,65,34
LTNVSTJ3R6D5,2016,30,12
LTNVSTJ3R6D5,2017,27,13
LTNVSTJ3R6D5,2018,32,17
LTNVSTJ3R6D5,2019,50,18
LTNVSTJ3R6D5,2020,51,21
LTNVSTJ3R6D5,2021,43,20
LTNVSTJ3R6D5,2022,50,23
LTNVSTJ3R6D5,2023,49,26
LTNVSTJ3R6D5,2024,47,26
LTNVSTJ3R6D5,2025,51,26
LTTYK2UAX6X8,2025,1,1
LU32GMNHHNW1,2022,1,1
LUAFHRUJFJE1,2025,1,1
LUDADJV19KY3,2018,1,1
LUENG479WQW1,2016,1,1
LUENG479WQW1,2018,2,1
LUENG479WQW1,2019,2,1
LUENG479WQW1,2021,1,1
LUENG479WQW1,2022,1,1
LUF6ANBGK7F4,2024,2,2
LUF6ANBGK7F4,2025,1,2
LUJEPCRRT377,2016,5,4
LUJEPCRRT377,2017,2,3
LUJEPCRRT377,2018,3,2
LUJEPCRRT377,2019,2,3
LUJEPCRRT377,2020,1,2
LUJEPCRRT377,2022,2,2
LUJEPCRRT377,2023,1,1
LUJEPCRRT377,2024,1,1
LUXVUWKM9547,2018,1,1
LUXVUWKM9547,2019,1,1
LUXVUWKM9547,2022,1,1
LV8GL8MLU9A3,2016,37,8
LV8GL8MLU9A3,2017,46,11
LV8GL8MLU9A3,2018,66,16
LV8GL8MLU9A3,2019,49,15
LV8GL8MLU9A3,2020,63,21
LV8GL8MLU9A3,2021,38,19
LV8GL8MLU9A3,2022,62,23
LV8GL8MLU9A3,2023,49,25
LV8GL8MLU9A3,2024,58,33
LV8GL8MLU9A3,2025,85,36
LVBZDR1MSAQ3,2016,7,2
LVBZDR1MSAQ3,2017,2,2
LVBZDR1MSAQ3,2018,2,2
LVBZDR1MSAQ3,2019,1,2
LVBZDR1MSAQ3,2020,1,1
LVBZDR1MSAQ3,2021,1,1
LVBZDR1MSAQ3,2022,3,1
LVBZDR1MSAQ3,2023,2,1
LVHBKZE74SH5,2021,1,1
LVHBKZE74SH5,2023,4,2
LVJJTHPGMQJ9,2023,1,1
LVJKCZJKEKV3,2017,1,1
LVKMZCPAKSU9,2016,1,1
LVKMZCPAKSU9,2018,1,1
LVKMZCPAKSU9,2022,1,1
LVLBCVMKGZL5,2016,1,1
LVLBCVMKGZL5,2018,3,2
LVLBCVMKGZL5,2019,1,2
LVLYP3H52LM1,2018,1,1
LVLYP3H52LM1,2019,1,1
LVNAHGVG6DV4,2024,1,2
LVV9V64A8449,2023,1,1
LVVEB3CF8MB8,2016,3,1
LVVEB3CF8MB8,2017,2,1
LVVEB3CF8MB8,2019,2,1
LVVEB3CF8MB8,2020,1,1
LVVEB3CF8MB8,2021,2,2
LVVEB3CF8MB8,2022,2,1
LVVEB3CF8MB8,2023,2,1
LVVEB3CF8MB8,2025,2,1
LW1VFGDGUZA7,2025,1,1
LWE3M1FM5BT8,2023,1,1
LWF1M6NK1Z43,2017,3,2
LWF1M6NK1Z43,2019,2,1
LX1DCB3LCT87,2025,1,1
LX38ZHATFGN5,2022,6,2
LX38ZHATFGN5,2023,4,2
LX38ZHATFGN5,2024,1,1
LX38ZHATFGN5,2025,3,2
LXCNYLGGX6N7,2016,36,13
LXCNYLGGX6N7,2017,21,14
LXCNYLGGX6N7,2018,22,16
LXCNYLGGX6N7,2019,23,15
LXCNYLGGX6N7,2020,30,14
LXCNYLGGX6N7,2021,35,15
LXCNYLGGX6N7,2022,22,13
LXCNYLGGX6N7,2023,22,15
LXCNYLGGX6N7,2024,22,13
LXCNYLGGX6N7,2025,14,14
LXEJEU58YZG6,2016,22,11
LXEJEU58YZG6,2017,31,16
LXEJEU58YZG6,2018,28,23
LXEJEU58YZG6,2019,29,22
LXEJEU58YZG6,2020,37,23
LXEJEU58YZG6,2021,38,22
LXEJEU58YZG6,2022,37,20
LXEJEU58YZG6,2023,29,17
LXEJEU58YZG6,2024,37,26
LXEJEU58YZG6,2025,23,16
LXHMMWRKN5N8,2016,25,14
LXHMMWRKN5N8,2017,22,15
LXHMMWRKN5N8,2018,28,19
LXHMMWRKN5N8,2019,43,20
LXHMMWRKN5N8,2020,50,25
LXHMMWRKN5N8,2021,56,31
LXHMMWRKN5N8,2022,47,27
LXHMMWRKN5N8,2023,51,34
LXHMMWRKN5N8,2024,65,37
LXHMMWRKN5N8,2025,51,27
LXRDTMLV2MM3,2020,1,1
LXUDEW729JE1,2022,1,1
LXUDEW729JE1,2023,1,1
LY3HSJ7CCN87,2024,2,1
LY7FAJLUV9T9,2022,1,1
LY7FAJLUV9T9,2025,1,1
LYM3MHD7PB39,2018,1,1
LYVHC3ARFRJ7,2021,1,1
LYVHC3ARFRJ7,2022,1,1
LYVKL8XMHKF1,2021,1,1
LZD4PJ2JPLA1,2018,1,1
LZD4PJ2JPLA1,2020,1,1
LZD4PJ2JPLA1,2021,1,1
LZD4PJ2JPLA1,2022,1,1
LZFYPNDKE3Y5,2016,3,2
LZFYPNDKE3Y5,2017,2,2
LZFYPNDKE3Y5,2018,2,2
LZFYPNDKE3Y5,2019,1,1
LZFYPNDKE3Y5,2020,1,1
LZFYPNDKE3Y5,2021,2,2
LZFYPNDKE3Y5,2023,2,2
LZFYPNDKE3Y5,2025,1,1
LZK9DWE3H8D1,2019,2,2
LZK9DWE3H8D1,2020,1,1
LZK9DWE3H8D1,2021,1,1
LZK9DWE3H8D1,2022,2,1
LZK9DWE3H8D1,2023,1,1
LZK9DWE3H8D1,2024,1,2
LZK9DWE3H8D1,2025,5,2
LZYFSK879778,2016,1056,319
LZYFSK879778,2017,933,349
LZYFSK879778,2018,913,369
LZYFSK879778,2019,828,392
LZYFSK879778,2020,1000,358
LZYFSK879778,2021,998,342
LZYFSK879778,2022,936,298
LZYFSK879778,2023,810,263
LZYFSK879778,2024,704,225
LZYFSK879778,2025,639,194
LZZKMJLJN548,2023,1,1
M18PTKWD5H85,2025,1,1
M1F7ZX52AEG3,2021,1,1
M1K8LJAET5R1,2016,59,5
M1K8LJAET5R1,2017,37,4
M1K8LJAET5R1,2018,64,11
M1K8LJAET5R1,2019,74,9
M1K8LJAET5R1,2020,97,9
M1K8LJAET5R1,2021,38,8
M1K8LJAET5R1,2022,26,8
M1K8LJAET5R1,2023,52,8
M1K8LJAET5R1,2024,26,8
M1K8LJAET5R1,2025,38,8
M1LVPE5GLSD9,2016,318,125
M1LVPE5GLSD9,2017,306,136
M1LVPE5GLSD9,2018,272,142
M1LVPE5GLSD9,2019,321,147
M1LVPE5GLSD9,2020,377,166
M1LVPE5GLSD9,2021,404,179
M1LVPE5GLSD9,2022,402,169
M1LVPE5GLSD9,2023,380,174
M1LVPE5GLSD9,2024,340,188
M1LVPE5GLSD9,2025,347,181
M1UQT11CANB1,2020,3,1
M1UQT11CANB1,2021,3,1
M1UQT11CANB1,2022,2,1
M1UQT11CANB1,2023,3,1
M1UQT11CANB1,2024,2,1
M1UQT11CANB1,2025,4,1
M1XBHNXHBHC7,2016,1,1
M1XBHNXHBHC7,2017,2,1
M1ZEJE67JU75,2020,1,1
M1ZEJE67JU75,2022,1,1
M272P7XFJNN7,2016,2,1
M272P7XFJNN7,2017,1,1
M272P7XFJNN7,2018,3,2
M272P7XFJNN7,2019,4,2
M272P7XFJNN7,2020,2,2
M272P7XFJNN7,2021,9,5
M272P7XFJNN7,2022,8,6
M272P7XFJNN7,2023,10,5
M272P7XFJNN7,2024,4,2
M272P7XFJNN7,2025,8,6
M2E3BELB8JM1,2023,1,1
M2E3BELB8JM1,2025,1,2
M2EEE68GGCY9,2016,6,4
M2EEE68GGCY9,2017,9,7
M2EEE68GGCY9,2018,10,4
M2EEE68GGCY9,2019,12,4
M2EEE68GGCY9,2020,6,4
M2EEE68GGCY9,2021,6,6
M2EEE68GGCY9,2022,6,6
M2EEE68GGCY9,2023,6,6
M2EEE68GGCY9,2024,8,6
M2EEE68GGCY9,2025,5,4
M2FYKG7HP723,2016,14,5
M2FYKG7HP723,2017,14,7
M2FYKG7HP723,2018,13,4
M2FYKG7HP723,2019,3,3
M2FYKG7HP723,2020,9,4
M2FYKG7HP723,2021,6,5
M2FYKG7HP723,2022,16,4
M2FYKG7HP723,2023,16,6
M2FYKG7HP723,2024,14,6
M2FYKG7HP723,2025,14,8
M2G2AJQ88SL5,2017,2,2
M2G2AJQ88SL5,2019,1,1
M2G2AJQ88SL5,2020,1,1
M2G2AJQ88SL5,2022,2,2
M2G2AJQ88SL5,2024,1,1
M2GKBDJJU6L3,2016,1,1
M2GKBDJJU6L3,2018,1,1
M2LKLDMLETD5,2016,2,1
M2LKLDMLETD5,2017,1,1
M2LKLDMLETD5,2018,4,4
M2LKLDMLETD5,2019,2,2
M2LKLDMLETD5,2020,3,3
M2LKLDMLETD5,2021,4,3
M2LKLDMLETD5,2022,2,1
M2LKLDMLETD5,2023,7,6
M2LKLDMLETD5,2024,2,2
M2LKLDMLETD5,2025,3,3
M2NZMMLMNGK9,2019,1,1
M2NZMMLMNGK9,2022,1,1
M2XKLRTA9G44,2016,27,14
M2XKLRTA9G44,2017,26,11
M2XKLRTA9G44,2018,20,12
M2XKLRTA9G44,2019,18,12
M2XKLRTA9G44,2020,18,12
M2XKLRTA9G44,2021,24,14
M2XKLRTA9G44,2022,14,11
M2XKLRTA9G44,2023,21,17
M2XKLRTA9G44,2024,38,20
M2XKLRTA9G44,2025,18,13
M2ZXA6LYJ3S5,2021,1,1
M34JNT47EKK3,2021,1,1
M35ZNF9XP8Q7,2023,1,1
M35ZNF9XP8Q7,2024,1,1
M3BMLW3N5N36,2022,1,1
M3CZY5CWVLN5,2024,1,1
M3GAQBN4BWH6,2016,26,8
M3GAQBN4BWH6,2017,25,6
M3GAQBN4BWH6,2018,30,7
M3GAQBN4BWH6,2019,29,6
M3GAQBN4BWH6,2020,23,7
M3GAQBN4BWH6,2021,22,6
M3GAQBN4BWH6,2022,14,4
M3GAQBN4BWH6,2023,27,11
M3GAQBN4BWH6,2024,20,8
M3GAQBN4BWH6,2025,12,8
M3KHEEYRM1S6,2016,217,63
M3KHEEYRM1S6,2017,199,75
M3KHEEYRM1S6,2018,250,80
M3KHEEYRM1S6,2019,173,78
M3KHEEYRM1S6,2020,265,103
M3KHEEYRM1S6,2021,250,98
M3KHEEYRM1S6,2022,216,104
M3KHEEYRM1S6,2023,234,91
M3KHEEYRM1S6,2024,215,103
M3KHEEYRM1S6,2025,183,92
M3LZLGDPN4L7,2016,6,1
M3LZLGDPN4L7,2017,1,1
M3LZLGDPN4L7,2018,3,1
M3LZLGDPN4L7,2020,1,1
M3M7WM57KNV1,2020,2,2
M3SSQY9ACBN5,2023,1,1
M3SSQY9ACBN5,2025,4,1
M433VMAUAXQ5,2021,3,1
M433VMAUAXQ5,2022,4,1
M433VMAUAXQ5,2023,1,1
M49LL3GGY7B5,2025,1,1
M4LZBC3MYL59,2017,1,1
M4LZBC3MYL59,2018,1,1
M4LZBC3MYL59,2024,1,1
M4PEEHE4DJJ3,2025,2,2
M4SWK8BE2J85,2021,1,1
M4SWK8BE2J85,2022,1,1
M4V6KRKCJBH7,2020,1,1
M4V6KRKCJBH7,2021,1,1
M4V6KRKCJBH7,2022,3,1
M4V6KRKCJBH7,2023,1,1
M4XJNBM2QZK5,2016,1,1
M4XJNBM2QZK5,2017,1,1
M4XJNBM2QZK5,2018,1,1
M4XJNBM2QZK5,2021,1,1
M4XJNBM2QZK5,2023,1,1
M5HNJKBBJU66,2016,1,1
M5HNJKBBJU66,2017,1,1
M5HNJKBBJU66,2018,2,1
M5HNJKBBJU66,2019,1,1
M5HNJKBBJU66,2023,1,1
M5QFLTCTSQN6,2016,466,194
M5QFLTCTSQN6,2017,497,237
M5QFLTCTSQN6,2018,514,257
M5QFLTCTSQN6,2019,509,271
M5QFLTCTSQN6,2020,609,292
M5QFLTCTSQN6,2021,676,315
M5QFLTCTSQN6,2022,626,336
M5QFLTCTSQN6,2023,667,360
M5QFLTCTSQN6,2024,686,336
M5QFLTCTSQN6,2025,688,313
M5STD1CK7FC3,2024,1,1
M5SZJ6VHUHN8,2016,1133,396
M5SZJ6VHUHN8,2017,1111,460
M5SZJ6VHUHN8,2018,1136,521
M5SZJ6VHUHN8,2019,1121,564
M5SZJ6VHUHN8,2020,1302,621
M5SZJ6VHUHN8,2021,1387,639
M5SZJ6VHUHN8,2022,1407,674
M5SZJ6VHUHN8,2023,1514,708
M5SZJ6VHUHN8,2024,1514,744
M5SZJ6VHUHN8,2025,1560,790
M5T9V4YAGNM5,2017,3,1
M5XZLB24S1H9,2019,5,1
M5XZLB24S1H9,2020,2,1
M5XZLB24S1H9,2021,4,1
M5XZLB24S1H9,2022,6,1
M5XZLB24S1H9,2023,5,1
M5XZLB24S1H9,2024,3,1
M5XZLB24S1H9,2025,8,1
M61KTWBNMWP9,2021,1,1
M6JVSYRQRYM9,2023,1,1
M6K6NTJ2MNE5,2016,442,141
M6K6NTJ2MNE5,2017,454,157
M6K6NTJ2MNE5,2018,480,184
M6K6NTJ2MNE5,2019,408,187
M6K6NTJ2MNE5,2020,429,199
M6K6NTJ2MNE5,2021,422,219
M6K6NTJ2MNE5,2022,474,232
M6K6NTJ2MNE5,2023,460,251
M6K6NTJ2MNE5,2024,400,239
M6K6NTJ2MNE5,2025,476,240
M6MUFMANCJC7,2020,1,1
M6MUFMANCJC7,2021,2,1
M6MUFMANCJC7,2022,3,1
M6MUFMANCJC7,2023,2,1
M6MUFMANCJC7,2024,1,1
M6MUFMANCJC7,2025,1,1
M6RCJVHKTHJ5,2018,2,3
M6RCJVHKTHJ5,2022,1,1
M6VHTKWWDSH5,2020,1,1
M6VHTKWWDSH5,2021,1,1
M6XYEESK8AS8,2023,1,1
M6Y5SEMBJNL1,2019,1,1
M73MZJWBNZN5,2016,1,1
M73MZJWBNZN5,2017,2,1
M73MZJWBNZN5,2020,1,1
M746VC6XMNH9,2016,329,158
M746VC6XMNH9,2017,343,173
M746VC6XMNH9,2018,354,183
M746VC6XMNH9,2019,362,209
M746VC6XMNH9,2020,448,238
M746VC6XMNH9,2021,406,238
M746VC6XMNH9,2022,421,246
M746VC6XMNH9,2023,410,233
M746VC6XMNH9,2024,406,266
M746VC6XMNH9,2025,419,258
M7AZFQWPZJ65,2025,1,1
M7CCML3FZHL4,2016,1,1
M7CCML3FZHL4,2020,1,1
M7KCJ79FAVH5,2016,132,53
M7KCJ79FAVH5,2017,124,47
M7KCJ79FAVH5,2018,142,66
M7KCJ79FAVH5,2019,121,76
M7KCJ79FAVH5,2020,134,77
M7KCJ79FAVH5,2021,137,87
M7KCJ79FAVH5,2022,132,79
M7KCJ79FAVH5,2023,126,85
M7KCJ79FAVH5,2024,93,79
M7KCJ79FAVH5,2025,98,76
M7PNRH24BBM8,2016,276,52
M7PNRH24BBM8,2017,313,60
M7PNRH24BBM8,2018,386,73
M7PNRH24BBM8,2019,276,76
M7PNRH24BBM8,2020,455,84
M7PNRH24BBM8,2021,395,90
M7PNRH24BBM8,2022,250,93
M7PNRH24BBM8,2023,263,107
M7PNRH24BBM8,2024,260,107
M7PNRH24BBM8,2025,264,102
M7PNUQVP4RE3,2016,1,1
M7PNUQVP4RE3,2017,1,1
M7PNUQVP4RE3,2019,1,1
M7PNUQVP4RE3,2020,2,1
M7PNUQVP4RE3,2022,1,1
M7PNUQVP4RE3,2024,1,1
M7PNUQVP4RE3,2025,3,2
M7VASTVN1J49,2021,1,1
M8CMYGLPB5H7,2016,1,2
M8CMYGLPB5H7,2019,1,1
M8CMYGLPB5H7,2020,2,1
M8CMYGLPB5H7,2022,2,2
M8CMYGLPB5H7,2023,1,2
M8CMYGLPB5H7,2024,3,3
M8CMYGLPB5H7,2025,1,1
M8E8RD7W5FR1,2018,2,1
M8E8RD7W5FR1,2019,1,1
M8JBJPKLF693,2016,2,1
M8JBJPKLF693,2017,1,1
M8JBJPKLF693,2020,1,1
M8LJU8PQNGZ5,2022,1,1
M8LJU8PQNGZ5,2023,1,2
M8LJU8PQNGZ5,2025,1,1
M8UCBK1HFJN3,2023,1,2
M8XYTNN1REF1,2019,1,1
M8XYTNN1REF1,2021,2,1
M8XYTNN1REF1,2024,1,1
M92ZE7LVHV11,2016,8,1
M92ZE7LVHV11,2017,3,1
M92ZE7LVHV11,2018,1,1
M92ZE7LVHV11,2021,1,1
M9ACC5DQCNL6,2016,95,28
M9ACC5DQCNL6,2017,72,32
M9ACC5DQCNL6,2018,82,37
M9ACC5DQCNL6,2019,67,38
M9ACC5DQCNL6,2020,95,40
M9ACC5DQCNL6,2021,104,44
M9ACC5DQCNL6,2022,77,48
M9ACC5DQCNL6,2023,101,52
M9ACC5DQCNL6,2024,100,53
M9ACC5DQCNL6,2025,96,52
M9FHAR3RBML5,2017,1,1
M9FHAR3RBML5,2018,2,2
M9FHAR3RBML5,2019,2,2
M9FHAR3RBML5,2020,1,1
M9FHAR3RBML5,2022,1,1
M9FHAR3RBML5,2023,1,1
M9FHAR3RBML5,2024,1,1
M9GKSQB7UJ65,2016,3,2
M9GKSQB7UJ65,2017,2,2
M9GKSQB7UJ65,2018,2,2
M9GKSQB7UJ65,2019,2,1
M9GKSQB7UJ65,2020,5,3
M9GKSQB7UJ65,2021,4,3
M9GKSQB7UJ65,2022,7,3
M9GKSQB7UJ65,2023,7,3
M9GKSQB7UJ65,2024,8,3
M9GKSQB7UJ65,2025,3,3
M9J6WAGJ1SF3,2017,1,1
M9J6WAGJ1SF3,2018,1,1
M9J6WAGJ1SF3,2020,1,1
M9J6WAGJ1SF3,2022,1,1
M9JJW8NSEDS5,2023,1,1
M9JJW8NSEDS5,2024,1,1
M9JMGN342NR5,2019,1,1
M9JMGN342NR5,2021,1,1
M9V9QTHR1H28,2016,2,2
M9V9QTHR1H28,2017,1,2
M9V9QTHR1H28,2019,1,1
M9V9QTHR1H28,2020,1,1
M9V9QTHR1H28,2021,2,2
MA6JU9GF1EE3,2021,1,1
MA6JU9GF1EE3,2024,1,1
MAE5FKNGGXK5,2020,1,2
MAKYDTN5CLM8,2024,1,1
MASZJLS7DHK3,2024,1,1
MAUBKJ5FZ2K5,2017,1,3
MAYKB1LWD5U9,2016,60,16
MAYKB1LWD5U9,2017,58,21
MAYKB1LWD5U9,2018,86,25
MAYKB1LWD5U9,2019,65,21
MAYKB1LWD5U9,2020,73,29
MAYKB1LWD5U9,2021,91,27
MAYKB1LWD5U9,2022,80,27
MAYKB1LWD5U9,2023,101,27
MAYKB1LWD5U9,2024,88,27
MAYKB1LWD5U9,2025,98,26
MBACDK1KX4L9,2025,1,1
MBBKNBU5DCC6,2021,4,4
MBBKNBU5DCC6,2022,3,3
MBBKNBU5DCC6,2024,3,5
MBBKNBU5DCC6,2025,1,2
MBHYJCHP8BQ7,2022,1,1
MBHYJCHP8BQ7,2023,2,1
MBHYJCHP8BQ7,2024,1,1
MBKKNQM9QME3,2016,27,7
MBKKNQM9QME3,2017,18,9
MBKKNQM9QME3,2018,28,16
MBKKNQM9QME3,2019,26,18
MBKKNQM9QME3,2020,30,17
MBKKNQM9QME3,2021,31,23
MBKKNQM9QME3,2022,23,21
MBKKNQM9QME3,2023,31,21
MBKKNQM9QME3,2024,28,20
MBKKNQM9QME3,2025,32,21
MBLDH44CQL74,2023,1,1
MBT9RXJJ7428,2016,1,1
MBT9RXJJ7428,2017,2,1
MBT9RXJJ7428,2018,13,3
MBT9RXJJ7428,2019,13,4
MBT9RXJJ7428,2020,35,6
MBT9RXJJ7428,2021,22,6
MBT9RXJJ7428,2022,18,3
MBT9RXJJ7428,2023,28,11
MBT9RXJJ7428,2024,25,11
MBT9RXJJ7428,2025,23,13
MBU6HCLNZ431,2016,17,5
MBU6HCLNZ431,2017,16,5
MBU6HCLNZ431,2018,12,6
MBU6HCLNZ431,2019,17,7
MBU6HCLNZ431,2020,9,6
MBU6HCLNZ431,2021,9,8
MBU6HCLNZ431,2022,8,6
MBU6HCLNZ431,2023,10,9
MBU6HCLNZ431,2024,19,12
MBU6HCLNZ431,2025,12,10
MBWYUNWCFJ58,2021,2,1
MBWYUNWCFJ58,2022,3,3
MBWYUNWCFJ58,2023,5,3
MBWYUNWCFJ58,2024,5,3
MBWYUNWCFJ58,2025,2,2
MBZWNCF63HL5,2016,5,3
MBZWNCF63HL5,2017,7,4
MBZWNCF63HL5,2018,3,2
MBZWNCF63HL5,2019,7,4
MBZWNCF63HL5,2020,11,7
MBZWNCF63HL5,2021,7,4
MBZWNCF63HL5,2022,8,7
MBZWNCF63HL5,2023,7,5
MBZWNCF63HL5,2024,7,5
MBZWNCF63HL5,2025,6,4
MC1LLUREEKJ9,2020,2,1
MC1LLUREEKJ9,2022,1,1
MC47NKBQ8A25,2017,1,1
MC4RJJM9XLT5,2016,5,3
MC4RJJM9XLT5,2017,7,3
MC4RJJM9XLT5,2018,11,5
MC4RJJM9XLT5,2019,10,5
MC4RJJM9XLT5,2020,5,2
MC4RJJM9XLT5,2021,6,3
MC4RJJM9XLT5,2022,7,4
MC4RJJM9XLT5,2023,6,3
MC4RJJM9XLT5,2024,3,3
MC4RJJM9XLT5,2025,3,2
MCE7AYNCB768,2024,1,1
MCKWJYCWNVN3,2016,135,61
MCKWJYCWNVN3,2017,123,65
MCKWJYCWNVN3,2018,137,85
MCKWJYCWNVN3,2019,179,96
MCKWJYCWNVN3,2020,193,104
MCKWJYCWNVN3,2021,199,110
MCKWJYCWNVN3,2022,186,112
MCKWJYCWNVN3,2023,195,99
MCKWJYCWNVN3,2024,224,112
MCKWJYCWNVN3,2025,207,101
MCN6J5L6M3T4,2016,17,1
MCN6J5L6M3T4,2017,11,1
MCN6J5L6M3T4,2018,4,1
MCN6J5L6M3T4,2019,3,1
MCN6J5L6M3T4,2020,2,1
MCN6J5L6M3T4,2022,1,1
MCN6J5L6M3T4,2023,1,1
MD3CFK6J7ZQ4,2020,1,1
MD3CFK6J7ZQ4,2021,1,1
MD3CFK6J7ZQ4,2024,2,1
MD3PXLK9TCM6,2021,1,2
MD3PXLK9TCM6,2023,1,1
MD4AMZQD6955,2016,3,2
MD4AMZQD6955,2017,1,1
MD4AMZQD6955,2018,5,2
MD4AMZQD6955,2019,2,2
MDJJCNVWMMN3,2016,9,1
MDJJCNVWMMN3,2017,14,1
MDJJCNVWMMN3,2018,21,1
MDJJCNVWMMN3,2019,10,1
MDJJCNVWMMN3,2020,23,1
MDJJCNVWMMN3,2021,22,1
MDJJCNVWMMN3,2022,22,1
MDJJCNVWMMN3,2023,22,1
MDJJCNVWMMN3,2024,16,1
MDJJCNVWMMN3,2025,16,2
MDV4N2Q6JMN9,2022,1,1
MDV4N2Q6JMN9,2023,1,1
ME3MA61LJD79,2020,1,1
ME3MA61LJD79,2021,1,1
ME3MA61LJD79,2024,4,1
ME3MA61LJD79,2025,2,1
MECEHTM8DB17,2016,28,12
MECEHTM8DB17,2017,28,15
MECEHTM8DB17,2018,31,16
MECEHTM8DB17,2019,24,16
MECEHTM8DB17,2020,41,21
MECEHTM8DB17,2021,61,27
MECEHTM8DB17,2022,65,27
MECEHTM8DB17,2023,74,34
MECEHTM8DB17,2024,82,36
MECEHTM8DB17,2025,77,39
MEENKNXWK6Y5,2022,1,1
MEHHH8HCNVB3,2024,1,1
MEJXSJMLHDS7,2021,1,1
MEJXSJMLHDS7,2023,1,1
MERZH84KMHM6,2020,5,1
MERZH84KMHM6,2021,3,2
MERZH84KMHM6,2022,1,1
MERZH84KMHM6,2023,1,1
MEYGUN6CCN16,2017,1,1
MEYGUN6CCN16,2019,1,1
MEYGUN6CCN16,2020,4,1
MEYGUN6CCN16,2021,8,1
MEYGUN6CCN16,2022,4,1
MEYGUN6CCN16,2023,1,1
MEYGUN6CCN16,2024,2,2
MEYGUN6CCN16,2025,2,1
MF57ENCBSB57,2022,3,1
MF57ENCBSB57,2023,1,1
MFJRZ27MJ484,2023,1,1
MFJRZ27MJ484,2024,1,1
MFPUBFBD4ZX1,2017,1,1
MFPUBFBD4ZX1,2018,1,1
MFS6EKBBTZ44,2017,1,1
MFS6EKBBTZ44,2018,1,1
MFS6EKBBTZ44,2019,1,1
MFS6EKBBTZ44,2020,1,1
MG5BM5RM42J9,2016,166,56
MG5BM5RM42J9,2017,162,62
MG5BM5RM42J9,2018,155,64
MG5BM5RM42J9,2019,164,71
MG5BM5RM42J9,2020,195,71
MG5BM5RM42J9,2021,198,101
MG5BM5RM42J9,2022,212,91
MG5BM5RM42J9,2023,220,78
MG5BM5RM42J9,2024,292,79
MG5BM5RM42J9,2025,207,63
MGBMJBJ59E65,2024,1,1
MGDJHS6B2BP1,2016,3,2
MGDJHS6B2BP1,2017,3,1
MGDJHS6B2BP1,2018,7,7
MGDJHS6B2BP1,2019,6,5
MGDJHS6B2BP1,2020,12,8
MGDJHS6B2BP1,2021,12,11
MGDJHS6B2BP1,2022,6,8
MGDJHS6B2BP1,2023,8,8
MGDJHS6B2BP1,2024,16,10
MGDJHS6B2BP1,2025,9,7
MGGVSMGVSJE7,2020,1,1
MGGVSMGVSJE7,2024,1,1
MGGVSMGVSJE7,2025,1,1
MGLJHKGKWBL3,2016,5,2
MGLJHKGKWBL3,2017,2,2
MGLJHKGKWBL3,2018,1,1
MGLJHKGKWBL3,2020,2,2
MGLJHKGKWBL3,2024,3,2
MGLJHKGKWBL3,2025,1,1
MGUCX773RNJ8,2016,111,59
MGUCX773RNJ8,2017,98,70
MGUCX773RNJ8,2018,145,87
MGUCX773RNJ8,2019,137,86
MGUCX773RNJ8,2020,149,106
MGUCX773RNJ8,2021,141,107
MGUCX773RNJ8,2022,100,84
MGUCX773RNJ8,2023,116,85
MGUCX773RNJ8,2024,116,80
MGUCX773RNJ8,2025,109,73
MHB5HVJVAK87,2016,1,1
MHB5HVJVAK87,2020,1,4
MHB5HVJVAK87,2023,1,2
MHB5HVJVAK87,2025,1,1
MHB6EFN66MD9,2016,1,1
MHB6EFN66MD9,2017,1,1
MHB6EFN66MD9,2018,1,1
MHB6EFN66MD9,2019,2,1
MHB6EFN66MD9,2020,3,1
MHB6EFN66MD9,2022,1,1
MHB6EFN66MD9,2024,1,1
MHJ4VX93MPJ3,2025,1,1
MHJMNSV6A7E8,2021,1,1
MHJMNSV6A7E8,2025,2,1
MHJQM57VPFV5,2023,1,1
MHM6MGJFANE7,2017,1,1
MHM6MGJFANE7,2018,2,2
MHM6MGJFANE7,2019,1,1
MHM6MGJFANE7,2021,1,1
MHM6MGJFANE7,2022,3,1
MHM6MGJFANE7,2023,4,3
MHM6MGJFANE7,2024,1,1
MHM6MGJFANE7,2025,5,4
MHRBUTN4H3B7,2021,1,1
MHRBUTN4H3B7,2024,2,2
MJ32V2YEKKE7,2020,1,1
MJ32V2YEKKE7,2021,3,1
MJ32V2YEKKE7,2022,4,2
MJ32V2YEKKE7,2025,1,1
MJ3JH8CRJBZ7,2016,65,30
MJ3JH8CRJBZ7,2017,83,38
MJ3JH8CRJBZ7,2018,99,50
MJ3JH8CRJBZ7,2019,100,45
MJ3JH8CRJBZ7,2020,123,58
MJ3JH8CRJBZ7,2021,95,47
MJ3JH8CRJBZ7,2022,104,57
MJ3JH8CRJBZ7,2023,92,50
MJ3JH8CRJBZ7,2024,97,64
MJ3JH8CRJBZ7,2025,91,60
MJ5CJVF6T189,2016,1,1
MJ5CJVF6T189,2017,1,1
MJ5CJVF6T189,2018,1,1
MJA6DVN2K2B5,2016,4,1
MJA6DVN2K2B5,2017,2,1
MJA6DVN2K2B5,2018,3,1
MJA6DVN2K2B5,2019,8,1
MJA6DVN2K2B5,2020,1,1
MJC5FCYQTPE6,2016,940,304
MJC5FCYQTPE6,2017,911,324
MJC5FCYQTPE6,2018,915,343
MJC5FCYQTPE6,2019,792,363
MJC5FCYQTPE6,2020,899,423
MJC5FCYQTPE6,2021,960,446
MJC5FCYQTPE6,2022,991,503
MJC5FCYQTPE6,2023,1015,509
MJC5FCYQTPE6,2024,1046,523
MJC5FCYQTPE6,2025,1143,540
MJCLFGKGULP5,2016,7,4
MJCLFGKGULP5,2017,8,3
MJCLFGKGULP5,2018,8,3
MJCLFGKGULP5,2019,10,4
MJCLFGKGULP5,2020,11,3
MJCLFGKGULP5,2021,7,5
MJCLFGKGULP5,2022,9,5
MJCLFGKGULP5,2023,22,7
MJCLFGKGULP5,2024,12,8
MJCLFGKGULP5,2025,14,7
MJEJGMLW3RN6,2018,1,1
MJEJGMLW3RN6,2019,1,1
MJEJGMLW3RN6,2020,1,1
MJEJGMLW3RN6,2021,1,1
MJEJGMLW3RN6,2022,2,2
MJEJGMLW3RN6,2023,1,1
MJEJGMLW3RN6,2024,2,1
MJEJGMLW3RN6,2025,2,1
MJFMX1Q4KGE7,2016,1,1
MJJJFTJE1SB5,2016,4,1
MJJJFTJE1SB5,2017,3,2
MJJJFTJE1SB5,2018,2,2
MJJJFTJE1SB5,2019,2,1
MJJJFTJE1SB5,2020,8,5
MJJJFTJE1SB5,2021,1,1
MJJJFTJE1SB5,2023,2,2
MJJJFTJE1SB5,2024,1,1
MJL2NJ8QJC44,2022,1,1
MJL7LEL4B6M6,2016,38,27
MJL7LEL4B6M6,2017,50,30
MJL7LEL4B6M6,2018,48,28
MJL7LEL4B6M6,2019,32,31
MJL7LEL4B6M6,2020,41,29
MJL7LEL4B6M6,2021,37,29
MJL7LEL4B6M6,2022,30,28
MJL7LEL4B6M6,2023,43,38
MJL7LEL4B6M6,2024,27,25
MJL7LEL4B6M6,2025,36,29
MJMKM31FM667,2018,1,1
MJMKM31FM667,2020,1,1
MJMKM31FM667,2021,1,1
MJMKM31FM667,2023,1,1
MJP3SNX9RCN6,2024,1,2
MJP3SNX9RCN6,2025,1,2
MJXNYJ6Q4GM8,2021,1,1
MJZFLM2TGRZ8,2020,2,2
MJZFLM2TGRZ8,2022,2,2
MJZFLM2TGRZ8,2024,1,1
MK3XUJH68HY4,2024,1,1
MK59DMGJKYP4,2019,1,1
MK5ANJVWVZK7,2020,1,1
MK5ANJVWVZK7,2022,2,1
MKAGLD59JRL1,2016,2818,929
MKAGLD59JRL1,2017,2801,1079
MKAGLD59JRL1,2018,2825,1163
MKAGLD59JRL1,2019,2730,1245
MKAGLD59JRL1,2020,3093,1455
MKAGLD59JRL1,2021,3256,1505
MKAGLD59JRL1,2022,3103,1493
MKAGLD59JRL1,2023,3262,1584
MKAGLD59JRL1,2024,3362,1638
MKAGLD59JRL1,2025,3381,1646
MKDKZ3ZZ99A2,2019,1,2
MKDKZ3ZZ99A2,2020,1,2
MKDKZ3ZZ99A2,2021,4,3
MKDKZ3ZZ99A2,2022,5,3
MKDKZ3ZZ99A2,2023,1,1
MKDKZ3ZZ99A2,2024,2,2
MKDKZ3ZZ99A2,2025,4,3
MKERJX2L6HG4,2016,7,2
MKERJX2L6HG4,2017,8,2
MKERJX2L6HG4,2018,9,3
MKERJX2L6HG4,2019,5,3
MKERJX2L6HG4,2020,13,4
MKERJX2L6HG4,2021,11,9
MKERJX2L6HG4,2022,12,8
MKERJX2L6HG4,2023,14,8
MKERJX2L6HG4,2024,23,11
MKERJX2L6HG4,2025,22,14
MKF4NQHBD4L6,2016,3,1
MKF4NQHBD4L6,2017,3,1
MKF4NQHBD4L6,2018,4,1
MKF4NQHBD4L6,2019,2,1
MKF4NQHBD4L6,2020,1,1
MKF4NQHBD4L6,2021,2,1
MKF4NQHBD4L6,2023,2,2
MKF4NQHBD4L6,2024,1,1
MKF4NQHBD4L6,2025,5,2
MKKQLNN6GSE5,2018,2,1
MKKQLNN6GSE5,2022,2,1
MKKQLNN6GSE5,2025,1,1
MKLVPC4X92U7,2017,1,1
MKM2VUZR1EB4,2025,4,1
MKQKRT751Q19,2016,4,1
MKQKRT751Q19,2017,6,1
MKQKRT751Q19,2018,1,1
MKQKRT751Q19,2019,4,2
MKQKRT751Q19,2020,1,1
MKQKRT751Q19,2025,1,2
MKSZL7C5T1G5,2021,1,1
MKSZL7C5T1G5,2022,1,1
MKSZL7C5T1G5,2023,2,1
MKSZL7C5T1G5,2025,1,1
MKUJBCZRGUM8,2019,1,1
MKUJBCZRGUM8,2020,4,1
MKUJBCZRGUM8,2021,2,1
MKUJBCZRGUM8,2023,2,1
MKUJBCZRGUM8,2024,1,1
MKUJBCZRGUM8,2025,2,2
ML7PY8M4DGL1,2016,3,2
ML7PY8M4DGL1,2017,7,1
ML7PY8M4DGL1,2018,3,1
ML7PY8M4DGL1,2019,1,1
MLFQZEK9E745,2017,1,1
MLGNGYBKS7J5,2016,3,1
MLGNGYBKS7J5,2017,2,1
MLGNGYBKS7J5,2018,2,2
MLGNGYBKS7J5,2020,2,1
MLGNGYBKS7J5,2021,4,2
MLH1HUK133H3,2025,2,3
MLQFL4JSSAA9,2016,555,199
MLQFL4JSSAA9,2017,581,240
MLQFL4JSSAA9,2018,675,259
MLQFL4JSSAA9,2019,685,290
MLQFL4JSSAA9,2020,725,304
MLQFL4JSSAA9,2021,793,317
MLQFL4JSSAA9,2022,743,316
MLQFL4JSSAA9,2023,797,334
MLQFL4JSSAA9,2024,724,345
MLQFL4JSSAA9,2025,771,335
MLWRDY4KSCW4,2020,1,1
MLWRDY4KSCW4,2025,1,1
MLZ9QD9YXCN7,2022,2,2
MM17KEAVW7L5,2021,1,1
MM17KEAVW7L5,2025,1,1
MM1DHXTUKLG8,2016,13,4
MM1DHXTUKLG8,2017,16,6
MM1DHXTUKLG8,2018,11,5
MM1DHXTUKLG8,2019,17,5
MM1DHXTUKLG8,2020,22,4
MM1DHXTUKLG8,2021,15,4
MM1DHXTUKLG8,2022,12,3
MM1DHXTUKLG8,2023,13,3
MM1DHXTUKLG8,2024,12,2
MM1DHXTUKLG8,2025,22,5
MM8CFNUNTBL7,2021,1,1
MMFAJMXZVCM3,2025,1,1
MMMLUFM5XX88,2016,2,1
MMMLUFM5XX88,2017,3,1
MMMLUFM5XX88,2018,2,1
MMMLUFM5XX88,2019,2,1
MMMLUFM5XX88,2020,1,1
MMMLUFM5XX88,2021,2,1
MMT4LGM4H9Z5,2016,7,3
MMT4LGM4H9Z5,2017,9,5
MMT4LGM4H9Z5,2018,4,4
MMT4LGM4H9Z5,2019,10,5
MMT4LGM4H9Z5,2020,23,9
MMT4LGM4H9Z5,2021,20,10
MMT4LGM4H9Z5,2022,29,8
MMT4LGM4H9Z5,2023,38,7
MMT4LGM4H9Z5,2024,34,11
MMT4LGM4H9Z5,2025,27,10
MMVKQXZUBMQ7,2016,2,2
MMVKQXZUBMQ7,2017,1,1
MMVKQXZUBMQ7,2018,3,3
MMVKQXZUBMQ7,2019,3,3
MMVKQXZUBMQ7,2020,6,6
MMVKQXZUBMQ7,2021,6,5
MMVKQXZUBMQ7,2022,2,3
MMVKQXZUBMQ7,2023,2,2
MMVKQXZUBMQ7,2024,3,2
MMVKQXZUBMQ7,2025,1,1
MN2LFZNE4HH3,2021,4,3
MN2LFZNE4HH3,2022,3,3
MN2LFZNE4HH3,2023,6,6
MN2LFZNE4HH3,2024,14,12
MN2LFZNE4HH3,2025,7,6
MN2YF7KQHHJ5,2016,1,1
MN2YF7KQHHJ5,2018,1,1
MN2YF7KQHHJ5,2019,2,2
MN2YF7KQHHJ5,2024,1,1
MN2YF7KQHHJ5,2025,1,1
MND6UJJX4PB3,2016,52,19
MND6UJJX4PB3,2017,43,23
MND6UJJX4PB3,2018,48,22
MND6UJJX4PB3,2019,31,16
MND6UJJX4PB3,2020,34,17
MND6UJJX4PB3,2021,43,18
MND6UJJX4PB3,2022,47,16
MND6UJJX4PB3,2023,21,10
MND6UJJX4PB3,2024,21,9
MND6UJJX4PB3,2025,25,9
MNFCECSHS166,2016,1,1
MNFCECSHS166,2017,1,1
MNFCECSHS166,2019,2,1
MNFCECSHS166,2020,2,1
MNFCECSHS166,2023,1,1
MNGNMTT66L71,2020,1,1
MNGNMTT66L71,2022,1,1
MNJ3PQ7MXFN6,2016,86,12
MNJ3PQ7MXFN6,2017,75,12
MNJ3PQ7MXFN6,2018,71,17
MNJ3PQ7MXFN6,2019,74,19
MNJ3PQ7MXFN6,2020,106,16
MNJ3PQ7MXFN6,2021,113,27
MNJ3PQ7MXFN6,2022,139,23
MNJ3PQ7MXFN6,2023,131,28
MNJ3PQ7MXFN6,2024,181,23
MNJ3PQ7MXFN6,2025,105,19
MNJDKB4FXLM6,2018,1,1
MNJDKB4FXLM6,2021,2,1
MNJDKB4FXLM6,2022,1,1
MNJTNGXVYS31,2023,1,2
MNK5L65P4L94,2016,2,3
MNK5L65P4L94,2021,1,1
MNKBAEZHWJS1,2022,1,1
MNKCJSLLR7U9,2022,1,2
MNKCJSLLR7U9,2023,1,2
MNKCJSLLR7U9,2024,1,1
MNL4D3VQUWA5,2021,1,1
MNL4D3VQUWA5,2022,1,1
MNL4D3VQUWA5,2023,5,2
MNL4D3VQUWA5,2024,7,2
MNL4D3VQUWA5,2025,8,6
MNNNF41M2YK3,2025,1,1
MNS7B9CVKDN7,2016,284,93
MNS7B9CVKDN7,2017,332,108
MNS7B9CVKDN7,2018,329,115
MNS7B9CVKDN7,2019,277,122
MNS7B9CVKDN7,2020,342,144
MNS7B9CVKDN7,2021,367,156
MNS7B9CVKDN7,2022,312,143
MNS7B9CVKDN7,2023,325,140
MNS7B9CVKDN7,2024,274,127
MNS7B9CVKDN7,2025,277,130
MNSSA5BU44K9,2019,1,1
MNSSA5BU44K9,2020,1,1
MNSSA5BU44K9,2023,1,1
MNUYHHMKG8N9,2021,1,1
MNUYHHMKG8N9,2022,1,1
MNUYHHMKG8N9,2023,3,2
MNUYHHMKG8N9,2024,1,2
MNZ8KMRWTDB6,2016,11,5
MNZ8KMRWTDB6,2017,11,5
MNZ8KMRWTDB6,2018,13,6
MNZ8KMRWTDB6,2019,14,5
MNZ8KMRWTDB6,2020,14,6
MNZ8KMRWTDB6,2021,24,9
MNZ8KMRWTDB6,2022,23,5
MNZ8KMRWTDB6,2023,12,9
MNZ8KMRWTDB6,2024,11,8
MNZ8KMRWTDB6,2025,4,3
MP6CQG7LRJQ5,2020,1,1
MPDWENFPY4Y8,2020,1,1
MPJFHQ7SMNH1,2016,15,3
MPJFHQ7SMNH1,2017,10,3
MPJFHQ7SMNH1,2018,3,3
MPJFHQ7SMNH1,2019,4,2
MPJFHQ7SMNH1,2020,12,6
MPJFHQ7SMNH1,2021,9,4
MPJFHQ7SMNH1,2022,10,6
MPJFHQ7SMNH1,2023,7,4
MPJFHQ7SMNH1,2024,6,3
MPJFHQ7SMNH1,2025,11,7
MPJRBLPB45Y1,2023,6,1
MPLTJBH6XCA4,2017,1,1
MPLTJBH6XCA4,2022,1,2
MPLTJBH6XCA4,2024,1,1
MPLTJBH6XCA4,2025,1,1
MPYFY5UMSDP4,2016,39,7
MPYFY5UMSDP4,2017,35,7
MPYFY5UMSDP4,2018,36,9
MPYFY5UMSDP4,2019,26,8
MPYFY5UMSDP4,2020,22,9
MPYFY5UMSDP4,2021,34,8
MPYFY5UMSDP4,2022,23,8
MPYFY5UMSDP4,2023,22,8
MPYFY5UMSDP4,2024,28,10
MPYFY5UMSDP4,2025,32,10
MQ44SZ4FKNU8,2018,2,4
MQ44SZ4FKNU8,2020,2,2
MQ44SZ4FKNU8,2021,2,4
MQ44SZ4FKNU8,2022,2,5
MQ44SZ4FKNU8,2024,1,1
MQ44SZ4FKNU8,2025,1,1
MQ8XBWAV5826,2017,1,1
MQ8XBWAV5826,2021,2,1
MQ8XBWAV5826,2022,1,1
MQE2JHHJW9Q8,2016,652,287
MQE2JHHJW9Q8,2017,609,335
MQE2JHHJW9Q8,2018,613,336
MQE2JHHJW9Q8,2019,574,333
MQE2JHHJW9Q8,2020,647,367
MQE2JHHJW9Q8,2021,656,392
MQE2JHHJW9Q8,2022,644,385
MQE2JHHJW9Q8,2023,667,403
MQE2JHHJW9Q8,2024,622,389
MQE2JHHJW9Q8,2025,617,393
MQSXELH2KMB6,2016,9,1
MQSXELH2KMB6,2017,3,3
MQSXELH2KMB6,2018,4,3
MQSXELH2KMB6,2019,4,4
MQSXELH2KMB6,2020,3,3
MQSXELH2KMB6,2021,9,6
MQSXELH2KMB6,2022,6,3
MQSXELH2KMB6,2023,7,4
MQSXELH2KMB6,2024,5,4
MQSXELH2KMB6,2025,9,5
MR1BLKLB8RV8,2017,1,1
MR1BLKLB8RV8,2018,2,2
MR1BLKLB8RV8,2020,3,2
MR4ZCJJQHHP5,2018,1,1
MR4ZCJJQHHP5,2019,1,1
MR4ZCJJQHHP5,2020,3,1
MR4ZCJJQHHP5,2021,5,2
MR4ZCJJQHHP5,2022,2,4
MR4ZCJJQHHP5,2023,2,3
MR4ZCJJQHHP5,2025,10,8
MR5QC5FCAVH5,2016,134,67
MR5QC5FCAVH5,2017,187,84
MR5QC5FCAVH5,2018,188,88
MR5QC5FCAVH5,2019,220,89
MR5QC5FCAVH5,2020,222,116
MR5QC5FCAVH5,2021,213,113
MR5QC5FCAVH5,2022,212,112
MR5QC5FCAVH5,2023,224,125
MR5QC5FCAVH5,2024,227,124
MR5QC5FCAVH5,2025,246,123
MR73WF5SHRW4,2016,30,2
MR73WF5SHRW4,2017,22,2
MR73WF5SHRW4,2018,24,2
MR73WF5SHRW4,2019,32,3
MR73WF5SHRW4,2020,12,2
MR73WF5SHRW4,2021,18,2
MR73WF5SHRW4,2022,13,2
MR73WF5SHRW4,2023,21,2
MR73WF5SHRW4,2024,11,2
MR73WF5SHRW4,2025,6,2
MR7KHZ4VRH25,2022,2,1
MR7KHZ4VRH25,2023,2,1
MR7KHZ4VRH25,2024,1,1
MRGUP99ZAZ59,2016,2,2
MRGUP99ZAZ59,2017,1,1
MRGUP99ZAZ59,2018,3,1
MRGUP99ZAZ59,2019,1,1
MRGUP99ZAZ59,2020,3,2
MRGUP99ZAZ59,2021,1,1
MRGUP99ZAZ59,2022,2,2
MRGUP99ZAZ59,2023,1,1
MRGUP99ZAZ59,2024,1,1
MRK1VCY9DMB6,2023,1,1
MRK1VCY9DMB6,2025,2,1
MRUSKCJLLEB7,2022,1,1
MRUSKCJLLEB7,2023,1,1
MS27HSSN6AD4,2025,2,1
MS2HXSWJZJ24,2023,1,1
MS2HXSWJZJ24,2025,3,2
MS3QH9KM4EN5,2016,1,1
MS3QH9KM4EN5,2019,1,1
MS3QH9KM4EN5,2020,1,1
MS3QH9KM4EN5,2025,1,2
MSCNWG2ZM1N9,2016,9,1
MSCNWG2ZM1N9,2017,2,2
MSCNWG2ZM1N9,2018,2,1
MSCNWG2ZM1N9,2019,2,3
MSCNWG2ZM1N9,2020,2,2
MSCNWG2ZM1N9,2021,2,1
MSCNWG2ZM1N9,2022,7,4
MSCNWG2ZM1N9,2024,4,3
MSCNWG2ZM1N9,2025,6,8
MSDGNE7AC4E8,2018,1,1
MSDGNE7AC4E8,2019,1,1
MSDGNE7AC4E8,2024,1,1
MSLPT9LVSN86,2017,4,1
MSLPT9LVSN86,2018,10,1
MSLPT9LVSN86,2019,8,1
MSLPT9LVSN86,2020,6,1
MSLPT9LVSN86,2021,1,1
MSLPT9LVSN86,2022,1,1
MSLPT9LVSN86,2023,1,1
MSLPT9LVSN86,2024,1,1
MSMLUCM9DRT6,2016,2,2
MSMLUCM9DRT6,2017,2,2
MSMLUCM9DRT6,2018,3,2
MSMLUCM9DRT6,2020,7,4
MSMLUCM9DRT6,2021,1,1
MSMLUCM9DRT6,2024,1,3
MSMLUCM9DRT6,2025,3,4
MSN6LQLSWWJ8,2016,2,1
MSN6LQLSWWJ8,2017,1,1
MSN6LQLSWWJ8,2018,1,1
MSN6LQLSWWJ8,2019,2,2
MSN6LQLSWWJ8,2020,1,1
MSN6LQLSWWJ8,2021,1,1
MSN6LQLSWWJ8,2025,1,2
MSPWVMXXMN76,2016,466,159
MSPWVMXXMN76,2017,440,167
MSPWVMXXMN76,2018,467,187
MSPWVMXXMN76,2019,382,173
MSPWVMXXMN76,2020,502,229
MSPWVMXXMN76,2021,502,218
MSPWVMXXMN76,2022,509,209
MSPWVMXXMN76,2023,502,235
MSPWVMXXMN76,2024,470,215
MSPWVMXXMN76,2025,470,226
MSQMDNK7L8E5,2019,6,1
MSQMDNK7L8E5,2020,11,1
MSQMDNK7L8E5,2021,13,1
MSQMDNK7L8E5,2022,10,1
MSQMDNK7L8E5,2023,12,1
MSQMDNK7L8E5,2024,4,1
MSQSHFFMP6G2,2020,1,1
MSRQYLLQLYQ5,2019,3,2
MSYEE9VLBJ67,2017,1,1
MSYEE9VLBJ67,2019,1,1
MTDKKELM58W5,2023,1,1
MTDYDS8M2176,2019,1,1
MTDYDS8M2176,2020,1,1
MTDYDS8M2176,2021,2,1
MTH3CKTVC997,2017,3,1
MTH3CKTVC997,2018,2,1
MTH3CKTVC997,2019,2,1
MTH3CKTVC997,2020,1,1
MTTEXHDUKGB8,2023,1,1
MTTEXHDUKGB8,2024,1,1
MTTEXHDUKGB8,2025,2,2
MU14LUW1RH41,2025,1,3
MU6JZBDZR8X1,2024,1,1
MU8UKBNPF3J5,2019,1,2
MU8UKBNPF3J5,2021,1,1
MUD5ZBFXAA55,2017,2,1
MUGZK1KT38Y5,2023,1,1
MUH9WWET7WA1,2016,1,1
MUH9WWET7WA1,2017,2,1
MUH9WWET7WA1,2018,1,1
MUH9WWET7WA1,2019,1,1
MUH9WWET7WA1,2022,1,1
MUW6XWEVLLN3,2024,1,1
MV1DLCKJT6T7,2021,1,1
MV1JFXA4S621,2020,2,1
MV1JFXA4S621,2021,2,2
MV1JFXA4S621,2022,1,1
MV9GTK4QFA99,2016,36,10
MV9GTK4QFA99,2017,29,6
MV9GTK4QFA99,2018,35,11
MV9GTK4QFA99,2019,43,14
MV9GTK4QFA99,2020,73,19
MV9GTK4QFA99,2021,64,18
MV9GTK4QFA99,2022,81,20
MV9GTK4QFA99,2023,71,16
MV9GTK4QFA99,2024,62,20
MV9GTK4QFA99,2025,68,20
MVEEWMEJJB24,2016,10,1
MVEEWMEJJB24,2017,5,3
MVEEWMEJJB24,2018,3,1
MVEEWMEJJB24,2019,2,1
MVEEWMEJJB24,2020,9,5
MVEEWMEJJB24,2021,5,3
MVEEWMEJJB24,2022,6,2
MVEEWMEJJB24,2023,2,2
MVEEWMEJJB24,2024,3,2
MVEEWMEJJB24,2025,3,1
MVRJYL6A9VF1,2016,3,1
MVRJYL6A9VF1,2019,2,1
MVRJYL6A9VF1,2024,2,1
MVSNZ6XDQAE9,2020,1,1
MVTKSCN6NMH3,2016,1,1
MVTKSCN6NMH3,2017,1,1
MVTKSCN6NMH3,2018,1,1
MVTKSCN6NMH3,2019,1,1
MVTKSCN6NMH3,2020,4,4
MVTKSCN6NMH3,2021,2,3
MVTKSCN6NMH3,2022,8,4
MVTKSCN6NMH3,2023,4,2
MVTKSCN6NMH3,2024,1,1
MVTKSCN6NMH3,2025,5,3
MW8JHK6ZYEX8,2016,1469,522
MW8JHK6ZYEX8,2017,1475,603
MW8JHK6ZYEX8,2018,1612,662
MW8JHK6ZYEX8,2019,1504,709
MW8JHK6ZYEX8,2020,1761,815
MW8JHK6ZYEX8,2021,1829,889
MW8JHK6ZYEX8,2022,1891,935
MW8JHK6ZYEX8,2023,1888,939
MW8JHK6ZYEX8,2024,1834,938
MW8JHK6ZYEX8,2025,1691,973
MWCKAJN2TQJ7,2016,4,1
MWCKAJN2TQJ7,2017,5,1
MWCKAJN2TQJ7,2018,2,1
MWEPWP3T6XL5,2016,1,2
MWEPWP3T6XL5,2017,3,1
MWEPWP3T6XL5,2018,2,1
MWEPWP3T6XL5,2019,3,2
MWEPWP3T6XL5,2020,2,1
MWEPWP3T6XL5,2021,7,3
MWEPWP3T6XL5,2022,4,2
MWEPWP3T6XL5,2023,8,2
MWEPWP3T6XL5,2024,9,2
MWEPWP3T6XL5,2025,7,4
MWFYV1GYTPK6,2021,1,1
MWJ5LUKXD3B7,2021,1,1
MWN1PN4NLAV8,2021,1,1
MWNGKCQQJX17,2016,1,1
MWNGKCQQJX17,2019,2,1
MWNGKCQQJX17,2022,1,1
MWR4N7R8FYR3,2016,4,3
MWR4N7R8FYR3,2017,6,3
MWR4N7R8FYR3,2018,11,5
MWR4N7R8FYR3,2019,11,5
MWR4N7R8FYR3,2020,8,4
MWR4N7R8FYR3,2021,10,3
MWR4N7R8FYR3,2022,7,3
MWR4N7R8FYR3,2023,7,4
MWR4N7R8FYR3,2024,6,4
MWR4N7R8FYR3,2025,4,3
MWWCM7JMBCF1,2022,1,2
MWWCM7JMBCF1,2023,4,4
MWYVQTQ32ME5,2016,219,38
MWYVQTQ32ME5,2017,177,33
MWYVQTQ32ME5,2018,208,41
MWYVQTQ32ME5,2019,233,42
MWYVQTQ32ME5,2020,235,42
MWYVQTQ32ME5,2021,264,46
MWYVQTQ32ME5,2022,286,53
MWYVQTQ32ME5,2023,229,54
MWYVQTQ32ME5,2024,181,51
MWYVQTQ32ME5,2025,167,49
MX64FL4GJH55,2021,1,1
MX64FL4GJH55,2023,1,2
MX64FL4GJH55,2025,3,2
MX6YKK6AMXV1,2016,1,1
MX6YKK6AMXV1,2017,1,1
MX6YKK6AMXV1,2018,1,1
MX6YKK6AMXV1,2019,1,1
MX6YKK6AMXV1,2020,1,2
MX8ULDF6SDD6,2016,9,4
MX8ULDF6SDD6,2017,18,5
MX8ULDF6SDD6,2018,25,6
MX8ULDF6SDD6,2019,18,7
MX8ULDF6SDD6,2020,75,10
MX8ULDF6SDD6,2021,93,12
MX8ULDF6SDD6,2022,104,11
MX8ULDF6SDD6,2023,155,17
MX8ULDF6SDD6,2024,187,19
MX8ULDF6SDD6,2025,228,20
MXHAS3AKPRN1,2016,15,5
MXHAS3AKPRN1,2017,9,4
MXHAS3AKPRN1,2018,19,7
MXHAS3AKPRN1,2019,35,10
MXHAS3AKPRN1,2020,54,14
MXHAS3AKPRN1,2021,67,18
MXHAS3AKPRN1,2022,74,18
MXHAS3AKPRN1,2023,55,17
MXHAS3AKPRN1,2024,45,21
MXHAS3AKPRN1,2025,68,17
MXLZGAMFEKN5,2016,158,72
MXLZGAMFEKN5,2017,138,75
MXLZGAMFEKN5,2018,160,79
MXLZGAMFEKN5,2019,133,81
MXLZGAMFEKN5,2020,148,82
MXLZGAMFEKN5,2021,130,70
MXLZGAMFEKN5,2022,123,87
MXLZGAMFEKN5,2023,142,73
MXLZGAMFEKN5,2024,121,68
MXLZGAMFEKN5,2025,155,93
MXPESVR9KFE7,2016,1,1
MXPESVR9KFE7,2017,2,1
MXPESVR9KFE7,2018,1,1
MXPESVR9KFE7,2019,2,2
MXPESVR9KFE7,2021,1,1
MXPESVR9KFE7,2022,1,1
MXPESVR9KFE7,2023,4,3
MXPESVR9KFE7,2024,3,2
MXPESVR9KFE7,2025,8,5
MXRXU574VRM7,2019,2,2
MXRXU574VRM7,2020,1,2
MXRXU574VRM7,2021,1,2
MXRXU574VRM7,2022,3,3
MXRXU574VRM7,2025,1,3
MXWGP7E3TFM8,2023,3,1
MXWGP7E3TFM8,2024,5,2
MXWGP7E3TFM8,2025,3,1
MY2ERHGDV956,2016,88,33
MY2ERHGDV956,2017,86,43
MY2ERHGDV956,2018,103,49
MY2ERHGDV956,2019,107,50
MY2ERHGDV956,2020,117,58
MY2ERHGDV956,2021,100,57
MY2ERHGDV956,2022,92,61
MY2ERHGDV956,2023,105,57
MY2ERHGDV956,2024,81,52
MY2ERHGDV956,2025,99,56
MY33R8PMNJD5,2017,1,1
MY33R8PMNJD5,2018,1,1
MY33R8PMNJD5,2019,1,2
MY33R8PMNJD5,2020,2,1
MY3NGEKEVML6,2016,2,1
MY3NGEKEVML6,2017,1,1
MY3NGEKEVML6,2018,1,1
MY3NGEKEVML6,2020,2,1
MY3NGEKEVML6,2021,1,1
MY3NGEKEVML6,2022,1,1
MY3NGEKEVML6,2024,1,1
MY9WDY9TAVD9,2019,1,1
MY9WDY9TAVD9,2021,1,1
MYE4CDGEMAY9,2017,3,1
MYE4CDGEMAY9,2018,1,1
MYE4CDGEMAY9,2019,1,1
MYE4CDGEMAY9,2022,1,1
MYR7QGXJF3J5,2016,7,2
MYR7QGXJF3J5,2017,6,3
MYR7QGXJF3J5,2018,1,2
MYR7QGXJF3J5,2019,1,1
MYR7QGXJF3J5,2020,5,6
MYR7QGXJF3J5,2021,7,5
MYR7QGXJF3J5,2022,8,5
MYR7QGXJF3J5,2023,6,3
MYR7QGXJF3J5,2024,3,2
MYR7QGXJF3J5,2025,4,3
MYRGAPL7LDK6,2020,1,1
MZ4DYXE1SL98,2016,148,39
MZ4DYXE1SL98,2017,135,51
MZ4DYXE1SL98,2018,115,53
MZ4DYXE1SL98,2019,121,59
MZ4DYXE1SL98,2020,131,69
MZ4DYXE1SL98,2021,135,60
MZ4DYXE1SL98,2022,162,71
MZ4DYXE1SL98,2023,154,68
MZ4DYXE1SL98,2024,134,64
MZ4DYXE1SL98,2025,140,56
MZ78V4TKUFF5,2018,1,1
MZ78V4TKUFF5,2019,1,1
MZ7LPG1ZU1W7,2019,1,1
MZ7LPG1ZU1W7,2022,1,1
MZ7LPG1ZU1W7,2023,2,1
MZ9DFVC2J1B7,2016,62,24
MZ9DFVC2J1B7,2017,53,26
MZ9DFVC2J1B7,2018,50,30
MZ9DFVC2J1B7,2019,39,29
MZ9DFVC2J1B7,2020,50,37
MZ9DFVC2J1B7,2021,36,25
MZ9DFVC2J1B7,2022,42,30
MZ9DFVC2J1B7,2023,50,35
MZ9DFVC2J1B7,2024,39,32
MZ9DFVC2J1B7,2025,43,32
MZFBVZ6KDLA4,2018,3,3
MZFBVZ6KDLA4,2020,2,2
MZFBVZ6KDLA4,2021,1,2
MZFBVZ6KDLA4,2022,2,3
MZFBVZ6KDLA4,2023,1,2
MZFBVZ6KDLA4,2024,1,2
MZFBVZ6KDLA4,2025,3,4
MZN6WDBMXN24,2025,1,1
MZN8NFJ3LMN1,2021,1,1
N1ACHB9PNN93,2016,2,2
N1ACHB9PNN93,2017,3,3
N1ACHB9PNN93,2018,8,5
N1ACHB9PNN93,2019,1,1
N1ACHB9PNN93,2020,5,3
N1ACHB9PNN93,2021,3,3
N1ACHB9PNN93,2022,1,1
N1ACHB9PNN93,2023,3,3
N1ACHB9PNN93,2024,3,2
N1ACHB9PNN93,2025,3,3
N1BRM2P2RT48,2019,1,1
N1BRM2P2RT48,2022,1,1
N1CDHMCWRXF5,2025,1,2
N1DEEM8MYFB1,2018,1,1
N1DEEM8MYFB1,2023,1,1
N1KMQWBYADZ4,2025,1,1
N1KPNMTNJFP6,2016,2,1
N1NBJ43SQGX7,2016,3,2
N1NBJ43SQGX7,2019,1,1
N1NBJ43SQGX7,2020,1,2
N1NBJ43SQGX7,2021,2,3
N1NBJ43SQGX7,2022,1,2
N1NBJ43SQGX7,2024,1,1
N1SSK43FCY13,2016,1,1
N1SSK43FCY13,2022,1,1
N1UBCLRAPNG6,2016,13,8
N1UBCLRAPNG6,2017,14,10
N1UBCLRAPNG6,2018,14,10
N1UBCLRAPNG6,2019,6,6
N1UBCLRAPNG6,2020,16,9
N1UBCLRAPNG6,2021,19,11
N1UBCLRAPNG6,2022,16,4
N1UBCLRAPNG6,2023,14,5
N1UBCLRAPNG6,2024,6,3
N1UBCLRAPNG6,2025,10,5
N1ZHM72HE9Q7,2024,1,1
N288GHLRCLR4,2018,1,1
N29WVC3UJCB9,2017,1,2
N2UEX8KSZMD8,2018,1,2
N34CXJCDNDU1,2016,5,1
N34CXJCDNDU1,2017,3,2
N34CXJCDNDU1,2018,2,1
N34CXJCDNDU1,2019,5,2
N34CXJCDNDU1,2020,7,3
N34CXJCDNDU1,2021,3,2
N34CXJCDNDU1,2023,1,1
N34CXJCDNDU1,2024,1,1
N36JMJ1DKWH6,2023,2,2
N3C3P57GGKZ4,2025,6,1
N3GRDSPQYYM4,2025,1,1
N3KCXKLQNG35,2024,1,1
N3M7AL9JLJC5,2025,1,1
N3WDS9WM91M4,2017,4,2
N3WDS9WM91M4,2019,2,1
N43SNQ9L6293,2020,1,1
N465MQLKMR93,2021,1,1
N48NWM27W7R3,2017,1,1
N48NWM27W7R3,2018,2,1
N48NWM27W7R3,2021,1,1
N48NWM27W7R3,2022,2,2
N48NWM27W7R3,2023,2,1
N48NWM27W7R3,2024,6,2
N48NWM27W7R3,2025,4,2
N4A8X52DCND5,2017,2,3
N4A8X52DCND5,2019,2,1
N4A8X52DCND5,2021,1,2
N4E6BE7KDKM1,2019,1,1
N4E6BE7KDKM1,2020,1,1
N4E6BE7KDKM1,2021,3,1
N4E6BE7KDKM1,2022,1,1
N4E6BE7KDKM1,2023,2,1
N4E6BE7KDKM1,2025,1,1
N4KHG3RX3JX8,2017,2,1
N4KREMF5G8R8,2016,1,1
N4KREMF5G8R8,2017,1,1
N4KREMF5G8R8,2018,1,1
N4KREMF5G8R8,2022,1,1
N4RDVK4GLL14,2022,3,1
N4RDVK4GLL14,2023,1,1
N4RDVK4GLL14,2024,2,1
N4RDVK4GLL14,2025,2,2
N4WWJC8T2593,2016,336,126
N4WWJC8T2593,2017,325,141
N4WWJC8T2593,2018,361,156
N4WWJC8T2593,2019,336,167
N4WWJC8T2593,2020,384,197
N4WWJC8T2593,2021,361,185
N4WWJC8T2593,2022,345,187
N4WWJC8T2593,2023,357,204
N4WWJC8T2593,2024,334,208
N4WWJC8T2593,2025,299,199
N4XYELPNM224,2022,2,1
N4XYELPNM224,2023,1,1
N4XYELPNM224,2024,2,1
N4XYELPNM224,2025,7,2
N4YRKK6HE2E7,2020,1,1
N4YRKK6HE2E7,2021,1,1
N4YRKK6HE2E7,2022,1,1
N4YRKK6HE2E7,2023,1,1
N4YRKK6HE2E7,2024,1,1
N52NHWMBZNG5,2016,57,8
N52NHWMBZNG5,2017,37,9
N52NHWMBZNG5,2018,60,15
N52NHWMBZNG5,2019,64,16
N52NHWMBZNG5,2020,84,21
N52NHWMBZNG5,2021,87,22
N52NHWMBZNG5,2022,89,23
N52NHWMBZNG5,2023,79,28
N52NHWMBZNG5,2024,76,29
N52NHWMBZNG5,2025,84,28
N58JMBDDUGU7,2020,3,2
N58JMBDDUGU7,2021,3,2
N58JMBDDUGU7,2022,3,1
N58JMBDDUGU7,2023,1,1
N58JMBDDUGU7,2024,6,4
N58JMBDDUGU7,2025,2,1
N5DTXVC1ZXA6,2018,1,1
N5DTXVC1ZXA6,2020,1,1
N5DTXVC1ZXA6,2023,1,2
N5DTXVC1ZXA6,2025,1,1
N5FFBMLQHAJ9,2022,2,3
N5FFBMLQHAJ9,2023,3,3
N5FFBMLQHAJ9,2025,1,1
N5JWK9GEHL57,2018,1,1
N5JWK9GEHL57,2022,1,1
N5NDNJL8QGA1,2018,1,1
N5NDNJL8QGA1,2019,1,1
N5NDNJL8QGA1,2023,3,1
N5NDNJL8QGA1,2024,1,1
N5NDNJL8QGA1,2025,3,2
N5NUJNBQHMH6,2016,2,2
N5NUJNBQHMH6,2017,2,1
N5NUJNBQHMH6,2018,3,2
N5NUJNBQHMH6,2019,1,1
N5NUJNBQHMH6,2020,1,1
N5NUJNBQHMH6,2021,2,2
N5NUJNBQHMH6,2023,3,2
N5NUJNBQHMH6,2024,3,3
N5NUJNBQHMH6,2025,2,2
N5U6ME1WFW44,2025,4,1
N5VPLKKBD6K8,2025,1,1
N5XMYSLHQAP7,2023,1,1
N63TY1VYE2Q4,2024,1,1
N63ZMY7UETA3,2016,15,3
N63ZMY7UETA3,2017,12,3
N63ZMY7UETA3,2018,17,5
N63ZMY7UETA3,2019,6,3
N63ZMY7UETA3,2020,12,4
N63ZMY7UETA3,2021,4,3
N63ZMY7UETA3,2022,7,4
N63ZMY7UETA3,2023,4,4
N63ZMY7UETA3,2024,8,4
N63ZMY7UETA3,2025,4,4
N65ZDYUGWAH8,2018,1,1
N65ZDYUGWAH8,2020,1,1
N65ZDYUGWAH8,2023,1,2
N67GERM42483,2016,10,1
N67GERM42483,2017,9,1
N67GERM42483,2018,10,1
N67GERM42483,2019,4,1
N67GERM42483,2020,4,1
N67GERM42483,2021,11,1
N67GERM42483,2022,4,1
N67GERM42483,2023,2,1
N67GERM42483,2024,1,1
N67GERM42483,2025,2,1
N6CVCHBTWT86,2018,1,1
N6CVCHBTWT86,2019,1,1
N6CVCHBTWT86,2022,1,1
N6CVCHBTWT86,2023,2,2
N6K7XKLGRJ61,2018,4,2
N6K7XKLGRJ61,2020,1,1
N6K7XKLGRJ61,2021,3,4
N6K7XKLGRJ61,2023,3,3
N6K7XKLGRJ61,2025,1,1
N6KFLUNW87W5,2020,3,1
N7HMH98T2J28,2017,1,1
N7HMH98T2J28,2020,1,1
N7LEL48NL6X8,2016,1,1
N7LEL48NL6X8,2018,3,1
N7LEL48NL6X8,2019,1,1
N7LEL48NL6X8,2020,1,1
N7LEL48NL6X8,2021,4,1
N7LEL48NL6X8,2023,3,2
N7LEL48NL6X8,2024,1,1
N7NRRBNKM5P3,2021,1,1
N7NRRBNKM5P3,2022,1,1
N7NRRBNKM5P3,2023,2,1
N876TLXYGCG4,2016,201,62
N876TLXYGCG4,2017,169,74
N876TLXYGCG4,2018,181,84
N876TLXYGCG4,2019,185,93
N876TLXYGCG4,2020,247,101
N876TLXYGCG4,2021,285,96
N876TLXYGCG4,2022,331,110
N876TLXYGCG4,2023,280,99
N876TLXYGCG4,2024,243,108
N876TLXYGCG4,2025,228,104
N8ADGJWND191,2016,1,1
N8ADGJWND191,2017,1,1
N8ADGJWND191,2018,2,1
N8BNGXXEBP75,2022,1,1
N8BNGXXEBP75,2024,1,1
N8BNGXXEBP75,2025,2,2
N8J7GS1DB3A6,2016,2,2
N8J7GS1DB3A6,2017,1,1
N8J7GS1DB3A6,2018,1,1
N8J7GS1DB3A6,2020,2,1
N8J7GS1DB3A6,2022,1,1
N9CGVFYJM1B5,2018,1,1
N9DGN6JJG5V5,2016,1,1
N9DGN6JJG5V5,2021,1,3
N9DGN6JJG5V5,2023,2,3
N9DGN6JJG5V5,2024,1,3
N9DGN6JJG5V5,2025,1,2
N9DMJN2HE1F3,2022,1,1
N9DMJN2HE1F3,2025,1,1
N9GLBGC6U6M1,2023,1,1
N9GLBGC6U6M1,2024,1,1
N9RQX3G4EH54,2016,2,2
N9RQX3G4EH54,2017,1,2
N9RQX3G4EH54,2021,1,1
NA7AKMLK2BM1,2016,151,50
NA7AKMLK2BM1,2017,128,46
NA7AKMLK2BM1,2018,161,55
NA7AKMLK2BM1,2019,156,60
NA7AKMLK2BM1,2020,147,61
NA7AKMLK2BM1,2021,119,62
NA7AKMLK2BM1,2022,152,69
NA7AKMLK2BM1,2023,161,79
NA7AKMLK2BM1,2024,154,75
NA7AKMLK2BM1,2025,166,73
NAS6FQFCRFK1,2020,3,1
NAS6FQFCRFK1,2021,1,1
NAS6FQFCRFK1,2022,1,1
NAYCKSJB7F68,2016,12,3
NAYCKSJB7F68,2017,16,4
NAYCKSJB7F68,2018,11,4
NAYCKSJB7F68,2019,11,4
NAYCKSJB7F68,2020,8,3
NAYCKSJB7F68,2021,8,4
NAYCKSJB7F68,2022,7,5
NAYCKSJB7F68,2023,6,5
NAYCKSJB7F68,2024,3,3
NAYCKSJB7F68,2025,6,5
NB68LPD5MSC5,2024,1,1
NB68LPD5MSC5,2025,3,1
NB96G3N8CLP4,2021,1,1
NB96G3N8CLP4,2022,1,1
NBHGLFBRHLG7,2025,1,1
NBKDPRMF8Y27,2020,1,1
NBL9ZBTWHV15,2016,1,1
NBL9ZBTWHV15,2017,1,1
NBLGCCAQXG85,2022,1,1
NBMKDLVHBMF1,2025,1,1
NBN9JYZKJ4K7,2016,2,1
NBN9JYZKJ4K7,2018,1,1
NBN9JYZKJ4K7,2019,1,1
NBN9JYZKJ4K7,2020,1,1
NBQCBJ6FXBU4,2016,5,3
NBQCBJ6FXBU4,2017,6,2
NBQCBJ6FXBU4,2018,9,3
NBQCBJ6FXBU4,2019,6,3
NBQCBJ6FXBU4,2020,11,4
NBQCBJ6FXBU4,2021,5,2
NBQCBJ6FXBU4,2022,8,4
NBQCBJ6FXBU4,2023,10,6
NBQCBJ6FXBU4,2024,3,1
NBQCBJ6FXBU4,2025,3,2
NC6SQZ2VQ9T8,2020,1,1
NC6SQZ2VQ9T8,2022,2,1
NC7CCN6F16G1,2019,2,1
NC7CCN6F16G1,2022,2,2
NC7CCN6F16G1,2024,1,1
NCN6HK3N2SG3,2022,1,1
NCN6HK3N2SG3,2025,1,1
NCSMA19DF7E6,2016,385,122
NCSMA19DF7E6,2017,399,149
NCSMA19DF7E6,2018,404,171
NCSMA19DF7E6,2019,344,173
NCSMA19DF7E6,2020,403,186
NCSMA19DF7E6,2021,450,210
NCSMA19DF7E6,2022,504,238
NCSMA19DF7E6,2023,451,230
NCSMA19DF7E6,2024,531,239
NCSMA19DF7E6,2025,505,251
NCX4S2YKK6A8,2020,1,1
NCX4S2YKK6A8,2021,2,1
NCX4S2YKK6A8,2022,2,1
NCX4S2YKK6A8,2023,1,1
NCX4S2YKK6A8,2024,1,1
ND2FX8DQ2K33,2018,1,1
ND2FX8DQ2K33,2020,2,1
ND2FX8DQ2K33,2021,2,1
ND2FX8DQ2K33,2025,1,1
ND7KHPQ14F76,2017,1,1
ND7KHPQ14F76,2020,2,1
ND7KHPQ14F76,2021,1,1
NDAYRDKCMBJ7,2018,1,2
NDAYRDKCMBJ7,2020,1,2
NDAYRDKCMBJ7,2021,1,1
NDB5ZF1J1XY3,2018,2,2
NDB5ZF1J1XY3,2021,1,1
NDBPNNSM6MJ8,2016,1,1
NDBPNNSM6MJ8,2017,1,1
NDBPNNSM6MJ8,2018,5,1
NDBPNNSM6MJ8,2019,2,2
NDBPNNSM6MJ8,2021,3,1
NDBPNNSM6MJ8,2022,2,1
NDBPNNSM6MJ8,2023,1,1
NDBPNNSM6MJ8,2024,4,1
NDBPNNSM6MJ8,2025,1,1
NDKHVACPA8A6,2017,2,1
NDKHVACPA8A6,2019,3,4
NDKHVACPA8A6,2020,2,2
NDKHVACPA8A6,2021,4,3
NDKHVACPA8A6,2022,6,4
NDKHVACPA8A6,2023,9,6
NDKHVACPA8A6,2024,7,2
NDKHVACPA8A6,2025,5,3
NDRUK29W8LJ1,2020,1,1
NDRUK29W8LJ1,2021,1,1
NDRUK29W8LJ1,2023,1,1
NDRUK29W8LJ1,2024,1,1
NDWSAHDCNFJ8,2019,1,1
NE1LFLNBCUG7,2021,1,1
NE1LFLNBCUG7,2024,1,1
NEHDGYYET4V5,2016,1,1
NEHDGYYET4V5,2018,3,1
NEHDGYYET4V5,2019,3,1
NEHDGYYET4V5,2020,1,1
NEHDGYYET4V5,2023,2,2
NEHDGYYET4V5,2024,1,1
NEHDGYYET4V5,2025,1,1
NEJREN5KEXT4,2020,1,1
NEL5ZE8ESQ55,2024,1,3
NEWJWX2BLE73,2023,1,1
NEWJWX2BLE73,2025,2,2
NFCEYBJ9WXK1,2017,1,1
NFCEYBJ9WXK1,2018,1,1
NFCEYBJ9WXK1,2022,2,1
NFE9VKF3CLH5,2016,2,1
NFE9VKF3CLH5,2018,3,3
NFE9VKF3CLH5,2019,2,2
NFE9VKF3CLH5,2020,2,1
NFE9VKF3CLH5,2021,1,1
NFFLPSHMNJN4,2016,13,5
NFFLPSHMNJN4,2017,11,8
NFFLPSHMNJN4,2018,17,13
NFFLPSHMNJN4,2019,30,17
NFFLPSHMNJN4,2020,30,13
NFFLPSHMNJN4,2021,26,11
NFFLPSHMNJN4,2022,77,11
NFFLPSHMNJN4,2023,70,15
NFFLPSHMNJN4,2024,60,13
NFFLPSHMNJN4,2025,101,13
NFHEUCKBFMU4,2016,10,5
NFHEUCKBFMU4,2017,11,6
NFHEUCKBFMU4,2018,21,8
NFHEUCKBFMU4,2019,15,5
NFHEUCKBFMU4,2020,20,7
NFHEUCKBFMU4,2021,45,14
NFHEUCKBFMU4,2022,31,18
NFHEUCKBFMU4,2023,85,29
NFHEUCKBFMU4,2024,98,35
NFHEUCKBFMU4,2025,120,42
NFPTYA1R6KY1,2019,1,2
NFTCN18E9BM5,2020,1,1
NFTCN18E9BM5,2021,1,1
NFTCN18E9BM5,2023,1,1
NG8VBJR2LKK3,2025,1,1
NGBCGUMBKTB7,2023,1,1
NGCNCJ1X6XA4,2016,94,39
NGCNCJ1X6XA4,2017,142,49
NGCNCJ1X6XA4,2018,114,51
NGCNCJ1X6XA4,2019,109,57
NGCNCJ1X6XA4,2020,116,60
NGCNCJ1X6XA4,2021,108,62
NGCNCJ1X6XA4,2022,119,71
NGCNCJ1X6XA4,2023,110,66
NGCNCJ1X6XA4,2024,117,66
NGCNCJ1X6XA4,2025,121,69
NGK8GHNABTB8,2016,4,2
NGK8GHNABTB8,2017,1,1
NGK8GHNABTB8,2018,8,4
NGK8GHNABTB8,2019,4,3
NGK8GHNABTB8,2020,9,5
NGK8GHNABTB8,2021,6,6
NGK8GHNABTB8,2022,3,3
NGK8GHNABTB8,2023,5,2
NGK8GHNABTB8,2024,6,4
NGK8GHNABTB8,2025,4,5
NGM2X9P8A9J3,2025,1,1
NGMSDLWGLUR8,2021,1,1
NGR9J47NNNB1,2020,2,1
NGR9J47NNNB1,2023,3,1
NGR9J47NNNB1,2024,3,2
NGR9J47NNNB1,2025,2,1
NGYSJ2L1LZX3,2016,28,17
NGYSJ2L1LZX3,2017,14,10
NGYSJ2L1LZX3,2018,27,16
NGYSJ2L1LZX3,2019,18,15
NGYSJ2L1LZX3,2020,13,9
NGYSJ2L1LZX3,2021,23,16
NGYSJ2L1LZX3,2022,21,20
NGYSJ2L1LZX3,2023,23,20
NGYSJ2L1LZX3,2024,28,18
NGYSJ2L1LZX3,2025,19,14
NH64NT271S93,2016,46,19
NH64NT271S93,2017,49,19
NH64NT271S93,2018,45,25
NH64NT271S93,2019,36,19
NH64NT271S93,2020,21,17
NH64NT271S93,2021,45,28
NH64NT271S93,2022,65,26
NH64NT271S93,2023,73,25
NH64NT271S93,2024,83,31
NH64NT271S93,2025,39,26
NH77YPDEGG84,2016,4,2
NH77YPDEGG84,2017,12,4
NH77YPDEGG84,2018,8,4
NH77YPDEGG84,2019,12,5
NH77YPDEGG84,2020,16,5
NH77YPDEGG84,2021,19,7
NH77YPDEGG84,2022,31,9
NH77YPDEGG84,2023,67,12
NH77YPDEGG84,2024,74,23
NH77YPDEGG84,2025,101,29
NHBMUW819YE7,2024,2,2
NHBMUW819YE7,2025,1,1
NHH3T1Z96H29,2016,48,22
NHH3T1Z96H29,2017,72,28
NHH3T1Z96H29,2018,69,37
NHH3T1Z96H29,2019,62,35
NHH3T1Z96H29,2020,92,54
NHH3T1Z96H29,2021,59,40
NHH3T1Z96H29,2022,79,44
NHH3T1Z96H29,2023,55,47
NHH3T1Z96H29,2024,68,48
NHH3T1Z96H29,2025,77,46
NHP2MT9U2B59,2016,1,1
NHV3GTWSALA7,2016,644,259
NHV3GTWSALA7,2017,725,289
NHV3GTWSALA7,2018,674,322
NHV3GTWSALA7,2019,701,356
NHV3GTWSALA7,2020,842,377
NHV3GTWSALA7,2021,926,379
NHV3GTWSALA7,2022,890,385
NHV3GTWSALA7,2023,909,384
NHV3GTWSALA7,2024,888,394
NHV3GTWSALA7,2025,871,372
NHVFDDY5GXH6,2020,1,1
NJ14V2NZYM68,2016,136,31
NJ14V2NZYM68,2017,148,30
NJ14V2NZYM68,2018,175,36
NJ14V2NZYM68,2019,173,37
NJ14V2NZYM68,2020,198,42
NJ14V2NZYM68,2021,184,39
NJ14V2NZYM68,2022,149,40
NJ14V2NZYM68,2023,156,38
NJ14V2NZYM68,2024,157,35
NJ14V2NZYM68,2025,136,43
NJ1YPQXQG7U5,2016,422,120
NJ1YPQXQG7U5,2017,420,149
NJ1YPQXQG7U5,2018,371,152
NJ1YPQXQG7U5,2019,316,144
NJ1YPQXQG7U5,2020,345,160
NJ1YPQXQG7U5,2021,348,167
NJ1YPQXQG7U5,2022,353,167
NJ1YPQXQG7U5,2023,372,156
NJ1YPQXQG7U5,2024,400,178
NJ1YPQXQG7U5,2025,425,192
NJ24BM8CYWZ3,2016,1,1
NJ24BM8CYWZ3,2017,2,1
NJ24BM8CYWZ3,2018,3,3
NJ24BM8CYWZ3,2019,2,3
NJ24BM8CYWZ3,2020,3,3
NJ24BM8CYWZ3,2021,5,2
NJ24BM8CYWZ3,2022,6,4
NJ24BM8CYWZ3,2024,4,1
NJ24BM8CYWZ3,2025,2,1
NJ3CNK23MP29,2020,2,1
NJ3KC28W8NQ7,2020,1,1
NJ3KC28W8NQ7,2024,1,1
NJACQGZQD4Y7,2023,2,2
NJACQGZQD4Y7,2024,1,1
NJACQGZQD4Y7,2025,2,2
NJC6SRVWF8M4,2021,2,2
NJC6SRVWF8M4,2022,1,2
NJG4X7NZ4BM1,2018,1,1
NJH3YBU1VHB7,2016,126,16
NJH3YBU1VHB7,2017,128,24
NJH3YBU1VHB7,2018,151,21
NJH3YBU1VHB7,2019,135,21
NJH3YBU1VHB7,2020,174,28
NJH3YBU1VHB7,2021,162,22
NJH3YBU1VHB7,2022,141,23
NJH3YBU1VHB7,2023,205,22
NJH3YBU1VHB7,2024,155,20
NJH3YBU1VHB7,2025,151,20
NJKHH48EZVF3,2024,1,1
NJKHH48EZVF3,2025,1,1
NJKVEEN3DE67,2018,1,1
NJKVEEN3DE67,2021,1,1
NJKVEEN3DE67,2022,1,1
NJM4F3D4PR44,2022,1,1
NJWZGP5ECCA9,2019,1,1
NJWZGP5ECCA9,2020,1,1
NJWZGP5ECCA9,2021,1,1
NJWZGP5ECCA9,2022,3,2
NJWZGP5ECCA9,2023,1,1
NJWZGP5ECCA9,2024,1,1
NJZEFMRACCH9,2016,332,49
NJZEFMRACCH9,2017,336,55
NJZEFMRACCH9,2018,362,57
NJZEFMRACCH9,2019,336,54
NJZEFMRACCH9,2020,448,72
NJZEFMRACCH9,2021,435,53
NJZEFMRACCH9,2022,426,62
NJZEFMRACCH9,2023,502,49
NJZEFMRACCH9,2024,542,48
NJZEFMRACCH9,2025,550,44
NK7AM6NNHQD1,2020,1,1
NK9NKGBFTCF3,2019,1,1
NK9NKGBFTCF3,2020,2,1
NK9NKGBFTCF3,2021,2,1
NK9NKGBFTCF3,2022,1,2
NK9NKGBFTCF3,2025,2,2
NKAZLXLL7Z91,2016,285,117
NKAZLXLL7Z91,2017,259,117
NKAZLXLL7Z91,2018,342,154
NKAZLXLL7Z91,2019,354,154
NKAZLXLL7Z91,2020,386,181
NKAZLXLL7Z91,2021,356,195
NKAZLXLL7Z91,2022,411,210
NKAZLXLL7Z91,2023,366,206
NKAZLXLL7Z91,2024,357,213
NKAZLXLL7Z91,2025,346,198
NKF7JMWKLA31,2017,2,1
NKGSYBV5UGN1,2019,1,1
NKJKUHHQ2D33,2017,1,1
NKJKUHHQ2D33,2022,1,1
NKL8LDVEM4J3,2024,1,1
NKQEXYH3CN88,2016,3,1
NKQEXYH3CN88,2017,2,1
NKQEXYH3CN88,2018,1,1
NKQEXYH3CN88,2019,1,1
NKQEXYH3CN88,2020,2,1
NKQEXYH3CN88,2021,1,1
NKQEXYH3CN88,2023,1,1
NKSRDDRQK175,2023,1,1
NKSRDDRQK175,2025,1,1
NKVZTLYHXJJ7,2016,23,9
NKVZTLYHXJJ7,2017,27,10
NKVZTLYHXJJ7,2018,21,12
NKVZTLYHXJJ7,2019,19,12
NKVZTLYHXJJ7,2020,14,12
NKVZTLYHXJJ7,2021,20,13
NKVZTLYHXJJ7,2022,19,9
NKVZTLYHXJJ7,2023,19,8
NKVZTLYHXJJ7,2024,17,7
NKVZTLYHXJJ7,2025,8,6
NL12MYXYBMA1,2016,1,1
NL12MYXYBMA1,2017,1,1
NL12MYXYBMA1,2018,1,1
NL12MYXYBMA1,2019,1,1
NL12MYXYBMA1,2020,1,1
NL12MYXYBMA1,2021,5,1
NL12MYXYBMA1,2022,3,1
NL12MYXYBMA1,2023,3,1
NL12MYXYBMA1,2024,3,1
NLAVQM513F18,2019,1,1
NLAVQM513F18,2020,1,1
NLAVQM513F18,2021,1,1
NLAVQM513F18,2022,1,2
NLCUGE1K1C95,2017,1,1
NLCUGE1K1C95,2019,2,1
NLCUGE1K1C95,2021,2,2
NLCUGE1K1C95,2023,2,1
NLDHG92SMX37,2020,2,1
NLDHG92SMX37,2021,5,2
NLDHG92SMX37,2022,6,1
NLDHG92SMX37,2023,1,1
NLDHG92SMX37,2024,2,1
NLG5Q8FA5TE8,2016,32,2
NLG5Q8FA5TE8,2017,36,2
NLG5Q8FA5TE8,2018,26,2
NLG5Q8FA5TE8,2019,31,2
NLG5Q8FA5TE8,2020,22,2
NLG5Q8FA5TE8,2021,23,2
NLG5Q8FA5TE8,2022,16,2
NLG5Q8FA5TE8,2023,33,1
NLG5Q8FA5TE8,2024,21,2
NLG5Q8FA5TE8,2025,16,1
NLKUAGH39J64,2021,1,1
NLKUAGH39J64,2022,3,1
NLKUAGH39J64,2025,1,1
NLPKNNMDE9D4,2016,1,1
NLRPH2MGNFB6,2018,1,1
NLRPH2MGNFB6,2020,1,1
NLRPH2MGNFB6,2022,1,2
NLRPH2MGNFB6,2023,1,1
NLRPH2MGNFB6,2024,2,2
NLRPH2MGNFB6,2025,1,1
NLSMGTKWQR16,2023,1,1
NLVUDPTD9NH3,2021,2,1
NLVUDPTD9NH3,2025,1,1
NM86QKKPZ3V8,2022,1,1
NMJHD63STRC5,2016,391,124
NMJHD63STRC5,2017,400,145
NMJHD63STRC5,2018,429,171
NMJHD63STRC5,2019,390,188
NMJHD63STRC5,2020,414,212
NMJHD63STRC5,2021,453,229
NMJHD63STRC5,2022,418,213
NMJHD63STRC5,2023,454,243
NMJHD63STRC5,2024,471,259
NMJHD63STRC5,2025,519,258
NML9QD5ZL2F6,2017,1,1
NML9QD5ZL2F6,2018,1,1
NML9QD5ZL2F6,2020,1,1
NML9QD5ZL2F6,2022,2,2
NML9QD5ZL2F6,2024,3,2
NML9QD5ZL2F6,2025,1,1
NMLBAH2P3BN1,2019,1,1
NMLBAH2P3BN1,2021,1,1
NMLBAH2P3BN1,2022,3,1
NMLBAH2P3BN1,2025,2,1
NMMKG6CCEMW4,2016,4,2
NMMKG6CCEMW4,2017,3,2
NMMKG6CCEMW4,2018,4,3
NMMKG6CCEMW4,2019,8,4
NMMKG6CCEMW4,2020,10,6
NMMKG6CCEMW4,2021,15,3
NMMKG6CCEMW4,2022,6,6
NMMKG6CCEMW4,2023,11,11
NMMKG6CCEMW4,2024,7,8
NMMKG6CCEMW4,2025,13,7
NMMMHXNPL8U5,2018,2,1
NMMMHXNPL8U5,2019,2,1
NMMMHXNPL8U5,2020,2,3
NMMMHXNPL8U5,2022,1,2
NMMMHXNPL8U5,2024,1,1
NMMMHXNPL8U5,2025,2,1
NMX2K239PXD8,2019,1,1
NMX2K239PXD8,2020,1,1
NN2GBJSB6X66,2016,16,1
NN2GBJSB6X66,2017,9,1
NN2GBJSB6X66,2018,12,1
NN2GBJSB6X66,2019,11,1
NN2GBJSB6X66,2020,6,1
NN2GBJSB6X66,2021,11,1
NN2GBJSB6X66,2022,15,1
NN2GBJSB6X66,2023,25,1
NN2GBJSB6X66,2024,27,1
NN2GBJSB6X66,2025,22,1
NN7GWLY4L167,2016,1,1
NNEJMJ7KDAF1,2016,1,3
NNEJMJ7KDAF1,2017,2,4
NNEJMJ7KDAF1,2019,1,2
NNEJMJ7KDAF1,2020,2,2
NNEJMJ7KDAF1,2021,5,6
NNEJMJ7KDAF1,2022,4,5
NNEJMJ7KDAF1,2023,5,4
NNFQH1JAPEP3,2016,1214,354
NNFQH1JAPEP3,2017,1270,422
NNFQH1JAPEP3,2018,1337,494
NNFQH1JAPEP3,2019,1299,544
NNFQH1JAPEP3,2020,1560,636
NNFQH1JAPEP3,2021,1558,683
NNFQH1JAPEP3,2022,1629,707
NNFQH1JAPEP3,2023,1809,779
NNFQH1JAPEP3,2024,1765,738
NNFQH1JAPEP3,2025,1878,806
NNGGL4HBEAW1,2022,2,1
NNGSPLRM7DL6,2018,1,1
NNGSPLRM7DL6,2019,1,1
NNGUW8XDL245,2016,4,1
NNGUW8XDL245,2017,4,1
NNGUW8XDL245,2018,1,1
NNGUW8XDL245,2020,1,1
NNJ5XHMGNKS8,2023,1,1
NNJ6BMBTFGN5,2016,151,58
NNJ6BMBTFGN5,2017,142,73
NNJ6BMBTFGN5,2018,133,94
NNJ6BMBTFGN5,2019,134,86
NNJ6BMBTFGN5,2020,154,84
NNJ6BMBTFGN5,2021,153,118
NNJ6BMBTFGN5,2022,160,100
NNJ6BMBTFGN5,2023,168,108
NNJ6BMBTFGN5,2024,174,117
NNJ6BMBTFGN5,2025,199,119
NNLQK7LNGL93,2016,5,2
NNLQK7LNGL93,2017,2,2
NNLQK7LNGL93,2018,3,3
NNLQK7LNGL93,2019,1,1
NNLQK7LNGL93,2020,1,1
NNLQK7LNGL93,2021,3,2
NNLQK7LNGL93,2023,1,1
NNNQSVLWLSA5,2019,1,1
NNNQSVLWLSA5,2020,2,1
NNNQSVLWLSA5,2021,3,3
NNNQSVLWLSA5,2022,1,1
NNNQSVLWLSA5,2023,1,1
NNNQSVLWLSA5,2024,1,1
NNNQSVLWLSA5,2025,1,2
NNYDFK5FTSX9,2016,32,11
NNYDFK5FTSX9,2017,50,17
NNYDFK5FTSX9,2018,42,20
NNYDFK5FTSX9,2019,36,20
NNYDFK5FTSX9,2020,43,16
NNYDFK5FTSX9,2021,58,28
NNYDFK5FTSX9,2022,63,40
NNYDFK5FTSX9,2023,67,38
NNYDFK5FTSX9,2024,71,41
NNYDFK5FTSX9,2025,85,38
NPAHDFK9M323,2016,1,1
NPAHDFK9M323,2017,1,1
NPAHDFK9M323,2021,1,1
NPAHDFK9M323,2022,1,1
NPAHDFK9M323,2023,1,1
NPBVNRC79FB4,2022,1,1
NPGNAQVJ3VZ7,2023,1,1
NPH1VN32EWN5,2016,295,109
NPH1VN32EWN5,2017,316,126
NPH1VN32EWN5,2018,349,147
NPH1VN32EWN5,2019,308,143
NPH1VN32EWN5,2020,391,162
NPH1VN32EWN5,2021,436,162
NPH1VN32EWN5,2022,411,188
NPH1VN32EWN5,2023,392,179
NPH1VN32EWN5,2024,325,190
NPH1VN32EWN5,2025,364,177
NPL7NZRDALB3,2019,1,1
NPL7NZRDALB3,2020,1,1
NPM2J7MSCF61,2016,506,159
NPM2J7MSCF61,2017,528,177
NPM2J7MSCF61,2018,537,205
NPM2J7MSCF61,2019,589,230
NPM2J7MSCF61,2020,563,236
NPM2J7MSCF61,2021,582,250
NPM2J7MSCF61,2022,650,275
NPM2J7MSCF61,2023,669,287
NPM2J7MSCF61,2024,646,280
NPM2J7MSCF61,2025,702,314
NPSNT86JKN51,2016,1097,368
NPSNT86JKN51,2017,1146,424
NPSNT86JKN51,2018,1241,477
NPSNT86JKN51,2019,1133,471
NPSNT86JKN51,2020,1393,566
NPSNT86JKN51,2021,1381,563
NPSNT86JKN51,2022,1422,576
NPSNT86JKN51,2023,1487,578
NPSNT86JKN51,2024,1604,605
NPSNT86JKN51,2025,1575,603
NPT2UNTNHJZ1,2016,42,21
NPT2UNTNHJZ1,2017,53,30
NPT2UNTNHJZ1,2018,43,28
NPT2UNTNHJZ1,2019,38,27
NPT2UNTNHJZ1,2020,53,30
NPT2UNTNHJZ1,2021,41,29
NPT2UNTNHJZ1,2022,43,28
NPT2UNTNHJZ1,2023,36,27
NPT2UNTNHJZ1,2024,46,25
NPT2UNTNHJZ1,2025,43,26
NPU8ULVAAS23,2016,356,130
NPU8ULVAAS23,2017,355,151
NPU8ULVAAS23,2018,445,168
NPU8ULVAAS23,2019,399,171
NPU8ULVAAS23,2020,415,172
NPU8ULVAAS23,2021,380,192
NPU8ULVAAS23,2022,388,192
NPU8ULVAAS23,2023,395,190
NPU8ULVAAS23,2024,389,218
NPU8ULVAAS23,2025,395,200
NPXGTX5G5C74,2020,2,1
NPXGTX5G5C74,2021,1,1
NPXGTX5G5C74,2022,2,2
NPXGTX5G5C74,2025,2,2
NQ89VJZ99MJ1,2018,1,1
NQ89VJZ99MJ1,2019,1,1
NQ89VJZ99MJ1,2020,3,1
NQ89VJZ99MJ1,2021,5,2
NQ89VJZ99MJ1,2022,9,4
NQ89VJZ99MJ1,2023,12,7
NQ89VJZ99MJ1,2024,13,6
NQ89VJZ99MJ1,2025,5,6
NQA4J3L3E1Z4,2016,1,1
NQA4J3L3E1Z4,2018,4,4
NQA4J3L3E1Z4,2019,2,2
NQA4J3L3E1Z4,2020,2,1
NQA4J3L3E1Z4,2022,1,1
NQA4J3L3E1Z4,2024,2,1
NQA4J3L3E1Z4,2025,1,1
NQF1RQMMQAN7,2018,1,1
NQF1RQMMQAN7,2019,2,1
NQF1RQMMQAN7,2020,3,1
NQF1RQMMQAN7,2021,2,2
NQF1RQMMQAN7,2022,7,3
NQF1RQMMQAN7,2023,4,2
NQF1RQMMQAN7,2024,2,3
NQF1RQMMQAN7,2025,1,1
NQHRNCAD21P3,2023,1,1
NQMVAAQUFU53,2016,45,16
NQMVAAQUFU53,2017,48,22
NQMVAAQUFU53,2018,57,30
NQMVAAQUFU53,2019,56,27
NQMVAAQUFU53,2020,60,32
NQMVAAQUFU53,2021,61,32
NQMVAAQUFU53,2022,62,40
NQMVAAQUFU53,2023,66,42
NQMVAAQUFU53,2024,66,40
NQMVAAQUFU53,2025,68,47
NRAET6J1MHF4,2016,1,2
NRAET6J1MHF4,2019,1,1
NRAET6J1MHF4,2020,1,1
NRAET6J1MHF4,2023,1,1
NRAET6J1MHF4,2024,2,1
NRD1CPE9RMC7,2022,1,1
NREVHDNB5LQ3,2016,1,2
NRFXPGZU88G2,2018,1,1
NRFXPGZU88G2,2021,1,1
NRFXPGZU88G2,2025,1,1
NRJ8QC6LM4T1,2016,56,3
NRJ8QC6LM4T1,2017,48,3
NRJ8QC6LM4T1,2018,55,3
NRJ8QC6LM4T1,2019,50,3
NRJ8QC6LM4T1,2020,46,3
NRJ8QC6LM4T1,2021,64,4
NRJ8QC6LM4T1,2022,83,9
NRJ8QC6LM4T1,2023,61,5
NRJ8QC6LM4T1,2024,55,7
NRJ8QC6LM4T1,2025,37,5
NRNHC5E3ZN35,2018,1,1
NRNHC5E3ZN35,2019,1,1
NRNHC5E3ZN35,2024,1,1
NRRXKXYA95G4,2017,2,1
NRRXKXYA95G4,2018,3,1
NRRXKXYA95G4,2019,4,2
NRRXKXYA95G4,2020,4,1
NRRXKXYA95G4,2021,1,1
NRRXKXYA95G4,2022,1,1
NRRXKXYA95G4,2023,2,2
NRRXKXYA95G4,2024,3,1
NRRXKXYA95G4,2025,2,1
NS86CTFW6J47,2020,1,1
NS86CTFW6J47,2024,1,1
NS86CTFW6J47,2025,1,1
NS86KWYJH4K3,2021,1,1
NS86KWYJH4K3,2023,1,1
NS86KWYJH4K3,2024,1,1
NSCKLFSSABF2,2016,354,56
NSCKLFSSABF2,2017,286,64
NSCKLFSSABF2,2018,303,75
NSCKLFSSABF2,2019,326,79
NSCKLFSSABF2,2020,383,88
NSCKLFSSABF2,2021,362,88
NSCKLFSSABF2,2022,389,99
NSCKLFSSABF2,2023,444,91
NSCKLFSSABF2,2024,477,95
NSCKLFSSABF2,2025,476,99
NSHPJSN74LP8,2018,1,1
NSHPJSN74LP8,2021,1,1
NSHPJSN74LP8,2024,1,1
NSUESF38DS83,2017,1,1
NSULT5XTTNJ5,2020,1,1
NSULT5XTTNJ5,2022,1,1
NSVYJ517CHC5,2025,1,1
NT2FMW4S5E68,2019,1,1
NT2FMW4S5E68,2020,1,1
NTF9Z3Y1SQQ1,2023,1,1
NTF9Z3Y1SQQ1,2024,2,1
NTJWKBC6YJA7,2022,2,1
NTJWKBC6YJA7,2023,2,1
NTJWKBC6YJA7,2025,1,1
NTLHJXM55KZ6,2016,358,101
NTLHJXM55KZ6,2017,361,129
NTLHJXM55KZ6,2018,364,134
NTLHJXM55KZ6,2019,351,139
NTLHJXM55KZ6,2020,442,185
NTLHJXM55KZ6,2021,462,194
NTLHJXM55KZ6,2022,498,182
NTLHJXM55KZ6,2023,580,207
NTLHJXM55KZ6,2024,520,182
NTLHJXM55KZ6,2025,583,198
NTXJM52SHKS7,2016,31,11
NTXJM52SHKS7,2017,26,12
NTXJM52SHKS7,2018,33,17
NTXJM52SHKS7,2019,29,13
NTXJM52SHKS7,2020,36,18
NTXJM52SHKS7,2021,34,18
NTXJM52SHKS7,2022,47,21
NTXJM52SHKS7,2023,33,17
NTXJM52SHKS7,2024,34,15
NTXJM52SHKS7,2025,41,19
NU5AC8EZNJZ9,2016,1,1
NU7HGRJAQXT5,2021,1,1
NU7HGRJAQXT5,2024,1,1
NU7HGRJAQXT5,2025,1,1
NUCSDM5D4L87,2020,2,1
NUCSDM5D4L87,2021,2,1
NUCSDM5D4L87,2022,1,1
NUCSDM5D4L87,2024,1,1
NUDMPL2L6M48,2017,1,1
NUE6Q16X2GL1,2016,1,1
NUE6Q16X2GL1,2017,1,1
NUE6Q16X2GL1,2018,1,1
NUE6Q16X2GL1,2025,2,1
NUNHAKQ7MS86,2019,1,1
NUNHAKQ7MS86,2020,2,7
NUNHAKQ7MS86,2021,6,11
NUNHAKQ7MS86,2022,2,2
NUNHAKQ7MS86,2023,4,3
NUNHAKQ7MS86,2024,6,3
NUNHAKQ7MS86,2025,6,4
NVGDWKLM5RR7,2017,1,1
NVGDWKLM5RR7,2020,1,1
NVGDWKLM5RR7,2022,1,1
NVGDWKLM5RR7,2024,1,1
NVN8EJEF2923,2016,1,1
NVN8EJEF2923,2017,1,1
NVSPCRHNAF11,2016,2,2
NVSPCRHNAF11,2017,1,1
NVSPCRHNAF11,2018,1,1
NVSPCRHNAF11,2019,2,2
NVSPCRHNAF11,2020,2,2
NVSPCRHNAF11,2021,1,1
NVSPCRHNAF11,2022,1,1
NVSPCRHNAF11,2023,1,1
NVTWAUS1JEH5,2019,1,1
NVUWAFWQ57S5,2016,22,2
NVUWAFWQ57S5,2017,21,3
NVUWAFWQ57S5,2018,33,2
NVUWAFWQ57S5,2019,25,6
NVUWAFWQ57S5,2020,7,2
NVUWAFWQ57S5,2021,11,5
NVUWAFWQ57S5,2022,10,4
NVUWAFWQ57S5,2023,18,5
NVUWAFWQ57S5,2024,13,4
NVUWAFWQ57S5,2025,42,5
NW85RB1JAJW4,2020,1,1
NW85RB1JAJW4,2023,1,1
NWG1GL4D9UH4,2023,1,1
NWG1GL4D9UH4,2025,1,1
NWHJJVLRVAZ8,2018,1,1
NWKFBAPJ1MG4,2017,1,2
NWLEP7EH4JN7,2017,2,1
NWMCAECH9RX7,2018,1,1
NWMCAECH9RX7,2019,1,1
NWMCAECH9RX7,2023,2,1
NWQ2AMLQTLN6,2016,3,3
NWQ2AMLQTLN6,2017,4,3
NWQ2AMLQTLN6,2018,2,2
NWQ2AMLQTLN6,2019,4,4
NWQ2AMLQTLN6,2020,5,5
NWQ2AMLQTLN6,2021,4,3
NWQ2AMLQTLN6,2022,7,5
NWQ2AMLQTLN6,2023,2,1
NWQ2AMLQTLN6,2024,4,3
NWQ2AMLQTLN6,2025,10,6
NWS8DRSJTCC1,2023,1,1
NWV8N28MQND5,2016,4,2
NWV8N28MQND5,2017,2,1
NWV8N28MQND5,2018,1,1
NWV8N28MQND5,2019,7,4
NWV8N28MQND5,2020,7,2
NWV8N28MQND5,2021,9,2
NWV8N28MQND5,2022,1,1
NWV8N28MQND5,2023,3,2
NWV8N28MQND5,2024,2,2
NWV8N28MQND5,2025,1,1
NWVPL2L4JMN8,2020,2,3
NWVPL2L4JMN8,2021,5,10
NWVPL2L4JMN8,2022,2,3
NWVPL2L4JMN8,2023,1,2
NWVPL2L4JMN8,2024,1,4
NWVPL2L4JMN8,2025,3,7
NWWEFYLD9JC3,2017,1,1
NWWEFYLD9JC3,2021,1,1
NX5KUBB88A21,2018,1,1
NX5KUBB88A21,2024,1,1
NX6XWKC8C4B5,2020,1,1
NX6XWKC8C4B5,2021,4,2
NX6XWKC8C4B5,2022,12,4
NX6XWKC8C4B5,2023,3,3
NX6XWKC8C4B5,2024,3,2
NX6XWKC8C4B5,2025,3,2
NX9PXMKW5KW8,2016,397,136
NX9PXMKW5KW8,2017,402,162
NX9PXMKW5KW8,2018,402,186
NX9PXMKW5KW8,2019,398,185
NX9PXMKW5KW8,2020,411,215
NX9PXMKW5KW8,2021,481,223
NX9PXMKW5KW8,2022,459,232
NX9PXMKW5KW8,2023,511,263
NX9PXMKW5KW8,2024,490,263
NX9PXMKW5KW8,2025,591,262
NYDSQ1UTKZV5,2018,1,1
NYDSQ1UTKZV5,2019,1,2
NYDSQ1UTKZV5,2020,1,1
NYDSQ1UTKZV5,2021,1,1
NYDSQ1UTKZV5,2022,2,1
NYDSQ1UTKZV5,2023,1,1
NYNDZ3F46K36,2020,2,2
NYNDZ3F46K36,2021,1,1
NYNDZ3F46K36,2022,2,1
NYNDZ3F46K36,2023,1,1
NYNDZ3F46K36,2024,3,3
NYNDZ3F46K36,2025,1,1
NYSXPWRZMHW1,2025,1,1
NYW9FB4Y9F65,2021,1,1
NYW9FB4Y9F65,2023,1,1
NZ5TJRKPNF77,2020,1,1
NZ8XY5DKRAD3,2016,1,1
NZ8XY5DKRAD3,2021,1,1
NZ8XY5DKRAD3,2023,1,1
NZ8XY5DKRAD3,2024,2,2
NZ8XY5DKRAD3,2025,4,3
NZGGGMKP6CW4,2016,2,1
NZGGGMKP6CW4,2017,1,1
NZSZBQ9B84T1,2018,1,4
NZSZBQ9B84T1,2020,2,7
NZSZBQ9B84T1,2021,2,3
NZSZBQ9B84T1,2023,1,1
NZSZBQ9B84T1,2024,1,1
NZVVQ8GNVX65,2016,74,14
NZVVQ8GNVX65,2017,79,19
NZVVQ8GNVX65,2018,124,23
NZVVQ8GNVX65,2019,119,23
NZVVQ8GNVX65,2020,103,24
NZVVQ8GNVX65,2021,120,25
NZVVQ8GNVX65,2022,105,29
NZVVQ8GNVX65,2023,114,32
NZVVQ8GNVX65,2024,113,34
NZVVQ8GNVX65,2025,138,34
NZW4KLUZ17G3,2016,1,1
P14BWS94LNM9,2020,3,2
P14BWS94LNM9,2021,1,2
P14BWS94LNM9,2022,1,1
P14BWS94LNM9,2023,5,3
P14BWS94LNM9,2025,2,1
P1DJM2A6U2M8,2023,1,1
P1JCCJZ44L76,2017,1,1
P1JCCJZ44L76,2018,2,1
P1JCCJZ44L76,2024,2,1
P1RTMASB37B5,2016,320,57
P1RTMASB37B5,2017,357,73
P1RTMASB37B5,2018,381,91
P1RTMASB37B5,2019,391,109
P1RTMASB37B5,2020,384,128
P1RTMASB37B5,2021,448,145
P1RTMASB37B5,2022,476,155
P1RTMASB37B5,2023,496,155
P1RTMASB37B5,2024,414,162
P1RTMASB37B5,2025,463,156
P23YK1EKPS51,2018,1,1
P23YK1EKPS51,2019,5,1
P23YK1EKPS51,2020,6,3
P23YK1EKPS51,2021,14,3
P23YK1EKPS51,2022,13,3
P23YK1EKPS51,2023,2,2
P23YK1EKPS51,2024,2,1
P23YK1EKPS51,2025,3,2
P2QENDSPKTW3,2024,1,1
P2QENDSPKTW3,2025,1,1
P2TDH1JCJD31,2016,20,13
P2TDH1JCJD31,2017,33,14
P2TDH1JCJD31,2018,23,15
P2TDH1JCJD31,2019,24,14
P2TDH1JCJD31,2020,31,14
P2TDH1JCJD31,2021,14,12
P2TDH1JCJD31,2022,25,13
P2TDH1JCJD31,2023,20,20
P2TDH1JCJD31,2024,16,13
P2TDH1JCJD31,2025,21,13
P33QWBNM9QJ3,2016,2,1
P33QWBNM9QJ3,2017,1,1
P33QWBNM9QJ3,2018,1,1
P3CACVT5FJG6,2022,1,1
P3KEEJG22T69,2016,1,1
P3N4G7B5SRA7,2016,1,1
P3N4G7B5SRA7,2022,1,1
P3XVL5UMFQD7,2025,3,1
P43HZLG7V377,2018,1,1
P43HZLG7V377,2019,2,1
P49KCJN7KC46,2020,1,1
P4NXVGAJNQK3,2016,3,2
P4NXVGAJNQK3,2017,1,1
P4NXVGAJNQK3,2018,2,2
P4NXVGAJNQK3,2019,2,2
P4NXVGAJNQK3,2020,2,2
P4NXVGAJNQK3,2021,1,1
P4NXVGAJNQK3,2022,1,1
P4NXVGAJNQK3,2023,1,1
P4NXVGAJNQK3,2025,2,1
P4VVPGLPJF47,2023,1,1
P4Z2YL7CD7W3,2020,1,1
P5J1GKFKE7J1,2021,1,1
P5J1GKFKE7J1,2022,2,1
P5J4JS26KM14,2022,1,1
P6QDBDAB9KS4,2021,1,1
P6QDBDAB9KS4,2023,1,1
P76GPS63MYU9,2017,4,1
P76GPS63MYU9,2018,1,1
P76GPS63MYU9,2019,4,1
P76GPS63MYU9,2022,1,1
P76GPS63MYU9,2023,1,1
P76GPS63MYU9,2024,1,1
P76GPS63MYU9,2025,1,1
P7B8CC4K2BF8,2024,1,1
P7W2EDN59RL9,2016,24,6
P7W2EDN59RL9,2017,8,4
P7W2EDN59RL9,2018,11,8
P7W2EDN59RL9,2019,12,4
P7W2EDN59RL9,2020,4,5
P7W2EDN59RL9,2021,5,4
P7W2EDN59RL9,2022,11,7
P7W2EDN59RL9,2023,5,4
P7W2EDN59RL9,2024,5,4
P7W2EDN59RL9,2025,3,4
P81SPPSS7NE3,2016,2,1
P81SPPSS7NE3,2017,1,1
P81SPPSS7NE3,2018,1,1
P81SPPSS7NE3,2019,1,1
P81SPPSS7NE3,2020,8,1
P81SPPSS7NE3,2021,7,3
P81SPPSS7NE3,2022,10,3
P81SPPSS7NE3,2023,10,3
P81SPPSS7NE3,2024,9,3
P81SPPSS7NE3,2025,12,3
P8JJC89CWNK5,2017,4,3
P8JJC89CWNK5,2018,1,1
P8JJC89CWNK5,2019,5,2
P8JJC89CWNK5,2020,3,2
P8JJC89CWNK5,2021,5,2
P8JJC89CWNK5,2022,2,1
P8JJC89CWNK5,2023,3,1
P8JJC89CWNK5,2024,1,1
P8JJC89CWNK5,2025,3,2
P8LGKUV1MMK5,2023,1,1
P92JT3VHJ3T3,2021,2,1
P935LHN98ZV9,2025,1,2
P9J5GS54HL25,2019,1,1
P9QAYA61DYA1,2025,1,1
PAJNWLGPK753,2023,2,2
PAMDY6DMVVE7,2016,2,1
PAMDY6DMVVE7,2019,3,2
PAMDY6DMVVE7,2021,1,1
PAMDY6DMVVE7,2023,2,3
PAMDY6DMVVE7,2024,4,4
PAMDY6DMVVE7,2025,2,2
PAXBKNK9HPB6,2024,2,1
PAXBKNK9HPB6,2025,5,1
PB11V1KH3KV4,2019,2,1
PB11V1KH3KV4,2021,1,1
PB11V1KH3KV4,2022,2,1
PB11V1KH3KV4,2023,1,1
PB11V1KH3KV4,2025,1,1
PB3AJE5ZEJ59,2016,4,3
PB3AJE5ZEJ59,2017,6,4
PB3AJE5ZEJ59,2018,11,6
PB3AJE5ZEJ59,2019,17,9
PB3AJE5ZEJ59,2020,10,8
PB3AJE5ZEJ59,2021,14,9
PB3AJE5ZEJ59,2022,23,14
PB3AJE5ZEJ59,2023,27,19
PB3AJE5ZEJ59,2024,23,12
PB3AJE5ZEJ59,2025,32,13
PBQ3ANGJVJ15,2020,1,1
PBQ3ANGJVJ15,2021,2,1
PBQ3ANGJVJ15,2023,1,2
PBQBKK5QY571,2017,1,1
PBQBKK5QY571,2020,2,2
PBQBKK5QY571,2021,2,2
PBQBKK5QY571,2022,1,2
PBQBKK5QY571,2023,1,2
PBQBKK5QY571,2024,2,3
PBQBKK5QY571,2025,1,1
PCKJJK81DEW8,2019,1,1
PCYJH71MLJY3,2018,1,1
PCYJH71MLJY3,2019,1,1
PCYJH71MLJY3,2020,1,1
PCYJH71MLJY3,2022,1,1
PCYJH71MLJY3,2023,1,1
PD3VNAABZJL7,2016,5,2
PD3VNAABZJL7,2018,1,1
PD3VNAABZJL7,2022,1,2
PD3VNAABZJL7,2023,1,2
PD97FDSY5TH6,2023,1,1
PD97FDSY5TH6,2024,2,1
PDMWJQKHBWG7,2018,2,2
PDMWJQKHBWG7,2019,1,1
PDMWJQKHBWG7,2020,2,2
PDMWJQKHBWG7,2021,2,1
PDMWJQKHBWG7,2022,5,1
PE6MEQZRFW63,2016,3,2
PE6MEQZRFW63,2018,1,1
PE6MEQZRFW63,2020,1,3
PE6MEQZRFW63,2022,1,1
PEN9KKAJN4R5,2025,1,1
PF53FKHZST32,2025,1,1
PFBDNBDS57H3,2016,60,12
PFBDNBDS57H3,2017,86,13
PFBDNBDS57H3,2018,73,13
PFBDNBDS57H3,2019,70,12
PFBDNBDS57H3,2020,112,18
PFBDNBDS57H3,2021,44,14
PFBDNBDS57H3,2022,31,14
PFBDNBDS57H3,2023,34,12
PFBDNBDS57H3,2024,21,13
PFBDNBDS57H3,2025,31,11
PFBMHRWCG2G1,2024,1,1
PFBMHRWCG2G1,2025,1,1
PFCXW2YKA2Q5,2022,1,1
PFCXW2YKA2Q5,2025,1,1
PFFKCTPB2NX2,2016,2,1
PFFKCTPB2NX2,2019,1,1
PFL4LL5QFKA5,2023,2,1
PFYTQA2WAZS7,2022,1,1
PG6TELM727A3,2021,1,1
PG99PDBW5TS7,2025,1,1
PGG8MDTEHCU4,2019,1,1
PGLAYC4UKDL7,2018,2,3
PGLAYC4UKDL7,2019,1,3
PGLAYC4UKDL7,2020,1,3
PGLAYC4UKDL7,2021,1,1
PGLAYC4UKDL7,2022,1,1
PGLAYC4UKDL7,2023,1,3
PGSGKXNUTBM8,2016,1,1
PGSGKXNUTBM8,2017,3,1
PGSGKXNUTBM8,2018,1,1
PGSGKXNUTBM8,2021,3,3
PGSGKXNUTBM8,2022,5,1
PGSGKXNUTBM8,2023,3,1
PGSGKXNUTBM8,2024,1,1
PGSGKXNUTBM8,2025,3,1
PH2KFR4TMT84,2021,1,1
PH7AYL5X5GM3,2022,1,1
PHHHAPHYAH23,2019,1,1
PHHHAPHYAH23,2021,1,1
PHMKYKKJLQS1,2016,232,93
PHMKYKKJLQS1,2017,218,105
PHMKYKKJLQS1,2018,208,109
PHMKYKKJLQS1,2019,195,107
PHMKYKKJLQS1,2020,196,107
PHMKYKKJLQS1,2021,160,104
PHMKYKKJLQS1,2022,154,94
PHMKYKKJLQS1,2023,173,93
PHMKYKKJLQS1,2024,151,100
PHMKYKKJLQS1,2025,195,115
PHZJFZ32NKH4,2016,647,238
PHZJFZ32NKH4,2017,581,269
PHZJFZ32NKH4,2018,579,291
PHZJFZ32NKH4,2019,555,307
PHZJFZ32NKH4,2020,604,282
PHZJFZ32NKH4,2021,651,291
PHZJFZ32NKH4,2022,478,262
PHZJFZ32NKH4,2023,600,252
PHZJFZ32NKH4,2024,584,252
PHZJFZ32NKH4,2025,643,270
PJ66MZ7MFZ16,2016,3,1
PJ66MZ7MFZ16,2017,1,2
PJ66MZ7MFZ16,2018,1,1
PJ66MZ7MFZ16,2019,2,1
PJ66MZ7MFZ16,2020,1,1
PJD2JB2E2L11,2020,1,1
PJPNK66DNNZ9,2018,3,1
PJPNK66DNNZ9,2019,8,1
PJPNK66DNNZ9,2020,3,2
PJPNK66DNNZ9,2021,3,1
PJPNK66DNNZ9,2022,4,1
PJUGJJT3FLM5,2019,1,2
PJUGJJT3FLM5,2020,2,3
PJUGJJT3FLM5,2022,1,2
PJUGJJT3FLM5,2023,1,1
PJV5A55KF6T5,2025,1,1
PK9FMGRDRVD5,2016,53,24
PK9FMGRDRVD5,2017,63,23
PK9FMGRDRVD5,2018,61,26
PK9FMGRDRVD5,2019,46,23
PK9FMGRDRVD5,2020,67,20
PK9FMGRDRVD5,2021,67,31
PK9FMGRDRVD5,2022,60,25
PK9FMGRDRVD5,2023,51,23
PK9FMGRDRVD5,2024,46,29
PK9FMGRDRVD5,2025,50,28
PKHANK22NCA7,2016,1,1
PKRCG5HHR2Y7,2025,1,1
PKRJJSZRJ6M3,2017,4,2
PKRJJSZRJ6M3,2018,1,2
PKRJJSZRJ6M3,2019,5,3
PKRJJSZRJ6M3,2020,1,1
PKRJJSZRJ6M3,2021,1,1
PKRJJSZRJ6M3,2022,1,2
PKRJJSZRJ6M3,2023,1,2
PKRJJSZRJ6M3,2024,2,4
PKRJJSZRJ6M3,2025,2,2
PKW8T8LGCNH4,2023,2,1
PKW8T8LGCNH4,2024,1,1
PKW8T8LGCNH4,2025,1,1
PL6WZ4RG1TJ5,2025,1,1
PLCMEHSALP93,2024,2,1
PLDFSKNXC883,2016,2,1
PLDFSKNXC883,2018,1,1
PLDUBC1NL856,2022,2,2
PLDUBC1NL856,2024,1,1
PLDUBC1NL856,2025,1,1
PLK5B6Y66JL3,2024,1,1
PLK5B6Y66JL3,2025,4,1
PLM8LWN7T2Y3,2018,1,1
PLM8LWN7T2Y3,2019,2,1
PLNCUDQ9Y8S5,2022,1,1
PLNCUDQ9Y8S5,2023,4,1
PLNCUDQ9Y8S5,2024,1,1
PLNCUDQ9Y8S5,2025,1,1
PLWFKMCMMY31,2020,2,2
PLWFKMCMMY31,2021,1,2
PLWFKMCMMY31,2022,1,2
PLWFKMCMMY31,2024,3,2
PLWFKMCMMY31,2025,1,1
PLYJMZNJWCN3,2020,1,1
PLZSN5VT51L1,2017,1,1
PM3SN3WEQW86,2019,1,1
PM3SN3WEQW86,2020,1,1
PM52LCJH72T9,2017,3,2
PM52LCJH72T9,2018,9,3
PM52LCJH72T9,2019,7,3
PM52LCJH72T9,2020,4,2
PM52LCJH72T9,2021,5,3
PM52LCJH72T9,2022,8,4
PM52LCJH72T9,2023,7,3
PM52LCJH72T9,2024,11,4
PM52LCJH72T9,2025,7,3
PM95YR1LJNE4,2025,1,1
PMCLLXJ8RME5,2020,1,1
PMDEB5ZPQQN3,2016,53,17
PMDEB5ZPQQN3,2017,38,13
PMDEB5ZPQQN3,2018,36,20
PMDEB5ZPQQN3,2019,36,20
PMDEB5ZPQQN3,2020,26,13
PMDEB5ZPQQN3,2021,30,13
PMDEB5ZPQQN3,2022,22,6
PMDEB5ZPQQN3,2023,12,7
PMDEB5ZPQQN3,2024,18,8
PMDEB5ZPQQN3,2025,14,6
PMKBHFLNQT31,2016,9,2
PMKBHFLNQT31,2017,6,3
PMKBHFLNQT31,2018,5,1
PMMKPCKNN9R2,2016,1,1
PMMKPCKNN9R2,2017,1,1
PMMKPCKNN9R2,2018,7,2
PMMKPCKNN9R2,2019,3,2
PMMKPCKNN9R2,2020,6,4
PMMKPCKNN9R2,2021,1,1
PMMKPCKNN9R2,2022,2,3
PMMKPCKNN9R2,2024,3,5
PMMKPCKNN9R2,2025,8,3
PMVAL8J63516,2023,1,1
PNYMML4Q4JY8,2021,1,1
PP5RSVPSBJD5,2020,1,1
PP5RSVPSBJD5,2021,1,1
PP5RSVPSBJD5,2023,1,1
PP5RSVPSBJD5,2024,1,1
PPEUGDNAJXA7,2022,2,1
PPEUGDNAJXA7,2025,1,1
PPN8V9287Z42,2017,1,1
PPN8V9287Z42,2020,1,1
PPN8V9287Z42,2024,1,1
PQBXJPX7LQR1,2024,1,2
PQBXJPX7LQR1,2025,1,2
PQGQU8NUZ3T3,2019,1,1
PQKKMHXUQLY9,2024,1,1
PQNECNVNSFZ9,2020,1,1
PQNECNVNSFZ9,2022,1,1
PQNECNVNSFZ9,2023,1,1
PQNECNVNSFZ9,2024,2,1
PS3CFGCMKGU1,2018,1,1
PS3CFGCMKGU1,2021,1,1
PS8MMJ2PDVJ7,2021,1,1
PS8MMJ2PDVJ7,2022,2,1
PS8MMJ2PDVJ7,2024,1,1
PS92FW9E6MR8,2016,1,1
PS92FW9E6MR8,2019,2,2
PS92FW9E6MR8,2020,1,1
PS92FW9E6MR8,2022,1,1
PS92FW9E6MR8,2023,2,1
PS92FW9E6MR8,2025,2,2
PT82EFQ7AL94,2016,2,1
PT82EFQ7AL94,2017,2,2
PT82EFQ7AL94,2018,4,2
PT82EFQ7AL94,2019,4,2
PT82EFQ7AL94,2020,8,2
PT82EFQ7AL94,2021,2,1
PT82EFQ7AL94,2022,2,1
PT82EFQ7AL94,2024,1,1
PTPNMPNRP5R1,2018,1,1
PTPNMPNRP5R1,2019,1,1
PTPNMPNRP5R1,2020,2,1
PTPNMPNRP5R1,2022,2,2
PTPNMPNRP5R1,2023,6,2
PTPNMPNRP5R1,2024,1,1
PU2QGPMSVXM9,2018,1,1
PU2QGPMSVXM9,2024,1,1
PUS2YBVZALZ6,2018,1,1
PUS2YBVZALZ6,2023,1,1
PV93CNTGRC46,2020,1,1
PV93CNTGRC46,2021,2,2
PV93CNTGRC46,2022,1,1
PVCMPWKKBCV8,2024,1,1
PVPCKLDLRV68,2020,4,1
PVPCKLDLRV68,2021,5,1
PVPCKLDLRV68,2022,8,1
PVPCKLDLRV68,2023,9,1
PVPCKLDLRV68,2024,9,1
PVPCKLDLRV68,2025,8,1
PVYMNFMFXWL3,2022,2,2
PVYMNFMFXWL3,2024,1,1
PW4AWYYA7JD3,2017,3,1
PW4AWYYA7JD3,2019,1,1
PW4TQZ3KDLU3,2020,3,2
PW4TQZ3KDLU3,2021,2,1
PW4TQZ3KDLU3,2022,1,1
PW4TQZ3KDLU3,2023,1,1
PW4TQZ3KDLU3,2025,2,1
PW52CMXHXAH5,2025,1,1
PW9NHUE1KUY4,2016,1,1
PWF2J3XGF5U1,2021,1,1
PWMHH9QT8P93,2017,1,1
PWMHH9QT8P93,2021,2,1
PWMHH9QT8P93,2022,1,1
PWMHH9QT8P93,2024,2,2
PWMHH9QT8P93,2025,2,2
PX3XJYHFN4S1,2023,1,1
PX3XJYHFN4S1,2024,1,1
PX3XJYHFN4S1,2025,3,1
PX7RR8JTNA43,2017,1,1
PX7RR8JTNA43,2019,2,1
PX7RR8JTNA43,2021,3,2
PX7RR8JTNA43,2023,3,2
PX7RR8JTNA43,2025,1,1
PX8UMQSH5CA5,2024,1,1
PX8UMQSH5CA5,2025,1,1
PXGDYEZZJMW9,2021,1,1
PXGDYEZZJMW9,2024,1,1
PXGLS86SY6B1,2023,1,1
PXGLS86SY6B1,2025,1,2
PXLEUBUM3JS7,2024,1,1
PXLEUBUM3JS7,2025,1,1
PY1YV7J9FKF3,2025,1,1
PYRCCX2DHMJ7,2024,1,1
PYRKTQPNVJZ8,2019,1,1
PYRKTQPNVJZ8,2020,1,1
PYRKTQPNVJZ8,2021,2,1
PYRKTQPNVJZ8,2022,1,1
PYWVD5TFHCN4,2017,1,1
PYWVD5TFHCN4,2019,1,1
PYWVD5TFHCN4,2024,1,1
PYXXAC2HV5T3,2019,2,2
PYXXAC2HV5T3,2020,4,2
PYXXAC2HV5T3,2021,2,1
PZ2NKG7RC7A7,2017,1,1
PZ2NKG7RC7A7,2018,1,1
PZ2NKG7RC7A7,2021,2,1
PZ2NKG7RC7A7,2023,1,1
PZ6HDAKNKXY9,2016,1,2
PZ6HDAKNKXY9,2017,1,1
PZ6HDAKNKXY9,2018,1,2
PZ6HDAKNKXY9,2020,1,2
PZ6HDAKNKXY9,2025,1,1
PZAMDK8K1H59,2018,1,1
PZAMDK8K1H59,2019,1,1
PZAMDK8K1H59,2021,1,1
PZAMDK8K1H59,2024,1,2
PZZ4FC756WE3,2016,1,1
PZZ4FC756WE3,2022,1,1
PZZ4FC756WE3,2023,1,1
Q1C3ASKFH148,2016,1,1
Q1C3ASKFH148,2017,3,4
Q1C3ASKFH148,2021,2,2
Q1C3ASKFH148,2022,2,2
Q1CBADXNJSL5,2016,2,2
Q1CBADXNJSL5,2017,4,1
Q1CBADXNJSL5,2018,2,1
Q1CBADXNJSL5,2019,2,1
Q1CBADXNJSL5,2020,6,2
Q1CBADXNJSL5,2022,5,3
Q1CBADXNJSL5,2023,6,3
Q1CBADXNJSL5,2024,5,1
Q1CBADXNJSL5,2025,4,1
Q1V1JV6GJW77,2018,2,2
Q1V1JV6GJW77,2019,1,1
Q1V1JV6GJW77,2021,1,2
Q266L2NDAVP1,2016,61,27
Q266L2NDAVP1,2017,49,33
Q266L2NDAVP1,2018,68,36
Q266L2NDAVP1,2019,64,37
Q266L2NDAVP1,2020,78,39
Q266L2NDAVP1,2021,91,43
Q266L2NDAVP1,2022,79,49
Q266L2NDAVP1,2023,66,43
Q266L2NDAVP1,2024,75,53
Q266L2NDAVP1,2025,67,43
Q3GFWSAJACN3,2018,1,1
Q3GFWSAJACN3,2019,1,1
Q3KCVK5S9CP1,2016,183,64
Q3KCVK5S9CP1,2017,139,68
Q3KCVK5S9CP1,2018,147,68
Q3KCVK5S9CP1,2019,186,92
Q3KCVK5S9CP1,2020,231,109
Q3KCVK5S9CP1,2021,314,107
Q3KCVK5S9CP1,2022,328,129
Q3KCVK5S9CP1,2023,377,134
Q3KCVK5S9CP1,2024,373,102
Q3KCVK5S9CP1,2025,415,106
Q3LKKRH87ES9,2024,1,2
Q3LLLDFHPNL3,2016,28,7
Q3LLLDFHPNL3,2017,24,8
Q3LLLDFHPNL3,2018,30,10
Q3LLLDFHPNL3,2019,17,8
Q3LLLDFHPNL3,2020,24,11
Q3LLLDFHPNL3,2021,20,9
Q3LLLDFHPNL3,2022,18,10
Q3LLLDFHPNL3,2023,20,14
Q3LLLDFHPNL3,2024,19,8
Q3LLLDFHPNL3,2025,18,10
Q3SPRLFLMS73,2016,1,1
Q3SPRLFLMS73,2017,6,2
Q3SPRLFLMS73,2018,11,2
Q3SPRLFLMS73,2019,19,5
Q3SPRLFLMS73,2020,10,5
Q3SPRLFLMS73,2021,11,4
Q3SPRLFLMS73,2022,14,5
Q3SPRLFLMS73,2023,9,2
Q3SPRLFLMS73,2024,9,7
Q3SPRLFLMS73,2025,11,8
Q46ZKFT721K2,2020,1,1
Q46ZKFT721K2,2023,1,1
Q4AULFMFZ6K1,2016,1,1
Q4AULFMFZ6K1,2017,1,1
Q4AULFMFZ6K1,2019,1,1
Q4FMY6KZXBP1,2016,2,2
Q4FMY6KZXBP1,2017,3,1
Q4FMY6KZXBP1,2018,3,1
Q4FMY6KZXBP1,2019,2,2
Q4FMY6KZXBP1,2020,2,2
Q4FMY6KZXBP1,2021,1,1
Q4FMY6KZXBP1,2022,5,2
Q4FMY6KZXBP1,2023,1,1
Q4FMY6KZXBP1,2024,1,1
Q4FMY6KZXBP1,2025,1,1
Q5CRCJW547Z6,2023,1,1
Q5CRCJW547Z6,2024,1,1
Q5GGMN4CLQ41,2019,1,1
Q5Q6RAZNK434,2016,1,1
Q5Q6RAZNK434,2019,1,1
Q5T4RMK2C677,2025,1,1
Q617TSGQVJ44,2023,2,2
Q67BNFVNGEZ9,2024,1,1
Q6ANYL42TD27,2017,1,1
Q6ANYL42TD27,2018,2,1
Q6ANYL42TD27,2019,2,2
Q6ANYL42TD27,2024,2,2
Q6ANYL42TD27,2025,1,1
Q6C6LD2ZL3N5,2016,2,1
Q6C6LD2ZL3N5,2018,1,2
Q6C6LD2ZL3N5,2019,2,2
Q6C6LD2ZL3N5,2020,1,1
Q6C6LD2ZL3N5,2022,2,2
Q6C6LD2ZL3N5,2023,1,1
Q6C6LD2ZL3N5,2024,2,2
Q6HJH3BNJH96,2018,1,1
Q6MLM37F5WY6,2017,1,2
Q6MLM37F5WY6,2020,4,2
Q6MLM37F5WY6,2021,1,1
Q6MLM37F5WY6,2022,3,2
Q6MLM37F5WY6,2023,4,2
Q6MLM37F5WY6,2024,3,2
Q6MLM37F5WY6,2025,2,2
Q6NDLV47NBT5,2016,3,1
Q6NDLV47NBT5,2017,3,2
Q6NDLV47NBT5,2018,9,2
Q6NDLV47NBT5,2019,4,2
Q6NDLV47NBT5,2020,4,1
Q6NDLV47NBT5,2021,5,2
Q6NDLV47NBT5,2024,2,1
Q6NDLV47NBT5,2025,2,1
Q6S7WKNYMJA3,2016,1,1
Q6S7WKNYMJA3,2018,3,2
Q6S7WKNYMJA3,2019,1,1
Q6S7WKNYMJA3,2020,3,1
Q6S7WKNYMJA3,2021,1,1
Q7F7RURVX196,2023,1,1
Q7ZKR48V1MJ7,2019,1,1
Q7ZKR48V1MJ7,2023,1,1
Q81XNNYPK5H3,2024,4,1
Q81XNNYPK5H3,2025,5,1
Q9DESREWJJ39,2023,2,2
Q9SPD7CQVNH7,2023,2,1
Q9VBQSV2CBY5,2017,1,1
Q9VBQSV2CBY5,2018,1,1
Q9VBQSV2CBY5,2019,2,2
Q9VBQSV2CBY5,2020,1,1
Q9VBQSV2CBY5,2021,1,1
Q9VBQSV2CBY5,2022,2,1
Q9VBQSV2CBY5,2023,2,1
Q9VBQSV2CBY5,2024,3,1
Q9VBQSV2CBY5,2025,1,1
Q9YFC9F8VNW9,2024,1,1
QA7ENLFWNZW9,2024,1,2
QA7ENLFWNZW9,2025,3,2
QAMJN77P4VM8,2016,1,1
QAMJN77P4VM8,2017,1,1
QAMJN77P4VM8,2019,1,2
QAP9NNDEWGZ8,2016,2,1
QAP9NNDEWGZ8,2017,4,2
QAP9NNDEWGZ8,2018,2,1
QAP9NNDEWGZ8,2019,1,1
QAP9NNDEWGZ8,2021,3,3
QAP9NNDEWGZ8,2022,3,1
QAP9NNDEWGZ8,2023,4,3
QAP9NNDEWGZ8,2024,3,3
QAP9NNDEWGZ8,2025,6,5
QAXKFGHBCMX3,2017,3,1
QB12VPNQQFE8,2016,77,32
QB12VPNQQFE8,2017,67,32
QB12VPNQQFE8,2018,57,34
QB12VPNQQFE8,2019,62,40
QB12VPNQQFE8,2020,68,47
QB12VPNQQFE8,2021,47,40
QB12VPNQQFE8,2022,63,46
QB12VPNQQFE8,2023,40,36
QB12VPNQQFE8,2024,47,38
QB12VPNQQFE8,2025,52,35
QB66ZMAUF5P7,2024,1,3
QB66ZMAUF5P7,2025,1,3
QBCELFPYPNJ3,2016,1,2
QBCELFPYPNJ3,2018,1,2
QBCELFPYPNJ3,2019,1,1
QBCELFPYPNJ3,2020,1,2
QBCELFPYPNJ3,2022,1,1
QBCELFPYPNJ3,2023,1,1
QBCELFPYPNJ3,2024,1,1
QBHJZN5JGFV6,2021,1,1
QBRQMFLMK6R9,2017,1,1
QBU9QRJKXJK9,2024,1,2
QC91JJUHBK37,2016,1,1
QC91JJUHBK37,2017,3,3
QC91JJUHBK37,2018,2,3
QC91JJUHBK37,2019,2,3
QC91JJUHBK37,2020,1,1
QC91JJUHBK37,2022,1,2
QC91JJUHBK37,2023,1,2
QC91JJUHBK37,2024,1,2
QCK9HYEL4G41,2021,1,1
QCK9HYEL4G41,2023,4,2
QCKNV6BL8B23,2020,1,1
QCKNV6BL8B23,2022,1,1
QCZ3GLF8WNP5,2025,1,1
QD1MX6N5YTN4,2016,26,12
QD1MX6N5YTN4,2017,33,15
QD1MX6N5YTN4,2018,36,21
QD1MX6N5YTN4,2019,40,16
QD1MX6N5YTN4,2020,70,27
QD1MX6N5YTN4,2021,69,29
QD1MX6N5YTN4,2022,76,30
QD1MX6N5YTN4,2023,89,34
QD1MX6N5YTN4,2024,113,47
QD1MX6N5YTN4,2025,108,43
QD4MGHFDJKU1,2016,385,169
QD4MGHFDJKU1,2017,365,195
QD4MGHFDJKU1,2018,386,221
QD4MGHFDJKU1,2019,407,244
QD4MGHFDJKU1,2020,438,259
QD4MGHFDJKU1,2021,417,252
QD4MGHFDJKU1,2022,394,270
QD4MGHFDJKU1,2023,375,258
QD4MGHFDJKU1,2024,350,246
QD4MGHFDJKU1,2025,342,226
QD5TDCQLDAJ4,2020,1,1
QD5TDCQLDAJ4,2021,8,1
QD5TDCQLDAJ4,2022,7,3
QD5TDCQLDAJ4,2023,6,1
QD5TDCQLDAJ4,2024,3,1
QD5TDCQLDAJ4,2025,1,1
QD7TRLY8JPJ4,2017,1,1
QD7TRLY8JPJ4,2023,1,2
QDE5UHE5XD16,2016,183,84
QDE5UHE5XD16,2017,205,95
QDE5UHE5XD16,2018,211,116
QDE5UHE5XD16,2019,213,118
QDE5UHE5XD16,2020,220,140
QDE5UHE5XD16,2021,198,125
QDE5UHE5XD16,2022,245,148
QDE5UHE5XD16,2023,292,171
QDE5UHE5XD16,2024,310,199
QDE5UHE5XD16,2025,298,191
QDWUGUNKHMT5,2019,1,1
QDWUGUNKHMT5,2022,1,1
QDWUGUNKHMT5,2023,1,1
QDZDWHDJWM77,2023,1,1
QDZDWHDJWM77,2024,1,1
QEJMHKF4CM67,2018,1,1
QEMHDDHERR74,2016,4,2
QEMHDDHERR74,2017,2,2
QEMHDDHERR74,2018,2,2
QEMHDDHERR74,2019,7,4
QEMHDDHERR74,2020,9,5
QEMHDDHERR74,2021,7,4
QEMHDDHERR74,2022,11,5
QEMHDDHERR74,2023,7,6
QEMHDDHERR74,2024,11,7
QEMHDDHERR74,2025,6,4
QERKPUEMGKH3,2017,1,1
QERKPUEMGKH3,2018,2,1
QERKPUEMGKH3,2019,6,4
QERKPUEMGKH3,2020,5,3
QERKPUEMGKH3,2021,6,2
QERKPUEMGKH3,2022,1,1
QERKPUEMGKH3,2023,2,2
QERKPUEMGKH3,2024,9,4
QERKPUEMGKH3,2025,7,4
QEUPMKBH71U7,2020,1,1
QEUPMKBH71U7,2021,1,1
QFHXJFV1UH78,2022,2,1
QFHXJFV1UH78,2025,1,1
QFKVNDDQXXY1,2024,1,1
QFPDHTYDGBL1,2018,1,1
QFW6NVACLNU3,2021,1,1
QFW6NVACLNU3,2023,1,1
QG8QGMWQLNP1,2022,1,1
QG8QGMWQLNP1,2023,1,1
QH4NQ868H5V7,2020,1,1
QHAHG1WUM3J1,2016,1,1
QHAHG1WUM3J1,2017,3,1
QHAHG1WUM3J1,2018,4,2
QHAHG1WUM3J1,2019,5,2
QHAHG1WUM3J1,2020,5,3
QHAHG1WUM3J1,2021,1,1
QHAHG1WUM3J1,2022,3,2
QHAHG1WUM3J1,2023,8,3
QHAHG1WUM3J1,2024,2,2
QHAHG1WUM3J1,2025,4,2
QHF5ZZ114M72,2016,2296,717
QHF5ZZ114M72,2017,2332,836
QHF5ZZ114M72,2018,2458,950
QHF5ZZ114M72,2019,2298,979
QHF5ZZ114M72,2020,2655,1076
QHF5ZZ114M72,2021,2771,1171
QHF5ZZ114M72,2022,2762,1240
QHF5ZZ114M72,2023,2834,1314
QHF5ZZ114M72,2024,2849,1333
QHF5ZZ114M72,2025,2891,1347
QHFXC1JJMJZ1,2017,1,1
QHHJD3X516J9,2016,190,94
QHHJD3X516J9,2017,209,110
QHHJD3X516J9,2018,205,114
QHHJD3X516J9,2019,204,118
QHHJD3X516J9,2020,247,144
QHHJD3X516J9,2021,199,129
QHHJD3X516J9,2022,212,143
QHHJD3X516J9,2023,163,126
QHHJD3X516J9,2024,164,114
QHHJD3X516J9,2025,164,94
QHLJPL88GKF5,2021,1,1
QHNZEGD6NWL5,2019,1,1
QHNZEGD6NWL5,2020,2,1
QHNZEGD6NWL5,2021,2,1
QHNZEGD6NWL5,2022,3,2
QHNZEGD6NWL5,2023,3,3
QHNZEGD6NWL5,2024,3,2
QHNZEGD6NWL5,2025,3,3
QJ5SU94EZ7K9,2022,2,1
QJMPD89MGJJ5,2019,1,1
QJMPD89MGJJ5,2020,2,1
QJP4ZB4KN3B3,2021,1,1
QJZ1F3UMLEJ4,2016,3,3
QJZ1F3UMLEJ4,2017,6,6
QJZ1F3UMLEJ4,2018,7,6
QJZ1F3UMLEJ4,2019,8,5
QJZ1F3UMLEJ4,2020,9,4
QJZ1F3UMLEJ4,2021,9,5
QJZ1F3UMLEJ4,2022,9,6
QJZ1F3UMLEJ4,2023,5,4
QJZ1F3UMLEJ4,2024,2,4
QJZ1F3UMLEJ4,2025,9,9
QK6PGCWKCUQ8,2024,5,1
QK7GCS6R2HW5,2023,1,1
QKESSLC5LFR4,2018,1,1
QKESSLC5LFR4,2019,2,2
QKESSLC5LFR4,2020,2,3
QKESSLC5LFR4,2021,2,3
QKESSLC5LFR4,2022,2,2
QKESSLC5LFR4,2023,4,3
QKESSLC5LFR4,2024,4,2
QKJDL1D5UNN7,2023,1,1
QKWEF8XLMTT3,2016,211,71
QKWEF8XLMTT3,2017,200,80
QKWEF8XLMTT3,2018,194,88
QKWEF8XLMTT3,2019,198,92
QKWEF8XLMTT3,2020,237,98
QKWEF8XLMTT3,2021,242,101
QKWEF8XLMTT3,2022,268,110
QKWEF8XLMTT3,2023,254,115
QKWEF8XLMTT3,2024,269,116
QKWEF8XLMTT3,2025,236,113
QL3XATN9H6L1,2016,1,1
QL3XATN9H6L1,2020,2,1
QL3XATN9H6L1,2021,1,1
QL3XATN9H6L1,2022,2,1
QL3XATN9H6L1,2023,4,2
QL3XATN9H6L1,2024,3,2
QL3XATN9H6L1,2025,2,3
QL3ZB67MLJL5,2016,117,24
QL3ZB67MLJL5,2017,123,30
QL3ZB67MLJL5,2018,125,35
QL3ZB67MLJL5,2019,91,21
QL3ZB67MLJL5,2020,124,40
QL3ZB67MLJL5,2021,143,40
QL3ZB67MLJL5,2022,137,45
QL3ZB67MLJL5,2023,116,29
QL3ZB67MLJL5,2024,94,31
QL3ZB67MLJL5,2025,119,35
QL7NPDFW6B47,2021,2,1
QL7NPDFW6B47,2022,1,1
QL7NPDFW6B47,2023,2,1
QLC3LDVHBSP8,2017,1,4
QLC3LDVHBSP8,2018,1,2
QLC3LDVHBSP8,2019,1,1
QLC3LDVHBSP8,2020,1,2
QLC3LDVHBSP8,2022,1,2
QLN8HZL3ST79,2025,1,1
QLNXP9AN7H58,2020,1,3
QLNXP9AN7H58,2021,1,2
QLRCUJ8JTN53,2016,58,26
QLRCUJ8JTN53,2017,72,33
QLRCUJ8JTN53,2018,73,28
QLRCUJ8JTN53,2019,58,41
QLRCUJ8JTN53,2020,66,40
QLRCUJ8JTN53,2021,69,43
QLRCUJ8JTN53,2022,56,42
QLRCUJ8JTN53,2023,75,51
QLRCUJ8JTN53,2024,98,64
QLRCUJ8JTN53,2025,90,59
QLTLMB1771Q1,2022,2,2
QM9DMF3E49E3,2016,4,1
QM9DMF3E49E3,2017,1,1
QM9DMF3E49E3,2019,1,1
QM9DMF3E49E3,2021,1,1
QM9DMF3E49E3,2024,1,1
QM9DMF3E49E3,2025,2,1
QMCJSMLF9TP1,2022,1,2
QMCKV4B31PG2,2016,5,4
QMCKV4B31PG2,2017,8,5
QMCKV4B31PG2,2018,11,6
QMCKV4B31PG2,2019,10,6
QMCKV4B31PG2,2020,17,7
QMCKV4B31PG2,2021,10,7
QMCKV4B31PG2,2022,11,8
QMCKV4B31PG2,2023,13,10
QMCKV4B31PG2,2024,8,7
QMCKV4B31PG2,2025,19,10
QN6MFHAYSRZ9,2024,1,1
QN6MFHAYSRZ9,2025,1,1
QN6MS4VN7BD1,2016,1956,541
QN6MS4VN7BD1,2017,2027,588
QN6MS4VN7BD1,2018,2175,691
QN6MS4VN7BD1,2019,1965,712
QN6MS4VN7BD1,2020,2240,777
QN6MS4VN7BD1,2021,2350,867
QN6MS4VN7BD1,2022,2296,894
QN6MS4VN7BD1,2023,2486,938
QN6MS4VN7BD1,2024,2259,996
QN6MS4VN7BD1,2025,2155,936
QNAVQDR2HN55,2017,1,1
QNAVQDR2HN55,2019,4,1
QNAVQDR2HN55,2020,3,1
QNAVQDR2HN55,2021,3,2
QNAVQDR2HN55,2022,1,1
QNAVQDR2HN55,2024,2,1
QNDHFYNXUNV5,2016,1,1
QNDHFYNXUNV5,2018,2,1
QNDHFYNXUNV5,2023,1,1
QNSLP68JU6W4,2017,3,3
QNSLP68JU6W4,2018,4,2
QNSLP68JU6W4,2019,2,1
QNSLP68JU6W4,2020,1,1
QNXLAMDAM5Y4,2020,1,1
QP62E6FKG1H8,2024,1,1
QR7NH79713E5,2016,27,2
QR7NH79713E5,2017,24,2
QR7NH79713E5,2018,20,2
QR7NH79713E5,2019,12,2
QR7NH79713E5,2020,21,2
QR7NH79713E5,2021,12,2
QR7NH79713E5,2022,7,2
QR7NH79713E5,2023,14,2
QR7NH79713E5,2024,9,2
QR7NH79713E5,2025,6,2
QR7NKGLZSLT5,2016,1,1
QR7NKGLZSLT5,2017,1,1
QRKYKZKYLAQ9,2017,1,1
QRKYKZKYLAQ9,2018,1,1
QSENLNFXPEP8,2023,1,1
QSL8FWMH1ZT6,2023,1,1
QSL8FWMH1ZT6,2024,1,3
QSL8FWMH1ZT6,2025,1,3
QT46HLX3AQJ5,2019,1,2
QT46HLX3AQJ5,2021,1,1
QT46HLX3AQJ5,2022,2,1
QT46HLX3AQJ5,2023,7,2
QT46HLX3AQJ5,2024,3,1
QT46HLX3AQJ5,2025,8,2
QTK9XER73JG4,2016,1,1
QTK9XER73JG4,2017,1,1
QTK9XER73JG4,2021,1,1
QTK9XER73JG4,2022,1,1
QTK9XER73JG4,2024,2,1
QTK9XER73JG4,2025,1,1
QUF6D3M4P2G1,2016,69,12
QUF6D3M4P2G1,2017,65,14
QUF6D3M4P2G1,2018,90,23
QUF6D3M4P2G1,2019,69,19
QUF6D3M4P2G1,2020,98,21
QUF6D3M4P2G1,2021,89,19
QUF6D3M4P2G1,2022,77,14
QUF6D3M4P2G1,2023,93,18
QUF6D3M4P2G1,2024,65,18
QUF6D3M4P2G1,2025,49,17
QUJ4EFCK59N4,2022,1,1
QUKQAGV7CDK5,2022,1,1
QUKQAGV7CDK5,2025,1,1
QUVQAKJFJCQ9,2024,1,2
QVBEM11FYF47,2019,1,1
QVBEM11FYF47,2023,1,1
QVBEM11FYF47,2025,3,1
QVW9TFAZJFE7,2016,4,2
QVW9TFAZJFE7,2017,2,1
QVW9TFAZJFE7,2018,6,2
QVW9TFAZJFE7,2019,4,1
QVW9TFAZJFE7,2020,3,2
QVW9TFAZJFE7,2021,8,3
QVW9TFAZJFE7,2022,7,4
QVW9TFAZJFE7,2023,7,3
QVW9TFAZJFE7,2024,6,5
QVW9TFAZJFE7,2025,8,5
QWKEVG3FNFL7,2023,1,1
QWKEVG3FNFL7,2024,2,1
QWKEVG3FNFL7,2025,1,1
QWYKRJH5NNJ3,2016,73,11
QWYKRJH5NNJ3,2017,70,8
QWYKRJH5NNJ3,2018,73,8
QWYKRJH5NNJ3,2019,90,12
QWYKRJH5NNJ3,2020,95,15
QWYKRJH5NNJ3,2021,91,21
QWYKRJH5NNJ3,2022,94,16
QWYKRJH5NNJ3,2023,82,18
QWYKRJH5NNJ3,2024,103,15
QWYKRJH5NNJ3,2025,86,12
QX8KP6JKQ2L8,2018,1,1
QXR4S6FM82R8,2021,1,2
QYGFJDQ518D4,2019,1,1
QYHFZZGRMAQ7,2016,3,1
QYHFZZGRMAQ7,2017,3,1
QYHFZZGRMAQ7,2018,2,1
QYHFZZGRMAQ7,2019,2,1
QYK8WGNJJ5T8,2019,1,1
QYK8WGNJJ5T8,2020,1,1
QYKQZCMJ8J23,2023,1,1
QYKQZCMJ8J23,2025,1,1
QYPUYEK91RQ5,2016,1,1
QYPUYEK91RQ5,2019,1,1
QZVYCWFNNJ28,2019,1,1
R1JMHFESEKD5,2016,1,1
R1JMHFESEKD5,2018,2,3
R1JMHFESEKD5,2022,1,1
R1JMHFESEKD5,2024,1,1
R1LSLA5YJMJ9,2017,2,1
R1LSLA5YJMJ9,2018,5,1
R1LSLA5YJMJ9,2019,6,3
R1LSLA5YJMJ9,2020,6,1
R1LSLA5YJMJ9,2021,3,2
R1LSLA5YJMJ9,2022,4,3
R1LSLA5YJMJ9,2023,1,1
R1LSLA5YJMJ9,2024,4,3
R1LSLA5YJMJ9,2025,1,1
R1VVADX7JL28,2023,2,1
R1Y4LG8WRBF8,2021,1,1
R28EKN92ZTZ9,2016,345,138
R28EKN92ZTZ9,2017,450,157
R28EKN92ZTZ9,2018,397,178
R28EKN92ZTZ9,2019,422,203
R28EKN92ZTZ9,2020,461,255
R28EKN92ZTZ9,2021,523,264
R28EKN92ZTZ9,2022,538,291
R28EKN92ZTZ9,2023,584,286
R28EKN92ZTZ9,2024,556,267
R28EKN92ZTZ9,2025,571,272
R2KNAQ632191,2019,2,1
R2KNAQ632191,2020,3,1
R2KNAQ632191,2021,2,1
R2LPKTLGG785,2020,1,1
R2NKRDVNNUY5,2025,1,1
R2R3KR4MU5Y1,2025,1,1
R2W7XWC3KDB9,2022,1,1
R2W7XWC3KDB9,2023,1,1
R2W7XWC3KDB9,2024,2,1
R2W7XWC3KDB9,2025,2,1
R33ESK4L9GG3,2016,1,1
R33ESK4L9GG3,2018,1,1
R33ESK4L9GG3,2020,1,2
R33ESK4L9GG3,2021,1,1
R33ESK4L9GG3,2022,1,1
R33ESK4L9GG3,2023,1,1
R3F8N2N4ST15,2022,1,1
R3F8N2N4ST15,2024,1,1
R3W6JF8UQVG8,2019,1,1
R3W6JF8UQVG8,2021,7,1
R3W6JF8UQVG8,2022,13,1
R3W6JF8UQVG8,2023,60,1
R3W6JF8UQVG8,2024,107,1
R3W6JF8UQVG8,2025,116,1
R3ZUWK8GKXL3,2016,2,1
R3ZUWK8GKXL3,2018,1,1
R4A9JHKWJXS6,2021,2,1
R4A9JHKWJXS6,2022,1,1
R4A9JHKWJXS6,2024,1,1
R571DMMP65J4,2022,1,1
R571DMMP65J4,2024,1,1
R5D3FUPFFPK4,2020,1,1
R5D3FUPFFPK4,2021,2,1
R5D3FUPFFPK4,2023,1,1
R5DDHN86ANH9,2016,1,1
R5KFDECV7HW6,2022,1,1
R5LWUN6RJEQ3,2018,1,1
R5P4PBB1MRU3,2016,1,1
R5P4PBB1MRU3,2017,3,1
R5P4PBB1MRU3,2019,1,1
R5P4PBB1MRU3,2022,1,1
R5VDECUXCB16,2025,1,1
R6WASEZCE941,2020,1,1
R6WASEZCE941,2023,1,1
R76EMLKPEZ38,2017,1,1
R76EMLKPEZ38,2018,1,1
R76EMLKPEZ38,2019,2,1
R76EMLKPEZ38,2020,2,1
R76EMLKPEZ38,2021,1,1
R7J7HHNMZQV1,2022,2,1
R7K3CLGHKH74,2025,1,1
R7UDMNZJNFU5,2023,1,1
R7UDMNZJNFU5,2025,1,1
R7VKMAJ32JD3,2016,13,7
R7VKMAJ32JD3,2017,8,8
R7VKMAJ32JD3,2018,12,8
R7VKMAJ32JD3,2019,16,10
R7VKMAJ32JD3,2020,13,8
R7VKMAJ32JD3,2021,25,10
R7VKMAJ32JD3,2022,25,18
R7VKMAJ32JD3,2023,18,9
R7VKMAJ32JD3,2024,10,10
R7VKMAJ32JD3,2025,17,16
R85KZ9JP3NM3,2016,54,5
R85KZ9JP3NM3,2017,24,3
R85KZ9JP3NM3,2018,19,2
R85KZ9JP3NM3,2019,28,3
R85KZ9JP3NM3,2020,53,4
R85KZ9JP3NM3,2021,47,3
R85KZ9JP3NM3,2022,41,4
R85KZ9JP3NM3,2023,41,4
R85KZ9JP3NM3,2024,76,3
R85KZ9JP3NM3,2025,126,3
R8JEVL4ULGB7,2016,278,135
R8JEVL4ULGB7,2017,275,160
R8JEVL4ULGB7,2018,273,169
R8JEVL4ULGB7,2019,280,181
R8JEVL4ULGB7,2020,318,191
R8JEVL4ULGB7,2021,312,206
R8JEVL4ULGB7,2022,333,212
R8JEVL4ULGB7,2023,300,220
R8JEVL4ULGB7,2024,272,208
R8JEVL4ULGB7,2025,286,210
R8S7GFCEVKB3,2024,2,1
R9KLWUK6L2B7,2018,1,1
R9KLWUK6L2B7,2021,1,1
R9KLWUK6L2B7,2022,2,1
R9NXPE2GTCN9,2016,96,31
R9NXPE2GTCN9,2017,63,37
R9NXPE2GTCN9,2018,75,47
R9NXPE2GTCN9,2019,85,52
R9NXPE2GTCN9,2020,71,50
R9NXPE2GTCN9,2021,100,57
R9NXPE2GTCN9,2022,78,49
R9NXPE2GTCN9,2023,152,60
R9NXPE2GTCN9,2024,192,55
R9NXPE2GTCN9,2025,222,48
RBKSREAXY3H6,2020,2,1
RC85LPKJ26P8,2017,1,2
RC85LPKJ26P8,2018,1,1
RC85LPKJ26P8,2019,1,1
RCHLJW4S5BC4,2018,4,1
RCHLJW4S5BC4,2024,3,3
RCHLJW4S5BC4,2025,1,1
RCJGQUV3YTD5,2022,1,1
RCKBKNRYJKN1,2023,1,1
RCKBKNRYJKN1,2025,1,1
RCL7B2TBY9H9,2018,1,2
RCL7B2TBY9H9,2019,1,1
RCL7B2TBY9H9,2020,4,2
RCL7B2TBY9H9,2021,2,1
RCL7B2TBY9H9,2022,1,1
RCL7B2TBY9H9,2023,1,1
RCL7B2TBY9H9,2024,2,2
RCL7B2TBY9H9,2025,2,3
RCNJEHZ83EV6,2016,25,10
RCNJEHZ83EV6,2017,33,16
RCNJEHZ83EV6,2018,16,12
RCNJEHZ83EV6,2019,38,17
RCNJEHZ83EV6,2020,28,19
RCNJEHZ83EV6,2021,21,20
RCNJEHZ83EV6,2022,32,27
RCNJEHZ83EV6,2023,50,34
RCNJEHZ83EV6,2024,60,29
RCNJEHZ83EV6,2025,84,35
RCT9VA9DDY25,2016,1,1
RCT9VA9DDY25,2017,3,1
RCT9VA9DDY25,2019,2,2
RCT9VA9DDY25,2022,1,1
RCT9VA9DDY25,2024,1,1
RCT9VA9DDY25,2025,1,1
RCVULFKUL481,2023,1,1
RCVULFKUL481,2024,1,1
RD7MXJV7DKT9,2016,48,27
RD7MXJV7DKT9,2017,53,23
RD7MXJV7DKT9,2018,54,32
RD7MXJV7DKT9,2019,56,34
RD7MXJV7DKT9,2020,56,40
RD7MXJV7DKT9,2021,90,51
RD7MXJV7DKT9,2022,98,47
RD7MXJV7DKT9,2023,101,59
RD7MXJV7DKT9,2024,98,57
RD7MXJV7DKT9,2025,117,52
RDG9AVNDS6N5,2021,1,1
RDG9AVNDS6N5,2023,2,1
RDG9AVNDS6N5,2024,1,1
RDG9AVNDS6N5,2025,1,2
RDHNFKDYX5X3,2021,2,2
RDHNFKDYX5X3,2022,1,1
RDHNFKDYX5X3,2023,2,5
RDNAEF71R5E6,2019,2,1
RDNAEF71R5E6,2020,3,1
RDNAEF71R5E6,2021,4,1
RDNAEF71R5E6,2022,1,2
RDNAEF71R5E6,2023,2,2
RDNAEF71R5E6,2024,4,1
RDNAEF71R5E6,2025,3,1
RDVAR1M16AF7,2020,2,1
RDZCK3F6AU73,2017,1,1
RDZCK3F6AU73,2019,1,1
RDZCK3F6AU73,2022,1,2
RDZCK3F6AU73,2023,2,5
RDZCK3F6AU73,2024,3,5
RDZCK3F6AU73,2025,1,2
RE53LFBJBA37,2025,1,1
RELXPK1K6D45,2021,2,2
REMXGKVUSQ41,2025,1,2
RENBAM3MBM66,2019,1,1
RFBNMJDWPTJ7,2020,1,1
RFBNMJDWPTJ7,2024,2,1
RFBNMJDWPTJ7,2025,2,1
RFRPFMNR8LA5,2016,100,49
RFRPFMNR8LA5,2017,113,52
RFRPFMNR8LA5,2018,164,63
RFRPFMNR8LA5,2019,126,56
RFRPFMNR8LA5,2020,165,74
RFRPFMNR8LA5,2021,190,71
RFRPFMNR8LA5,2022,155,80
RFRPFMNR8LA5,2023,152,73
RFRPFMNR8LA5,2024,144,74
RFRPFMNR8LA5,2025,147,91
RFSAGXAA3LG3,2016,25,18
RFSAGXAA3LG3,2017,30,19
RFSAGXAA3LG3,2018,33,22
RFSAGXAA3LG3,2019,29,19
RFSAGXAA3LG3,2020,31,16
RFSAGXAA3LG3,2021,45,19
RFSAGXAA3LG3,2022,32,19
RFSAGXAA3LG3,2023,20,10
RFSAGXAA3LG3,2024,16,9
RFSAGXAA3LG3,2025,17,4
RFUJM8H9JSU4,2017,2,1
RFUJM8H9JSU4,2019,1,1
RFUJM8H9JSU4,2023,1,2
RG2GTSYTHE73,2016,16,5
RG2GTSYTHE73,2017,23,5
RG2GTSYTHE73,2018,11,3
RG2GTSYTHE73,2019,5,3
RG2GTSYTHE73,2020,9,3
RG2GTSYTHE73,2021,8,1
RG2GTSYTHE73,2022,4,1
RG2GTSYTHE73,2023,13,3
RG2GTSYTHE73,2024,6,3
RG2GTSYTHE73,2025,5,2
RG7YYBN8C835,2016,2,3
RG7YYBN8C835,2017,7,3
RG7YYBN8C835,2018,4,3
RG7YYBN8C835,2019,16,3
RG7YYBN8C835,2020,15,1
RG7YYBN8C835,2021,21,3
RG7YYBN8C835,2022,11,1
RG7YYBN8C835,2023,8,2
RG7YYBN8C835,2024,5,2
RG7YYBN8C835,2025,6,3
RH87YDXC1AY5,2018,3,1
RH87YDXC1AY5,2019,8,3
RH87YDXC1AY5,2020,4,3
RH87YDXC1AY5,2021,9,5
RH87YDXC1AY5,2022,14,5
RH87YDXC1AY5,2023,12,5
RH87YDXC1AY5,2024,9,4
RH87YDXC1AY5,2025,12,7
RHKMQLAGL9G1,2024,1,1
RHKMQLAGL9G1,2025,2,1
RHSMJKLKGFM6,2019,1,1
RJEVTW5WP597,2022,1,1
RJEVTW5WP597,2024,3,1
RJEVTW5WP597,2025,2,4
RJKTP1C2LNJ8,2022,1,1
RJKTP1C2LNJ8,2024,2,1
RJKTP1C2LNJ8,2025,2,1
RJM1EML4MC35,2016,2,1
RJM1EML4MC35,2017,1,1
RJM1EML4MC35,2019,1,1
RJM1EML4MC35,2020,1,1
RJM1EML4MC35,2021,1,1
RK1ZDCXE3LJ7,2021,1,1
RK1ZDCXE3LJ7,2022,3,2
RKCLYRGPNAP8,2018,1,1
RKCLYRGPNAP8,2019,1,1
RL3YF9NM92A3,2016,2,1
RL3YF9NM92A3,2017,3,3
RL3YF9NM92A3,2018,5,3
RL3YF9NM92A3,2019,5,2
RL3YF9NM92A3,2020,4,2
RL3YF9NM92A3,2021,1,1
RL3YF9NM92A3,2022,4,2
RL3YF9NM92A3,2023,3,2
RL3YF9NM92A3,2024,4,2
RL3YF9NM92A3,2025,8,3
RLL3LD7RG3D9,2016,2,1
RLL3LD7RG3D9,2017,2,1
RLL3LD7RG3D9,2018,1,1
RLL3LD7RG3D9,2019,1,1
RLL3LD7RG3D9,2020,1,1
RLL3LD7RG3D9,2021,1,1
RLL3LD7RG3D9,2022,1,1
RLL3LD7RG3D9,2023,1,1
RLL3LD7RG3D9,2024,1,1
RLL3LD7RG3D9,2025,2,2
RLM1GHQF3MM6,2021,3,2
RLM1GHQF3MM6,2022,1,2
RLM1GHQF3MM6,2023,1,1
RLM1GHQF3MM6,2024,3,1
RLM1GHQF3MM6,2025,1,1
RLPGQ5UY9ED3,2022,1,1
RMG1AZ1ZH8Q7,2016,2,2
RMG1AZ1ZH8Q7,2017,2,2
RMG1AZ1ZH8Q7,2019,1,1
RMG1AZ1ZH8Q7,2020,4,5
RMG1AZ1ZH8Q7,2021,3,3
RMG1AZ1ZH8Q7,2022,5,5
RMG1AZ1ZH8Q7,2023,6,5
RMG1AZ1ZH8Q7,2024,2,3
RMG1AZ1ZH8Q7,2025,2,2
RML1FMKWK3F9,2025,1,1
RN64EPNH8JC6,2016,2474,720
RN64EPNH8JC6,2017,2384,837
RN64EPNH8JC6,2018,2684,958
RN64EPNH8JC6,2019,2336,988
RN64EPNH8JC6,2020,2577,1115
RN64EPNH8JC6,2021,2840,1149
RN64EPNH8JC6,2022,2619,1154
RN64EPNH8JC6,2023,2709,1178
RN64EPNH8JC6,2024,2536,1167
RN64EPNH8JC6,2025,2504,1192
RNFSMT79DVD4,2016,3,1
RNFSMT79DVD4,2017,4,1
RNFSMT79DVD4,2018,6,1
RNFSMT79DVD4,2019,5,1
RNFSMT79DVD4,2020,6,1
RNFSMT79DVD4,2021,1,1
RNFSMT79DVD4,2022,5,2
RNFSMT79DVD4,2023,3,2
RNFSMT79DVD4,2024,3,1
RNFSMT79DVD4,2025,7,2
RNKYWXURFRL5,2016,40,13
RNKYWXURFRL5,2017,64,15
RNKYWXURFRL5,2018,82,23
RNKYWXURFRL5,2019,61,21
RNKYWXURFRL5,2020,74,26
RNKYWXURFRL5,2021,71,21
RNKYWXURFRL5,2022,48,23
RNKYWXURFRL5,2023,58,18
RNKYWXURFRL5,2024,42,23
RNKYWXURFRL5,2025,53,17
RNNPANMTT5T6,2019,1,1
RNNPANMTT5T6,2020,1,1
RNNPANMTT5T6,2024,1,1
RNZ2EFVDQDW3,2019,1,1
RNZAEDZ7WJG2,2025,3,1
RPJ1QP5VMM77,2025,1,1
RPUADLQ52GD7,2021,3,2
RPZEUH63MQA3,2024,1,2
RQA8NBNPNF26,2016,308,92
RQA8NBNPNF26,2017,265,84
RQA8NBNPNF26,2018,272,75
RQA8NBNPNF26,2019,218,64
RQA8NBNPNF26,2020,193,59
RQA8NBNPNF26,2021,157,45
RQA8NBNPNF26,2022,138,38
RQA8NBNPNF26,2023,120,37
RQA8NBNPNF26,2024,126,28
RQA8NBNPNF26,2025,121,26
RQA9J88QTJG4,2020,1,1
RQE8AAZH6GH3,2023,1,1
RQE8AAZH6GH3,2024,1,1
RQJ5KM1LQ935,2022,1,1
RQJ5KM1LQ935,2023,4,1
RQJ5KM1LQ935,2024,2,1
RQJ5KM1LQ935,2025,1,1
RQMFJGDTQ5V3,2016,64,19
RQMFJGDTQ5V3,2017,84,17
RQMFJGDTQ5V3,2018,64,27
RQMFJGDTQ5V3,2019,78,25
RQMFJGDTQ5V3,2020,95,35
RQMFJGDTQ5V3,2021,129,42
RQMFJGDTQ5V3,2022,138,42
RQMFJGDTQ5V3,2023,156,44
RQMFJGDTQ5V3,2024,173,50
RQMFJGDTQ5V3,2025,176,51
RR11WNA1RBB3,2022,1,1
RR11WNA1RBB3,2023,2,1
RR11WNA1RBB3,2024,1,1
RR11WNA1RBB3,2025,4,1
RRCZRDT5DHP1,2016,18,5
RRCZRDT5DHP1,2017,7,4
RRCZRDT5DHP1,2018,12,6
RRCZRDT5DHP1,2019,18,6
RRCZRDT5DHP1,2020,8,4
RRCZRDT5DHP1,2021,15,5
RRCZRDT5DHP1,2022,13,3
RRCZRDT5DHP1,2023,13,6
RRCZRDT5DHP1,2024,11,5
RRCZRDT5DHP1,2025,11,7
RRR7XY1M72H7,2020,1,1
RSHJU9JW4G59,2024,1,1
RSHJU9JW4G59,2025,4,1
RSNPJ21RFJE3,2016,1,2
RSNPJ21RFJE3,2021,1,1
RSWNKK6J8CF3,2016,44,18
RSWNKK6J8CF3,2017,66,24
RSWNKK6J8CF3,2018,42,23
RSWNKK6J8CF3,2019,64,31
RSWNKK6J8CF3,2020,69,24
RSWNKK6J8CF3,2021,99,25
RSWNKK6J8CF3,2022,77,28
RSWNKK6J8CF3,2023,66,23
RSWNKK6J8CF3,2024,66,25
RSWNKK6J8CF3,2025,76,28
RT13MNMRHL33,2018,1,2
RT13MNMRHL33,2019,3,1
RT13MNMRHL33,2020,1,1
RT13MNMRHL33,2021,4,2
RTHJSE4WVWB7,2016,8,1
RTHJSE4WVWB7,2017,6,1
RTHJSE4WVWB7,2018,9,1
RTHJSE4WVWB7,2019,6,1
RTHJSE4WVWB7,2020,5,1
RTHJSE4WVWB7,2021,7,1
RTHJSE4WVWB7,2022,10,1
RTHJSE4WVWB7,2023,2,1
RTHJSE4WVWB7,2024,7,1
RTHJSE4WVWB7,2025,8,1
RTN8V2BMGY63,2024,1,2
RTN8V2BMGY63,2025,1,2
RV81EY3154J8,2019,3,1
RV81EY3154J8,2020,3,1
RV81EY3154J8,2021,6,1
RV81EY3154J8,2022,6,1
RV81EY3154J8,2023,2,1
RV81EY3154J8,2024,2,1
RV81EY3154J8,2025,1,1
RVTRYKNAUET3,2016,1,1
RWSSJRJLCDM4,2018,1,1
RWSSJRJLCDM4,2019,2,1
RWSSJRJLCDM4,2020,3,2
RWSSJRJLCDM4,2021,1,1
RWSSJRJLCDM4,2022,1,1
RWSSJRJLCDM4,2023,1,1
RWSSJRJLCDM4,2025,1,1
RWYSZ176G915,2016,6,5
RWYSZ176G915,2017,13,4
RWYSZ176G915,2018,11,4
RWYSZ176G915,2019,11,5
RWYSZ176G915,2020,6,4
RWYSZ176G915,2021,4,2
RWYSZ176G915,2022,3,2
RWYSZ176G915,2023,1,1
RWYSZ176G915,2024,1,1
RX54H8WFQGV5,2018,1,2
RXBHU5F1N5B8,2024,1,1
RXBHU5F1N5B8,2025,1,1
RY78VSF6P4G3,2023,1,1
RY78VSF6P4G3,2024,1,1
RY78VSF6P4G3,2025,4,3
RY88HPQ1EXN4,2017,3,2
RY88HPQ1EXN4,2019,1,2
RY88HPQ1EXN4,2021,1,1
RY88HPQ1EXN4,2024,1,2
RYAQZNSJN9Q9,2018,2,2
RYAQZNSJN9Q9,2019,3,2
RYAQZNSJN9Q9,2020,2,1
RYAQZNSJN9Q9,2021,2,1
RYAQZNSJN9Q9,2022,4,2
RYAQZNSJN9Q9,2023,2,2
RYAQZNSJN9Q9,2024,4,2
RYAQZNSJN9Q9,2025,11,3
RYM9N2TN82U4,2016,3,1
RYM9N2TN82U4,2017,3,1
RYM9N2TN82U4,2018,2,1
RYM9N2TN82U4,2019,2,1
RYM9N2TN82U4,2022,4,1
RYM9N2TN82U4,2023,1,1
RYXJZVGUF8B3,2023,1,1
RZ32MNG7DH93,2018,3,1
RZ32MNG7DH93,2019,1,1
RZ32MNG7DH93,2020,2,2
RZ32MNG7DH93,2021,1,2
RZ32MNG7DH93,2022,1,2
RZ32MNG7DH93,2023,3,3
RZ32MNG7DH93,2024,1,1
RZ32MNG7DH93,2025,1,2
RZDLR5L3GZL1,2023,1,1
RZDLR5L3GZL1,2025,1,1
RZNMHQAUR3L3,2022,1,1
RZYSKTHWL384,2019,1,1
RZYSKTHWL384,2021,1,1
RZYSKTHWL384,2022,1,1
RZZ8BMQ47KX3,2016,24,3
RZZ8BMQ47KX3,2017,20,5
RZZ8BMQ47KX3,2018,22,5
RZZ8BMQ47KX3,2019,18,3
RZZ8BMQ47KX3,2020,27,4
RZZ8BMQ47KX3,2021,24,6
RZZ8BMQ47KX3,2022,18,8
RZZ8BMQ47KX3,2023,24,11
RZZ8BMQ47KX3,2024,23,10
RZZ8BMQ47KX3,2025,24,10
S1DYEWHL6PC3,2017,1,1
S1DYEWHL6PC3,2019,1,1
S1DYEWHL6PC3,2023,1,1
S1DYEWHL6PC3,2024,1,1
S1NEHNL85QA7,2018,1,1
S1NEHNL85QA7,2020,2,2
S1NEHNL85QA7,2022,2,2
S1NEHNL85QA7,2023,2,2
S1XLM7VGK1W6,2021,1,1
S2BNW6NL62E7,2019,1,1
S2VPZDS5W6M3,2018,1,1
S2VPZDS5W6M3,2019,2,1
S2VPZDS5W6M3,2020,2,1
S2VPZDS5W6M3,2022,3,1
S2Y7SMVZ1R96,2021,1,1
S2Y7SMVZ1R96,2022,3,1
S2Y7SMVZ1R96,2023,2,1
S2Y7SMVZ1R96,2025,1,1
S352L5PJLMP8,2016,1722,607
S352L5PJLMP8,2017,1787,686
S352L5PJLMP8,2018,2082,805
S352L5PJLMP8,2019,2036,843
S352L5PJLMP8,2020,2500,960
S352L5PJLMP8,2021,2526,992
S352L5PJLMP8,2022,2421,1011
S352L5PJLMP8,2023,2491,1133
S352L5PJLMP8,2024,2471,1116
S352L5PJLMP8,2025,2587,1147
S38NM2MSMM14,2016,2,1
S38NM2MSMM14,2017,1,1
S38NM2MSMM14,2018,3,2
S38NM2MSMM14,2019,5,1
S38NM2MSMM14,2020,4,1
S38NM2MSMM14,2021,1,1
S3E7BCVRNRH4,2021,1,1
S3FFMKN95RF1,2017,1,1
S3FFMKN95RF1,2018,1,1
S3FFMKN95RF1,2020,1,1
S3GMKS8ELA16,2016,1890,272
S3GMKS8ELA16,2017,1730,329
S3GMKS8ELA16,2018,1461,346
S3GMKS8ELA16,2019,1343,375
S3GMKS8ELA16,2020,1635,396
S3GMKS8ELA16,2021,1397,421
S3GMKS8ELA16,2022,1320,441
S3GMKS8ELA16,2023,1264,445
S3GMKS8ELA16,2024,1144,448
S3GMKS8ELA16,2025,1109,447
S4C3WCS46W77,2022,2,1
S4C3WCS46W77,2023,1,1
S4E1WUMET5N5,2022,1,1
S4M9S99JS8J4,2023,1,1
S4M9S99JS8J4,2024,1,1
S4NHH3294XM6,2024,1,1
S4PUHLJ9SQ45,2025,1,1
S4VWN6L45GK8,2018,1,1
S6HQCJGJBYN7,2021,2,2
S6HQCJGJBYN7,2024,2,2
S6JDKM3A97W3,2023,1,1
S6TTK8Y6R5A1,2022,2,1
S742ULFT5GK3,2018,2,1
S742ULFT5GK3,2019,2,2
S742ULFT5GK3,2021,1,2
S742ULFT5GK3,2023,3,2
S742ULFT5GK3,2024,6,4
S742ULFT5GK3,2025,9,5
S8FTDLJNX2K5,2021,1,1
S8FTDLJNX2K5,2023,1,1
S8LGPN7KL373,2022,1,1
S8LXMMGHNMG9,2018,1,1
S8LXMMGHNMG9,2019,2,2
S8LXMMGHNMG9,2020,1,1
S8NEQVR3VFY7,2017,1,1
S8PXYJQM74M6,2016,1,1
S8PXYJQM74M6,2017,1,1
S8PXYJQM74M6,2018,1,2
S8PXYJQM74M6,2020,2,4
S8UKXJ8B7A83,2019,1,1
S8UKXJ8B7A83,2022,1,1
S93ZFQLD4ZC7,2020,1,1
S93ZFQLD4ZC7,2024,1,2
SA57GNN1LDN4,2017,1,1
SAKCL8BJ6DL9,2020,1,1
SAKCL8BJ6DL9,2021,9,1
SAKCL8BJ6DL9,2022,5,1
SAKCL8BJ6DL9,2023,2,1
SAKCL8BJ6DL9,2024,2,1
SAKCL8BJ6DL9,2025,4,1
SAL7W6C1KMJ4,2018,2,2
SALRAJSPH2S4,2022,1,1
SATPQJ1CRZN3,2023,1,1
SATPQJ1CRZN3,2024,1,1
SATPQJ1CRZN3,2025,1,1
SB35ENJFKK14,2016,87,2
SB35ENJFKK14,2017,102,2
SB35ENJFKK14,2018,109,4
SB35ENJFKK14,2019,105,4
SB35ENJFKK14,2020,126,5
SB35ENJFKK14,2021,136,4
SB35ENJFKK14,2022,144,7
SB35ENJFKK14,2023,145,9
SB35ENJFKK14,2024,125,9
SB35ENJFKK14,2025,118,6
SBLLARCRNMM1,2018,2,2
SBLLARCRNMM1,2019,2,2
SBLLARCRNMM1,2020,2,2
SBLLARCRNMM1,2021,1,1
SBLLARCRNMM1,2022,1,1
SBLLARCRNMM1,2025,1,1
SBP8W3KVM9E4,2016,1,2
SBP8W3KVM9E4,2017,3,2
SBP8W3KVM9E4,2019,2,1
SBP8W3KVM9E4,2020,5,5
SBP8W3KVM9E4,2021,3,2
SBP8W3KVM9E4,2022,2,2
SBP8W3KVM9E4,2023,2,2
SBP8W3KVM9E4,2024,1,3
SBP8W3KVM9E4,2025,1,3
SBY5A7EK9PU3,2024,1,1
SCKQA85YU4U4,2016,4,2
SCKQA85YU4U4,2017,1,1
SCKQA85YU4U4,2018,4,2
SCKQA85YU4U4,2019,2,2
SCKQA85YU4U4,2022,1,1
SCKQA85YU4U4,2024,1,3
SCKQA85YU4U4,2025,3,3
SCNKBDM341T1,2016,6,4
SCNKBDM341T1,2017,5,5
SCNKBDM341T1,2018,4,3
SCNKBDM341T1,2019,3,2
SCNKBDM341T1,2020,8,5
SCNKBDM341T1,2021,6,8
SCNKBDM341T1,2022,3,2
SCNKBDM341T1,2023,1,1
SCNKBDM341T1,2024,1,1
SCNKBDM341T1,2025,3,2
SCTQD2V8G8T5,2019,1,1
SCTQD2V8G8T5,2020,2,3
SCTQD2V8G8T5,2021,1,1
SCTQD2V8G8T5,2022,1,1
SCTQD2V8G8T5,2023,1,1
SCTQD2V8G8T5,2024,1,1
SDW8LMGGATX5,2025,1,1
SEMBB9LKVA19,2016,2,1
SEMBB9LKVA19,2017,1,1
SEMBB9LKVA19,2018,2,1
SEMBB9LKVA19,2020,1,2
SEMBB9LKVA19,2021,2,2
SEMBB9LKVA19,2022,5,2
SEMBB9LKVA19,2023,3,2
SEMBB9LKVA19,2024,3,2
SEMBB9LKVA19,2025,1,3
SESUYWJGE3Y3,2016,1,1
SESUYWJGE3Y3,2020,1,1
SF3MUXD9XHQ8,2020,1,1
SFCDUHJNHBM4,2017,1,1
SFCDUHJNHBM4,2018,1,2
SFCDUHJNHBM4,2020,1,3
SFCDUHJNHBM4,2021,1,2
SFCDUHJNHBM4,2022,1,1
SFFKG8THUH55,2016,1,1
SFKRSMR4MBL8,2016,3,1
SFKRSMR4MBL8,2018,1,1
SFKRSMR4MBL8,2019,1,1
SGBMHQ7VXNH5,2016,21,10
SGBMHQ7VXNH5,2017,33,11
SGBMHQ7VXNH5,2018,28,16
SGBMHQ7VXNH5,2019,27,14
SGBMHQ7VXNH5,2020,33,14
SGBMHQ7VXNH5,2021,31,17
SGBMHQ7VXNH5,2022,29,18
SGBMHQ7VXNH5,2023,40,25
SGBMHQ7VXNH5,2024,48,24
SGBMHQ7VXNH5,2025,32,20
SGJ1NZDE89G4,2022,2,1
SGMEKWUHG2V4,2018,2,1
SH2ZG4JDQER7,2020,1,1
SH2ZG4JDQER7,2021,1,1
SH2ZG4JDQER7,2022,1,1
SH2ZG4JDQER7,2024,3,1
SH2ZG4JDQER7,2025,2,1
SH5CM4TSAVK3,2018,1,1
SH5CM4TSAVK3,2019,1,1
SHHBRBAPSM35,2016,1216,354
SHHBRBAPSM35,2017,1143,409
SHHBRBAPSM35,2018,1114,438
SHHBRBAPSM35,2019,1170,462
SHHBRBAPSM35,2020,1354,539
SHHBRBAPSM35,2021,1408,545
SHHBRBAPSM35,2022,1414,572
SHHBRBAPSM35,2023,1429,609
SHHBRBAPSM35,2024,1419,618
SHHBRBAPSM35,2025,1398,562
SHLLJPJTZE45,2024,1,1
SHMME7519CL9,2016,4,1
SHMME7519CL9,2017,8,1
SHMME7519CL9,2018,4,1
SHMME7519CL9,2019,1,1
SHMME7519CL9,2020,2,1
SHMME7519CL9,2024,1,1
SHMME7519CL9,2025,1,1
SHU2R6N5UQR9,2021,1,1
SHU2R6N5UQR9,2025,1,1
SJHFCDGKJJC5,2016,1,1
SJM7QJLP28D5,2021,1,1
SJM7QJLP28D5,2022,2,1
SJTDKHHZKQK5,2017,1,1
SJTNSW7KD295,2021,1,1
SK3VX5DEN6E7,2022,1,1
SKG7TLUN8JH6,2016,64,4
SKG7TLUN8JH6,2017,73,4
SKG7TLUN8JH6,2018,67,4
SKG7TLUN8JH6,2019,68,3
SKG7TLUN8JH6,2020,59,4
SKG7TLUN8JH6,2021,74,4
SKG7TLUN8JH6,2022,63,3
SKG7TLUN8JH6,2023,70,3
SKG7TLUN8JH6,2024,71,2
SKG7TLUN8JH6,2025,64,3
SKH5GMBR9GL3,2016,11,5
SKH5GMBR9GL3,2017,8,5
SKH5GMBR9GL3,2018,3,4
SKH5GMBR9GL3,2019,5,4
SKH5GMBR9GL3,2020,8,7
SKH5GMBR9GL3,2021,5,4
SKH5GMBR9GL3,2022,9,9
SKH5GMBR9GL3,2023,8,8
SKH5GMBR9GL3,2024,17,10
SKH5GMBR9GL3,2025,33,10
SKHMM6VSM8F3,2022,1,2
SKN6JEPE9Z76,2021,1,1
SKSBGBWWEJ95,2016,6,3
SKSBGBWWEJ95,2017,19,3
SKSBGBWWEJ95,2018,22,4
SKSBGBWWEJ95,2019,23,9
SKSBGBWWEJ95,2020,24,10
SKSBGBWWEJ95,2021,24,11
SKSBGBWWEJ95,2022,33,12
SKSBGBWWEJ95,2023,43,14
SKSBGBWWEJ95,2024,30,12
SKSBGBWWEJ95,2025,21,11
SKTUCSQDR5M5,2018,1,1
SKTUCSQDR5M5,2019,1,2
SKX6AXF9ZTM3,2016,53,13
SKX6AXF9ZTM3,2017,59,19
SKX6AXF9ZTM3,2018,55,20
SKX6AXF9ZTM3,2019,53,21
SKX6AXF9ZTM3,2020,51,24
SKX6AXF9ZTM3,2021,61,24
SKX6AXF9ZTM3,2022,46,25
SKX6AXF9ZTM3,2023,49,28
SKX6AXF9ZTM3,2024,46,26
SKX6AXF9ZTM3,2025,40,21
SL2PF6R7MRN1,2016,2,2
SL2PF6R7MRN1,2017,1,1
SL2PF6R7MRN1,2018,3,2
SL2PF6R7MRN1,2019,3,3
SL2PF6R7MRN1,2020,3,3
SL2PF6R7MRN1,2021,2,1
SL2PF6R7MRN1,2022,7,2
SL2PF6R7MRN1,2023,9,3
SL2PF6R7MRN1,2024,11,3
SL2PF6R7MRN1,2025,14,8
SL7BYLYTR6A1,2020,1,1
SL7BYLYTR6A1,2021,1,1
SLGDVHJS1Y85,2017,3,2
SLGDVHJS1Y85,2018,2,2
SLGDVHJS1Y85,2019,2,2
SLGDVHJS1Y85,2020,1,4
SLGDVHJS1Y85,2022,2,1
SLGDVHJS1Y85,2023,1,1
SLGDVHJS1Y85,2025,2,2
SLSGMK6SHRF1,2018,1,1
SLSGMK6SHRF1,2022,1,1
SLT3EB6G3FA9,2016,22,5
SLT3EB6G3FA9,2017,20,4
SLT3EB6G3FA9,2018,32,7
SLT3EB6G3FA9,2019,46,9
SLT3EB6G3FA9,2020,40,8
SLT3EB6G3FA9,2021,37,9
SLT3EB6G3FA9,2022,54,10
SLT3EB6G3FA9,2023,27,8
SLT3EB6G3FA9,2024,40,7
SLT3EB6G3FA9,2025,41,8
SLW1H99F22C3,2022,1,1
SLYFPJ3N94E3,2025,3,1
SMK9PCMKXED6,2016,58,11
SMK9PCMKXED6,2017,51,9
SMK9PCMKXED6,2018,69,14
SMK9PCMKXED6,2019,37,16
SMK9PCMKXED6,2020,45,17
SMK9PCMKXED6,2021,47,21
SMK9PCMKXED6,2022,33,21
SMK9PCMKXED6,2023,58,23
SMK9PCMKXED6,2024,67,31
SMK9PCMKXED6,2025,52,21
SMP1L5RM3WD1,2020,3,1
SMP1L5RM3WD1,2022,1,1
SMP1L5RM3WD1,2023,1,1
SMQ9D8WCGWY9,2018,1,1
SMQ9D8WCGWY9,2019,10,2
SMQ9D8WCGWY9,2020,6,3
SMQ9D8WCGWY9,2021,8,3
SMQ9D8WCGWY9,2022,14,3
SMQ9D8WCGWY9,2023,12,4
SMQ9D8WCGWY9,2024,5,3
SMQ9D8WCGWY9,2025,4,3
SMUWP8PL12F3,2018,2,2
SMUWP8PL12F3,2019,2,2
SMUWP8PL12F3,2020,3,1
SMUWP8PL12F3,2021,1,1
SMUWP8PL12F3,2022,1,1
SMXHTLFW8M47,2022,1,1
SMXHTLFW8M47,2024,2,1
SN6SWFABJXL1,2020,1,3
SN6SWFABJXL1,2021,3,3
SN6SWFABJXL1,2024,1,2
SN7KD2UK7GC5,2016,564,191
SN7KD2UK7GC5,2017,622,225
SN7KD2UK7GC5,2018,688,235
SN7KD2UK7GC5,2019,696,257
SN7KD2UK7GC5,2020,763,292
SN7KD2UK7GC5,2021,854,310
SN7KD2UK7GC5,2022,916,326
SN7KD2UK7GC5,2023,944,333
SN7KD2UK7GC5,2024,948,324
SN7KD2UK7GC5,2025,947,331
SNEKGT9DDUQ6,2017,1,1
SNEKGT9DDUQ6,2018,2,1
SNEKGT9DDUQ6,2019,3,1
SNEKGT9DDUQ6,2020,1,1
SNEKGT9DDUQ6,2021,1,1
SNEKGT9DDUQ6,2022,2,2
SNEKGT9DDUQ6,2023,2,1
SNEKGT9DDUQ6,2024,1,1
SP1EE9Z4GYB5,2020,1,1
SPB8UMZSNS67,2023,1,1
SPB8UMZSNS67,2024,1,1
SPB8UMZSNS67,2025,1,1
SPBFBCCCGTB1,2019,1,1
SPBFBCCCGTB1,2022,2,1
SPBFBCCCGTB1,2023,4,2
SPBFBCCCGTB1,2024,3,2
SPBFBCCCGTB1,2025,2,2
SPE2YDWHDYU4,2016,12,6
SPE2YDWHDYU4,2017,20,12
SPE2YDWHDYU4,2018,25,13
SPE2YDWHDYU4,2019,26,15
SPE2YDWHDYU4,2020,33,16
SPE2YDWHDYU4,2021,50,23
SPE2YDWHDYU4,2022,32,19
SPE2YDWHDYU4,2023,38,23
SPE2YDWHDYU4,2024,33,21
SPE2YDWHDYU4,2025,40,23
SPFEM9CKZKB5,2019,4,1
SPFEM9CKZKB5,2021,4,1
SPFEM9CKZKB5,2022,3,1
SPFEM9CKZKB5,2023,1,1
SPM3FKBS8DX4,2022,1,1
SPM3FKBS8DX4,2023,2,1
SPM3FKBS8DX4,2024,3,1
SPM3FKBS8DX4,2025,1,1
SPVKK1RC2MZ3,2016,322,124
SPVKK1RC2MZ3,2017,299,137
SPVKK1RC2MZ3,2018,344,144
SPVKK1RC2MZ3,2019,315,146
SPVKK1RC2MZ3,2020,325,171
SPVKK1RC2MZ3,2021,380,170
SPVKK1RC2MZ3,2022,360,169
SPVKK1RC2MZ3,2023,455,195
SPVKK1RC2MZ3,2024,479,219
SPVKK1RC2MZ3,2025,508,207
SQ62WM5KNSV8,2022,1,1
SQ62WM5KNSV8,2023,3,1
SQ62WM5KNSV8,2024,1,1
SQ6UUTG2FLJ6,2016,4,1
SQ6UUTG2FLJ6,2017,3,1
SQ6UUTG2FLJ6,2018,4,1
SQ6UUTG2FLJ6,2019,6,1
SQ6UUTG2FLJ6,2020,8,1
SQ6UUTG2FLJ6,2021,3,1
SQ6UUTG2FLJ6,2022,2,1
SQ6UUTG2FLJ6,2023,10,1
SQ6UUTG2FLJ6,2024,7,1
SQ6UUTG2FLJ6,2025,1,1
SQ6VAWQ7YSZ4,2016,11,1
SQ6VAWQ7YSZ4,2017,5,1
SQ6VAWQ7YSZ4,2018,8,3
SQ6VAWQ7YSZ4,2019,4,2
SQ6VAWQ7YSZ4,2020,3,2
SQ6VAWQ7YSZ4,2021,6,3
SQ6VAWQ7YSZ4,2022,3,2
SQ6VAWQ7YSZ4,2023,5,6
SQ6VAWQ7YSZ4,2024,1,1
SQ6VAWQ7YSZ4,2025,5,4
SQJJQU7ZLMB9,2023,2,1
SR22RUJJ11H2,2021,1,1
SR22RUJJ11H2,2022,1,1
SR22RUJJ11H2,2023,5,3
SR22RUJJ11H2,2024,4,3
SR22RUJJ11H2,2025,8,2
SR3KHZWV37G7,2021,1,1
SRG2J1WS9X63,2016,44,19
SRG2J1WS9X63,2017,30,27
SRG2J1WS9X63,2018,37,31
SRG2J1WS9X63,2019,55,28
SRG2J1WS9X63,2020,111,25
SRG2J1WS9X63,2021,138,26
SRG2J1WS9X63,2022,144,23
SRG2J1WS9X63,2023,193,22
SRG2J1WS9X63,2024,219,30
SRG2J1WS9X63,2025,259,19
SRT1YX7KJQL4,2022,1,1
SRV7TZCMJCE4,2016,1,1
SRV7TZCMJCE4,2017,1,1
SRV7TZCMJCE4,2021,1,1
SRV7TZCMJCE4,2024,1,1
SRV7TZCMJCE4,2025,2,1
SS56A8CVNN59,2017,2,1
SS56A8CVNN59,2018,1,1
SS56A8CVNN59,2020,1,1
SSBMGSNT1X28,2022,1,1
SSGZSLPM3ND6,2018,1,1
SSGZSLPM3ND6,2022,2,2
SSMNEHNM5894,2018,1,1
SSMNEHNM5894,2021,1,1
SSMYSXM9Z9T1,2021,2,1
SSMYSXM9Z9T1,2023,1,1
SSMYSXM9Z9T1,2024,1,1
SSMYSXM9Z9T1,2025,2,1
SSUJB3GSH8A5,2016,229,62
SSUJB3GSH8A5,2017,221,68
SSUJB3GSH8A5,2018,231,86
SSUJB3GSH8A5,2019,188,79
SSUJB3GSH8A5,2020,220,87
SSUJB3GSH8A5,2021,203,90
SSUJB3GSH8A5,2022,207,83
SSUJB3GSH8A5,2023,223,90
SSUJB3GSH8A5,2024,174,90
SSUJB3GSH8A5,2025,198,87
SSUMBWLMM4F3,2020,1,1
ST5MES2DNE97,2018,2,2
ST5MES2DNE97,2019,1,1
ST5MES2DNE97,2022,1,1
ST93TQ1AWLJ7,2023,1,1
STBNEMMGWMK3,2023,1,1
STFNT4KCCDU3,2016,1,1
STFNT4KCCDU3,2018,1,1
STFNT4KCCDU3,2019,2,1
STFNT4KCCDU3,2020,8,3
STFNT4KCCDU3,2021,4,3
STFNT4KCCDU3,2022,5,2
STFNT4KCCDU3,2023,8,3
STFNT4KCCDU3,2024,6,3
STFNT4KCCDU3,2025,4,3
STK3MLEK1CG5,2018,1,1
STK3MLEK1CG5,2019,1,1
STK3MLEK1CG5,2021,1,1
STK3MLEK1CG5,2022,1,1
STMMFNCJLNK1,2016,1,1
STMMFNCJLNK1,2017,1,1
STMMFNCJLNK1,2018,1,1
STMMFNCJLNK1,2020,1,1
STMMFNCJLNK1,2022,1,1
STMMFNCJLNK1,2023,1,1
STMMFNCJLNK1,2024,2,2
STTZK8ZF37W4,2017,1,1
STTZK8ZF37W4,2018,1,1
STTZK8ZF37W4,2019,2,2
STVUYJ5T9F57,2025,1,1
SU6TW7AY5335,2023,1,1
SU7NFMFB9966,2018,1,1
SUH7H6LEZTS2,2017,3,1
SUH7H6LEZTS2,2019,1,1
SVKAP2HJFGD1,2018,1,1
SVKAP2HJFGD1,2019,1,1
SVKAP2HJFGD1,2020,1,1
SVKAP2HJFGD1,2021,3,2
SVZSJHR2A4T6,2016,4,4
SVZSJHR2A4T6,2017,10,3
SVZSJHR2A4T6,2018,11,5
SVZSJHR2A4T6,2019,19,8
SVZSJHR2A4T6,2020,10,5
SVZSJHR2A4T6,2021,11,8
SVZSJHR2A4T6,2022,9,5
SVZSJHR2A4T6,2023,19,12
SVZSJHR2A4T6,2024,11,12
SVZSJHR2A4T6,2025,7,6
SWR6LN1PSNM5,2025,2,2
SWV9EK5S9BX5,2017,1,1
SWV9EK5S9BX5,2024,2,2
SWV9EK5S9BX5,2025,1,1
SXBYTG4ZA8W4,2017,1,1
SXBYTG4ZA8W4,2019,1,1
SY9MCUG98L17,2020,1,1
SYC7ELNKMLE6,2022,2,1
SYC7ELNKMLE6,2023,2,1
SYELB4K7LDE8,2024,1,1
SZ32VTCXM799,2016,190,86
SZ32VTCXM799,2017,220,91
SZ32VTCXM799,2018,251,122
SZ32VTCXM799,2019,263,127
SZ32VTCXM799,2020,268,135
SZ32VTCXM799,2021,350,166
SZ32VTCXM799,2022,352,189
SZ32VTCXM799,2023,330,167
SZ32VTCXM799,2024,328,153
SZ32VTCXM799,2025,331,172
SZAKFNU35ZX5,2016,82,22
SZAKFNU35ZX5,2017,74,33
SZAKFNU35ZX5,2018,92,35
SZAKFNU35ZX5,2019,88,39
SZAKFNU35ZX5,2020,85,41
SZAKFNU35ZX5,2021,73,44
SZAKFNU35ZX5,2022,51,35
SZAKFNU35ZX5,2023,54,36
SZAKFNU35ZX5,2024,57,45
SZAKFNU35ZX5,2025,32,33
SZPJL5ZRCLF4,2016,335,114
SZPJL5ZRCLF4,2017,353,145
SZPJL5ZRCLF4,2018,364,152
SZPJL5ZRCLF4,2019,342,170
SZPJL5ZRCLF4,2020,428,210
SZPJL5ZRCLF4,2021,392,201
SZPJL5ZRCLF4,2022,443,222
SZPJL5ZRCLF4,2023,427,240
SZPJL5ZRCLF4,2024,435,241
SZPJL5ZRCLF4,2025,417,221
T1BPBVGMZ9L4,2016,1,1
T1BPBVGMZ9L4,2019,1,1
T1BPBVGMZ9L4,2021,1,1
T1BPBVGMZ9L4,2024,1,1
T1ZHJRGR7TF4,2020,3,2
T1ZHJRGR7TF4,2023,2,2
T1ZHJRGR7TF4,2024,2,2
T1ZHJRGR7TF4,2025,1,1
T231F5K6Z6L3,2022,1,1
T231F5K6Z6L3,2023,1,1
T231F5K6Z6L3,2024,1,1
T25FLAVQHKP5,2023,1,1
T25FLAVQHKP5,2025,1,1
T2HRQJP6L694,2020,1,1
T2HRQJP6L694,2022,1,1
T2HRQJP6L694,2023,1,1
T3B4DWYVH7L5,2016,3,2
T3B4DWYVH7L5,2017,3,2
T3B4DWYVH7L5,2018,5,3
T3B4DWYVH7L5,2019,10,3
T3B4DWYVH7L5,2020,18,5
T3B4DWYVH7L5,2021,27,5
T3B4DWYVH7L5,2022,21,6
T3B4DWYVH7L5,2023,12,6
T3B4DWYVH7L5,2024,21,5
T3B4DWYVH7L5,2025,15,4
T3NGNR66YK89,2016,38,16
T3NGNR66YK89,2017,49,23
T3NGNR66YK89,2018,61,21
T3NGNR66YK89,2019,52,26
T3NGNR66YK89,2020,53,29
T3NGNR66YK89,2021,42,24
T3NGNR66YK89,2022,53,26
T3NGNR66YK89,2023,46,31
T3NGNR66YK89,2024,35,27
T3NGNR66YK89,2025,43,27
T41EGEAK2L35,2017,1,1
T41EGEAK2L35,2020,1,1
T46MN5JN74V5,2018,1,1
T4JKC8B27PJ7,2018,1,1
T4JKC8B27PJ7,2021,1,1
T4NNJMGH9QL9,2018,1,1
T56BV185GKB6,2024,1,1
T56BV185GKB6,2025,1,1
T5BFF2BJ8SE3,2018,1,1
T5BFF2BJ8SE3,2019,1,1
T5BFF2BJ8SE3,2022,1,1
T5BFF2BJ8SE3,2023,2,2
T5BFF2BJ8SE3,2024,1,2
T5BFF2BJ8SE3,2025,1,2
T5NAKQ2DKX69,2017,2,1
T6J4WBXF9EB1,2025,1,4
T6J6AF3AM8M8,2016,12,7
T6J6AF3AM8M8,2017,12,8
T6J6AF3AM8M8,2018,15,13
T6J6AF3AM8M8,2019,26,13
T6J6AF3AM8M8,2020,22,11
T6J6AF3AM8M8,2021,30,15
T6J6AF3AM8M8,2022,28,14
T6J6AF3AM8M8,2023,33,26
T6J6AF3AM8M8,2024,27,24
T6J6AF3AM8M8,2025,39,23
T6R1YQK65LJ3,2016,1,1
T6R1YQK65LJ3,2017,1,1
T6R1YQK65LJ3,2018,2,1
T6R1YQK65LJ3,2019,3,1
T6R1YQK65LJ3,2023,2,1
T6R1YQK65LJ3,2024,1,1
T6R1YQK65LJ3,2025,2,1
T72NHKM259N3,2016,249,49
T72NHKM259N3,2017,266,63
T72NHKM259N3,2018,318,78
T72NHKM259N3,2019,283,86
T72NHKM259N3,2020,314,91
T72NHKM259N3,2021,313,112
T72NHKM259N3,2022,307,110
T72NHKM259N3,2023,346,117
T72NHKM259N3,2024,324,123
T72NHKM259N3,2025,320,133
T76SSTMPJAA7,2016,1,1
T76SSTMPJAA7,2018,1,1
T76SSTMPJAA7,2019,1,1
T76SSTMPJAA7,2020,2,1
T76SSTMPJAA7,2021,2,1
T76SSTMPJAA7,2023,1,1
T7F8QNZGQ2A1,2019,1,1
T7F8QNZGQ2A1,2020,2,1
T7F8QNZGQ2A1,2021,1,1
T7F8QNZGQ2A1,2022,1,1
T7JHAJ8599F7,2017,1,1
T7SWKPALXK88,2019,1,1
T7SWKPALXK88,2021,1,1
T7SWKPALXK88,2022,1,1
T7TDBHDM3KH9,2025,1,1
T862L2C8KCJ3,2017,1,1
T862L2C8KCJ3,2018,1,1
T87GHUJ1TXG7,2022,1,2
T87GHUJ1TXG7,2023,1,1
T8BLSFLLLKN4,2023,1,1
T8LLKFJUQJP4,2020,2,1
T8MYRLLJXFY3,2017,1,1
T8MYRLLJXFY3,2018,3,2
T8MYRLLJXFY3,2019,1,1
T8MYRLLJXFY3,2022,1,1
T8TPBYQ862F9,2022,1,1
T8TPBYQ862F9,2023,3,1
T9NGMH8MYAR3,2016,1,1
TAKEXWCLRSA8,2023,3,1
TAKEXWCLRSA8,2024,2,2
TAKEXWCLRSA8,2025,3,2
TALRGESRV6C8,2018,1,1
TALRGESRV6C8,2020,2,1
TB9KBM6FP991,2023,1,1
TB9KBM6FP991,2024,1,1
TBAHL1WANLF3,2018,1,1
TBAHL1WANLF3,2019,2,1
TBAHL1WANLF3,2020,3,3
TBAHL1WANLF3,2021,3,2
TBAHL1WANLF3,2022,5,2
TBAHL1WANLF3,2023,3,3
TBAHL1WANLF3,2024,3,2
TBAHL1WANLF3,2025,3,2
TBBNREFT3LD3,2016,1,1
TBBNREFT3LD3,2017,1,1
TBBNREFT3LD3,2019,1,1
TBBNREFT3LD3,2023,2,1
TBBNREFT3LD3,2024,2,1
TCFNQJEVEHM9,2025,1,1
TCMMHB95V224,2020,1,1
TCWVSPLJ3DM9,2020,1,1
TD1AGBZJZRA3,2020,3,1
TD49QKRDKGX5,2023,1,1
TD49QKRDKGX5,2024,1,1
TDARNMFL46M1,2022,1,1
TDGANH2K4J93,2023,1,1
TDGUJ1WA4UJ9,2016,10,1
TDGUJ1WA4UJ9,2017,17,1
TDGUJ1WA4UJ9,2018,38,1
TDGUJ1WA4UJ9,2019,30,1
TDGUJ1WA4UJ9,2020,37,2
TDGUJ1WA4UJ9,2021,47,2
TDGUJ1WA4UJ9,2022,48,2
TDGUJ1WA4UJ9,2023,94,2
TDGUJ1WA4UJ9,2024,126,2
TDGUJ1WA4UJ9,2025,103,2
TDN4SAKNFAD5,2016,1,1
TDN4SAKNFAD5,2017,2,2
TDN4SAKNFAD5,2018,2,1
TDN4SAKNFAD5,2023,1,1
TDNXM9CDFMA6,2017,1,1
TDNXM9CDFMA6,2019,1,1
TE1NNNXJQCD7,2021,1,1
TE1NNNXJQCD7,2022,1,1
TE1NNNXJQCD7,2023,4,1
TE1NNNXJQCD7,2024,8,1
TE1NNNXJQCD7,2025,5,1
TEMNL437K2F1,2019,1,1
TEMNL437K2F1,2020,1,1
TEMNL437K2F1,2021,1,1
TENTJEMKBE84,2018,1,1
TENTJEMKBE84,2019,1,1
TENTJEMKBE84,2021,7,1
TENTJEMKBE84,2022,13,1
TENTJEMKBE84,2023,60,1
TENTJEMKBE84,2024,116,1
TENTJEMKBE84,2025,121,1
TF2CMKY1HMX9,2016,397,93
TF2CMKY1HMX9,2017,391,112
TF2CMKY1HMX9,2018,356,110
TF2CMKY1HMX9,2019,281,122
TF2CMKY1HMX9,2020,330,136
TF2CMKY1HMX9,2021,384,146
TF2CMKY1HMX9,2022,372,154
TF2CMKY1HMX9,2023,352,147
TF2CMKY1HMX9,2024,362,160
TF2CMKY1HMX9,2025,394,164
TF38PLGK9C53,2017,1,1
TF38PLGK9C53,2018,2,1
TF95ZNS9JZU9,2024,1,1
TF95ZNS9JZU9,2025,1,1
TFPVK5DAT679,2017,1,1
TFPVK5DAT679,2019,1,1
TFPVK5DAT679,2020,2,2
TFPVK5DAT679,2022,1,1
TFPVK5DAT679,2023,1,1
TFR8QTK9H5M5,2022,1,1
TFR8QTK9H5M5,2023,4,1
TFR8QTK9H5M5,2024,4,2
TFR8QTK9H5M5,2025,5,2
TG8PD8YBNQG3,2024,1,1
TGDZK5B8Z3J7,2025,1,2
TGWXNHCYTTR3,2018,1,1
TGWXNHCYTTR3,2019,1,1
TGWXNHCYTTR3,2021,1,1
TGWXNHCYTTR3,2022,1,1
TGWXNHCYTTR3,2023,1,1
TGWXNHCYTTR3,2024,1,1
TH7KCXJBEJ35,2023,2,1
TH7KCXJBEJ35,2024,1,1
THL6A6JLE1S7,2016,255,107
THL6A6JLE1S7,2017,240,115
THL6A6JLE1S7,2018,279,137
THL6A6JLE1S7,2019,285,140
THL6A6JLE1S7,2020,387,188
THL6A6JLE1S7,2021,316,180
THL6A6JLE1S7,2022,317,191
THL6A6JLE1S7,2023,413,210
THL6A6JLE1S7,2024,400,207
THL6A6JLE1S7,2025,403,232
THX7KH767NT3,2023,1,1
THX7KH767NT3,2024,1,1
TJ1JCE59GKX3,2017,2,1
TJ1JCE59GKX3,2018,1,1
TJ1JCE59GKX3,2019,1,2
TJ1JCE59GKX3,2020,1,1
TJ1JCE59GKX3,2021,2,2
TJ1JCE59GKX3,2022,1,1
TJ1JCE59GKX3,2023,1,1
TJ1JCE59GKX3,2025,1,2
TJ7BGNYNVFN3,2021,1,2
TJDUDJHDFL31,2021,4,1
TJDUDJHDFL31,2022,1,1
TJDUDJHDFL31,2023,1,1
TJDUDJHDFL31,2024,1,1
TJDUDJHDFL31,2025,2,2
TJFZLPP6NYL6,2016,405,48
TJFZLPP6NYL6,2017,416,68
TJFZLPP6NYL6,2018,489,97
TJFZLPP6NYL6,2019,548,117
TJFZLPP6NYL6,2020,683,145
TJFZLPP6NYL6,2021,806,181
TJFZLPP6NYL6,2022,732,192
TJFZLPP6NYL6,2023,805,237
TJFZLPP6NYL6,2024,773,255
TJFZLPP6NYL6,2025,785,256
TJV7T8A8Y2X1,2022,2,1
TJWEFWAH8JK6,2024,1,2
TK5AKDP8CSZ7,2023,1,1
TK5AKDP8CSZ7,2025,1,2
TK7RL3R376N1,2018,2,1
TK8XZXP2MGQ4,2018,1,1
TKECQDEX4LA9,2024,1,1
TKECQDEX4LA9,2025,1,1
TKGGWQDKG7F7,2025,1,1
TKS7NBB4JDN6,2016,5,1
TKS7NBB4JDN6,2017,4,1
TKS7NBB4JDN6,2018,7,1
TKS7NBB4JDN6,2019,1,1
TKS7NBB4JDN6,2020,13,3
TKS7NBB4JDN6,2021,10,3
TKS7NBB4JDN6,2022,11,3
TKS7NBB4JDN6,2023,9,2
TKS7NBB4JDN6,2024,7,3
TKS7NBB4JDN6,2025,6,3
TL2KN3MVQSA1,2024,1,1
TLHXKD9DW5L5,2016,1,1
TLM3ATBMLL53,2022,2,1
TLMLBB8Y4SA3,2017,2,1
TLMLBB8Y4SA3,2018,5,1
TLMLBB8Y4SA3,2019,2,2
TLMLBB8Y4SA3,2020,1,1
TLMLBB8Y4SA3,2021,3,1
TLMLBB8Y4SA3,2022,3,2
TLPZZJEMNND1,2025,1,2
TLVMVN8EFNU3,2021,1,1
TLVMVN8EFNU3,2023,1,1
TM98GAF3Z6Q6,2016,3,1
TM98GAF3Z6Q6,2018,3,1
TM98GAF3Z6Q6,2020,1,2
TM98GAF3Z6Q6,2023,1,2
TM98GAF3Z6Q6,2025,1,1
TM9RF1FVU9T9,2019,1,1
TMUNB2WZ5JB7,2016,1,1
TNCHH7GQXHY4,2020,1,1
TNCHH7GQXHY4,2021,3,1
TNCHH7GQXHY4,2022,1,1
TNCHH7GQXHY4,2024,1,1
TNCHH7GQXHY4,2025,1,1
TNKGNDAWB445,2016,318,105
TNKGNDAWB445,2017,362,126
TNKGNDAWB445,2018,366,137
TNKGNDAWB445,2019,403,149
TNKGNDAWB445,2020,408,185
TNKGNDAWB445,2021,408,196
TNKGNDAWB445,2022,438,208
TNKGNDAWB445,2023,425,206
TNKGNDAWB445,2024,404,201
TNKGNDAWB445,2025,429,203
TNNMX4JCPCE8,2016,2,1
TNNMX4JCPCE8,2020,1,1
TNYUTKB65UK9,2025,1,1
TP74UMNGJDJ1,2018,1,1
TP74UMNGJDJ1,2020,1,1
TP74UMNGJDJ1,2023,2,4
TP74UMNGJDJ1,2024,1,1
TP7EK8DZV6N5,2016,1940,666
TP7EK8DZV6N5,2017,2047,811
TP7EK8DZV6N5,2018,2101,908
TP7EK8DZV6N5,2019,2096,937
TP7EK8DZV6N5,2020,2226,1056
TP7EK8DZV6N5,2021,2346,1094
TP7EK8DZV6N5,2022,2325,1092
TP7EK8DZV6N5,2023,2471,1142
TP7EK8DZV6N5,2024,2429,1159
TP7EK8DZV6N5,2025,2485,1213
TP8KS5F1YMM3,2018,1,1
TP8KS5F1YMM3,2021,3,1
TP8KS5F1YMM3,2023,1,1
TPALZA9N4M11,2018,1,1
TPALZA9N4M11,2019,3,2
TPALZA9N4M11,2020,5,3
TPALZA9N4M11,2021,11,4
TPALZA9N4M11,2022,12,4
TPALZA9N4M11,2023,17,4
TPALZA9N4M11,2024,27,5
TPALZA9N4M11,2025,30,5
TQ45HEKL1B43,2019,11,1
TQ45HEKL1B43,2021,1,1
TQ45HEKL1B43,2022,1,1
TQ67ST6YELX5,2018,2,2
TQ67ST6YELX5,2019,2,2
TQ67ST6YELX5,2021,2,2
TQ67ST6YELX5,2022,4,2
TQ67ST6YELX5,2023,1,1
TQ67ST6YELX5,2024,3,3
TQ67ST6YELX5,2025,4,3
TQCJUED1WEF9,2017,3,3
TQCJUED1WEF9,2018,8,2
TQCJUED1WEF9,2019,6,2
TQCJUED1WEF9,2020,3,2
TQCJUED1WEF9,2021,5,1
TQCJUED1WEF9,2022,1,1
TQCJUED1WEF9,2023,2,2
TQCJUED1WEF9,2024,2,2
TQCJUED1WEF9,2025,1,1
TR2JY3B7FWK7,2018,2,1
TR2JY3B7FWK7,2019,1,1
TR2JY3B7FWK7,2020,3,1
TR2JY3B7FWK7,2021,1,1
TR2JY3B7FWK7,2022,1,1
TR9RX33188T4,2016,5,3
TR9RX33188T4,2017,4,4
TR9RX33188T4,2018,4,3
TR9RX33188T4,2020,4,3
TR9RX33188T4,2021,1,1
TR9RX33188T4,2023,1,1
TR9RX33188T4,2024,2,2
TR9RX33188T4,2025,2,2
TRCELQ72NMC3,2022,1,2
TRJMZK3QZ6V3,2024,1,1
TRJMZK3QZ6V3,2025,1,1
TRMDNABWE872,2017,2,1
TRMDNABWE872,2020,2,2
TRMDNABWE872,2021,1,1
TRMDNABWE872,2022,3,2
TRMDNABWE872,2023,5,2
TRMDNABWE872,2024,3,3
TRMDNABWE872,2025,4,4
TS2LXAN2W8A8,2017,2,1
TS2LXAN2W8A8,2018,1,1
TS2LXAN2W8A8,2021,1,1
TSBCF1BJ6798,2021,1,1
TSBCF1BJ6798,2023,1,1
TSDUXS8SK2L3,2025,2,1
TSJKJXX5GNN8,2016,2,2
TSJKJXX5GNN8,2017,3,2
TSJKJXX5GNN8,2019,1,2
TSJKJXX5GNN8,2020,2,2
TSJKJXX5GNN8,2021,1,1
TSJKJXX5GNN8,2023,1,1
TSNLH5CGGU55,2020,1,1
TSNLH5CGGU55,2021,2,1
TSNLH5CGGU55,2022,1,1
TT17CQEWLNF1,2025,1,1
TUHMQHM4LVE3,2025,1,1
TULGQ4ABZSC1,2023,1,1
TUMCX1C2C4B3,2016,1,1
TUMCX1C2C4B3,2017,1,1
TUMCX1C2C4B3,2018,1,1
TUMCX1C2C4B3,2019,2,2
TUMCX1C2C4B3,2020,1,1
TUS8D6ZGL9R3,2016,82,3
TUS8D6ZGL9R3,2017,100,3
TUS8D6ZGL9R3,2018,67,3
TUS8D6ZGL9R3,2019,79,3
TUS8D6ZGL9R3,2020,71,3
TUS8D6ZGL9R3,2021,85,3
TUS8D6ZGL9R3,2022,69,3
TUS8D6ZGL9R3,2023,89,3
TUS8D6ZGL9R3,2024,86,3
TUS8D6ZGL9R3,2025,78,3
TUY5ZNJNHMC1,2021,1,1
TUY5ZNJNHMC1,2024,1,1
TV68WM7PHYW3,2025,1,1
TV8ERUC6NGJ7,2017,1,1
TVYWG7KY4XL8,2018,4,2
TVYWG7KY4XL8,2019,6,2
TVYWG7KY4XL8,2020,4,2
TVYWG7KY4XL8,2021,4,2
TVYWG7KY4XL8,2022,5,1
TVYWG7KY4XL8,2023,2,2
TVYWG7KY4XL8,2024,3,2
TVYWG7KY4XL8,2025,4,2
TWSCJ6T3LNW7,2023,1,1
TWSCJ6T3LNW7,2024,1,1
TWSCJ6T3LNW7,2025,2,2
TX2DAGQPENZ5,2016,1330,414
TX2DAGQPENZ5,2017,1375,458
TX2DAGQPENZ5,2018,1485,514
TX2DAGQPENZ5,2019,1424,546
TX2DAGQPENZ5,2020,1543,632
TX2DAGQPENZ5,2021,1454,643
TX2DAGQPENZ5,2022,1435,621
TX2DAGQPENZ5,2023,1523,662
TX2DAGQPENZ5,2024,1413,672
TX2DAGQPENZ5,2025,1475,709
TYHDLNB65NJ1,2021,1,1
TYHDLNB65NJ1,2022,1,1
TYHDLNB65NJ1,2025,1,1
TYJEPW6N1W98,2016,1,1
TYJEPW6N1W98,2021,1,1
TYJEPW6N1W98,2022,1,1
TYJEPW6N1W98,2023,2,2
TYJEPW6N1W98,2025,1,1
TYVNMW8FNQQ3,2016,280,62
TYVNMW8FNQQ3,2017,258,73
TYVNMW8FNQQ3,2018,240,96
TYVNMW8FNQQ3,2019,240,111
TYVNMW8FNQQ3,2020,265,124
TYVNMW8FNQQ3,2021,298,141
TYVNMW8FNQQ3,2022,285,147
TYVNMW8FNQQ3,2023,309,151
TYVNMW8FNQQ3,2024,253,129
TYVNMW8FNQQ3,2025,237,109
TZMELKRFSPL8,2016,2,1
TZMELKRFSPL8,2019,1,1
U11BUN3J3E88,2016,4,1
U11BUN3J3E88,2017,1,1
U11BUN3J3E88,2021,1,1
U11BUN3J3E88,2022,1,1
U151KVR7BLH5,2023,2,1
U151KVR7BLH5,2024,3,1
U151KVR7BLH5,2025,2,1
U1FCTD9GJAR7,2023,1,1
U1HJX789X9D1,2016,1,1
U1HJX789X9D1,2018,1,1
U1HJX789X9D1,2023,1,1
U1J5NMLDZNM7,2022,1,1
U1L2PRKYF9T3,2016,1,1
U1L2PRKYF9T3,2017,2,1
U1L2PRKYF9T3,2018,3,1
U1L2PRKYF9T3,2019,4,2
U1L2PRKYF9T3,2020,4,2
U1L2PRKYF9T3,2021,7,4
U1L2PRKYF9T3,2022,5,3
U1L2PRKYF9T3,2023,7,3
U1L2PRKYF9T3,2024,5,3
U1L2PRKYF9T3,2025,4,3
U1MJXNAEZKD1,2022,1,1
U1MJXNAEZKD1,2023,1,1
U1MJXNAEZKD1,2024,1,1
U1MJXNAEZKD1,2025,1,1
U1TNJGPGNHA9,2024,1,1
U2GFDNG56JE8,2021,2,2
U2JMKHNS5TG4,2016,285,119
U2JMKHNS5TG4,2017,293,147
U2JMKHNS5TG4,2018,296,152
U2JMKHNS5TG4,2019,230,138
U2JMKHNS5TG4,2020,245,145
U2JMKHNS5TG4,2021,263,141
U2JMKHNS5TG4,2022,225,150
U2JMKHNS5TG4,2023,260,159
U2JMKHNS5TG4,2024,267,161
U2JMKHNS5TG4,2025,279,119
U2LMFGLFDBU5,2018,1,1
U2LMFGLFDBU5,2021,2,1
U2LMFGLFDBU5,2022,1,1
U2LMFGLFDBU5,2023,2,1
U3JSXNNZLP57,2020,2,1
U3JSXNNZLP57,2022,2,1
U3JSXNNZLP57,2023,1,1
U3JSXNNZLP57,2024,1,1
U3JSXNNZLP57,2025,2,1
U3NKNFLNQ613,2016,144,57
U3NKNFLNQ613,2017,155,62
U3NKNFLNQ613,2018,184,79
U3NKNFLNQ613,2019,148,74
U3NKNFLNQ613,2020,144,74
U3NKNFLNQ613,2021,190,95
U3NKNFLNQ613,2022,236,116
U3NKNFLNQ613,2023,204,104
U3NKNFLNQ613,2024,246,102
U3NKNFLNQ613,2025,277,129
U3NVH931QJJ3,2016,150,66
U3NVH931QJJ3,2017,180,70
U3NVH931QJJ3,2018,197,78
U3NVH931QJJ3,2019,172,91
U3NVH931QJJ3,2020,263,113
U3NVH931QJJ3,2021,246,117
U3NVH931QJJ3,2022,242,121
U3NVH931QJJ3,2023,267,129
U3NVH931QJJ3,2024,267,141
U3NVH931QJJ3,2025,268,147
U3YHM5TMMCZ9,2017,1,1
U3YHM5TMMCZ9,2018,3,4
U3YHM5TMMCZ9,2021,2,3
U3YHM5TMMCZ9,2022,2,3
U3YHM5TMMCZ9,2024,1,2
U3YHM5TMMCZ9,2025,1,1
U3ZFA57417D4,2016,4,1
U3ZFA57417D4,2017,3,3
U3ZFA57417D4,2018,3,2
U3ZFA57417D4,2019,1,1
U3ZFA57417D4,2020,5,4
U3ZFA57417D4,2021,2,2
U3ZFA57417D4,2022,3,2
U3ZFA57417D4,2023,2,2
U3ZFA57417D4,2024,4,3
U3ZFA57417D4,2025,10,5
U44ZMVYU52U6,2016,135,35
U44ZMVYU52U6,2017,101,39
U44ZMVYU52U6,2018,99,44
U44ZMVYU52U6,2019,83,47
U44ZMVYU52U6,2020,97,50
U44ZMVYU52U6,2021,67,43
U44ZMVYU52U6,2022,68,52
U44ZMVYU52U6,2023,67,43
U44ZMVYU52U6,2024,58,47
U44ZMVYU52U6,2025,71,49
U46RJM97ML83,2016,47,7
U46RJM97ML83,2017,46,8
U46RJM97ML83,2018,35,6
U46RJM97ML83,2019,57,10
U46RJM97ML83,2020,33,9
U46RJM97ML83,2021,42,10
U46RJM97ML83,2022,39,10
U46RJM97ML83,2023,26,10
U46RJM97ML83,2024,38,12
U46RJM97ML83,2025,39,14
U48CHEQC2HD5,2021,1,1
U48CHEQC2HD5,2023,1,1
U4LEMWXKEJY6,2017,1,1
U4LEMWXKEJY6,2018,1,1
U4LEMWXKEJY6,2020,3,1
U4LEMWXKEJY6,2021,4,1
U4LEMWXKEJY6,2022,5,1
U4LEMWXKEJY6,2023,1,1
U4LEMWXKEJY6,2024,2,1
U4LEMWXKEJY6,2025,1,1
U4RAHVD6K3D8,2016,2,2
U4RAHVD6K3D8,2017,2,3
U4RAHVD6K3D8,2018,2,2
U4SCDG6B6NM8,2016,1,1
U4SCDG6B6NM8,2017,2,1
U4SCDG6B6NM8,2018,4,4
U4SCDG6B6NM8,2019,5,2
U4SCDG6B6NM8,2020,1,1
U4SCDG6B6NM8,2021,2,2
U4SCDG6B6NM8,2022,5,3
U4SCDG6B6NM8,2023,2,3
U4SCDG6B6NM8,2024,6,4
U4SCDG6B6NM8,2025,2,2
U4YMUH7HZ6X5,2022,1,1
U4YMUH7HZ6X5,2025,1,1
U5GMACGETKJ1,2017,1,1
U5GMACGETKJ1,2018,3,2
U5GMACGETKJ1,2019,3,2
U5GMACGETKJ1,2020,3,2
U5GMACGETKJ1,2021,5,2
U5GMACGETKJ1,2022,6,2
U5GMACGETKJ1,2023,4,2
U5GMACGETKJ1,2024,2,1
U5GMACGETKJ1,2025,1,1
U5MMBAC9XAM5,2023,1,1
U5MMBAC9XAM5,2024,1,1
U5MRJDKCL1D7,2017,2,1
U5MRJDKCL1D7,2018,3,1
U5MRJDKCL1D7,2019,1,1
U5MRJDKCL1D7,2020,1,1
U5N4FTKYGVR4,2016,1,1
U5N4FTKYGVR4,2021,1,1
U5N4FTKYGVR4,2024,1,1
U5WBFKEBLMX3,2016,80,26
U5WBFKEBLMX3,2017,61,24
U5WBFKEBLMX3,2018,65,28
U5WBFKEBLMX3,2019,58,26
U5WBFKEBLMX3,2020,88,33
U5WBFKEBLMX3,2021,70,36
U5WBFKEBLMX3,2022,85,42
U5WBFKEBLMX3,2023,64,30
U5WBFKEBLMX3,2024,80,35
U5WBFKEBLMX3,2025,62,35
U6CKP43FKKE7,2017,1,1
U6CKP43FKKE7,2020,1,1
U6CKP43FKKE7,2022,4,2
U6KWJVLD1NU5,2020,12,1
U6KWJVLD1NU5,2021,11,1
U6KWJVLD1NU5,2022,5,1
U6QPDNXH49L5,2023,2,1
U6YNGSXP2DJ4,2025,1,1
U794NBT277H3,2022,1,1
U794NBT277H3,2023,1,1
U794NBT277H3,2024,1,1
U794NBT277H3,2025,3,1
U7LTK2STCS59,2016,6,1
U7LTK2STCS59,2017,7,1
U7LTK2STCS59,2018,7,1
U7LTK2STCS59,2019,8,1
U7LTK2STCS59,2020,11,1
U7LTK2STCS59,2021,9,1
U7LTK2STCS59,2022,3,1
U7LTK2STCS59,2023,2,1
U7LTK2STCS59,2024,4,1
U7LTK2STCS59,2025,2,1
U7UTK8MKEXB1,2018,3,1
U7UTK8MKEXB1,2022,1,1
U8HJKRULEFH8,2021,1,1
U8QUQGMLSM17,2024,1,1
U8QUQGMLSM17,2025,1,1
U93NDFLVGKL3,2023,1,1
U93NDFLVGKL3,2024,1,1
U93NDFLVGKL3,2025,3,1
U9EDNSCHTBE7,2016,39,15
U9EDNSCHTBE7,2017,51,21
U9EDNSCHTBE7,2018,34,21
U9EDNSCHTBE7,2019,30,17
U9EDNSCHTBE7,2020,32,22
U9EDNSCHTBE7,2021,34,21
U9EDNSCHTBE7,2022,43,23
U9EDNSCHTBE7,2023,43,22
U9EDNSCHTBE7,2024,34,17
U9EDNSCHTBE7,2025,23,15
U9FRT7W4SZ34,2024,1,1
U9FRT7W4SZ34,2025,1,1
U9JCYEXFEEU4,2016,21,5
U9JCYEXFEEU4,2017,22,6
U9JCYEXFEEU4,2018,8,6
U9JCYEXFEEU4,2019,24,6
U9JCYEXFEEU4,2020,5,3
U9JCYEXFEEU4,2021,6,2
U9JCYEXFEEU4,2022,15,6
U9JCYEXFEEU4,2023,4,3
U9JCYEXFEEU4,2024,6,4
U9JCYEXFEEU4,2025,4,3
U9L9MKFL75D7,2024,1,1
UA9TWMEXZGE3,2022,1,1
UAAHHRVNWS95,2017,1,1
UAAHHRVNWS95,2018,1,1
UAAHHRVNWS95,2019,1,1
UAAHHRVNWS95,2022,1,1
UABYUNKMZSU1,2019,1,1
UABYUNKMZSU1,2024,1,1
UALMADRE9GM5,2017,1,1
UALMADRE9GM5,2021,1,1
UAQRBA244HM7,2025,2,1
UBAQQG2FK4S3,2020,3,2
UBAQQG2FK4S3,2021,1,1
UBAQQG2FK4S3,2022,3,1
UBAQQG2FK4S3,2023,4,2
UBAQQG2FK4S3,2024,3,2
UBAQQG2FK4S3,2025,1,1
UBXPYE6HUL84,2023,3,1
UBXPYE6HUL84,2024,3,1
UBXPYE6HUL84,2025,4,1
UC4EFLZHANH4,2020,1,1
UC4EFLZHANH4,2024,1,1
UC4EFLZHANH4,2025,2,2
UD14C86YPN55,2017,1,1
UD14C86YPN55,2018,2,1
UD14C86YPN55,2019,3,1
UD14C86YPN55,2020,1,1
UD14C86YPN55,2021,1,1
UD14C86YPN55,2022,1,1
UD14C86YPN55,2023,2,1
UD14C86YPN55,2024,1,1
UD4RRRFL7RV6,2021,1,1
UD6XW8DAGLK6,2018,1,1
UDDNE26Q4JH1,2016,1,1
UDDNE26Q4JH1,2017,1,1
UDDNE26Q4JH1,2019,1,1
UDDNE26Q4JH1,2022,2,1
UDDNE26Q4JH1,2023,1,1
UDDNE26Q4JH1,2025,5,1
UDH4NQY5CJU6,2024,1,1
UE4QJ1DZKAZ9,2021,1,1
UE5KCLMVSHU1,2016,8,2
UE5KCLMVSHU1,2017,8,2
UE5KCLMVSHU1,2018,13,5
UE5KCLMVSHU1,2019,6,2
UE5KCLMVSHU1,2020,9,6
UE5KCLMVSHU1,2021,11,10
UE5KCLMVSHU1,2022,24,15
UE5KCLMVSHU1,2023,29,18
UE5KCLMVSHU1,2024,29,19
UE5KCLMVSHU1,2025,20,18
UEN4RJGPDNR4,2016,10,1
UEN4RJGPDNR4,2017,5,1
UEN4RJGPDNR4,2018,2,2
UEN4RJGPDNR4,2020,1,1
UEN4RJGPDNR4,2021,1,1
UEN4RJGPDNR4,2024,1,1
UETLXV8NG8F4,2021,1,1
UETLXV8NG8F4,2022,5,1
UETLXV8NG8F4,2023,2,1
UETLXV8NG8F4,2024,1,1
UEZ1NQZ388J6,2023,1,1
UEZ1NQZ388J6,2025,1,1
UF3LV6W2W6K9,2016,5,1
UF3LV6W2W6K9,2017,4,1
UF3LV6W2W6K9,2018,9,1
UF3LV6W2W6K9,2019,3,1
UF3LV6W2W6K9,2020,4,2
UF3LV6W2W6K9,2021,6,4
UF3LV6W2W6K9,2022,15,5
UF3LV6W2W6K9,2023,21,6
UF3LV6W2W6K9,2024,13,6
UF3LV6W2W6K9,2025,6,1
UFJ8JM4CXU22,2018,5,2
UFJ8JM4CXU22,2019,1,3
UFJ8JM4CXU22,2020,4,3
UFJ8JM4CXU22,2021,2,1
UFJ8JM4CXU22,2023,1,3
UFJTL7QKSXH1,2025,1,1
UGMEBNM4WSL6,2016,2,1
UGMEBNM4WSL6,2017,5,6
UGMEBNM4WSL6,2018,6,3
UGMEBNM4WSL6,2019,3,6
UGMEBNM4WSL6,2020,3,3
UGMEBNM4WSL6,2022,2,2
UGMEBNM4WSL6,2024,1,1
UH42JHPJABK1,2019,1,1
UHKMAAYPA486,2019,1,1
UHKMAAYPA486,2020,2,1
UHKMAAYPA486,2021,2,1
UHKMAAYPA486,2023,2,1
UHRAL6NTQ649,2025,1,1
UHSSK72NUR11,2023,1,2
UJEMT86834H8,2017,1,1
UJEMT86834H8,2018,2,2
UJEMT86834H8,2019,2,2
UJEMT86834H8,2020,1,2
UJEMT86834H8,2021,1,2
UJEMT86834H8,2022,1,1
UJEMT86834H8,2023,2,2
UJEMT86834H8,2024,1,1
UJEMT86834H8,2025,1,1
UJEXGL9PNA97,2017,2,1
UJEXGL9PNA97,2018,1,1
UJEXGL9PNA97,2020,2,1
UJEXGL9PNA97,2021,2,2
UJEXGL9PNA97,2022,1,1
UJEXGL9PNA97,2023,1,1
UJEXGL9PNA97,2024,1,1
UJEXGL9PNA97,2025,1,1
UJGNPDP2ETM3,2016,2,2
UJGNPDP2ETM3,2017,4,2
UJGNPDP2ETM3,2018,9,5
UJGNPDP2ETM3,2019,6,3
UJGNPDP2ETM3,2020,3,2
UJGNPDP2ETM3,2021,9,4
UJGNPDP2ETM3,2022,4,4
UJGNPDP2ETM3,2023,11,7
UJGNPDP2ETM3,2024,11,9
UJGNPDP2ETM3,2025,12,7
UJURM4H1F6W6,2025,1,1
UK5GQC1GVNZ4,2019,2,2
UK5GQC1GVNZ4,2020,1,1
UK5GQC1GVNZ4,2023,2,1
UK5GQC1GVNZ4,2024,1,1
UK5GQC1GVNZ4,2025,1,1
UKDFFURQW5Z1,2019,1,1
UKDFFURQW5Z1,2022,1,1
UKDFFURQW5Z1,2023,1,1
UKL4W7SPH459,2019,1,1
UKL4W7SPH459,2020,1,2
UKL4W7SPH459,2021,2,2
UKL4W7SPH459,2022,1,1
UKL4W7SPH459,2023,2,3
UKL4W7SPH459,2025,1,2
UKLRCJ4QPJH5,2018,2,1
UKLRCJ4QPJH5,2019,1,1
UKLRCJ4QPJH5,2021,2,1
UKLRCJ4QPJH5,2022,1,2
UKLRCJ4QPJH5,2023,2,2
UKLRCJ4QPJH5,2024,3,2
UKLRCJ4QPJH5,2025,7,1
UKRDGUS65AU9,2021,2,1
UKRDGUS65AU9,2022,3,1
UKRDGUS65AU9,2023,1,1
UKRDGUS65AU9,2024,1,1
UKUZXHVRNCU6,2021,1,1
ULB2NMDNXC69,2016,1,1
ULB2NMDNXC69,2018,1,1
ULB2NMDNXC69,2019,1,1
ULB2NMDNXC69,2022,1,2
ULB2NMDNXC69,2023,1,1
ULB2NMDNXC69,2025,1,1
ULBJY4YK9ZX8,2016,4,1
ULBJY4YK9ZX8,2017,6,2
ULBJY4YK9ZX8,2018,5,2
ULBJY4YK9ZX8,2019,5,3
ULBJY4YK9ZX8,2020,11,2
ULBJY4YK9ZX8,2021,9,3
ULBJY4YK9ZX8,2022,7,2
ULBJY4YK9ZX8,2023,7,1
ULBJY4YK9ZX8,2024,9,1
ULBJY4YK9ZX8,2025,7,1
ULJQN58W9427,2019,1,1
ULJQN58W9427,2021,2,1
ULMJJBL7ZXX3,2016,91,23
ULMJJBL7ZXX3,2017,119,26
ULMJJBL7ZXX3,2018,120,37
ULMJJBL7ZXX3,2019,111,32
ULMJJBL7ZXX3,2020,164,45
ULMJJBL7ZXX3,2021,125,42
ULMJJBL7ZXX3,2022,132,46
ULMJJBL7ZXX3,2023,132,45
ULMJJBL7ZXX3,2024,177,69
ULMJJBL7ZXX3,2025,192,61
UMBLB77JJH57,2025,2,2
UMN5N6TC1LA3,2025,1,2
UMNQJC93JWQ1,2025,1,1
UMVJF4TJC2S6,2021,1,1
UMY9RGUMC775,2016,1,1
UMY9RGUMC775,2017,1,1
UMZ5JXEGW6M4,2021,1,1
UMZ5JXEGW6M4,2023,1,1
UN47T2LDC9X3,2016,1,1
UN47T2LDC9X3,2017,1,1
UN6JWBW8FPS5,2016,1,1
UNBDQ9UFGJJ6,2024,1,1
UNCHLL3LATK7,2023,2,1
UNLZML1XMU98,2021,1,1
UNLZML1XMU98,2022,2,1
UNLZML1XMU98,2024,1,1
UNLZML1XMU98,2025,2,2
UNUFSNRABMM5,2022,1,3
UNUFSNRABMM5,2024,2,3
UNUFSNRABMM5,2025,1,1
UNVDZNFA8R29,2016,1081,160
UNVDZNFA8R29,2017,1033,188
UNVDZNFA8R29,2018,1043,220
UNVDZNFA8R29,2019,1003,220
UNVDZNFA8R29,2020,1179,246
UNVDZNFA8R29,2021,1210,236
UNVDZNFA8R29,2022,1088,259
UNVDZNFA8R29,2023,1109,259
UNVDZNFA8R29,2024,958,247
UNVDZNFA8R29,2025,907,259
UP9BGM1JEM81,2022,1,1
UP9BGM1JEM81,2024,1,1
UP9BGM1JEM81,2025,1,1
UPF8J59ECZL7,2017,1,1
UPF8J59ECZL7,2019,1,1
UPF8J59ECZL7,2020,1,1
UPF8J59ECZL7,2021,1,1
UPKXGEA9AKT6,2016,1,1
UPKXGEA9AKT6,2017,1,1
UPKXGEA9AKT6,2018,1,1
UQ8FJSDQQQF6,2023,1,1
UQ8FJSDQQQF6,2025,2,2
UQYZXW3JWQD5,2018,1,1
UQYZXW3JWQD5,2019,1,1
UQYZXW3JWQD5,2021,1,1
UR1QSML7L1S5,2020,1,1
URG9TC2GBJD8,2019,1,1
URG9TC2GBJD8,2020,2,1
URG9TC2GBJD8,2021,4,1
URG9TC2GBJD8,2022,2,1
URG9TC2GBJD8,2023,4,1
URVKGZVFL8X5,2021,1,1
URVKGZVFL8X5,2022,1,1
URVKGZVFL8X5,2023,1,2
URVKGZVFL8X5,2024,4,2
URVKGZVFL8X5,2025,2,1
US1ECQXUDK35,2023,1,1
US1ECQXUDK35,2024,1,1
US1ECQXUDK35,2025,2,1
USCME5Z4GVN7,2024,1,1
USCME5Z4GVN7,2025,1,1
USWTE8MPR7H1,2022,1,1
UT42Z96HESD5,2025,1,1
UTAMLNZJPRA6,2018,1,1
UTAMLNZJPRA6,2019,1,1
UTMSA5FXSF65,2019,2,1
UTMSA5FXSF65,2020,1,1
UTXFNMYFB536,2020,1,1
UTXFNMYFB536,2022,4,1
UTXFNMYFB536,2023,3,1
UTXFNMYFB536,2024,2,2
UTXFNMYFB536,2025,3,1
UUKPRGLSK826,2020,2,1
UUKPRGLSK826,2021,1,1
UUUDTDHGF7H3,2023,1,1
UUUMQVGJNNX1,2016,119,35
UUUMQVGJNNX1,2017,130,44
UUUMQVGJNNX1,2018,144,38
UUUMQVGJNNX1,2019,117,45
UUUMQVGJNNX1,2020,123,42
UUUMQVGJNNX1,2021,116,44
UUUMQVGJNNX1,2022,119,51
UUUMQVGJNNX1,2023,111,41
UUUMQVGJNNX1,2024,71,42
UUUMQVGJNNX1,2025,83,43
UUWUXL8LS669,2016,1,1
UUWUXL8LS669,2017,1,1
UV2SRBX4N557,2019,1,1
UWDCK41CDGV4,2017,1,1
UWDCK41CDGV4,2021,1,1
UWLXYBUHG975,2017,1,2
UWLXYBUHG975,2025,2,4
UWNDWLEKHJC5,2025,1,1
UWNWSADJYYZ3,2018,3,4
UWNWSADJYYZ3,2019,2,3
UWNWSADJYYZ3,2020,4,6
UWNWSADJYYZ3,2021,10,12
UWNWSADJYYZ3,2022,4,4
UWNWSADJYYZ3,2023,8,11
UWNWSADJYYZ3,2024,9,14
UWNWSADJYYZ3,2025,8,10
UX4CNQ22L1A4,2021,1,1
UX4CNQ22L1A4,2022,1,1
UYB4K2ZUBD18,2019,1,1
UYB4K2ZUBD18,2020,1,1
UYB4K2ZUBD18,2021,1,1
UYB4K2ZUBD18,2022,1,1
UYB4K2ZUBD18,2023,2,1
UYB4K2ZUBD18,2024,2,2
UYB4K2ZUBD18,2025,1,1
UYL3F1M5BGK7,2021,1,1
UYLKBRENAPG5,2016,84,47
UYLKBRENAPG5,2017,97,36
UYLKBRENAPG5,2018,120,50
UYLKBRENAPG5,2019,88,43
UYLKBRENAPG5,2020,113,51
UYLKBRENAPG5,2021,87,49
UYLKBRENAPG5,2022,72,41
UYLKBRENAPG5,2023,102,55
UYLKBRENAPG5,2024,95,53
UYLKBRENAPG5,2025,87,49
UYTTZT6G9DT1,2016,2543,812
UYTTZT6G9DT1,2017,2430,963
UYTTZT6G9DT1,2018,2446,1014
UYTTZT6G9DT1,2019,2354,1102
UYTTZT6G9DT1,2020,2797,1216
UYTTZT6G9DT1,2021,2826,1268
UYTTZT6G9DT1,2022,2806,1293
UYTTZT6G9DT1,2023,2937,1382
UYTTZT6G9DT1,2024,2920,1303
UYTTZT6G9DT1,2025,3033,1343
UZEBKRA1N3N4,2020,1,1
UZEBKRA1N3N4,2022,1,1
UZEBKRA1N3N4,2025,1,1
V17JAHQF87A1,2016,6,3
V17JAHQF87A1,2017,5,3
V17JAHQF87A1,2018,1,2
V17JAHQF87A1,2019,1,1
V17JAHQF87A1,2020,2,1
V17JAHQF87A1,2021,3,2
V17JAHQF87A1,2022,1,1
V17JAHQF87A1,2023,1,1
V17JAHQF87A1,2024,1,1
V17JAHQF87A1,2025,1,2
V1WUYJCYJVJ4,2016,4,3
V1WUYJCYJVJ4,2017,7,4
V1WUYJCYJVJ4,2018,7,2
V1WUYJCYJVJ4,2019,2,1
V1WUYJCYJVJ4,2020,9,5
V1WUYJCYJVJ4,2021,4,4
V1WUYJCYJVJ4,2022,6,6
V1WUYJCYJVJ4,2023,5,9
V1WUYJCYJVJ4,2024,14,10
V1WUYJCYJVJ4,2025,25,11
V29SWGG4MQ64,2021,1,1
V29SWGG4MQ64,2023,2,1
V2KQH21BGKY5,2022,1,2
V2KQH21BGKY5,2025,1,3
V2QJESMXQN25,2022,1,1
V2QJESMXQN25,2023,1,1
V2QJESMXQN25,2024,1,1
V2QJESMXQN25,2025,3,1
V3F2YK3A3FT9,2018,1,1
V3KCP1HNFM33,2016,1,1
V3KCP1HNFM33,2017,2,1
V3KCP1HNFM33,2020,2,1
V3KCP1HNFM33,2022,2,2
V3KCP1HNFM33,2025,2,2
V42PXSKGYXJ5,2022,1,1
V42PXSKGYXJ5,2025,1,1
V4D1VDNDHYM3,2016,2,1
V4D1VDNDHYM3,2018,3,1
V4D1VDNDHYM3,2019,3,2
V4D1VDNDHYM3,2020,4,2
V4D1VDNDHYM3,2021,2,1
V4G4YSZ3NSK5,2016,2,1
V4G4YSZ3NSK5,2019,1,1
V4KBZRPUGXD9,2024,1,1
V4WWG1MLYNY5,2018,1,1
V4WWG1MLYNY5,2019,1,1
V56LELUJDMV5,2018,1,1
V56VBALC5ZK9,2022,1,1
V59YCD2658T4,2016,4,4
V59YCD2658T4,2017,4,4
V59YCD2658T4,2018,4,2
V59YCD2658T4,2019,4,3
V59YCD2658T4,2020,3,2
V59YCD2658T4,2021,2,2
V59YCD2658T4,2022,5,2
V59YCD2658T4,2023,2,2
V59YCD2658T4,2025,2,1
V5D6CC6CVHJ7,2017,2,2
V5D6CC6CVHJ7,2019,1,1
V5D6CC6CVHJ7,2021,3,2
V5D6CC6CVHJ7,2022,3,1
V5D6CC6CVHJ7,2023,1,1
V5D6CC6CVHJ7,2024,1,1
V5LLVC627U34,2016,35,16
V5LLVC627U34,2017,41,23
V5LLVC627U34,2018,37,27
V5LLVC627U34,2019,25,23
V5LLVC627U34,2020,41,31
V5LLVC627U34,2021,34,28
V5LLVC627U34,2022,38,29
V5LLVC627U34,2023,19,22
V5LLVC627U34,2024,33,28
V5LLVC627U34,2025,25,33
V5T3JYKJJ7D1,2019,1,1
V5T3JYKJJ7D1,2023,1,1
V5YMFNFBJTE3,2017,2,1
V5YMFNFBJTE3,2018,3,1
V5YMFNFBJTE3,2019,2,2
V62NC51F7YV1,2018,2,1
V62NC51F7YV1,2019,4,1
V62NC51F7YV1,2020,4,1
V62NC51F7YV1,2021,2,2
V62NC51F7YV1,2022,6,4
V62NC51F7YV1,2023,9,4
V62NC51F7YV1,2024,6,3
V62NC51F7YV1,2025,6,3
V6AFQPN18437,2016,620,216
V6AFQPN18437,2017,605,246
V6AFQPN18437,2018,674,293
V6AFQPN18437,2019,647,309
V6AFQPN18437,2020,694,337
V6AFQPN18437,2021,746,352
V6AFQPN18437,2022,731,350
V6AFQPN18437,2023,780,358
V6AFQPN18437,2024,747,384
V6AFQPN18437,2025,791,366
V6ALNRL9HLL8,2016,1,1
V6ALNRL9HLL8,2017,4,1
V6ALNRL9HLL8,2018,5,1
V6ALNRL9HLL8,2019,2,1
V6ALNRL9HLL8,2022,1,1
V6EQM9ABEM89,2016,4,4
V6EQM9ABEM89,2017,2,2
V6EQM9ABEM89,2018,3,3
V6EQM9ABEM89,2019,4,4
V6EQM9ABEM89,2020,4,3
V6EQM9ABEM89,2021,5,5
V6EQM9ABEM89,2022,3,5
V6EQM9ABEM89,2023,2,2
V6EQM9ABEM89,2024,5,3
V6EQM9ABEM89,2025,1,1
V6S1GT51XD56,2017,3,3
V6S1GT51XD56,2018,4,3
V6S1GT51XD56,2019,8,3
V6S1GT51XD56,2020,3,3
V6S1GT51XD56,2021,4,3
V6S1GT51XD56,2022,4,3
V6S1GT51XD56,2024,9,3
V6S1GT51XD56,2025,4,2
V6SXZL55NMZ9,2020,1,1
V6SXZL55NMZ9,2023,3,2
V6SXZL55NMZ9,2024,2,1
V6WTL4T5FFJ3,2016,13,6
V6WTL4T5FFJ3,2017,10,5
V6WTL4T5FFJ3,2018,12,6
V6WTL4T5FFJ3,2019,16,9
V6WTL4T5FFJ3,2020,7,8
V6WTL4T5FFJ3,2021,14,6
V6WTL4T5FFJ3,2022,10,9
V6WTL4T5FFJ3,2023,9,5
V6WTL4T5FFJ3,2024,15,11
V6WTL4T5FFJ3,2025,16,8
V7M5KUNK9LY7,2021,1,2
V7N9LBMKHN26,2023,1,1
V82LMZDHM9G9,2016,1,1
V82LMZDHM9G9,2017,1,1
V82LMZDHM9G9,2019,1,1
V8KZWL8C6GH4,2025,1,1
V8LXTLSHZH49,2024,2,1
V8LXTLSHZH49,2025,2,1
V913TCT2SFZ9,2016,40,29
V913TCT2SFZ9,2017,37,31
V913TCT2SFZ9,2018,33,31
V913TCT2SFZ9,2019,44,31
V913TCT2SFZ9,2020,58,34
V913TCT2SFZ9,2021,59,38
V913TCT2SFZ9,2022,43,24
V913TCT2SFZ9,2023,61,31
V913TCT2SFZ9,2024,39,27
V913TCT2SFZ9,2025,44,25
VA5JXLCJHDK7,2023,1,1
VAFZDM3KL794,2016,3,3
VAFZDM3KL794,2017,8,4
VAFZDM3KL794,2018,10,5
VAFZDM3KL794,2019,5,4
VAFZDM3KL794,2020,8,3
VAFZDM3KL794,2021,7,3
VAFZDM3KL794,2022,6,4
VAFZDM3KL794,2023,3,1
VAFZDM3KL794,2024,4,2
VAFZDM3KL794,2025,3,2
VARNNPGYAVK9,2020,1,1
VBVFBN15BTB6,2017,1,1
VBVFBN15BTB6,2018,9,1
VBVFBN15BTB6,2019,4,1
VBVFBN15BTB6,2020,4,1
VBVFBN15BTB6,2021,5,1
VBVFBN15BTB6,2024,2,1
VBVFBN15BTB6,2025,2,1
VBXLD6X8ZJB4,2024,3,2
VBYKVYLJT8Q3,2016,8,2
VBYKVYLJT8Q3,2017,17,2
VBYKVYLJT8Q3,2018,8,2
VBYKVYLJT8Q3,2019,22,2
VBYKVYLJT8Q3,2020,15,2
VBYKVYLJT8Q3,2021,17,2
VBYKVYLJT8Q3,2022,13,2
VBYKVYLJT8Q3,2023,14,2
VBYKVYLJT8Q3,2024,10,2
VBYKVYLJT8Q3,2025,5,1
VBZLTDNME7Z9,2017,1,1
VBZLTDNME7Z9,2022,1,1
VDFMCHPUVLJ3,2021,1,1
VDFMCHPUVLJ3,2022,1,2
VDFMCHPUVLJ3,2023,1,1
VDFYLZPJEAV6,2016,228,74
VDFYLZPJEAV6,2017,208,73
VDFYLZPJEAV6,2018,246,96
VDFYLZPJEAV6,2019,254,101
VDFYLZPJEAV6,2020,266,99
VDFYLZPJEAV6,2021,334,102
VDFYLZPJEAV6,2022,348,106
VDFYLZPJEAV6,2023,347,121
VDFYLZPJEAV6,2024,341,118
VDFYLZPJEAV6,2025,346,131
VDL9JZEHKXL1,2023,1,1
VDL9JZEHKXL1,2024,5,1
VDL9JZEHKXL1,2025,3,1
VDLYHPWZDHQ9,2020,1,1
VDQWNRRLVM15,2017,1,1
VDQWNRRLVM15,2018,1,1
VDQWNRRLVM15,2021,1,1
VES3GJ3DPBR5,2020,1,1
VF3YXVWLNK74,2016,3,1
VF3YXVWLNK74,2017,6,1
VF3YXVWLNK74,2019,2,1
VF3YXVWLNK74,2020,3,1
VF3YXVWLNK74,2021,1,1
VF3YXVWLNK74,2022,2,1
VF3YXVWLNK74,2023,3,1
VF58KDLKNNX5,2025,1,1
VFRLNECLH8F4,2018,1,1
VFT8TXT2BN43,2024,1,1
VG84D4KN5LR5,2019,1,1
VG84D4KN5LR5,2020,1,1
VG84D4KN5LR5,2021,4,3
VG84D4KN5LR5,2022,3,1
VG84D4KN5LR5,2023,5,2
VG8UFZCKCH79,2017,3,1
VG8UFZCKCH79,2018,4,1
VG8UFZCKCH79,2019,5,1
VG8UFZCKCH79,2020,4,1
VG8UFZCKCH79,2021,4,1
VG8UFZCKCH79,2022,1,1
VG8UFZCKCH79,2023,3,1
VGC5UMKAHMQ7,2017,3,2
VGJ9W1SX24L9,2022,1,1
VGJHK59NMPK9,2016,152,58
VGJHK59NMPK9,2017,185,73
VGJHK59NMPK9,2018,218,93
VGJHK59NMPK9,2019,177,97
VGJHK59NMPK9,2020,226,115
VGJHK59NMPK9,2021,224,108
VGJHK59NMPK9,2022,220,110
VGJHK59NMPK9,2023,244,120
VGJHK59NMPK9,2024,252,131
VGJHK59NMPK9,2025,247,143
VGLENBQEMZJ5,2021,2,1
VGLENBQEMZJ5,2022,1,1
VGLENBQEMZJ5,2023,2,1
VGLENBQEMZJ5,2024,1,1
VGLENBQEMZJ5,2025,1,1
VGLPU3GKY6Q5,2016,2,1
VGLPU3GKY6Q5,2017,2,1
VGLPU3GKY6Q5,2021,1,1
VGLPU3GKY6Q5,2025,2,3
VGM4NLQQH7Y5,2019,1,1
VGM4NLQQH7Y5,2020,1,1
VGM4NLQQH7Y5,2021,1,1
VGM4NLQQH7Y5,2022,1,1
VHJQLGNL9T58,2016,1,1
VHJQLGNL9T58,2018,1,1
VHSKTKSAY2S1,2020,2,2
VHSKTKSAY2S1,2022,1,1
VJ8YGMQXL9F5,2020,1,1
VJ8YGMQXL9F5,2021,3,1
VJ8YGMQXL9F5,2024,1,1
VJ8YGMQXL9F5,2025,1,1
VJN4TDBL8ZC5,2024,2,1
VJNAVFGRMN33,2016,6,1
VJNAVFGRMN33,2017,6,1
VJNAVFGRMN33,2018,6,1
VJNAVFGRMN33,2019,6,1
VJNAVFGRMN33,2020,2,1
VJNAVFGRMN33,2022,1,1
VJQKQ2JBQAJ7,2017,1,2
VJQKQ2JBQAJ7,2025,1,2
VJQPUC5YLK87,2023,1,1
VJQPUC5YLK87,2024,1,1
VJRNRTSL22K4,2018,1,1
VK57H269ZW45,2021,1,1
VK57H269ZW45,2023,2,2
VK57H269ZW45,2024,3,3
VK57H269ZW45,2025,1,1
VKAPREANC226,2016,5,1
VKAPREANC226,2017,6,2
VKAPREANC226,2018,6,1
VKAPREANC226,2019,7,1
VKAPREANC226,2020,3,1
VKAPREANC226,2021,5,1
VKAPREANC226,2022,3,1
VKAPREANC226,2024,1,1
VKAPREANC226,2025,1,1
VKNKCPUQJ6V4,2022,1,1
VKVEU52JTWK6,2024,1,1
VKZLFK6M5DD3,2023,2,1
VKZLFK6M5DD3,2024,1,1
VKZLFK6M5DD3,2025,3,1
VL99GKFNM1G3,2017,1,2
VLHZAL9WY776,2021,2,1
VLHZAL9WY776,2022,3,1
VLHZAL9WY776,2023,1,1
VLHZAL9WY776,2024,1,1
VLK3CFUK8N25,2018,1,1
VLK3CFUK8N25,2020,1,2
VLK3CFUK8N25,2022,1,1
VLK3CFUK8N25,2024,1,1
VLK3CFUK8N25,2025,4,3
VLNMMMZETH15,2019,1,1
VLNMMMZETH15,2020,1,1
VLNMMMZETH15,2023,1,1
VLNMMMZETH15,2024,2,1
VLNMMMZETH15,2025,1,1
VLQ4XB5B8GC4,2018,7,1
VLQ4XB5B8GC4,2019,5,1
VLQ4XB5B8GC4,2020,6,1
VLQ4XB5B8GC4,2022,4,1
VLQ4XB5B8GC4,2024,1,1
VLQ4XB5B8GC4,2025,5,1
VLQKFEEJ3NE9,2016,140,45
VLQKFEEJ3NE9,2017,150,54
VLQKFEEJ3NE9,2018,190,64
VLQKFEEJ3NE9,2019,160,63
VLQKFEEJ3NE9,2020,174,79
VLQKFEEJ3NE9,2021,188,83
VLQKFEEJ3NE9,2022,170,91
VLQKFEEJ3NE9,2023,163,75
VLQKFEEJ3NE9,2024,136,60
VLQKFEEJ3NE9,2025,135,65
VM3YN69V1KD5,2018,1,1
VM3YN69V1KD5,2019,1,1
VM5MA47AM9F8,2016,1,1
VM5MA47AM9F8,2017,2,1
VM5MA47AM9F8,2024,2,1
VM5MA47AM9F8,2025,2,1
VM6UCM8BSQ37,2022,2,2
VMEAMDALXAS1,2025,1,1
VMWUDBTMF4C9,2016,1,1
VMWUDBTMF4C9,2017,3,3
VMWUDBTMF4C9,2018,3,3
VMWUDBTMF4C9,2019,4,3
VMWUDBTMF4C9,2020,1,1
VMWUDBTMF4C9,2022,3,2
VMWUDBTMF4C9,2023,2,2
VMWUDBTMF4C9,2024,3,2
VMWUDBTMF4C9,2025,4,4
VMY3LNAJHQN9,2020,2,3
VMY3LNAJHQN9,2021,1,1
VMY3LNAJHQN9,2022,1,1
VMY3LNAJHQN9,2025,1,1
VNC4D2JYENT5,2018,2,1
VNC4D2JYENT5,2019,2,1
VNC4D2JYENT5,2020,1,1
VNC4D2JYENT5,2021,1,2
VNC4D2JYENT5,2022,1,2
VNC4D2JYENT5,2023,1,1
VNC4D2JYENT5,2024,1,2
VQ5WK498QDC6,2016,14,6
VQ5WK498QDC6,2017,12,8
VQ5WK498QDC6,2018,29,12
VQ5WK498QDC6,2019,22,10
VQ5WK498QDC6,2020,22,11
VQ5WK498QDC6,2021,19,11
VQ5WK498QDC6,2022,21,15
VQ5WK498QDC6,2023,15,7
VQ5WK498QDC6,2024,19,8
VQ5WK498QDC6,2025,19,11
VQYLJN9BA7K7,2023,3,1
VQYLJN9BA7K7,2024,4,1
VR6JKUBGP8X6,2018,1,1
VR8XJTTBS2M7,2021,1,1
VR8XJTTBS2M7,2022,3,1
VR8XJTTBS2M7,2024,2,1
VR8XJTTBS2M7,2025,3,1
VRAASTY11EA3,2016,26,3
VRAASTY11EA3,2017,38,3
VRAASTY11EA3,2018,49,4
VRAASTY11EA3,2019,47,1
VRAASTY11EA3,2020,57,3
VRAASTY11EA3,2021,63,2
VRAASTY11EA3,2022,47,3
VRAASTY11EA3,2023,43,4
VRAASTY11EA3,2024,38,1
VRAASTY11EA3,2025,36,2
VRHBNK3AB814,2023,1,1
VSFKL2LH9328,2016,16,1
VSFKL2LH9328,2017,17,1
VSFKL2LH9328,2018,12,2
VSFKL2LH9328,2019,6,1
VSFKL2LH9328,2020,8,2
VSFKL2LH9328,2021,10,2
VSFKL2LH9328,2022,15,2
VSFKL2LH9328,2023,28,3
VSFKL2LH9328,2024,28,3
VSFKL2LH9328,2025,36,3
VT22KLLMNQL6,2016,6,3
VT22KLLMNQL6,2017,8,6
VT22KLLMNQL6,2018,2,2
VT22KLLMNQL6,2019,8,4
VT22KLLMNQL6,2020,10,6
VT22KLLMNQL6,2021,7,5
VT22KLLMNQL6,2022,15,10
VT22KLLMNQL6,2023,8,7
VT22KLLMNQL6,2024,10,8
VT22KLLMNQL6,2025,10,10
VT6HK9MLF2Y9,2019,2,1
VTR9DVCC9BM7,2022,1,1
VTR9DVCC9BM7,2025,1,1
VTX7JRKLC3F5,2018,2,2
VTX7JRKLC3F5,2019,3,2
VTX7JRKLC3F5,2020,1,2
VTX7JRKLC3F5,2021,2,2
VTX7JRKLC3F5,2022,2,4
VTX7JRKLC3F5,2023,1,3
VTX7JRKLC3F5,2024,1,3
VUYJL5Q7YCZ3,2016,54,13
VUYJL5Q7YCZ3,2017,38,14
VUYJL5Q7YCZ3,2018,60,15
VUYJL5Q7YCZ3,2019,65,20
VUYJL5Q7YCZ3,2020,73,21
VUYJL5Q7YCZ3,2021,75,19
VUYJL5Q7YCZ3,2022,98,27
VUYJL5Q7YCZ3,2023,113,30
VUYJL5Q7YCZ3,2024,110,26
VUYJL5Q7YCZ3,2025,101,24
VV9XSUEG8QD3,2023,1,1
VV9XSUEG8QD3,2024,3,1
VV9XSUEG8QD3,2025,3,1
VVGNMXCD9T17,2021,1,1
VVGNMXCD9T17,2024,1,1
VVK6CN2L8R13,2016,3,2
VVK6CN2L8R13,2017,1,1
VVK6CN2L8R13,2018,3,2
VVK6CN2L8R13,2021,1,1
VVK6CN2L8R13,2023,1,1
VW2EHP9XKZ33,2025,1,2
VWEJK1SEEV76,2021,1,1
VWEJK1SEEV76,2022,2,1
VWEJK1SEEV76,2023,2,1
VWEJK1SEEV76,2024,5,1
VWEJK1SEEV76,2025,5,1
VWGYKR56KRU3,2024,1,1
VWGYKR56KRU3,2025,3,1
VWQNND6KLQQ5,2019,1,1
VXEKFVKVN6Y5,2019,2,1
VXEKFVKVN6Y5,2020,2,4
VXEKFVKVN6Y5,2021,2,1
VXUFPE4MCZH5,2016,112,51
VXUFPE4MCZH5,2017,151,71
VXUFPE4MCZH5,2018,141,70
VXUFPE4MCZH5,2019,108,71
VXUFPE4MCZH5,2020,142,90
VXUFPE4MCZH5,2021,151,94
VXUFPE4MCZH5,2022,154,100
VXUFPE4MCZH5,2023,163,102
VXUFPE4MCZH5,2024,195,115
VXUFPE4MCZH5,2025,218,112
VY9NNHR2G9F7,2025,1,1
VYD9LKBYHHQ3,2019,1,1
VYD9LKBYHHQ3,2020,2,1
VYD9LKBYHHQ3,2025,1,1
VYNWU2X8FMY7,2016,1,1
VYNWU2X8FMY7,2017,4,1
VYNWU2X8FMY7,2018,5,1
VYNWU2X8FMY7,2020,4,1
VYNWU2X8FMY7,2021,2,1
VYNWU2X8FMY7,2022,2,1
VYNWU2X8FMY7,2023,1,1
VZEKAT8QKN27,2020,1,1
VZEKAT8QKN27,2022,2,1
VZEKAT8QKN27,2023,1,1
W129EFQ5LL71,2019,1,1
W129EFQ5LL71,2020,1,1
W1X1U9VLD9G4,2018,1,1
W1X1U9VLD9G4,2019,1,1
W1X1U9VLD9G4,2021,1,1
W1X1U9VLD9G4,2022,1,1
W1X1U9VLD9G4,2023,1,2
W1X1U9VLD9G4,2024,1,1
W1X1U9VLD9G4,2025,1,2
W1XRNVJNQLL6,2019,1,1
W1XRNVJNQLL6,2022,1,1
W1XRNVJNQLL6,2023,1,2
W2GXZM8WL2D3,2020,2,1
W2GXZM8WL2D3,2021,2,1
W2GXZM8WL2D3,2023,1,1
W2GXZM8WL2D3,2024,2,2
W2GXZM8WL2D3,2025,1,1
W2VLWNVNL728,2016,26,3
W2VLWNVNL728,2017,20,4
W2VLWNVNL728,2018,32,3
W2VLWNVNL728,2019,17,1
W2VLWNVNL728,2020,3,1
W2VLWNVNL728,2021,18,2
W2VLWNVNL728,2022,14,3
W2VLWNVNL728,2023,10,2
W2VLWNVNL728,2024,2,2
W2VLWNVNL728,2025,2,2
W35FCSLZJQR6,2019,1,2
W35FCSLZJQR6,2020,1,2
W35FCSLZJQR6,2021,1,2
W35FCSLZJQR6,2022,2,3
W35FCSLZJQR6,2023,1,1
W3VLF6M9HM95,2016,1,1
W3VLF6M9HM95,2017,3,2
W3VLF6M9HM95,2018,3,3
W3VLF6M9HM95,2019,2,4
W3VLF6M9HM95,2020,2,2
W4BTMNMZMMP5,2025,7,1
W4P2GVQJL4D1,2025,1,1
W52FNK8RZ9K4,2020,1,1
W52FNK8RZ9K4,2022,2,2
W52FNK8RZ9K4,2023,2,1
W52FNK8RZ9K4,2024,2,2
W52FNK8RZ9K4,2025,5,2
W5AUL6M4LA91,2020,1,1
W5AUL6M4LA91,2025,2,1
W5JMZZJY4G64,2022,1,1
W62DAG7PKK18,2016,5,1
W62DAG7PKK18,2017,1,1
W62DAG7PKK18,2021,1,1
W6CEA32F77F9,2019,1,1
W6CEA32F77F9,2021,7,1
W6CEA32F77F9,2022,13,1
W6CEA32F77F9,2023,60,1
W6CEA32F77F9,2024,106,1
W6CEA32F77F9,2025,117,1
W6CEGY5LKUH8,2023,1,1
W6EAM6EFLUS6,2016,6,1
W6EAM6EFLUS6,2017,5,1
W6EAM6EFLUS6,2018,3,2
W6EAM6EFLUS6,2019,4,2
W6EAM6EFLUS6,2020,9,2
W6EAM6EFLUS6,2021,11,2
W6EAM6EFLUS6,2022,1,2
W6EAM6EFLUS6,2023,5,2
W6EAM6EFLUS6,2024,2,1
W6EAM6EFLUS6,2025,1,1
W6Q8XJV41Z98,2016,30,10
W6Q8XJV41Z98,2017,31,11
W6Q8XJV41Z98,2018,35,11
W6Q8XJV41Z98,2019,23,14
W6Q8XJV41Z98,2020,26,11
W6Q8XJV41Z98,2021,25,11
W6Q8XJV41Z98,2022,38,14
W6Q8XJV41Z98,2023,24,11
W6Q8XJV41Z98,2024,33,15
W6Q8XJV41Z98,2025,51,12
W6TNZAM4YN15,2016,1,1
W6TNZAM4YN15,2019,2,1
W6TNZAM4YN15,2022,2,1
W841GEJ8ADX7,2022,1,2
W841GEJ8ADX7,2023,1,1
W841GEJ8ADX7,2024,1,1
W841GEJ8ADX7,2025,1,1
W8LKB16HV1K5,2016,44,9
W8LKB16HV1K5,2017,20,9
W8LKB16HV1K5,2018,28,10
W8LKB16HV1K5,2019,29,10
W8LKB16HV1K5,2020,30,8
W8LKB16HV1K5,2021,57,9
W8LKB16HV1K5,2022,42,10
W8LKB16HV1K5,2023,50,9
W8LKB16HV1K5,2024,31,9
W8LKB16HV1K5,2025,38,10
W8LKG25K9DL7,2025,1,1
W8XEAJDKMXH3,2016,729,289
W8XEAJDKMXH3,2017,789,348
W8XEAJDKMXH3,2018,866,385
W8XEAJDKMXH3,2019,846,408
W8XEAJDKMXH3,2020,916,452
W8XEAJDKMXH3,2021,907,480
W8XEAJDKMXH3,2022,847,489
W8XEAJDKMXH3,2023,852,496
W8XEAJDKMXH3,2024,746,452
W8XEAJDKMXH3,2025,715,454
W92KFZJL9KB5,2021,2,1
W92KFZJL9KB5,2022,6,1
W92KFZJL9KB5,2023,5,1
W92KFZJL9KB5,2024,2,1
WA6ALB81VHF8,2016,6,1
WA6ALB81VHF8,2017,5,1
WA6ALB81VHF8,2018,9,1
WA6ALB81VHF8,2019,7,1
WA6ALB81VHF8,2020,9,3
WA6ALB81VHF8,2021,5,2
WA6ALB81VHF8,2022,9,3
WA6ALB81VHF8,2023,7,3
WA6ALB81VHF8,2024,6,3
WA6ALB81VHF8,2025,2,2
WAADZMTALN67,2016,21,7
WAADZMTALN67,2017,11,6
WAADZMTALN67,2018,8,5
WAADZMTALN67,2019,8,5
WAADZMTALN67,2020,9,7
WAADZMTALN67,2021,13,8
WAADZMTALN67,2022,12,9
WAADZMTALN67,2023,14,10
WAADZMTALN67,2024,19,10
WAADZMTALN67,2025,13,8
WAH2ABKHFF35,2023,1,1
WAH4VVM57875,2022,1,1
WAV2HG8VLNK4,2025,2,1
WB4JGBGKLCA1,2022,1,1
WB7EPYZTRLF3,2017,1,1
WB7EPYZTRLF3,2018,1,2
WB7EPYZTRLF3,2019,1,2
WB7EPYZTRLF3,2020,2,2
WB7EPYZTRLF3,2021,1,2
WB7EPYZTRLF3,2022,1,1
WB7EPYZTRLF3,2023,1,2
WB7EPYZTRLF3,2024,1,2
WB7EPYZTRLF3,2025,1,2
WBLRF8Z4BEF6,2023,1,1
WBLRF8Z4BEF6,2024,1,1
WCBQFL361VY1,2020,2,1
WCL4KC4HQVE1,2016,1,1
WCNKMBVN2CB9,2018,1,1
WCNKMBVN2CB9,2019,1,1
WCUGNQQ8DZU1,2016,37,15
WCUGNQQ8DZU1,2017,35,21
WCUGNQQ8DZU1,2018,46,28
WCUGNQQ8DZU1,2019,53,26
WCUGNQQ8DZU1,2020,60,29
WCUGNQQ8DZU1,2021,65,32
WCUGNQQ8DZU1,2022,55,36
WCUGNQQ8DZU1,2023,67,38
WCUGNQQ8DZU1,2024,54,27
WCUGNQQ8DZU1,2025,79,34
WCVXPF7X7MB6,2018,1,1
WCWJT68UNKU5,2016,1,1
WCWJT68UNKU5,2017,1,1
WDA2A3VKY3A7,2017,3,1
WDA2A3VKY3A7,2024,1,1
WDA2A3VKY3A7,2025,1,1
WDK6PC9BNAF4,2022,1,2
WDK6PC9BNAF4,2024,1,2
WE88ZJ5AY3F9,2020,1,1
WE88ZJ5AY3F9,2024,1,1
WEAYDCX3CFH8,2025,1,1
WELKD7HZ5GJ9,2022,1,1
WELKD7HZ5GJ9,2024,4,3
WELKD7HZ5GJ9,2025,4,4
WEX9PCMWLAL7,2016,2,1
WEXNYHY4EZB5,2025,1,1
WFECKBCXM5T3,2016,2,1
WFECKBCXM5T3,2017,1,1
WFVHMSF6BU45,2016,52,4
WFVHMSF6BU45,2017,41,6
WFVHMSF6BU45,2018,22,6
WFVHMSF6BU45,2019,14,1
WFVHMSF6BU45,2020,14,6
WFVHMSF6BU45,2021,34,5
WFVHMSF6BU45,2022,21,7
WFVHMSF6BU45,2023,12,3
WFVHMSF6BU45,2024,9,4
WFVHMSF6BU45,2025,5,2
WG5FG2W7RUF4,2017,1,1
WG5FG2W7RUF4,2018,1,1
WG5FG2W7RUF4,2019,1,1
WG5FG2W7RUF4,2020,1,1
WG5FG2W7RUF4,2022,2,2
WG5FG2W7RUF4,2023,2,1
WGMJSUUQ3L35,2023,2,2
WGXZN68GYDD5,2017,1,1
WGXZN68GYDD5,2019,4,2
WGXZN68GYDD5,2020,3,1
WGXZN68GYDD5,2021,3,5
WGXZN68GYDD5,2022,6,6
WGXZN68GYDD5,2023,8,2
WGXZN68GYDD5,2024,3,2
WGXZN68GYDD5,2025,7,3
WHKNH7YP5BG1,2018,1,1
WHKNH7YP5BG1,2019,1,1
WHKNH7YP5BG1,2020,2,1
WHKNH7YP5BG1,2022,1,1
WHKNH7YP5BG1,2023,1,1
WHN2T44M94D9,2018,1,1
WHNYG96UDLJ8,2018,4,2
WHNYG96UDLJ8,2020,3,3
WHNYG96UDLJ8,2021,2,2
WHNYG96UDLJ8,2023,1,1
WHNYG96UDLJ8,2024,2,2
WHXVFCB1F1E3,2016,1,1
WHXVFCB1F1E3,2017,3,1
WHXVFCB1F1E3,2018,2,1
WHXVFCB1F1E3,2019,3,2
WHXVFCB1F1E3,2020,2,1
WHXVFCB1F1E3,2021,6,2
WHXVFCB1F1E3,2022,12,3
WHXVFCB1F1E3,2023,2,1
WHXVFCB1F1E3,2024,3,1
WHXVFCB1F1E3,2025,5,2
WK5KJPECBBA3,2022,1,5
WK5KJPECBBA3,2024,1,1
WK63UJ11C2H7,2016,62,24
WK63UJ11C2H7,2017,53,23
WK63UJ11C2H7,2018,56,30
WK63UJ11C2H7,2019,46,27
WK63UJ11C2H7,2020,57,27
WK63UJ11C2H7,2021,48,29
WK63UJ11C2H7,2022,36,29
WK63UJ11C2H7,2023,62,42
WK63UJ11C2H7,2024,46,32
WK63UJ11C2H7,2025,45,25
WK8DDS1Y6KG7,2016,4,1
WK8DDS1Y6KG7,2017,16,2
WK8DDS1Y6KG7,2018,13,2
WK8DDS1Y6KG7,2019,14,2
WK8DDS1Y6KG7,2020,15,2
WK8DDS1Y6KG7,2021,10,2
WK8DDS1Y6KG7,2022,9,2
WK8DDS1Y6KG7,2023,8,2
WKANFDSH6263,2016,1,1
WKANFDSH6263,2017,2,1
WKANFDSH6263,2018,1,2
WKANFDSH6263,2019,3,2
WKAUE7NHR4L1,2016,10,1
WKAUE7NHR4L1,2017,4,1
WKAUE7NHR4L1,2018,7,1
WKAUE7NHR4L1,2019,1,1
WKAUE7NHR4L1,2020,1,1
WKAUE7NHR4L1,2021,3,1
WKAUE7NHR4L1,2022,2,1
WKAUE7NHR4L1,2023,1,1
WKAUE7NHR4L1,2024,2,1
WKAUE7NHR4L1,2025,8,1
WKMMVVLDE3J9,2021,1,1
WKMMVVLDE3J9,2022,1,1
WKMMVVLDE3J9,2025,1,1
WKPTJDWG2C68,2016,12,5
WKPTJDWG2C68,2017,18,5
WKPTJDWG2C68,2018,15,10
WKPTJDWG2C68,2019,18,10
WKPTJDWG2C68,2020,26,8
WKPTJDWG2C68,2021,43,14
WKPTJDWG2C68,2022,37,14
WKPTJDWG2C68,2023,44,21
WKPTJDWG2C68,2024,47,21
WKPTJDWG2C68,2025,60,22
WKTLM8NNXDW1,2016,27,5
WKTLM8NNXDW1,2017,19,6
WKTLM8NNXDW1,2018,18,5
WKTLM8NNXDW1,2019,17,8
WKTLM8NNXDW1,2020,7,3
WKTLM8NNXDW1,2021,11,4
WKTLM8NNXDW1,2022,9,5
WKTLM8NNXDW1,2023,1,1
WKTLM8NNXDW1,2024,1,1
WKTLM8NNXDW1,2025,5,2
WL9FLBRVPJJ7,2016,108,28
WL9FLBRVPJJ7,2017,102,36
WL9FLBRVPJJ7,2018,111,38
WL9FLBRVPJJ7,2019,93,45
WL9FLBRVPJJ7,2020,112,40
WL9FLBRVPJJ7,2021,65,32
WL9FLBRVPJJ7,2022,70,35
WL9FLBRVPJJ7,2023,78,50
WL9FLBRVPJJ7,2024,73,43
WL9FLBRVPJJ7,2025,70,43
WLDGTNCFFJZ3,2016,117,38
WLDGTNCFFJZ3,2017,118,51
WLDGTNCFFJZ3,2018,146,56
WLDGTNCFFJZ3,2019,132,59
WLDGTNCFFJZ3,2020,155,61
WLDGTNCFFJZ3,2021,142,70
WLDGTNCFFJZ3,2022,147,61
WLDGTNCFFJZ3,2023,138,65
WLDGTNCFFJZ3,2024,122,61
WLDGTNCFFJZ3,2025,159,66
WLLNJ8ZNN949,2024,1,1
WLLNJ8ZNN949,2025,1,1
WLNHKNPNT2M7,2020,1,1
WLNHKNPNT2M7,2021,1,1
WM2GPP9XLJ43,2017,1,1
WM2GPP9XLJ43,2022,2,4
WM88WAX6JBM5,2018,1,1
WMBTHDVKPAB6,2018,3,1
WMBTHDVKPAB6,2020,1,1
WMBTHDVKPAB6,2023,1,1
WMBTHDVKPAB6,2024,1,1
WMG7R4NG7MH7,2017,1,1
WMGQQ3NPXGM5,2019,1,1
WMGQQ3NPXGM5,2022,1,1
WMHWCFJNAJL3,2016,38,25
WMHWCFJNAJL3,2017,37,21
WMHWCFJNAJL3,2018,38,25
WMHWCFJNAJL3,2019,36,30
WMHWCFJNAJL3,2020,47,44
WMHWCFJNAJL3,2021,48,37
WMHWCFJNAJL3,2022,48,33
WMHWCFJNAJL3,2023,60,40
WMHWCFJNAJL3,2024,80,43
WMHWCFJNAJL3,2025,82,51
WMJ6UFULU731,2023,1,1
WMJ6UFULU731,2024,1,1
WMM8E712EUK3,2024,1,1
WMNNPP5BWQM5,2022,1,1
WMNNPP5BWQM5,2023,1,1
WMNNPP5BWQM5,2024,1,2
WMVYCE9EXDM7,2016,6,2
WMVYCE9EXDM7,2017,9,2
WMVYCE9EXDM7,2018,5,2
WMVYCE9EXDM7,2019,2,1
WMVYCE9EXDM7,2020,2,1
WMVYCE9EXDM7,2022,1,1
WN1QJMG5ZNC5,2023,1,1
WN2SLMA8ZM97,2019,1,1
WN2SLMA8ZM97,2020,1,1
WN65S2C48ZJ4,2021,1,1
WNN6VH618X58,2018,4,3
WNN6VH618X58,2019,3,3
WNN6VH618X58,2020,2,2
WNN6VH618X58,2021,6,4
WNN6VH618X58,2022,5,3
WNN6VH618X58,2023,3,5
WNN6VH618X58,2024,7,4
WNN6VH618X58,2025,4,2
WNQ7H1FY6Z43,2016,2,1
WNQ7H1FY6Z43,2017,6,2
WNQ7H1FY6Z43,2018,2,2
WNQ7H1FY6Z43,2019,2,1
WNQ7H1FY6Z43,2020,3,3
WNQ7H1FY6Z43,2021,1,1
WNQ7H1FY6Z43,2022,1,2
WNQ7H1FY6Z43,2023,1,1
WNQ7H1FY6Z43,2025,1,1
WNTPS995QBM7,2016,157,61
WNTPS995QBM7,2017,152,77
WNTPS995QBM7,2018,162,85
WNTPS995QBM7,2019,147,86
WNTPS995QBM7,2020,172,108
WNTPS995QBM7,2021,191,114
WNTPS995QBM7,2022,245,116
WNTPS995QBM7,2023,207,112
WNTPS995QBM7,2024,225,139
WNTPS995QBM7,2025,206,125
WNVVQU8HYNT1,2017,1,1
WNVVQU8HYNT1,2018,1,1
WNVVQU8HYNT1,2019,2,1
WNVVQU8HYNT1,2020,2,1
WNVVQU8HYNT1,2021,1,1
WNVVQU8HYNT1,2023,1,1
WPASL8LAZTJ4,2018,2,2
WPASL8LAZTJ4,2020,1,1
WPASL8LAZTJ4,2021,2,1
WPD2JKGYL3D7,2019,1,1
WPHXF97UZM64,2023,1,1
WPHXF97UZM64,2024,2,1
WPLJRKNUBSY4,2021,1,1
WPLJRKNUBSY4,2025,1,1
WQ9CMMLAWGB5,2016,7,1
WQ9CMMLAWGB5,2017,3,1
WQ9CMMLAWGB5,2018,3,2
WQ9CMMLAWGB5,2019,1,1
WQ9CMMLAWGB5,2022,1,1
WQCEDBM284L6,2016,1,1
WQCEDBM284L6,2018,1,1
WQCEDBM284L6,2020,10,4
WQCEDBM284L6,2021,18,4
WQCEDBM284L6,2022,21,5
WQCEDBM284L6,2023,20,5
WQCEDBM284L6,2024,30,4
WQCEDBM284L6,2025,47,5
WQNERYY3BK94,2016,14,8
WQNERYY3BK94,2017,13,7
WQNERYY3BK94,2018,24,8
WQNERYY3BK94,2019,10,9
WQNERYY3BK94,2020,17,12
WQNERYY3BK94,2021,28,15
WQNERYY3BK94,2022,13,10
WQNERYY3BK94,2023,34,21
WQNERYY3BK94,2024,51,25
WQNERYY3BK94,2025,31,25
WQUZJ78G9J53,2016,2,1
WQUZJ78G9J53,2017,3,1
WQUZJ78G9J53,2019,1,1
WRJ5DFKAMNH2,2023,2,1
WRM7JGHL7QT3,2023,2,1
WRM7JGHL7QT3,2025,2,1
WS12KZBLMDA1,2023,1,1
WS29EMGEVEJ4,2016,50,12
WS29EMGEVEJ4,2017,74,14
WS29EMGEVEJ4,2018,78,17
WS29EMGEVEJ4,2019,66,18
WS29EMGEVEJ4,2020,111,26
WS29EMGEVEJ4,2021,110,28
WS29EMGEVEJ4,2022,105,30
WS29EMGEVEJ4,2023,112,32
WS29EMGEVEJ4,2024,89,32
WS29EMGEVEJ4,2025,74,31
WSNAKS72U1R8,2020,1,1
WSNAKS72U1R8,2021,1,1
WSNAKS72U1R8,2022,1,1
WSNAKS72U1R8,2024,1,1
WSR7R9RHX7J7,2016,4,1
WSR7R9RHX7J7,2017,4,1
WSR7R9RHX7J7,2018,3,1
WSR7R9RHX7J7,2019,1,1
WSR7R9RHX7J7,2020,3,3
WSR7R9RHX7J7,2021,2,3
WSY4SWA56WQ7,2024,1,1
WTBLC3LE13U1,2025,1,1
WTH4WHW3S555,2018,4,1
WUHNDWEE8WB7,2016,3,1
WUHNDWEE8WB7,2018,2,1
WUHNDWEE8WB7,2019,1,1
WUHNDWEE8WB7,2024,1,1
WUHNDWEE8WB7,2025,2,2
WUWGNMBAHKG2,2019,3,1
WUWGNMBAHKG2,2021,7,1
WUWGNMBAHKG2,2022,12,1
WUWGNMBAHKG2,2023,63,2
WUWGNMBAHKG2,2024,111,2
WUWGNMBAHKG2,2025,120,2
WUYJSM2RNQG5,2025,1,1
WV3XJPNFUL58,2018,2,1
WV3XJPNFUL58,2019,4,1
WV3XJPNFUL58,2020,6,1
WV3XJPNFUL58,2021,12,1
WV3XJPNFUL58,2022,5,1
WV3XJPNFUL58,2023,3,1
WV3XJPNFUL58,2024,4,1
WV3XJPNFUL58,2025,5,1
WV5SKY8MTFU1,2024,1,1
WV9FF7FVW3W8,2021,1,1
WVEMHJFUNJ97,2017,1,1
WVYFPECFBHY8,2019,1,1
WVYFPECFBHY8,2022,1,1
WVYFPECFBHY8,2025,1,1
WWH4L4GKKW58,2024,4,1
WWH4L4GKKW58,2025,7,1
WWSMK3N4BCJ7,2024,1,1
WWWSAHLEND41,2021,1,1
WWWSAHLEND41,2023,1,1
WWWSAHLEND41,2025,1,1
WXM4DLLSQCU1,2017,1,1
WY7EALRMMHL7,2022,1,1
WYPHM4TPDXM8,2018,1,1
WYYHKNAQ98A9,2016,1,1
WYYHKNAQ98A9,2017,2,2
WYYHKNAQ98A9,2018,1,1
WYYHKNAQ98A9,2019,2,2
WYYHKNAQ98A9,2020,5,4
WYYHKNAQ98A9,2021,3,3
WYYHKNAQ98A9,2022,2,3
WYYHKNAQ98A9,2023,3,3
WYYHKNAQ98A9,2024,3,2
WYYHKNAQ98A9,2025,1,1
WZCCFUA935N5,2016,1,1
WZCCFUA935N5,2021,2,1
WZNAC5PU62K3,2017,1,2
WZNAC5PU62K3,2018,1,2
WZNAC5PU62K3,2019,1,4
X12XPMN4EJL3,2017,1,1
X12XPMN4EJL3,2018,1,1
X12XPMN4EJL3,2023,2,1
X12XPMN4EJL3,2024,1,1
X1JKBCGJDQ87,2016,2,1
X1JKBCGJDQ87,2017,1,1
X1M1PN3KG3E7,2016,219,103
X1M1PN3KG3E7,2017,248,124
X1M1PN3KG3E7,2018,278,139
X1M1PN3KG3E7,2019,216,131
X1M1PN3KG3E7,2020,250,151
X1M1PN3KG3E7,2021,244,170
X1M1PN3KG3E7,2022,267,162
X1M1PN3KG3E7,2023,245,163
X1M1PN3KG3E7,2024,229,142
X1M1PN3KG3E7,2025,251,156
X2JKYW2D9EB3,2017,1,2
X2JKYW2D9EB3,2020,2,2
X2JKYW2D9EB3,2021,2,2
X2JKYW2D9EB3,2023,1,1
X2KFLRCASMG7,2019,1,2
X2KFLRCASMG7,2021,2,1
X2KFLRCASMG7,2023,2,1
X2KFLRCASMG7,2025,1,2
X2ULK26U3PC6,2023,1,1
X2ULK26U3PC6,2024,1,1
X39JJG6PAPL8,2023,3,1
X39JJG6PAPL8,2024,1,1
X47MPLTF8AB5,2017,1,1
X47MPLTF8AB5,2018,1,1
X47MPLTF8AB5,2019,1,1
X47MPLTF8AB5,2020,5,2
X47MPLTF8AB5,2021,5,2
X47MPLTF8AB5,2022,1,1
X47MPLTF8AB5,2023,4,2
X47MPLTF8AB5,2024,2,2
X4ADJRZ3Q1H4,2016,12,3
X4ADJRZ3Q1H4,2017,13,4
X4ADJRZ3Q1H4,2018,10,3
X4ADJRZ3Q1H4,2019,8,4
X4ADJRZ3Q1H4,2020,7,3
X4ADJRZ3Q1H4,2021,5,2
X4ADJRZ3Q1H4,2022,2,2
X4ADJRZ3Q1H4,2023,6,3
X4ADJRZ3Q1H4,2024,1,1
X4ADJRZ3Q1H4,2025,2,2
X4J4WHWY1KH1,2016,8,1
X4J4WHWY1KH1,2017,5,2
X4J4WHWY1KH1,2018,4,3
X4J4WHWY1KH1,2019,12,3
X4J4WHWY1KH1,2020,13,4
X4J4WHWY1KH1,2021,8,4
X4J4WHWY1KH1,2022,6,2
X4J4WHWY1KH1,2023,4,2
X4J4WHWY1KH1,2024,4,3
X4J4WHWY1KH1,2025,3,1
X4QMS4CCBLL5,2023,1,1
X4QMS4CCBLL5,2024,2,1
X59NJBFL8BJ3,2016,232,57
X59NJBFL8BJ3,2017,226,66
X59NJBFL8BJ3,2018,303,81
X59NJBFL8BJ3,2019,257,83
X59NJBFL8BJ3,2020,331,86
X59NJBFL8BJ3,2021,257,95
X59NJBFL8BJ3,2022,237,88
X59NJBFL8BJ3,2023,283,95
X59NJBFL8BJ3,2024,253,87
X59NJBFL8BJ3,2025,238,84
X5NEJGZBNAT5,2021,1,1
X5S7PNXMJMC7,2016,109,35
X5S7PNXMJMC7,2017,110,41
X5S7PNXMJMC7,2018,89,41
X5S7PNXMJMC7,2019,110,42
X5S7PNXMJMC7,2020,84,38
X5S7PNXMJMC7,2021,54,36
X5S7PNXMJMC7,2022,74,46
X5S7PNXMJMC7,2023,45,42
X5S7PNXMJMC7,2024,57,35
X5S7PNXMJMC7,2025,64,39
X6L3Z7TS3RE3,2017,1,1
X6L3Z7TS3RE3,2019,1,1
X6L3Z7TS3RE3,2021,1,1
X6L3Z7TS3RE3,2023,1,1
X6L3Z7TS3RE3,2024,1,1
X71HW4ZSDUQ7,2021,2,1
X7G6UPDJT2X5,2016,4,1
X7G6UPDJT2X5,2019,2,1
X7G6UPDJT2X5,2020,1,1
X7GGJ5KGMAN8,2023,1,1
X7KLFUPEEJN8,2022,1,1
X7KLFUPEEJN8,2023,1,1
X7KLFUPEEJN8,2024,1,1
X7WUS5LRBQU3,2016,22,5
X7WUS5LRBQU3,2017,24,6
X7WUS5LRBQU3,2018,26,5
X7WUS5LRBQU3,2019,14,6
X7WUS5LRBQU3,2020,29,6
X7WUS5LRBQU3,2021,32,7
X7WUS5LRBQU3,2022,15,10
X7WUS5LRBQU3,2023,21,8
X7WUS5LRBQU3,2024,34,11
X7WUS5LRBQU3,2025,22,11
X7Y6RNVA4NR6,2016,3,3
X7Y6RNVA4NR6,2017,3,4
X7Y6RNVA4NR6,2018,8,6
X7Y6RNVA4NR6,2019,5,5
X7Y6RNVA4NR6,2020,18,7
X7Y6RNVA4NR6,2021,9,7
X7Y6RNVA4NR6,2022,11,5
X7Y6RNVA4NR6,2023,6,3
X7Y6RNVA4NR6,2024,2,2
X7Y6RNVA4NR6,2025,1,2
X99BTLBLJSK5,2017,1,2
X99BTLBLJSK5,2020,2,1
X99BTLBLJSK5,2023,2,3
X9LJM6ADLJV7,2022,1,1
X9LJM6ADLJV7,2023,1,1
X9QBJUFNG7X4,2016,2,1
X9QBJUFNG7X4,2017,2,1
X9QBJUFNG7X4,2018,3,1
X9QBJUFNG7X4,2019,4,1
X9QBJUFNG7X4,2020,5,1
X9QBJUFNG7X4,2021,5,1
X9QBJUFNG7X4,2022,2,1
X9QBJUFNG7X4,2023,7,1
X9QBJUFNG7X4,2024,4,1
X9QBJUFNG7X4,2025,5,1
XA77NAJYELF1,2016,22,10
XA77NAJYELF1,2017,17,13
XA77NAJYELF1,2018,18,13
XA77NAJYELF1,2019,20,16
XA77NAJYELF1,2020,23,21
XA77NAJYELF1,2021,27,19
XA77NAJYELF1,2022,27,20
XA77NAJYELF1,2023,25,16
XA77NAJYELF1,2024,31,20
XA77NAJYELF1,2025,34,22
XAH8JUH55KA9,2017,1,1
XAHKEJAWL1N6,2017,1,1
XAHKEJAWL1N6,2019,1,1
XAHKEJAWL1N6,2020,2,1
XAHKEJAWL1N6,2021,1,1
XAHKEJAWL1N6,2023,1,1
XAHKEJAWL1N6,2024,1,1
XAJBHWKLN6V7,2019,2,1
XAJBHWKLN6V7,2021,1,1
XAJBHWKLN6V7,2025,1,1
XAJWT43U55A3,2016,33,12
XAJWT43U55A3,2017,54,15
XAJWT43U55A3,2018,39,14
XAJWT43U55A3,2019,26,16
XAJWT43U55A3,2020,27,18
XAJWT43U55A3,2021,23,11
XAJWT43U55A3,2022,31,15
XAJWT43U55A3,2023,38,19
XAJWT43U55A3,2024,42,18
XAJWT43U55A3,2025,40,23
XBL8JCNQJB46,2020,3,2
XBL8JCNQJB46,2021,1,2
XBL8JCNQJB46,2022,4,3
XBL8JCNQJB46,2023,3,2
XBL8JCNQJB46,2024,1,2
XCK6E6K61HN1,2020,1,1
XCKVENNLU4J9,2021,1,1
XCMKL76UJL15,2022,1,1
XCMKL76UJL15,2023,1,1
XCPKWEM58CV5,2016,16,1
XCPKWEM58CV5,2017,24,1
XCPKWEM58CV5,2018,14,1
XCPKWEM58CV5,2019,20,1
XCPKWEM58CV5,2020,12,1
XCPKWEM58CV5,2021,13,1
XCPKWEM58CV5,2022,16,1
XCPKWEM58CV5,2023,17,2
XCPKWEM58CV5,2024,10,2
XCPKWEM58CV5,2025,15,3
XCYVC89GLHZ5,2019,2,1
XCYVC89GLHZ5,2021,3,1
XCYVC89GLHZ5,2022,1,1
XD93A5U66T24,2016,5,4
XD93A5U66T24,2017,8,2
XD93A5U66T24,2018,4,4
XD93A5U66T24,2019,8,4
XD93A5U66T24,2020,9,3
XD93A5U66T24,2021,8,4
XD93A5U66T24,2022,10,4
XD93A5U66T24,2023,7,6
XD93A5U66T24,2024,9,5
XD93A5U66T24,2025,8,6
XDDXGL6JRRD9,2018,1,1
XDDXGL6JRRD9,2021,1,1
XDDXGL6JRRD9,2022,2,2
XDDXGL6JRRD9,2023,1,2
XDDXGL6JRRD9,2025,1,1
XE6ZBMCJ9LH5,2019,1,1
XE6ZBMCJ9LH5,2020,6,1
XE6ZBMCJ9LH5,2021,1,1
XE6ZBMCJ9LH5,2022,1,1
XE9LX1W76748,2017,2,1
XE9LX1W76748,2018,2,1
XE9LX1W76748,2019,2,1
XE9LX1W76748,2020,2,1
XE9LX1W76748,2021,5,1
XE9LX1W76748,2022,1,1
XE9LX1W76748,2023,2,1
XE9LX1W76748,2024,1,1
XEAHMC2S4Z95,2022,1,1
XEJYX51CANM3,2019,1,1
XEJYX51CANM3,2022,1,1
XEJYX51CANM3,2024,1,2
XEJYX51CANM3,2025,2,1
XEL1QB1NEZX9,2022,2,1
XEPKF4X1LV63,2016,2,2
XEPKF4X1LV63,2018,1,1
XEPKF4X1LV63,2019,1,1
XEPKF4X1LV63,2020,1,1
XEPKF4X1LV63,2025,2,1
XEUQUDGFNN28,2016,1,1
XEUQUDGFNN28,2017,1,1
XEUQUDGFNN28,2018,8,1
XEUQUDGFNN28,2019,5,1
XEUQUDGFNN28,2020,20,4
XEUQUDGFNN28,2021,13,4
XEUQUDGFNN28,2022,22,7
XEUQUDGFNN28,2023,16,7
XEUQUDGFNN28,2024,24,8
XEUQUDGFNN28,2025,17,10
XF2MYFW5XPD5,2024,1,2
XF3XM9642N96,2016,190,79
XF3XM9642N96,2017,206,90
XF3XM9642N96,2018,190,107
XF3XM9642N96,2019,226,123
XF3XM9642N96,2020,223,129
XF3XM9642N96,2021,307,153
XF3XM9642N96,2022,289,156
XF3XM9642N96,2023,292,171
XF3XM9642N96,2024,271,157
XF3XM9642N96,2025,305,183
XF8TFC1KFC93,2018,1,1
XF8TFC1KFC93,2022,1,1
XFDHU5UJG8S9,2021,2,2
XFDHU5UJG8S9,2022,2,2
XFDHU5UJG8S9,2023,3,3
XFDHU5UJG8S9,2024,1,1
XFHSJJLN7ZQ7,2016,2,1
XFHSJJLN7ZQ7,2017,1,1
XFHSJJLN7ZQ7,2024,2,1
XGBAQ1QEXXU1,2025,1,1
XGE9T6KCMSR4,2017,2,2
XGE9T6KCMSR4,2018,1,1
XGE9T6KCMSR4,2019,2,1
XGE9T6KCMSR4,2020,1,1
XGE9T6KCMSR4,2021,2,2
XGE9T6KCMSR4,2022,2,1
XGE9T6KCMSR4,2024,1,1
XGE9T6KCMSR4,2025,1,1
XGNHAT7KSAF1,2021,1,1
XGNHAT7KSAF1,2022,1,1
XGNHAT7KSAF1,2025,1,1
XGTNKMS9JU33,2025,1,1
XGX9CKVE5N68,2025,1,1
XH9CRG6SG987,2021,1,1
XHBEZEDPBKJ5,2021,8,1
XHBEZEDPBKJ5,2022,23,1
XHBEZEDPBKJ5,2023,32,1
XHBEZEDPBKJ5,2024,21,1
XHBEZEDPBKJ5,2025,20,1
XHDCGYE3NM15,2021,1,1
XHDCGYE3NM15,2023,1,1
XHDCGYE3NM15,2025,1,1
XHHLMNNVJ2H9,2022,1,1
XHHLMNNVJ2H9,2023,2,1
XHHLMNNVJ2H9,2024,2,1
XHMVCHJJ9E54,2023,1,1
XHMVCHJJ9E54,2024,1,1
XJ57KSGKPYK5,2022,1,1
XJ5YP74TJTN7,2023,2,1
XJ7MMPHBMGM7,2016,61,26
XJ7MMPHBMGM7,2017,66,34
XJ7MMPHBMGM7,2018,85,40
XJ7MMPHBMGM7,2019,90,51
XJ7MMPHBMGM7,2020,140,53
XJ7MMPHBMGM7,2021,148,61
XJ7MMPHBMGM7,2022,133,72
XJ7MMPHBMGM7,2023,100,58
XJ7MMPHBMGM7,2024,107,66
XJ7MMPHBMGM7,2025,118,63
XJCXMKGSQC58,2024,1,1
XJFVQ8JVRED5,2016,1,1
XJFVQ8JVRED5,2018,1,1
XJUCJAYJWYV1,2016,125,51
XJUCJAYJWYV1,2017,135,61
XJUCJAYJWYV1,2018,146,74
XJUCJAYJWYV1,2019,162,71
XJUCJAYJWYV1,2020,195,94
XJUCJAYJWYV1,2021,186,91
XJUCJAYJWYV1,2022,188,97
XJUCJAYJWYV1,2023,167,85
XJUCJAYJWYV1,2024,198,112
XJUCJAYJWYV1,2025,174,120
XKBBFKJS5796,2016,2,1
XKBBFKJS5796,2017,4,1
XKBBFKJS5796,2018,3,2
XKBBFKJS5796,2020,4,2
XKBBFKJS5796,2021,4,2
XKBBFKJS5796,2022,7,3
XKBBFKJS5796,2023,3,3
XKBBFKJS5796,2024,1,2
XKBBFKJS5796,2025,7,2
XKHTJ63YJFG4,2016,3,2
XKHTJ63YJFG4,2017,5,2
XKJ3F8WKV2L3,2023,1,1
XKP4DLSG2XM9,2016,2,1
XKP4DLSG2XM9,2017,4,1
XKP4DLSG2XM9,2018,2,1
XKP4DLSG2XM9,2019,2,1
XKP4DLSG2XM9,2020,1,1
XKP4DLSG2XM9,2021,2,1
XKP4DLSG2XM9,2022,1,1
XKP4DLSG2XM9,2025,1,1
XKPFQHE5AU77,2024,1,1
XL5ANMKWN557,2017,1,1
XL5ANMKWN557,2018,6,4
XL5ANMKWN557,2019,4,4
XL5ANMKWN557,2020,2,2
XL5ANMKWN557,2022,1,1
XL5ANMKWN557,2023,8,3
XL5ANMKWN557,2024,5,2
XL5ANMKWN557,2025,11,3
XL65VT7VCRN8,2019,1,1
XL7FBM5HDTJ3,2025,1,1
XLCWGCZH8NJ4,2016,1,1
XLCWGCZH8NJ4,2017,2,1
XLCWGCZH8NJ4,2019,2,1
XLCWGCZH8NJ4,2020,1,1
XLCWGCZH8NJ4,2021,2,1
XLCWGCZH8NJ4,2022,4,2
XLCWGCZH8NJ4,2023,2,1
XLCWGCZH8NJ4,2024,1,1
XLCWGCZH8NJ4,2025,2,1
XLGAHZRUGBS1,2018,1,1
XLGAHZRUGBS1,2022,2,2
XLGAHZRUGBS1,2023,2,2
XLMBJ8BVWPZ3,2023,1,1
XLSJJDZ6LYA5,2018,1,1
XLSJJDZ6LYA5,2019,1,1
XLSJJDZ6LYA5,2020,2,1
XLU1A68JQ3L5,2018,2,2
XLU1A68JQ3L5,2019,2,1
XLU1A68JQ3L5,2020,1,1
XLU1A68JQ3L5,2021,2,1
XLU1A68JQ3L5,2025,1,2
XM3QMUQWSE58,2018,1,1
XMRNG2MNK6F1,2018,1,1
XMRNG2MNK6F1,2019,1,1
XMRNG2MNK6F1,2020,1,1
XMRNG2MNK6F1,2023,1,1
XMRNG2MNK6F1,2025,1,1
XMSVDPZ8ELY1,2017,1,1
XMSVDPZ8ELY1,2018,1,1
XNAKYW3FTSE1,2016,39,14
XNAKYW3FTSE1,2017,31,13
XNAKYW3FTSE1,2018,27,14
XNAKYW3FTSE1,2019,25,15
XNAKYW3FTSE1,2020,17,12
XNAKYW3FTSE1,2021,19,14
XNAKYW3FTSE1,2022,18,13
XNAKYW3FTSE1,2023,21,15
XNAKYW3FTSE1,2024,15,14
XNAKYW3FTSE1,2025,16,12
XNLXJGLVACC9,2016,11,1
XNLXJGLVACC9,2017,13,1
XNLXJGLVACC9,2018,6,1
XNLXJGLVACC9,2019,10,1
XNLXJGLVACC9,2020,15,1
XNLXJGLVACC9,2021,9,1
XNLXJGLVACC9,2022,4,1
XNLXJGLVACC9,2023,6,1
XNLXJGLVACC9,2024,8,1
XNLXJGLVACC9,2025,2,1
XNMDENJ7E211,2022,2,1
XNMLFC55AWN3,2022,4,1
XNTHMSN2JJP5,2016,5,3
XNTHMSN2JJP5,2017,4,4
XNTHMSN2JJP5,2018,6,6
XNTHMSN2JJP5,2019,11,6
XNTHMSN2JJP5,2020,2,2
XNTHMSN2JJP5,2021,5,3
XNTHMSN2JJP5,2022,10,8
XNTHMSN2JJP5,2023,7,4
XNTHMSN2JJP5,2024,9,4
XNTHMSN2JJP5,2025,3,4
XNW9KMW3DLM7,2021,1,1
XNW9KMW3DLM7,2023,2,2
XNW9KMW3DLM7,2024,1,1
XNY5ULPU8EN6,2016,454,121
XNY5ULPU8EN6,2017,435,143
XNY5ULPU8EN6,2018,434,164
XNY5ULPU8EN6,2019,459,190
XNY5ULPU8EN6,2020,477,198
XNY5ULPU8EN6,2021,498,199
XNY5ULPU8EN6,2022,471,217
XNY5ULPU8EN6,2023,449,220
XNY5ULPU8EN6,2024,414,254
XNY5ULPU8EN6,2025,378,216
XP59RA18CRD8,2025,1,1
XPW4JDPHGFF4,2024,1,1
XQAGMEKFNK47,2024,1,1
XQJNZNQZAFP3,2018,3,2
XQJNZNQZAFP3,2019,1,1
XQJNZNQZAFP3,2020,2,1
XQJNZNQZAFP3,2021,5,3
XQJNZNQZAFP3,2022,7,3
XQJNZNQZAFP3,2023,19,7
XQJNZNQZAFP3,2024,19,7
XQJNZNQZAFP3,2025,19,9
XQQJEDK7JC21,2016,66,22
XQQJEDK7JC21,2017,82,29
XQQJEDK7JC21,2018,74,20
XQQJEDK7JC21,2019,59,28
XQQJEDK7JC21,2020,92,36
XQQJEDK7JC21,2021,75,32
XQQJEDK7JC21,2022,68,30
XQQJEDK7JC21,2023,81,36
XQQJEDK7JC21,2024,73,39
XQQJEDK7JC21,2025,64,39
XQYMHKGDMU75,2017,2,1
XQYMHKGDMU75,2024,1,1
XR31N2Z3FS45,2016,1,1
XR6LMXNKDJJ1,2016,183,71
XR6LMXNKDJJ1,2017,190,76
XR6LMXNKDJJ1,2018,153,79
XR6LMXNKDJJ1,2019,192,87
XR6LMXNKDJJ1,2020,199,110
XR6LMXNKDJJ1,2021,202,107
XR6LMXNKDJJ1,2022,184,114
XR6LMXNKDJJ1,2023,228,126
XR6LMXNKDJJ1,2024,270,128
XR6LMXNKDJJ1,2025,218,103
XRJSGX384TD6,2016,221,78
XRJSGX384TD6,2017,221,94
XRJSGX384TD6,2018,192,98
XRJSGX384TD6,2019,202,111
XRJSGX384TD6,2020,238,122
XRJSGX384TD6,2021,227,130
XRJSGX384TD6,2022,199,113
XRJSGX384TD6,2023,223,137
XRJSGX384TD6,2024,233,121
XRJSGX384TD6,2025,225,130
XRZCNPYH7HA3,2021,1,1
XRZVDH6J9JE4,2019,1,1
XRZVDH6J9JE4,2020,1,1
XRZVDH6J9JE4,2021,1,1
XRZVDH6J9JE4,2024,1,2
XS6TCKK96DR6,2016,1,1
XS6TCKK96DR6,2021,1,2
XS7ZWMAL9NA8,2025,1,1
XSNRL94NJMW5,2022,1,1
XSPNBFMNCKD4,2018,1,1
XSZ6HTF4MAW4,2017,1,1
XTD7KKHEJFL1,2016,2,1
XTD7KKHEJFL1,2020,1,1
XTERX9QBKVV7,2023,1,1
XTERX9QBKVV7,2024,3,1
XTERX9QBKVV7,2025,2,1
XTLND4KQ2QA6,2016,6,2
XTLND4KQ2QA6,2017,8,4
XTLND4KQ2QA6,2018,1,1
XTLND4KQ2QA6,2019,2,3
XTLND4KQ2QA6,2020,8,6
XTLND4KQ2QA6,2021,6,5
XTLND4KQ2QA6,2022,8,5
XTLND4KQ2QA6,2023,6,4
XTLND4KQ2QA6,2024,4,2
XTLND4KQ2QA6,2025,3,3
XULFLG1ERYP3,2018,1,1
XV1FPSTT7LF4,2019,3,1
XV1FPSTT7LF4,2021,1,1
XV1FPSTT7LF4,2023,2,2
XV1FPSTT7LF4,2025,1,1
XVJ1EXSK27C3,2019,1,1
XVMNHHPHJJQ8,2023,1,1
XVMNHHPHJJQ8,2024,1,2
XVQJLM5S8L85,2016,31,10
XVQJLM5S8L85,2017,22,10
XVQJLM5S8L85,2018,24,10
XVQJLM5S8L85,2019,18,6
XVQJLM5S8L85,2020,13,7
XVQJLM5S8L85,2021,25,12
XVQJLM5S8L85,2022,22,13
XVQJLM5S8L85,2023,19,7
XVQJLM5S8L85,2024,16,9
XVQJLM5S8L85,2025,14,10
XW1VFGGRLDW3,2016,1,1
XW1VFGGRLDW3,2017,1,1
XWRYH6QN8JC5,2024,1,1
XWRYH6QN8JC5,2025,1,1
XY8MH8KBHRK9,2017,1,1
XYMKTFCE2XR3,2022,1,1
XZANJU2BC2M9,2020,1,1
XZANJU2BC2M9,2021,1,1
Y14DQ5VD56A7,2023,1,1
Y14DQ5VD56A7,2024,2,2
Y1MLKQJ45JF7,2017,2,1
Y1N6M64MZPQ8,2016,8,5
Y1N6M64MZPQ8,2017,7,3
Y1N6M64MZPQ8,2018,8,7
Y1N6M64MZPQ8,2019,7,7
Y1N6M64MZPQ8,2020,2,2
Y1N6M64MZPQ8,2021,3,3
Y1N6M64MZPQ8,2022,10,6
Y1N6M64MZPQ8,2023,3,3
Y1N6M64MZPQ8,2024,6,5
Y1N6M64MZPQ8,2025,4,6
Y1UXYA44HTF8,2021,1,1
Y1UXYA44HTF8,2022,1,1
Y1UXYA44HTF8,2023,1,1
Y1UXYA44HTF8,2024,1,1
Y1YNPR94FMH4,2016,4,1
Y1YNPR94FMH4,2017,2,1
Y241MZ6VVMM3,2018,1,1
Y27TXM697LZ6,2018,1,1
Y27WEPKFPDV9,2018,1,1
Y28BEBJ4MNU7,2016,32,13
Y28BEBJ4MNU7,2017,29,15
Y28BEBJ4MNU7,2018,24,11
Y28BEBJ4MNU7,2019,24,13
Y28BEBJ4MNU7,2020,20,18
Y28BEBJ4MNU7,2021,17,10
Y28BEBJ4MNU7,2022,12,10
Y28BEBJ4MNU7,2023,16,12
Y28BEBJ4MNU7,2024,17,11
Y28BEBJ4MNU7,2025,16,13
Y2CULAREL7K2,2020,2,1
Y2CULAREL7K2,2021,1,1
Y2CUMXTFZGC9,2017,2,1
Y2CUMXTFZGC9,2018,1,1
Y2FNW7N1V267,2017,1,1
Y2FNW7N1V267,2018,1,1
Y2FNW7N1V267,2021,1,1
Y2FNW7N1V267,2023,1,1
Y2FNW7N1V267,2025,1,1
Y2K4F9RPRRG7,2016,1656,380
Y2K4F9RPRRG7,2017,1576,443
Y2K4F9RPRRG7,2018,1525,477
Y2K4F9RPRRG7,2019,1463,485
Y2K4F9RPRRG7,2020,1654,528
Y2K4F9RPRRG7,2021,1829,586
Y2K4F9RPRRG7,2022,1793,593
Y2K4F9RPRRG7,2023,1854,578
Y2K4F9RPRRG7,2024,1781,632
Y2K4F9RPRRG7,2025,1802,640
Y2LHHZJZKMV5,2018,1,1
Y2LHHZJZKMV5,2019,3,1
Y2M5HUXKJPF1,2016,3,2
Y2M5HUXKJPF1,2017,1,1
Y2M5HUXKJPF1,2018,4,3
Y2M5HUXKJPF1,2019,2,2
Y2M5HUXKJPF1,2020,1,1
Y2M5HUXKJPF1,2022,4,3
Y2M5HUXKJPF1,2024,2,3
Y2M5HUXKJPF1,2025,2,2
Y2MBLPUJCTP1,2019,1,2
Y2MBLPUJCTP1,2025,1,1
Y34HJHHKC2C6,2016,1,1
Y34HJHHKC2C6,2021,1,1
Y37MENSBKFE6,2020,1,1
Y37MENSBKFE6,2021,1,1
Y3RET2XN41S5,2017,1,1
Y3RET2XN41S5,2018,2,1
Y3RET2XN41S5,2019,1,1
Y3RET2XN41S5,2020,1,1
Y3RET2XN41S5,2021,2,1
Y3RET2XN41S5,2022,5,3
Y3RET2XN41S5,2023,2,2
Y3RET2XN41S5,2024,6,4
Y3RET2XN41S5,2025,2,2
Y4JKHNAMASK5,2016,1,1
Y4JKHNAMASK5,2017,3,2
Y4JKHNAMASK5,2020,4,1
Y4JKHNAMASK5,2021,2,2
Y4JKHNAMASK5,2024,1,1
Y4JKHNAMASK5,2025,2,1
Y4MEQDUAURQ5,2019,1,1
Y4P6UDJLXLN3,2017,1,1
Y4P6UDJLXLN3,2020,1,1
Y4P6UDJLXLN3,2021,1,1
Y4P6UDJLXLN3,2023,1,1
Y4P6UDJLXLN3,2024,2,2
Y5DJXLQZL6F8,2021,1,3
Y5DJXLQZL6F8,2022,1,2
Y5DJXLQZL6F8,2024,1,4
Y5DJXLQZL6F8,2025,1,6
Y5H3DPVF6Y79,2022,1,2
Y5H3DPVF6Y79,2024,1,1
Y5H3DPVF6Y79,2025,1,1
Y5NZZ4QS5G23,2024,1,1
Y6LGRM87ZFL3,2018,1,1
Y6MGH342N169,2016,2,2
Y6MGH342N169,2017,4,3
Y6MGH342N169,2018,1,1
Y6MGH342N169,2019,1,1
Y6MGH342N169,2020,9,4
Y6MGH342N169,2021,4,3
Y6MGH342N169,2022,3,4
Y6MGH342N169,2023,6,4
Y6MGH342N169,2024,11,5
Y6MGH342N169,2025,12,7
Y6ZPQ1EM6NW1,2018,1,1
Y6ZPQ1EM6NW1,2022,3,2
Y6ZPQ1EM6NW1,2024,1,1
Y738A5L1B3V1,2016,1,1
Y738A5L1B3V1,2018,1,1
Y738A5L1B3V1,2019,2,2
Y738A5L1B3V1,2023,2,2
Y738A5L1B3V1,2024,1,1
Y738A5L1B3V1,2025,1,1
Y7ETNZCNSLM5,2016,1,1
Y7ETNZCNSLM5,2017,3,2
Y7ETNZCNSLM5,2018,2,1
Y7M1C8XFTFA5,2022,1,1
Y85GMSG19DP5,2024,2,1
Y85GMSG19DP5,2025,2,1
Y8BQUVUFW8T6,2016,70,2
Y8BQUVUFW8T6,2017,67,2
Y8BQUVUFW8T6,2018,74,3
Y8BQUVUFW8T6,2019,86,2
Y8BQUVUFW8T6,2020,99,3
Y8BQUVUFW8T6,2021,98,3
Y8BQUVUFW8T6,2022,95,3
Y8BQUVUFW8T6,2023,167,3
Y8BQUVUFW8T6,2024,124,3
Y8BQUVUFW8T6,2025,115,3
Y8CWNJRCNN91,2016,494,159
Y8CWNJRCNN91,2017,469,184
Y8CWNJRCNN91,2018,513,219
Y8CWNJRCNN91,2019,442,222
Y8CWNJRCNN91,2020,536,254
Y8CWNJRCNN91,2021,508,255
Y8CWNJRCNN91,2022,479,263
Y8CWNJRCNN91,2023,545,296
Y8CWNJRCNN91,2024,510,274
Y8CWNJRCNN91,2025,541,269
Y8LFC4TU2EN8,2016,20,1
Y8LFC4TU2EN8,2017,19,1
Y8LFC4TU2EN8,2018,9,1
Y8LFC4TU2EN8,2019,4,1
Y8LFC4TU2EN8,2020,4,1
Y8LFC4TU2EN8,2021,8,2
Y8LFC4TU2EN8,2022,12,2
Y8LFC4TU2EN8,2023,12,2
Y8LFC4TU2EN8,2024,7,3
Y8LFC4TU2EN8,2025,6,3
Y8MLVKZH8TT3,2018,1,1
Y8MLVKZH8TT3,2019,3,1
Y8MLVKZH8TT3,2020,1,1
Y8MLVKZH8TT3,2021,3,3
Y8MLVKZH8TT3,2022,6,3
Y8MLVKZH8TT3,2023,3,3
Y8MLVKZH8TT3,2024,3,3
Y8MLVKZH8TT3,2025,2,3
Y8QBJM8BZSL5,2025,1,1
Y9EYFJSLWXU8,2018,1,1
Y9EYFJSLWXU8,2019,4,1
Y9EYFJSLWXU8,2020,4,1
Y9EYFJSLWXU8,2021,2,1
Y9EYFJSLWXU8,2022,7,1
Y9EYFJSLWXU8,2023,3,1
Y9EYFJSLWXU8,2024,6,1
Y9EYFJSLWXU8,2025,4,2
YA4RTNCNA6Z5,2024,1,1
YAFTWL7ZCBN8,2016,2,1
YAFTWL7ZCBN8,2017,3,1
YAFTWL7ZCBN8,2018,3,1
YAFTWL7ZCBN8,2021,2,1
YAFTWL7ZCBN8,2022,1,1
YAG7C9UKBSJ7,2021,1,1
YAV5AK7VKJ31,2017,2,1
YAV5AK7VKJ31,2018,3,1
YAV5AK7VKJ31,2019,2,1
YAZGZHHKK821,2017,1,1
YBR2AJ9X4BK9,2020,1,1
YCBNNNTCW9F1,2020,1,1
YCBNNNTCW9F1,2021,2,2
YCBNNNTCW9F1,2022,3,2
YCBNNNTCW9F1,2023,2,1
YCBNNNTCW9F1,2024,2,1
YCDMJPJMZJH6,2020,1,1
YD52PH59F4G3,2016,6,1
YD52PH59F4G3,2017,3,1
YD52PH59F4G3,2018,5,1
YD52PH59F4G3,2019,2,1
YD52PH59F4G3,2020,5,1
YD52PH59F4G3,2022,3,1
YDWAYVVQHNK5,2016,284,57
YDWAYVVQHNK5,2017,252,76
YDWAYVVQHNK5,2018,245,73
YDWAYVVQHNK5,2019,218,71
YDWAYVVQHNK5,2020,288,74
YDWAYVVQHNK5,2021,261,80
YDWAYVVQHNK5,2022,236,90
YDWAYVVQHNK5,2023,217,82
YDWAYVVQHNK5,2024,235,82
YDWAYVVQHNK5,2025,178,81
YE2GVFPK6577,2023,2,2
YE6YG714AN58,2016,1,1
YE6YG714AN58,2017,1,1
YE6YG714AN58,2018,1,1
YE6YG714AN58,2020,2,1
YE6YG714AN58,2021,1,1
YE6YG714AN58,2022,3,1
YE6YG714AN58,2023,1,1
YE7DVM6SUBC5,2018,15,1
YE7DVM6SUBC5,2020,19,1
YE8LRJWSY3K9,2018,1,1
YE8LRJWSY3K9,2019,5,3
YE8LRJWSY3K9,2020,7,6
YE8LRJWSY3K9,2021,2,2
YE8LRJWSY3K9,2022,6,3
YE8LRJWSY3K9,2023,8,4
YE8LRJWSY3K9,2024,2,2
YE8LRJWSY3K9,2025,5,4
YEJ2ZL3E9BA8,2017,1,1
YEJ2ZL3E9BA8,2021,1,1
YEP8L6PWE2G9,2024,1,1
YFJAVFKUVXH6,2016,1,1
YGCLSZ5CG6H3,2020,1,1
YGCLSZ5CG6H3,2021,1,1
YGCLSZ5CG6H3,2022,1,1
YGD6A541H1Z1,2017,1,1
YGL7GZ3KL4P3,2025,2,1
YGSGAA2XKP71,2018,1,1
YGSGAA2XKP71,2019,1,1
YGSGAA2XKP71,2020,4,2
YGSGAA2XKP71,2022,6,3
YGSGAA2XKP71,2023,3,1
YGSGAA2XKP71,2024,8,3
YGSGAA2XKP71,2025,7,2
YGVQGKAQ7577,2016,6,1
YGVQGKAQ7577,2017,4,1
YGVQGKAQ7577,2018,8,1
YGVQGKAQ7577,2019,2,1
YGVQGKAQ7577,2020,7,1
YGVQGKAQ7577,2021,3,1
YGVQGKAQ7577,2022,1,1
YGVQGKAQ7577,2023,2,1
YGVQGKAQ7577,2024,3,1
YGVQGKAQ7577,2025,1,1
YGWAZMUHLGQ3,2016,17,10
YGWAZMUHLGQ3,2017,15,9
YGWAZMUHLGQ3,2018,24,12
YGWAZMUHLGQ3,2019,21,16
YGWAZMUHLGQ3,2020,13,7
YGWAZMUHLGQ3,2021,14,12
YGWAZMUHLGQ3,2022,8,6
YGWAZMUHLGQ3,2023,17,12
YGWAZMUHLGQ3,2024,7,5
YGWAZMUHLGQ3,2025,10,7
YH3NJ9QLQVN9,2025,1,1
YH7QN736BQF3,2016,2,1
YH7QN736BQF3,2017,6,3
YH7QN736BQF3,2018,7,4
YH7QN736BQF3,2019,7,5
YH7QN736BQF3,2020,6,5
YH7QN736BQF3,2021,6,4
YH7QN736BQF3,2022,6,5
YH7QN736BQF3,2023,11,8
YH7QN736BQF3,2024,4,4
YH7QN736BQF3,2025,19,7
YH86RTW2YVJ4,2016,393,106
YH86RTW2YVJ4,2017,478,130
YH86RTW2YVJ4,2018,501,141
YH86RTW2YVJ4,2019,450,139
YH86RTW2YVJ4,2020,536,168
YH86RTW2YVJ4,2021,525,168
YH86RTW2YVJ4,2022,532,167
YH86RTW2YVJ4,2023,547,170
YH86RTW2YVJ4,2024,585,169
YH86RTW2YVJ4,2025,690,165
YHM4FW9X3YC3,2018,1,1
YHM4FW9X3YC3,2019,1,1
YHRKASY5S5F6,2020,1,1
YHRZATLXKL46,2019,1,1
YHRZATLXKL46,2021,1,1
YJ2ANN4WF959,2020,1,1
YJ2ANN4WF959,2021,4,1
YJ2ANN4WF959,2022,1,1
YJ4LFEL888F4,2018,1,1
YJ4LFEL888F4,2019,1,1
YJ4LFEL888F4,2021,2,1
YJ4LFEL888F4,2022,2,2
YJ4LFEL888F4,2024,1,2
YJ4LFEL888F4,2025,1,2
YJ8MJGAAWGM7,2016,1,1
YJ8MJGAAWGM7,2020,1,1
YJEHE5KP7YC1,2018,2,1
YJEHE5KP7YC1,2025,1,1
YJFULNZFDKM3,2019,1,1
YJFULNZFDKM3,2024,2,2
YJJWMQGJD285,2019,2,1
YK3YHF3AAE47,2016,3,2
YK3YHF3AAE47,2017,1,1
YK3YHF3AAE47,2018,3,2
YK3YHF3AAE47,2019,2,2
YK3YHF3AAE47,2020,3,2
YK3YHF3AAE47,2023,1,1
YK3YHF3AAE47,2024,3,2
YK3YHF3AAE47,2025,1,2
YKGMTXA2NVL6,2016,15,8
YKGMTXA2NVL6,2017,16,10
YKGMTXA2NVL6,2018,14,8
YKGMTXA2NVL6,2019,10,9
YKGMTXA2NVL6,2020,18,12
YKGMTXA2NVL6,2021,20,12
YKGMTXA2NVL6,2022,18,14
YKGMTXA2NVL6,2023,22,15
YKGMTXA2NVL6,2024,14,13
YKGMTXA2NVL6,2025,19,11
YKZ9LSH6NUD6,2016,26,1
YKZ9LSH6NUD6,2017,31,1
YKZ9LSH6NUD6,2018,40,1
YKZ9LSH6NUD6,2019,20,1
YKZ9LSH6NUD6,2020,3,1
YKZ9LSH6NUD6,2021,2,1
YKZ9LSH6NUD6,2022,1,1
YKZ9LSH6NUD6,2023,1,1
YKZ9LSH6NUD6,2024,1,1
YL62T9FVJXG3,2016,4,1
YL62T9FVJXG3,2017,8,1
YL62T9FVJXG3,2018,1,1
YL62T9FVJXG3,2019,9,1
YL62T9FVJXG3,2020,16,1
YL62T9FVJXG3,2021,1,1
YL62T9FVJXG3,2022,6,2
YL62T9FVJXG3,2023,13,1
YL62T9FVJXG3,2024,13,2
YL62T9FVJXG3,2025,10,3
YL7CYVSRUN55,2023,1,1
YLF2SS2NYGC5,2016,4,3
YLF2SS2NYGC5,2017,7,3
YLF2SS2NYGC5,2018,5,3
YLF2SS2NYGC5,2019,2,3
YLF2SS2NYGC5,2020,6,3
YLF2SS2NYGC5,2021,10,7
YLF2SS2NYGC5,2022,6,4
YLF2SS2NYGC5,2023,2,2
YLF2SS2NYGC5,2024,6,6
YLF2SS2NYGC5,2025,4,5
YLGMJXLP7TW5,2017,3,1
YLGMJXLP7TW5,2018,1,1
YLGMJXLP7TW5,2019,1,2
YLGMJXLP7TW5,2021,2,1
YLGMJXLP7TW5,2023,1,1
YLM1C1D8X9J8,2016,1,1
YLM1C1D8X9J8,2018,1,1
YLM1C1D8X9J8,2019,1,1
YLM1C1D8X9J8,2020,2,5
YLM1C1D8X9J8,2021,2,5
YLM1C1D8X9J8,2025,1,1
YLMUFAJEZPP6,2016,3,1
YLMUFAJEZPP6,2017,1,1
YLMUFAJEZPP6,2018,2,1
YLMUFAJEZPP6,2019,2,1
YLMUFAJEZPP6,2021,3,2
YLMUFAJEZPP6,2022,2,2
YLMUFAJEZPP6,2023,2,1
YLMUFAJEZPP6,2024,3,1
YLMUFAJEZPP6,2025,1,1
YLNVRJ527NF1,2016,1,1
YLV3TGEMNQY5,2022,1,1
YM5EKEVEGB75,2016,11,7
YM5EKEVEGB75,2017,8,5
YM5EKEVEGB75,2018,15,8
YM5EKEVEGB75,2019,10,7
YM5EKEVEGB75,2020,10,6
YM5EKEVEGB75,2021,18,10
YM5EKEVEGB75,2022,7,6
YM5EKEVEGB75,2023,10,6
YM5EKEVEGB75,2024,13,7
YM5EKEVEGB75,2025,6,5
YM8NW6G8N9Y3,2016,1,1
YM8NW6G8N9Y3,2018,1,1
YM8NW6G8N9Y3,2020,2,1
YM8NW6G8N9Y3,2021,1,1
YM8NW6G8N9Y3,2022,1,1
YM8NW6G8N9Y3,2024,1,2
YM8NW6G8N9Y3,2025,1,2
YM8RKEGJ5UN1,2016,9,3
YM8RKEGJ5UN1,2017,10,4
YM8RKEGJ5UN1,2018,8,3
YM8RKEGJ5UN1,2019,4,3
YM8RKEGJ5UN1,2020,21,8
YM8RKEGJ5UN1,2021,14,7
YM8RKEGJ5UN1,2022,32,12
YM8RKEGJ5UN1,2023,13,9
YM8RKEGJ5UN1,2024,28,11
YM8RKEGJ5UN1,2025,22,10
YMCPKUN173R3,2020,1,1
YMDNNXHLBP35,2016,15,1
YMDNNXHLBP35,2017,10,2
YMDNNXHLBP35,2018,6,2
YMDNNXHLBP35,2019,3,1
YMFZM2VD2DK1,2018,1,1
YMFZM2VD2DK1,2020,1,1
YMJ7WMKNYDJ5,2023,1,1
YN2JWTVV9F85,2016,57,7
YN2JWTVV9F85,2017,55,6
YN2JWTVV9F85,2018,54,8
YN2JWTVV9F85,2019,46,4
YN2JWTVV9F85,2020,43,3
YN2JWTVV9F85,2021,44,3
YN2JWTVV9F85,2022,29,4
YN2JWTVV9F85,2023,30,3
YN2JWTVV9F85,2024,38,3
YN2JWTVV9F85,2025,31,3
YN6LMW7GLM99,2020,1,1
YN6LMW7GLM99,2021,1,1
YN6LMW7GLM99,2022,7,2
YN6LMW7GLM99,2023,1,1
YN6LMW7GLM99,2024,1,1
YND4PLMC9AN7,2016,1653,447
YND4PLMC9AN7,2017,1478,510
YND4PLMC9AN7,2018,1481,577
YND4PLMC9AN7,2019,1515,639
YND4PLMC9AN7,2020,1719,714
YND4PLMC9AN7,2021,1734,755
YND4PLMC9AN7,2022,1733,787
YND4PLMC9AN7,2023,1742,788
YND4PLMC9AN7,2024,1666,740
YND4PLMC9AN7,2025,1741,785
YNDHBXMYG5L8,2022,1,1
YNDHBXMYG5L8,2023,1,1
YNDHBXMYG5L8,2024,1,1
YNJPFV6C18Z9,2020,1,1
YNJPFV6C18Z9,2022,3,3
YNJPFV6C18Z9,2024,3,4
YNJPFV6C18Z9,2025,2,3
YNKKS4QBAEF8,2019,1,1
YNL2H7YNMFP9,2016,1,1
YNL2H7YNMFP9,2017,1,1
YNL2H7YNMFP9,2018,2,1
YNL2H7YNMFP9,2021,2,1
YNL2H7YNMFP9,2023,1,1
YNL2H7YNMFP9,2024,1,1
YNL2H7YNMFP9,2025,3,1
YNT8TCJH8FQ8,2016,894,276
YNT8TCJH8FQ8,2017,946,322
YNT8TCJH8FQ8,2018,959,369
YNT8TCJH8FQ8,2019,965,406
YNT8TCJH8FQ8,2020,1292,488
YNT8TCJH8FQ8,2021,1319,546
YNT8TCJH8FQ8,2022,1314,542
YNT8TCJH8FQ8,2023,1408,599
YNT8TCJH8FQ8,2024,1544,665
YNT8TCJH8FQ8,2025,1558,638
YPEYKCYZB837,2025,1,1
YPKAG52LF2S9,2023,1,1
YPKAG52LF2S9,2025,2,2
YR4CUFNLGKL8,2020,1,1
YR4CUFNLGKL8,2024,1,1
YR8FJBGXWRR1,2019,2,2
YRBANDYQVJK5,2025,1,1
YRNHDHY2USK4,2025,1,1
YRSMD9QS6MK7,2025,1,1
YRXVL4JYCEF5,2016,385,134
YRXVL4JYCEF5,2017,382,144
YRXVL4JYCEF5,2018,380,159
YRXVL4JYCEF5,2019,415,183
YRXVL4JYCEF5,2020,472,196
YRXVL4JYCEF5,2021,494,214
YRXVL4JYCEF5,2022,457,206
YRXVL4JYCEF5,2023,484,253
YRXVL4JYCEF5,2024,509,240
YRXVL4JYCEF5,2025,506,242
YSCBPAZSEXD9,2017,2,1
YSCBPAZSEXD9,2019,1,1
YSY9VK3EDER1,2016,2,1
YSY9VK3EDER1,2019,1,2
YSY9VK3EDER1,2020,1,1
YSY9VK3EDER1,2021,1,2
YSY9VK3EDER1,2022,1,1
YSYKB6GDW148,2016,22,2
YSYKB6GDW148,2017,29,2
YSYKB6GDW148,2018,16,2
YSYKB6GDW148,2019,15,2
YSYKB6GDW148,2020,8,1
YSYKB6GDW148,2021,8,1
YSYKB6GDW148,2022,14,2
YSYKB6GDW148,2023,18,2
YSYKB6GDW148,2024,13,1
YSYKB6GDW148,2025,14,2
YTLQLAJ53CB7,2024,1,2
YUCMDPR2MAQ4,2016,1,1
YUCMDPR2MAQ4,2017,5,1
YUCMDPR2MAQ4,2018,1,1
YUCMDPR2MAQ4,2019,2,1
YUCMDPR2MAQ4,2020,2,1
YUCMDPR2MAQ4,2021,2,1
YUCMDPR2MAQ4,2023,1,1
YUCMDPR2MAQ4,2024,2,1
YUCMDPR2MAQ4,2025,2,1
YURLLY9DJHP8,2019,1,1
YURLLY9DJHP8,2022,1,1
YV3KYB3YPFC6,2018,1,1
YV3KYB3YPFC6,2019,2,1
YV3KYB3YPFC6,2020,1,1
YV3KYB3YPFC6,2021,4,1
YV3KYB3YPFC6,2022,2,1
YV3KYB3YPFC6,2023,1,1
YV3KYB3YPFC6,2024,5,1
YV3KYB3YPFC6,2025,1,1
YVB2H8MCWWX7,2016,1,2
YVB2H8MCWWX7,2018,1,2
YVB2H8MCWWX7,2020,1,1
YVB2H8MCWWX7,2022,2,5
YVB2H8MCWWX7,2023,1,6
YVB2H8MCWWX7,2024,1,7
YVB2H8MCWWX7,2025,1,5
YVJKHBJ6GCL5,2025,1,1
YVVTQD8CJC79,2016,259,32
YVVTQD8CJC79,2017,229,35
YVVTQD8CJC79,2018,213,43
YVVTQD8CJC79,2019,235,55
YVVTQD8CJC79,2020,344,80
YVVTQD8CJC79,2021,419,119
YVVTQD8CJC79,2022,564,177
YVVTQD8CJC79,2023,646,224
YVVTQD8CJC79,2024,749,262
YVVTQD8CJC79,2025,802,310
YWYEJEYHCA31,2016,6,4
YWYEJEYHCA31,2017,4,2
YWYEJEYHCA31,2018,9,4
YWYEJEYHCA31,2019,10,4
YWYEJEYHCA31,2020,6,4
YWYEJEYHCA31,2021,5,3
YWYEJEYHCA31,2022,4,3
YWYEJEYHCA31,2023,4,4
YWYEJEYHCA31,2024,5,3
YWYEJEYHCA31,2025,4,1
YXJGGNC5J269,2016,382,102
YXJGGNC5J269,2017,410,118
YXJGGNC5J269,2018,418,138
YXJGGNC5J269,2019,426,150
YXJGGNC5J269,2020,522,188
YXJGGNC5J269,2021,495,182
YXJGGNC5J269,2022,533,198
YXJGGNC5J269,2023,604,213
YXJGGNC5J269,2024,565,223
YXJGGNC5J269,2025,668,236
YY46Q97AEZA8,2016,112,44
YY46Q97AEZA8,2017,144,54
YY46Q97AEZA8,2018,144,58
YY46Q97AEZA8,2019,166,67
YY46Q97AEZA8,2020,212,76
YY46Q97AEZA8,2021,247,98
YY46Q97AEZA8,2022,240,93
YY46Q97AEZA8,2023,264,92
YY46Q97AEZA8,2024,221,83
YY46Q97AEZA8,2025,233,90
YZ3PJYMC1UV9,2016,1,2
YZ3PJYMC1UV9,2017,1,2
YZ3PJYMC1UV9,2018,2,2
YZ3PJYMC1UV9,2020,1,1
YZ7CJ7L6EQ15,2017,1,1
YZA3MK34VSD1,2016,1,1
YZA3MK34VSD1,2019,1,1
YZJ6DKPM4W63,2016,1174,449
YZJ6DKPM4W63,2017,1187,489
YZJ6DKPM4W63,2018,1120,529
YZJ6DKPM4W63,2019,1054,522
YZJ6DKPM4W63,2020,1227,604
YZJ6DKPM4W63,2021,1308,635
YZJ6DKPM4W63,2022,1303,679
YZJ6DKPM4W63,2023,1325,699
YZJ6DKPM4W63,2024,1289,719
YZJ6DKPM4W63,2025,1430,797
YZWJABL7PW69,2016,25,2
YZWJABL7PW69,2017,28,3
YZWJABL7PW69,2018,24,4
YZWJABL7PW69,2019,25,4
YZWJABL7PW69,2020,40,6
YZWJABL7PW69,2021,35,6
YZWJABL7PW69,2022,28,7
YZWJABL7PW69,2023,26,9
YZWJABL7PW69,2024,18,7
YZWJABL7PW69,2025,23,9
YZWJGZMT3MN5,2024,1,2
YZYMDHZG3ZN7,2020,3,2
YZYMDHZG3ZN7,2022,1,1
YZYMDHZG3ZN7,2023,1,1
YZYMDHZG3ZN7,2024,1,2
Z12GHW4MWNG8,2016,1,1
Z12GHW4MWNG8,2021,1,1
Z14ZC3T11G37,2016,19,1
Z14ZC3T11G37,2017,13,1
Z14ZC3T11G37,2018,23,2
Z14ZC3T11G37,2019,8,2
Z14ZC3T11G37,2020,3,2
Z14ZC3T11G37,2021,3,2
Z14ZC3T11G37,2022,4,2
Z14ZC3T11G37,2023,3,2
Z14ZC3T11G37,2025,1,1
Z17DSLNJ1DX1,2016,3,3
Z17DSLNJ1DX1,2017,3,3
Z17DSLNJ1DX1,2018,6,4
Z17DSLNJ1DX1,2019,6,5
Z17DSLNJ1DX1,2020,8,6
Z17DSLNJ1DX1,2021,8,3
Z17DSLNJ1DX1,2022,9,3
Z17DSLNJ1DX1,2023,9,5
Z17DSLNJ1DX1,2024,6,4
Z17DSLNJ1DX1,2025,6,3
Z1FAMF8LXMB5,2016,1,1
Z1G3GR4GVEL5,2023,1,1
Z1GKW7XKS2P1,2017,1,1
Z1GKW7XKS2P1,2018,1,2
Z1GKW7XKS2P1,2019,2,1
Z1GKW7XKS2P1,2020,1,1
Z1GKW7XKS2P1,2022,1,2
Z1H9VJS8NG16,2016,1143,316
Z1H9VJS8NG16,2017,1200,350
Z1H9VJS8NG16,2018,1290,413
Z1H9VJS8NG16,2019,1115,432
Z1H9VJS8NG16,2020,1237,495
Z1H9VJS8NG16,2021,1170,473
Z1H9VJS8NG16,2022,1226,515
Z1H9VJS8NG16,2023,1225,527
Z1H9VJS8NG16,2024,1119,533
Z1H9VJS8NG16,2025,995,542
Z1L7BKGEAGC7,2016,18,4
Z1L7BKGEAGC7,2017,40,8
Z1L7BKGEAGC7,2018,18,7
Z1L7BKGEAGC7,2019,17,13
Z1L7BKGEAGC7,2020,17,18
Z1L7BKGEAGC7,2021,15,15
Z1L7BKGEAGC7,2022,10,13
Z1L7BKGEAGC7,2023,25,25
Z1L7BKGEAGC7,2024,26,22
Z1L7BKGEAGC7,2025,25,20
Z1L9F1MM1RY3,2016,971,309
Z1L9F1MM1RY3,2017,1059,358
Z1L9F1MM1RY3,2018,967,387
Z1L9F1MM1RY3,2019,876,399
Z1L9F1MM1RY3,2020,981,453
Z1L9F1MM1RY3,2021,1053,484
Z1L9F1MM1RY3,2022,1028,491
Z1L9F1MM1RY3,2023,1014,505
Z1L9F1MM1RY3,2024,1081,495
Z1L9F1MM1RY3,2025,1043,531
Z1ZFWF2N1YD4,2017,1,1
Z1ZFWF2N1YD4,2018,1,1
Z1ZFWF2N1YD4,2019,4,2
Z1ZFWF2N1YD4,2020,3,1
Z1ZFWF2N1YD4,2021,1,1
Z1ZFWF2N1YD4,2022,1,1
Z1ZFWF2N1YD4,2023,1,1
Z2AEQJNCQPK6,2017,2,1
Z2AEQJNCQPK6,2018,1,1
Z2AEQJNCQPK6,2020,2,1
Z2AEQJNCQPK6,2021,1,1
Z2AEQJNCQPK6,2022,3,1
Z2AEQJNCQPK6,2023,1,1
Z2AEQJNCQPK6,2024,5,2
Z2AEQJNCQPK6,2025,2,2
Z2E6MXZKNGK9,2017,1,1
Z2E6MXZKNGK9,2018,1,1
Z2E6MXZKNGK9,2019,2,2
Z2E6MXZKNGK9,2020,1,1
Z2E6MXZKNGK9,2021,1,1
Z2JQDS7NE471,2017,2,2
Z2NHHMG3DKK5,2016,1,1
Z2NHHMG3DKK5,2024,1,1
Z33DCMWXZBK7,2021,1,1
Z33DCMWXZBK7,2023,4,3
Z33DCMWXZBK7,2025,1,1
Z3FGN9MF92U2,2016,135,50
Z3FGN9MF92U2,2017,121,58
Z3FGN9MF92U2,2018,153,75
Z3FGN9MF92U2,2019,152,77
Z3FGN9MF92U2,2020,141,87
Z3FGN9MF92U2,2021,152,90
Z3FGN9MF92U2,2022,174,104
Z3FGN9MF92U2,2023,177,104
Z3FGN9MF92U2,2024,191,112
Z3FGN9MF92U2,2025,204,124
Z3JKMHXHFHJ6,2016,1,1
Z3JKMHXHFHJ6,2025,1,1
Z3X2G8N28DN3,2021,1,1
Z3X2G8N28DN3,2023,1,1
Z41JAMYDRX23,2022,1,3
Z463JRZVFH11,2019,1,1
Z4BEUHA1BTV8,2018,1,1
Z59LCLFULK75,2017,2,1
Z59LCLFULK75,2022,1,1
Z59LCLFULK75,2023,1,1
Z59LCLFULK75,2024,1,1
Z67UN6UGA1M8,2016,1,1
Z6PMJ1SWTNA9,2017,2,1
Z6PMJ1SWTNA9,2019,1,1
Z8AYGD59N8U4,2018,2,1
Z8AYGD59N8U4,2019,2,1
Z8AYGD59N8U4,2020,1,1
Z8AYGD59N8U4,2021,1,1
Z8AYGD59N8U4,2022,1,1
Z8BHM18YGG86,2016,10,6
Z8BHM18YGG86,2017,10,6
Z8BHM18YGG86,2018,9,7
Z8BHM18YGG86,2019,11,9
Z8BHM18YGG86,2020,2,1
Z8BHM18YGG86,2021,8,6
Z8BHM18YGG86,2022,8,8
Z8BHM18YGG86,2023,10,9
Z8BHM18YGG86,2024,14,8
Z8BHM18YGG86,2025,10,9
Z8FHHV6K2WG2,2023,1,1
Z8RML1KGTYG4,2016,3,1
Z8RML1KGTYG4,2017,2,1
Z8RML1KGTYG4,2018,3,1
Z8RML1KGTYG4,2020,1,1
Z8RML1KGTYG4,2021,3,2
Z8RML1KGTYG4,2022,3,3
Z8RML1KGTYG4,2023,2,2
Z8RML1KGTYG4,2025,2,1
Z923GAD1PJG6,2021,1,1
Z94KLERAG5V9,2016,305,94
Z94KLERAG5V9,2017,293,110
Z94KLERAG5V9,2018,281,130
Z94KLERAG5V9,2019,301,135
Z94KLERAG5V9,2020,416,149
Z94KLERAG5V9,2021,366,145
Z94KLERAG5V9,2022,382,158
Z94KLERAG5V9,2023,433,148
Z94KLERAG5V9,2024,422,157
Z94KLERAG5V9,2025,439,134
Z9BNB3AALLD7,2017,2,1
Z9BNB3AALLD7,2018,5,2
Z9BNB3AALLD7,2019,8,3
Z9BNB3AALLD7,2020,2,2
Z9BNB3AALLD7,2021,1,1
Z9BNB3AALLD7,2022,4,2
Z9BNB3AALLD7,2023,2,2
Z9BNB3AALLD7,2025,2,4
Z9CRZKD42ZT1,2016,896,336
Z9CRZKD42ZT1,2017,857,385
Z9CRZKD42ZT1,2018,876,424
Z9CRZKD42ZT1,2019,880,479
Z9CRZKD42ZT1,2020,1060,496
Z9CRZKD42ZT1,2021,1062,539
Z9CRZKD42ZT1,2022,1054,517
Z9CRZKD42ZT1,2023,1149,543
Z9CRZKD42ZT1,2024,1139,551
Z9CRZKD42ZT1,2025,1087,497
Z9HYPA6YLBJ3,2025,1,1
Z9LAPD4A9553,2023,1,2
ZA54X6LR5AS3,2024,1,2
ZA5MNASDKUN3,2017,3,1
ZA5MNASDKUN3,2018,1,1
ZA5MNASDKUN3,2019,1,1
ZA5MNASDKUN3,2020,1,1
ZAE3CABBMZE9,2018,1,1
ZAE3CABBMZE9,2019,2,1
ZAE3CABBMZE9,2020,5,1
ZAE3CABBMZE9,2021,2,1
ZAE3CABBMZE9,2022,3,1
ZAE3CABBMZE9,2023,2,1
ZAE3CABBMZE9,2024,4,2
ZAE3CABBMZE9,2025,1,1
ZAVDUCLBZG77,2018,1,1
ZAVDUCLBZG77,2019,4,1
ZAVDUCLBZG77,2020,4,1
ZAVDUCLBZG77,2021,2,1
ZAVDUCLBZG77,2022,7,1
ZAVDUCLBZG77,2023,3,1
ZAVDUCLBZG77,2024,6,1
ZAVDUCLBZG77,2025,3,1
ZAX4T6ANZ3J1,2017,3,3
ZAX4T6ANZ3J1,2018,1,3
ZAX4T6ANZ3J1,2019,2,2
ZAX4T6ANZ3J1,2020,9,4
ZAX4T6ANZ3J1,2021,5,3
ZAX4T6ANZ3J1,2022,5,4
ZAX4T6ANZ3J1,2023,2,4
ZAX4T6ANZ3J1,2024,4,3
ZAX4T6ANZ3J1,2025,6,3
ZB31T8V32DP6,2021,1,1
ZB31T8V32DP6,2023,1,2
ZB3HTDBZKE67,2025,1,1
ZB4HQTBNJ6D4,2016,2,1
ZB4HQTBNJ6D4,2020,1,1
ZB4HQTBNJ6D4,2021,1,1
ZBEKC9AMDEB3,2022,1,1
ZBEKC9AMDEB3,2023,2,1
ZBTLVWJKASA8,2020,1,1
ZBXHD27SKCU9,2018,2,1
ZBXHD27SKCU9,2019,2,1
ZBXHD27SKCU9,2024,1,1
ZC5KMV98CT85,2016,5,1
ZC5KMV98CT85,2017,4,1
ZC5KMV98CT85,2018,1,1
ZC5KMV98CT85,2019,2,1
ZC5KMV98CT85,2020,1,1
ZCKCL8KFL3B9,2019,3,1
ZCKCL8KFL3B9,2020,2,1
ZCKCL8KFL3B9,2021,2,1
ZCKCL8KFL3B9,2022,3,2
ZCKCL8KFL3B9,2023,4,2
ZCKCL8KFL3B9,2024,1,1
ZCKCL8KFL3B9,2025,6,2
ZCLJHAMK58N8,2016,13,4
ZCLJHAMK58N8,2017,7,2
ZCLJHAMK58N8,2018,18,5
ZCLJHAMK58N8,2019,13,3
ZCLJHAMK58N8,2020,14,5
ZCLJHAMK58N8,2021,14,4
ZCLJHAMK58N8,2022,24,5
ZCLJHAMK58N8,2023,15,4
ZCLJHAMK58N8,2024,19,6
ZCLJHAMK58N8,2025,11,3
ZCM5S7UD1WT4,2016,1,2
ZCM5S7UD1WT4,2018,1,1
ZCM5S7UD1WT4,2023,1,1
ZDH5UZ2858G3,2025,1,1
ZDJLTEVCB817,2020,1,1
ZDJLTEVCB817,2021,1,1
ZDJLTEVCB817,2023,1,1
ZDJLTEVCB817,2025,1,1
ZDSXMNDWJ6A3,2023,1,1
ZDSXMNDWJ6A3,2024,1,1
ZDXCC42TW513,2022,2,1
ZEB4PK68K465,2016,24,10
ZEB4PK68K465,2017,22,9
ZEB4PK68K465,2018,23,9
ZEB4PK68K465,2019,16,9
ZEB4PK68K465,2020,11,8
ZEB4PK68K465,2021,15,6
ZEB4PK68K465,2022,12,6
ZEB4PK68K465,2023,9,6
ZEB4PK68K465,2024,2,2
ZEB4PK68K465,2025,5,2
ZEJBC8JQM3P5,2017,1,1
ZEJBC8JQM3P5,2018,1,1
ZEJBC8JQM3P5,2019,1,1
ZEJBC8JQM3P5,2020,3,1
ZEJBC8JQM3P5,2021,2,2
ZEJBC8JQM3P5,2023,2,1
ZEJBC8JQM3P5,2025,3,2
ZEK7BKHD9KL3,2022,2,1
ZETJL6DKF963,2016,9,5
ZETJL6DKF963,2017,13,7
ZETJL6DKF963,2018,9,8
ZETJL6DKF963,2019,12,11
ZETJL6DKF963,2020,9,11
ZETJL6DKF963,2021,7,6
ZETJL6DKF963,2022,21,11
ZETJL6DKF963,2023,6,8
ZETJL6DKF963,2024,18,12
ZETJL6DKF963,2025,11,6
ZEWHLT5Y7H33,2018,1,3
ZEWHLT5Y7H33,2021,1,3
ZEWHLT5Y7H33,2024,1,2
ZEXNXKMAQY65,2020,1,1
ZEXNXKMAQY65,2021,1,1
ZEXNXKMAQY65,2022,1,1
ZFFZKDYTF5Q9,2016,2,3
ZFFZKDYTF5Q9,2017,1,2
ZFFZKDYTF5Q9,2018,2,3
ZFFZKDYTF5Q9,2020,2,3
ZFFZKDYTF5Q9,2021,1,2
ZFFZKDYTF5Q9,2022,3,3
ZFFZKDYTF5Q9,2023,6,1
ZFFZKDYTF5Q9,2024,2,2
ZFLBNFK1EPD8,2021,1,1
ZFLBNFK1EPD8,2023,1,1
ZFN5J433DCT1,2023,1,1
ZFN5J433DCT1,2025,1,1
ZFVQJHB3V3P8,2017,2,1
ZFVQJHB3V3P8,2020,1,1
ZFVQJHB3V3P8,2022,1,1
ZFVQJHB3V3P8,2025,1,1
ZFW7KJ6NUML9,2016,5,2
ZFW7KJ6NUML9,2017,9,2
ZFW7KJ6NUML9,2018,11,3
ZFW7KJ6NUML9,2019,13,4
ZFW7KJ6NUML9,2020,10,4
ZFW7KJ6NUML9,2021,14,6
ZFW7KJ6NUML9,2022,14,6
ZFW7KJ6NUML9,2023,14,7
ZFW7KJ6NUML9,2024,14,9
ZFW7KJ6NUML9,2025,18,9
ZGGMBZWMF5H3,2022,1,1
ZGJNCLDUKDR3,2016,2,1
ZGJNCLDUKDR3,2017,1,1
ZGJNCLDUKDR3,2018,1,1
ZGJNCLDUKDR3,2019,1,1
ZGKNGJMR7185,2022,3,1
ZGKNGJMR7185,2023,5,1
ZGKNGJMR7185,2024,3,1
ZHH5N3KV48A5,2022,1,1
ZJ29KMNSW249,2022,1,1
ZJ29KMNSW249,2023,1,1
ZJ7YCLEP1DB4,2024,1,1
ZJAMPJY7M149,2016,1,1
ZJAMPJY7M149,2019,2,2
ZJAMPJY7M149,2020,2,1
ZJAMPJY7M149,2021,1,1
ZJAMPJY7M149,2022,2,1
ZJAMPJY7M149,2023,3,2
ZJAMPJY7M149,2024,7,2
ZJAMPJY7M149,2025,5,1
ZJFJAGBMNNC8,2024,1,1
ZJHCK3FHJPC9,2016,2,1
ZJHCK3FHJPC9,2017,3,1
ZJJSNNW9BY46,2017,1,1
ZJJSNNW9BY46,2019,2,2
ZJJSNNW9BY46,2020,2,1
ZJJSNNW9BY46,2021,1,1
ZJJSNNW9BY46,2022,3,1
ZJJSNNW9BY46,2023,1,1
ZJJSNNW9BY46,2024,4,1
ZJJSNNW9BY46,2025,1,1
ZJNKMH5L33W5,2018,1,1
ZJNKMH5L33W5,2020,1,1
ZJNKMH5L33W5,2022,1,1
ZJNKMH5L33W5,2023,1,1
ZJNKMH5L33W5,2024,1,1
ZJR3H843V6U4,2021,1,2
ZJR3H843V6U4,2022,2,2
ZJR3H843V6U4,2024,1,1
ZJR3H843V6U4,2025,1,2
ZJTLN42M9X85,2023,1,1
ZJTLN42M9X85,2024,1,1
ZK1HULGLXGU1,2025,3,1
ZKBYHMUQS291,2019,1,1
ZKBYHMUQS291,2020,1,1
ZKGJJVWMKCV6,2023,1,1
ZKPGUP3MLBW9,2017,1,1
ZKPGUP3MLBW9,2020,1,1
ZKPGUP3MLBW9,2023,1,1
ZKQLT6S8LXY9,2025,1,3
ZKRBTVTJBGL5,2018,1,1
ZL93PDR5CU51,2016,1,1
ZL93PDR5CU51,2018,1,1
ZL93PDR5CU51,2020,1,1
ZL93PDR5CU51,2024,1,1
ZLFRU7T4GNN6,2020,1,1
ZLHJJ57QA2H8,2016,1,1
ZLHJJ57QA2H8,2017,6,2
ZLHJJ57QA2H8,2018,9,3
ZLHJJ57QA2H8,2019,4,2
ZLHJJ57QA2H8,2020,6,2
ZLHJJ57QA2H8,2021,8,2
ZLHJJ57QA2H8,2022,6,3
ZLHJJ57QA2H8,2023,7,3
ZLHJJ57QA2H8,2024,6,2
ZLHJJ57QA2H8,2025,5,3
ZLKFKJYE5FY7,2016,1,1
ZLKFKJYE5FY7,2022,1,1
ZLKFKJYE5FY7,2023,1,1
ZM3DYHAGMKM3,2016,12,8
ZM3DYHAGMKM3,2017,20,9
ZM3DYHAGMKM3,2018,16,7
ZM3DYHAGMKM3,2019,9,7
ZM3DYHAGMKM3,2020,13,6
ZM3DYHAGMKM3,2021,10,9
ZM3DYHAGMKM3,2022,14,12
ZM3DYHAGMKM3,2023,19,10
ZM3DYHAGMKM3,2024,13,12
ZM3DYHAGMKM3,2025,17,14
ZMCMQ69V25P3,2018,1,1
ZMCMQ69V25P3,2019,2,1
ZMCMQ69V25P3,2020,4,1
ZMCMQ69V25P3,2021,7,1
ZMCMQ69V25P3,2022,7,2
ZMCMQ69V25P3,2023,10,2
ZMCMQ69V25P3,2024,10,3
ZMCMQ69V25P3,2025,15,2
ZMG1FJD9SQ64,2018,1,1
ZMG1FJD9SQ64,2019,1,2
ZMZJKENKEL36,2018,1,2
ZMZJKENKEL36,2020,2,1
ZN56PFWUDQK7,2016,8,8
ZN56PFWUDQK7,2017,14,8
ZN56PFWUDQK7,2018,19,9
ZN56PFWUDQK7,2019,12,8
ZN56PFWUDQK7,2020,12,9
ZN56PFWUDQK7,2021,20,10
ZN56PFWUDQK7,2022,11,8
ZN56PFWUDQK7,2023,22,10
ZN56PFWUDQK7,2024,14,8
ZN56PFWUDQK7,2025,15,9
ZN79YPX5YL63,2023,1,1
ZN79YPX5YL63,2025,1,1
ZN8PG6JAKMN5,2022,1,1
ZNBDGKJL1BD6,2019,1,1
ZNBDGKJL1BD6,2020,1,1
ZNBMA3SBJKY9,2019,1,1
ZNBMA3SBJKY9,2024,1,1
ZNF3SKNJSKM7,2018,1,1
ZNF3SKNJSKM7,2019,1,1
ZNF3SKNJSKM7,2021,1,1
ZNF3SKNJSKM7,2022,2,1
ZNF3SKNJSKM7,2023,1,1
ZNF3SKNJSKM7,2025,2,1
ZNHWRF8EAJJ9,2021,3,2
ZNHWRF8EAJJ9,2022,3,2
ZNHWRF8EAJJ9,2023,1,1
ZNHWRF8EAJJ9,2024,1,1
ZNHWRF8EAJJ9,2025,1,2
ZNNQAFC5FXH3,2016,6,2
ZNNQAFC5FXH3,2017,3,2
ZNNQAFC5FXH3,2018,5,2
ZNNQAFC5FXH3,2020,1,1
ZNNQAFC5FXH3,2021,2,2
ZNNQAFC5FXH3,2022,1,1
ZNNQAFC5FXH3,2023,1,3
ZNNYN7XYH4T5,2016,1,1
ZPAUY3FQMM26,2016,89,46
ZPAUY3FQMM26,2017,94,51
ZPAUY3FQMM26,2018,104,55
ZPAUY3FQMM26,2019,102,62
ZPAUY3FQMM26,2020,166,62
ZPAUY3FQMM26,2021,129,68
ZPAUY3FQMM26,2022,141,56
ZPAUY3FQMM26,2023,113,49
ZPAUY3FQMM26,2024,80,44
ZPAUY3FQMM26,2025,101,49
ZPUGVWKMJN83,2020,1,1
ZQ12LY4L5H39,2016,37,12
ZQ12LY4L5H39,2017,27,11
ZQ12LY4L5H39,2018,21,10
ZQ12LY4L5H39,2019,26,12
ZQ12LY4L5H39,2020,34,18
ZQ12LY4L5H39,2021,28,14
ZQ12LY4L5H39,2022,29,15
ZQ12LY4L5H39,2023,33,19
ZQ12LY4L5H39,2024,41,23
ZQ12LY4L5H39,2025,37,21
ZQ9HDR5N4HL7,2025,1,1
ZR9GABSXHMY8,2016,2,3
ZR9GABSXHMY8,2017,1,3
ZR9GABSXHMY8,2018,2,3
ZR9GABSXHMY8,2019,1,1
ZR9GABSXHMY8,2020,1,2
ZR9GABSXHMY8,2023,2,1
ZR9GABSXHMY8,2024,1,1
ZS1JSAKF9FK7,2023,1,1
ZSY2J1RRALT5,2016,1,1
ZSY2J1RRALT5,2017,2,2
ZSY2J1RRALT5,2018,1,1
ZSY2J1RRALT5,2019,1,1
ZSY2J1RRALT5,2022,1,1
ZSY2J1RRALT5,2023,8,2
ZSY2J1RRALT5,2024,10,1
ZSY2J1RRALT5,2025,6,1
ZTDDUKBQBRJ7,2020,1,1
ZTR1XDS9C1H4,2025,1,1
ZTSLEXFJM3J1,2019,1,1
ZTSLEXFJM3J1,2020,1,1
ZTSLEXFJM3J1,2023,1,1
ZTVMGH5HG328,2020,1,1
ZTVMGH5HG328,2021,2,3
ZTVMGH5HG328,2023,1,1
ZTWAFG7JB775,2016,2,1
ZTWAFG7JB775,2018,1,1
ZTWAFG7JB775,2020,1,1
ZUDXNMMM1W21,2021,1,1
ZUDXNMMM1W21,2023,1,1
ZUDXNMMM1W21,2024,1,1
ZUE9HKT2CLC9,2016,1222,375
ZUE9HKT2CLC9,2017,1219,453
ZUE9HKT2CLC9,2018,1283,464
ZUE9HKT2CLC9,2019,1201,495
ZUE9HKT2CLC9,2020,1257,550
ZUE9HKT2CLC9,2021,1314,538
ZUE9HKT2CLC9,2022,1213,545
ZUE9HKT2CLC9,2023,1378,586
ZUE9HKT2CLC9,2024,1320,581
ZUE9HKT2CLC9,2025,1262,591
ZUFBNVZ587D4,2016,711,205
ZUFBNVZ587D4,2017,740,232
ZUFBNVZ587D4,2018,715,265
ZUFBNVZ587D4,2019,750,302
ZUFBNVZ587D4,2020,917,358
ZUFBNVZ587D4,2021,908,400
ZUFBNVZ587D4,2022,943,409
ZUFBNVZ587D4,2023,985,427
ZUFBNVZ587D4,2024,976,438
ZUFBNVZ587D4,2025,993,477
ZWKMU75DGJY4,2021,3,2
ZWKMU75DGJY4,2022,11,2
ZWKMU75DGJY4,2023,3,1
ZWKMU75DGJY4,2024,3,1
ZWKMU75DGJY4,2025,2,2
ZWWLNUMQH996,2016,3,3
ZWWLNUMQH996,2017,5,5
ZWWLNUMQH996,2018,1,1
ZWWLNUMQH996,2019,1,1
ZXADPB9Q8S65,2022,1,1
ZXWQLWP7QSD3,2016,2,1
ZXWQLWP7QSD3,2017,1,1
ZXWQLWP7QSD3,2018,1,1
ZY4LY6PDKLM1,2017,3,2
ZY4LY6PDKLM1,2020,2,2
ZY4LY6PDKLM1,2021,1,1
ZY4LY6PDKLM1,2022,1,1
ZY4LY6PDKLM1,2023,1,1
ZY4LY6PDKLM1,2024,1,1
ZY4LY6PDKLM1,2025,2,2
ZYLNT8ZCDKP7,2019,1,1
ZYLNT8ZCDKP7,2021,1,1
ZYLNT8ZCDKP7,2022,1,1
ZYLNT8ZCDKP7,2023,2,1
ZZQ6W1VDBZC3,2016,4,1
ZZQ6W1VDBZC3,2018,2,2
ZZR3CM2RA7B3,2022,1,1
ZZR3CM2RA7B3,2023,2,1
ZZR3CM2RA7B3,2024,1,1
ZZRKL3MLBXR3,2021,1,1
ZZY2CNNLJ2D1,2025,1,1
